"Type","Source","Destination","Size (Bytes)","Alt Text","Anchor","Status Code","Status","Follow","Target","Rel","Path Type","Link Path","Link Position","Link Origin"
"Hyperlink","https://www.lifeusa.org/","https://donate.lifeusa.org/donorportal/login","147106","","My Account","200","OK","true","_self","noopener noreferrer","Absolute","//body/div/div/div[@id='site-root']/div/div[@id='soapAfterPagesContainer']/div/div/div[@id='comp-kfnj47yv']/a","Content","HTML"
"Hyperlink","https://www.lifeusa.org/get-involved","https://donate.lifeusa.org/donorportal/login","147106","","My Account","200","OK","true","_self","noopener noreferrer","Absolute","//body/div/div/div[@id='site-root']/div/div[@id='soapAfterPagesContainer']/div/div/div[@id='comp-kfnj47yv']/a","Content","HTML"
"Hyperlink","https://www.lifeusa.org/about","https://donate.lifeusa.org/donorportal/login","147106","","My Account","200","OK","true","_self","noopener noreferrer","Absolute","//body/div/div/div[@id='site-root']/div/div[@id='soapAfterPagesContainer']/div/div/div[@id='comp-kfnj47yv']/a","Content","HTML"
"Hyperlink","https://donate.lifeusa.org/donorportal/login","https://donate.lifeusa.org/donorportal/login","147106","","My Account","200","OK","true","","","Root-Relative","//body/webruntime-app/lwr-router-container/webruntime-inner-app/dxp_data_provider-user-data-provider/dxp_data_provider-data-proxy/dxp_data_provider-decision-data-provider/dxp_data_provider-data-proxy/community_byo-scoped-header-and-footer/header/div/c-custom-navigation/header/div/div/div/a[1]","Navigation","HTML"
"Hyperlink","https://www.lifeusa.org/financial-reports","https://donate.lifeusa.org/donorportal/login","147106","","My Account","200","OK","true","_self","noopener noreferrer","Absolute","//body/div/div/div[@id='site-root']/div/div[@id='soapAfterPagesContainer']/div/div/div[@id='comp-kfnj47yv']/a","Content","HTML"
"Hyperlink","https://www.lifeusa.org/post/the-global-environmental-crisis-water-climate-and-life-s-impact","https://donate.lifeusa.org/donorportal/login","147106","","My Account","200","OK","true","_self","noopener noreferrer","Absolute","//body/div/div/div[@id='site-root']/div/div[@id='soapAfterPagesContainer']/div/div/div[@id='comp-kfnj47yv']/a","Content","HTML"
"Hyperlink","https://www.lifeusa.org/board-members","https://donate.lifeusa.org/donorportal/login","147106","","My Account","200","OK","true","_self","noopener noreferrer","Absolute","//body/div/div/div[@id='site-root']/div/div[@id='soapAfterPagesContainer']/div/div/div[@id='comp-kfnj47yv']/a","Content","HTML"
"Hyperlink","https://www.lifeusa.org/annualreports","https://donate.lifeusa.org/donorportal/login","147106","","My Account","200","OK","true","_self","noopener noreferrer","Absolute","//body/div/div/div[@id='site-root']/div/div[@id='soapAfterPagesContainer']/div/div/div[@id='comp-kfnj47yv']/a","Content","HTML"
"Hyperlink","https://www.lifeusa.org/blogs","https://donate.lifeusa.org/donorportal/login","147106","","My Account","200","OK","true","_self","noopener noreferrer","Absolute","//body/div/div/div[@id='site-root']/div/div[@id='soapAfterPagesContainer']/div/div/div[@id='comp-kfnj47yv']/a","Content","HTML"
"Hyperlink","https://www.lifeusa.org/lebanon-emergency-relief","https://donate.lifeusa.org/donorportal/login","147106","","My Account","200","OK","true","_self","noopener noreferrer","Absolute","//body/div/div/div[@id='site-root']/div/div[@id='soapAfterPagesContainer']/div/div/div[@id='comp-kfnj47yv']/a","Content","HTML"
"Hyperlink","https://donate.lifeusa.org/donorportal/gaza-relief","https://donate.lifeusa.org/donorportal/login","147106","","My Account","200","OK","true","","","Root-Relative","//body/webruntime-app/lwr-router-container/webruntime-inner-app/dxp_data_provider-user-data-provider/dxp_data_provider-data-proxy/dxp_data_provider-decision-data-provider/dxp_data_provider-data-proxy/community_byo-scoped-header-and-footer/header/div/c-custom-navigation/header/div/div/div/a[1]","Navigation","HTML"
"Hyperlink","https://donate.lifeusa.org/donorportal/udhiyah","https://donate.lifeusa.org/donorportal/login","147106","","My Account","200","OK","true","","","Root-Relative","//body/webruntime-app/lwr-router-container/webruntime-inner-app/dxp_data_provider-user-data-provider/dxp_data_provider-data-proxy/dxp_data_provider-decision-data-provider/dxp_data_provider-data-proxy/community_byo-scoped-header-and-footer/header/div/c-custom-navigation/header/div/div/div/a[1]","Navigation","HTML"
"Hyperlink","https://donate.lifeusa.org/donorportal/?donate=true","https://donate.lifeusa.org/donorportal/login","147106","","My Account","200","OK","true","","","Root-Relative","//body/webruntime-app/lwr-router-container/webruntime-inner-app/dxp_data_provider-user-data-provider/dxp_data_provider-data-proxy/dxp_data_provider-decision-data-provider/dxp_data_provider-data-proxy/community_byo-scoped-header-and-footer/header/div/c-custom-navigation/header/div/div/div/a[1]","Navigation","HTML"
"Hyperlink","https://www.lifeusa.org/post/recognizing-everyday-leaders-and-heros-this-father-s-day-2025","https://donate.lifeusa.org/donorportal/login","147106","","My Account","200","OK","true","_self","noopener noreferrer","Absolute","//body/div/div/div[@id='site-root']/div/div[@id='soapAfterPagesContainer']/div/div/div[@id='comp-kfnj47yv']/a","Content","HTML"
"Hyperlink","https://www.lifeusa.org/media","https://donate.lifeusa.org/donorportal/login","147106","","My Account","200","OK","true","_self","noopener noreferrer","Absolute","//body/div/div/div[@id='site-root']/div/div[@id='soapAfterPagesContainer']/div/div/div[@id='comp-kfnj47yv']/a","Content","HTML"
"Hyperlink","https://www.lifeusa.org/privacy-policy","https://donate.lifeusa.org/donorportal/login","147106","","My Account","200","OK","true","_self","noopener noreferrer","Absolute","//body/div/div/div[@id='site-root']/div/div[@id='soapAfterPagesContainer']/div/div/div[@id='comp-kfnj47yv']/a","Content","HTML"
"Hyperlink","https://www.lifeusa.org/waystogive","https://donate.lifeusa.org/donorportal/login","147106","","My Account","200","OK","true","_self","noopener noreferrer","Absolute","//body/div/div/div[@id='site-root']/div/div[@id='soapAfterPagesContainer']/div/div/div[@id='comp-kfnj47yv']/a","Content","HTML"
"Hyperlink","https://www.lifeusa.org/programs","https://donate.lifeusa.org/donorportal/login","147106","","My Account","200","OK","true","_self","noopener noreferrer","Absolute","//body/div/div/div[@id='site-root']/div/div[@id='soapAfterPagesContainer']/div/div/div[@id='comp-kfnj47yv']/a","Content","HTML"
"Hyperlink","https://www.lifeusa.org/post/the-world-keeps-making-more-plastic-and-the-cost-is-human","https://donate.lifeusa.org/donorportal/login","147106","","My Account","200","OK","true","_self","noopener noreferrer","Absolute","//body/div/div/div[@id='site-root']/div/div[@id='soapAfterPagesContainer']/div/div/div[@id='comp-kfnj47yv']/a","Content","HTML"
"Hyperlink","https://donate.lifeusa.org/donorportal/project-designations?Program=11WVy000001QlE7MAK","https://donate.lifeusa.org/donorportal/login","147106","","My Account","200","OK","true","","","Root-Relative","//body/webruntime-app/lwr-router-container/webruntime-inner-app/dxp_data_provider-user-data-provider/dxp_data_provider-data-proxy/dxp_data_provider-decision-data-provider/dxp_data_provider-data-proxy/community_byo-scoped-header-and-footer/header/div/c-custom-navigation/header/div/div/div/a[1]","Navigation","HTML"
"Hyperlink","https://www.lifeusa.org/post/children-in-crisis-the-psychological-toll-of-violence","https://donate.lifeusa.org/donorportal/login","147106","","My Account","200","OK","true","_self","noopener noreferrer","Absolute","//body/div/div/div[@id='site-root']/div/div[@id='soapAfterPagesContainer']/div/div/div[@id='comp-kfnj47yv']/a","Content","HTML"
"Hyperlink","https://www.lifeusa.org/volunteer","https://donate.lifeusa.org/donorportal/login","147106","","My Account","200","OK","true","_self","noopener noreferrer","Absolute","//body/div/div/div[@id='site-root']/div/div[@id='soapAfterPagesContainer']/div/div/div[@id='comp-kfnj47yv']/a","Content","HTML"
"Hyperlink","https://www.lifeusa.org/careers","https://donate.lifeusa.org/donorportal/login","147106","","My Account","200","OK","true","_self","noopener noreferrer","Absolute","//body/div/div/div[@id='site-root']/div/div[@id='soapAfterPagesContainer']/div/div/div[@id='comp-kfnj47yv']/a","Content","HTML"
"Hyperlink","https://www.lifeusa.org/fundraising","https://donate.lifeusa.org/donorportal/login","147106","","My Account","200","OK","true","_self","noopener noreferrer","Absolute","//body/div/div/div[@id='site-root']/div/div[@id='soapAfterPagesContainer']/div/div/div[@id='comp-kfnj47yv']/a","Content","HTML"
"Hyperlink","https://donate.lifeusa.org/donorportal/project-designations?Program=11WVy000001QlE9MAK","https://donate.lifeusa.org/donorportal/login","147106","","My Account","200","OK","true","","","Root-Relative","//body/webruntime-app/lwr-router-container/webruntime-inner-app/dxp_data_provider-user-data-provider/dxp_data_provider-data-proxy/dxp_data_provider-decision-data-provider/dxp_data_provider-data-proxy/community_byo-scoped-header-and-footer/header/div/c-custom-navigation/header/div/div/div/a[1]","Navigation","HTML"
"Hyperlink","https://www.lifeusa.org/doublethedonation","https://donate.lifeusa.org/donorportal/login","147106","","My Account","200","OK","true","_self","noopener noreferrer","Absolute","//body/div/div/div[@id='site-root']/div/div[@id='soapAfterPagesContainer']/div/div/div[@id='comp-kfnj47yv']/a","Content","HTML"
"Hyperlink","https://donate.lifeusa.org/donorportal/SelfRegister","https://donate.lifeusa.org/donorportal/login","147106","","My Account","200","OK","true","","","Root-Relative","//body/webruntime-app/lwr-router-container/webruntime-inner-app/dxp_data_provider-user-data-provider/dxp_data_provider-data-proxy/dxp_data_provider-decision-data-provider/dxp_data_provider-data-proxy/community_byo-scoped-header-and-footer/header/div/c-custom-navigation/header/div/div/div/a[1]","Navigation","HTML"
"Hyperlink","https://donate.lifeusa.org/donorportal/project-designations?Program=11WVy000001QlE8MAK","https://donate.lifeusa.org/donorportal/login","147106","","My Account","200","OK","true","","","Root-Relative","//body/webruntime-app/lwr-router-container/webruntime-inner-app/dxp_data_provider-user-data-provider/dxp_data_provider-data-proxy/dxp_data_provider-decision-data-provider/dxp_data_provider-data-proxy/community_byo-scoped-header-and-footer/header/div/c-custom-navigation/header/div/div/div/a[1]","Navigation","HTML"
"Hyperlink","https://www.lifeusa.org/no","https://donate.lifeusa.org/donorportal/login","147106","","My Account","200","OK","true","_self","noopener noreferrer","Absolute","//body/div/div/div[@id='site-root']/div/div[@id='soapAfterPagesContainer']/div/div/div[@id='comp-kfnj47yv']/a","Content","HTML"
"Hyperlink","https://www.lifeusa.org/no/categories/life-blog","https://donate.lifeusa.org/donorportal/login","147106","","My Account","200","OK","true","_self","noopener noreferrer","Absolute","//body/div/div/div[@id='site-root']/div/div[@id='soapAfterPagesContainer']/div/div/div[@id='comp-kfnj47yv']/a","Content","HTML"
"Hyperlink","https://www.lifeusa.org/no/categories/giving-charity","https://donate.lifeusa.org/donorportal/login","147106","","My Account","200","OK","true","_self","noopener noreferrer","Absolute","//body/div/div/div[@id='site-root']/div/div[@id='soapAfterPagesContainer']/div/div/div[@id='comp-kfnj47yv']/a","Content","HTML"
"Hyperlink","https://www.lifeusa.org/no/categories/reports","https://donate.lifeusa.org/donorportal/login","147106","","My Account","200","OK","true","_self","noopener noreferrer","Absolute","//body/div/div/div[@id='site-root']/div/div[@id='soapAfterPagesContainer']/div/div/div[@id='comp-kfnj47yv']/a","Content","HTML"
"Hyperlink","https://www.lifeusa.org/no/categories/tax-write-off","https://donate.lifeusa.org/donorportal/login","147106","","My Account","200","OK","true","_self","noopener noreferrer","Absolute","//body/div/div/div[@id='site-root']/div/div[@id='soapAfterPagesContainer']/div/div/div[@id='comp-kfnj47yv']/a","Content","HTML"
"Hyperlink","https://www.lifeusa.org/no/categories/philosophy","https://donate.lifeusa.org/donorportal/login","147106","","My Account","200","OK","true","_self","noopener noreferrer","Absolute","//body/div/div/div[@id='site-root']/div/div[@id='soapAfterPagesContainer']/div/div/div[@id='comp-kfnj47yv']/a","Content","HTML"
"Hyperlink","https://www.lifeusa.org/post/women-s-empowerment-the-key-to-solving-world-hunger","https://donate.lifeusa.org/donorportal/login","147106","","My Account","200","OK","true","_self","noopener noreferrer","Absolute","//body/div/div/div[@id='site-root']/div/div[@id='soapAfterPagesContainer']/div/div/div[@id='comp-kfnj47yv']/a","Content","HTML"
"Hyperlink","https://www.lifeusa.org/no/categories/purpose","https://donate.lifeusa.org/donorportal/login","147106","","My Account","200","OK","true","_self","noopener noreferrer","Absolute","//body/div/div/div[@id='site-root']/div/div[@id='soapAfterPagesContainer']/div/div/div[@id='comp-kfnj47yv']/a","Content","HTML"
"Hyperlink","https://www.lifeusa.org/post/one-dollar-can-change-someone-s-life","https://donate.lifeusa.org/donorportal/login","147106","","My Account","200","OK","true","_self","noopener noreferrer","Absolute","//body/div/div/div[@id='site-root']/div/div[@id='soapAfterPagesContainer']/div/div/div[@id='comp-kfnj47yv']/a","Content","HTML"
"Hyperlink","https://www.lifeusa.org/post/afghanistan-s-earthquake-stories-of-survival-and-relief","https://donate.lifeusa.org/donorportal/login","147106","","My Account","200","OK","true","_self","noopener noreferrer","Absolute","//body/div/div/div[@id='site-root']/div/div[@id='soapAfterPagesContainer']/div/div/div[@id='comp-kfnj47yv']/a","Content","HTML"
"Hyperlink","https://www.lifeusa.org/post/why-one-gift-means-the-world-to-an-orphaned-child","https://donate.lifeusa.org/donorportal/login","147106","","My Account","200","OK","true","_self","noopener noreferrer","Absolute","//body/div/div/div[@id='site-root']/div/div[@id='soapAfterPagesContainer']/div/div/div[@id='comp-kfnj47yv']/a","Content","HTML"
"Hyperlink","https://www.lifeusa.org/post/children-forced-to-sleep-in-cars-and-on-the-streets-as-over-800-000-are-displaced-in-lebanon","https://donate.lifeusa.org/donorportal/login","147106","","My Account","200","OK","true","_self","noopener noreferrer","Absolute","//body/div/div/div[@id='site-root']/div/div[@id='soapAfterPagesContainer']/div/div/div[@id='comp-kfnj47yv']/a","Content","HTML"
"Hyperlink","https://www.lifeusa.org/post/remembering-judge-frank-caprio-a-judge-who-redefined-leadership-through-compassion","https://donate.lifeusa.org/donorportal/login","147106","","My Account","200","OK","true","_self","noopener noreferrer","Absolute","//body/div/div/div[@id='site-root']/div/div[@id='soapAfterPagesContainer']/div/div/div[@id='comp-kfnj47yv']/a","Content","HTML"
"Hyperlink","https://www.lifeusa.org/post/over-6-5-hungry-in-somalia-why-your-giving-matters-now-more-than-ever","https://donate.lifeusa.org/donorportal/login","147106","","My Account","200","OK","true","_self","noopener noreferrer","Absolute","//body/div/div/div[@id='site-root']/div/div[@id='soapAfterPagesContainer']/div/div/div[@id='comp-kfnj47yv']/a","Content","HTML"
"Hyperlink","https://www.lifeusa.org/post/starvation-in-gaza-why-the-world-must-act-now-before-thousands-more-die","https://donate.lifeusa.org/donorportal/login","147106","","My Account","200","OK","true","_self","noopener noreferrer","Absolute","//body/div/div/div[@id='site-root']/div/div[@id='soapAfterPagesContainer']/div/div/div[@id='comp-kfnj47yv']/a","Content","HTML"
"Hyperlink","https://www.lifeusa.org/post/latest-cuts-to-humanitarian-aid-leave-millions-without-hope","https://donate.lifeusa.org/donorportal/login","147106","","My Account","200","OK","true","_self","noopener noreferrer","Absolute","//body/div/div/div[@id='site-root']/div/div[@id='soapAfterPagesContainer']/div/div/div[@id='comp-kfnj47yv']/a","Content","HTML"
"Hyperlink","https://donate.lifeusa.org/donorportal/emergency-relief?EmergencyReliefProgram=11WVy000001QlE2MAK","https://donate.lifeusa.org/donorportal/login","147106","","My Account","200","OK","true","","","Root-Relative","//body/webruntime-app/lwr-router-container/webruntime-inner-app/dxp_data_provider-user-data-provider/dxp_data_provider-data-proxy/dxp_data_provider-decision-data-provider/dxp_data_provider-data-proxy/community_byo-scoped-header-and-footer/header/div/c-custom-navigation/header/div/div/div/a[1]","Navigation","HTML"
"Hyperlink","https://www.lifeusa.org/legacy","https://donate.lifeusa.org/donorportal/login","147106","","My Account","200","OK","true","_self","noopener noreferrer","Absolute","//body/div/div/div[@id='site-root']/div/div[@id='soapAfterPagesContainer']/div/div/div[@id='comp-kfnj47yv']/a","Content","HTML"
"Hyperlink","https://www.lifeusa.org/copy-of-freewill-landing-page","https://donate.lifeusa.org/donorportal/login","147106","","My Account","200","OK","true","_self","noopener noreferrer","Absolute","//body/div/div/div[@id='site-root']/div/div[@id='soapAfterPagesContainer']/div/div/div[@id='comp-kfnj47yv']/a","Content","HTML"
"Hyperlink","https://www.lifeusa.org/newsletters","https://donate.lifeusa.org/donorportal/login","147106","","My Account","200","OK","true","_self","noopener noreferrer","Absolute","//body/div/div/div[@id='site-root']/div/div[@id='soapAfterPagesContainer']/div/div/div[@id='comp-kfnj47yv']/a","Content","HTML"
"Hyperlink","https://www.lifeusa.org/news","https://donate.lifeusa.org/donorportal/login","147106","","My Account","200","OK","true","_self","noopener noreferrer","Absolute","//body/div/div/div[@id='site-root']/div/div[@id='soapAfterPagesContainer']/div/div/div[@id='comp-kfnj47yv']/a","Content","HTML"
"Hyperlink","https://www.lifeusa.org/press","https://donate.lifeusa.org/donorportal/login","147106","","My Account","200","OK","true","_self","noopener noreferrer","Absolute","//body/div/div/div[@id='site-root']/div/div[@id='soapAfterPagesContainer']/div/div/div[@id='comp-kfnj47yv']/a","Content","HTML"
"Hyperlink","https://donate.lifeusa.org/donorportal/project-designations?Program=11WVy000001QlE4MAK","https://donate.lifeusa.org/donorportal/login","147106","","My Account","200","OK","true","","","Root-Relative","//body/webruntime-app/lwr-router-container/webruntime-inner-app/dxp_data_provider-user-data-provider/dxp_data_provider-data-proxy/dxp_data_provider-decision-data-provider/dxp_data_provider-data-proxy/community_byo-scoped-header-and-footer/header/div/c-custom-navigation/header/div/div/div/a[1]","Navigation","HTML"
"Hyperlink","https://donate.lifeusa.org/donorportal/project-designations?Program=11WVy000001QlE5MAK","https://donate.lifeusa.org/donorportal/login","147106","","My Account","200","OK","true","","","Root-Relative","//body/webruntime-app/lwr-router-container/webruntime-inner-app/dxp_data_provider-user-data-provider/dxp_data_provider-data-proxy/dxp_data_provider-decision-data-provider/dxp_data_provider-data-proxy/community_byo-scoped-header-and-footer/header/div/c-custom-navigation/header/div/div/div/a[1]","Navigation","HTML"
"Hyperlink","https://donate.lifeusa.org/donorportal/campaign?UTM_SourceCode=LebanonEmergencyRelief26&CampaignID=701Vy00001Nj9MLIAZ","https://donate.lifeusa.org/donorportal/login","147106","","My Account","200","OK","true","","","Root-Relative","//body/webruntime-app/lwr-router-container/webruntime-inner-app/dxp_data_provider-user-data-provider/dxp_data_provider-data-proxy/dxp_data_provider-decision-data-provider/dxp_data_provider-data-proxy/community_byo-scoped-header-and-footer/header/div/c-custom-navigation/header/div/div/div/a[1]","Navigation","HTML"
"Hyperlink","https://www.lifeusa.org/post/building-a-better-world-for-33-years","https://donate.lifeusa.org/donorportal/login","147106","","My Account","200","OK","true","_self","noopener noreferrer","Absolute","//body/div/div/div[@id='site-root']/div/div[@id='soapAfterPagesContainer']/div/div/div[@id='comp-kfnj47yv']/a","Content","HTML"
"Hyperlink","https://www.lifeusa.org/post/write-your-will-for-free-and-let-the-good-you-do-today-last-forever","https://donate.lifeusa.org/donorportal/login","147106","","My Account","200","OK","true","_self","noopener noreferrer","Absolute","//body/div/div/div[@id='site-root']/div/div[@id='soapAfterPagesContainer']/div/div/div[@id='comp-kfnj47yv']/a","Content","HTML"
"Hyperlink","https://www.lifeusa.org/post/charitable-giving-an-advantage-we-never-saw-coming-from-the-one-big-beautiful-bill-act","https://donate.lifeusa.org/donorportal/login","147106","","My Account","200","OK","true","_self","noopener noreferrer","Absolute","//body/div/div/div[@id='site-root']/div/div[@id='soapAfterPagesContainer']/div/div/div[@id='comp-kfnj47yv']/a","Content","HTML"
"Hyperlink","https://www.lifeusa.org/post/double-or-triple-your-donation-without-spending-more-through-life-for-relief-and-development-life","https://donate.lifeusa.org/donorportal/login","147106","","My Account","200","OK","true","_self","noopener noreferrer","Absolute","//body/div/div/div[@id='site-root']/div/div[@id='soapAfterPagesContainer']/div/div/div[@id='comp-kfnj47yv']/a","Content","HTML"
"Hyperlink","https://www.lifeusa.org/post/winter-flooding-in-gaza-leaves-families-cold-and-exhausted","https://donate.lifeusa.org/donorportal/login","147106","","My Account","200","OK","true","_self","noopener noreferrer","Absolute","//body/div/div/div[@id='site-root']/div/div[@id='soapAfterPagesContainer']/div/div/div[@id='comp-kfnj47yv']/a","Content","HTML"
"Hyperlink","https://www.lifeusa.org/post/school-supplies-could-be-the-key-to-ending-poverty","https://donate.lifeusa.org/donorportal/login","147106","","My Account","200","OK","true","_self","noopener noreferrer","Absolute","//body/div/div/div[@id='site-root']/div/div[@id='soapAfterPagesContainer']/div/div/div[@id='comp-kfnj47yv']/a","Content","HTML"
"Hyperlink","https://www.lifeusa.org/post/cold-kills-5-million-a-year-life-s-winter-aid-helps-prevent-this-tragedy","https://donate.lifeusa.org/donorportal/login","147106","","My Account","200","OK","true","_self","noopener noreferrer","Absolute","//body/div/div/div[@id='site-root']/div/div[@id='soapAfterPagesContainer']/div/div/div[@id='comp-kfnj47yv']/a","Content","HTML"
"Hyperlink","https://www.lifeusa.org/post/give-the-smart-way-stop-paying-taxes-on-stocks-and-receive-a-big-tax-deduction","https://donate.lifeusa.org/donorportal/login","147106","","My Account","200","OK","true","_self","noopener noreferrer","Absolute","//body/div/div/div[@id='site-root']/div/div[@id='soapAfterPagesContainer']/div/div/div[@id='comp-kfnj47yv']/a","Content","HTML"
"Hyperlink","https://www.lifeusa.org/post/health-for-all-how-life-is-closing-the-global-healthcare-gap","https://donate.lifeusa.org/donorportal/login","147106","","My Account","200","OK","true","_self","noopener noreferrer","Absolute","//body/div/div/div[@id='site-root']/div/div[@id='soapAfterPagesContainer']/div/div/div[@id='comp-kfnj47yv']/a","Content","HTML"
"Hyperlink","https://www.lifeusa.org/post/eid-al-adha-a-celebration-of-unity","https://donate.lifeusa.org/donorportal/login","147106","","My Account","200","OK","true","_self","noopener noreferrer","Absolute","//body/div/div/div[@id='site-root']/div/div[@id='soapAfterPagesContainer']/div/div/div[@id='comp-kfnj47yv']/a","Content","HTML"
"Hyperlink","https://www.lifeusa.org/post/she-was-buried-underground-for-13-years-then-she-heard-the-ocean","https://donate.lifeusa.org/donorportal/login","147106","","My Account","200","OK","true","_self","noopener noreferrer","Absolute","//body/div/div/div[@id='site-root']/div/div[@id='soapAfterPagesContainer']/div/div/div[@id='comp-kfnj47yv']/a","Content","HTML"
"Hyperlink","https://www.lifeusa.org/post/when-the-guadalupe-river-roared-texas-tested-with-devastation-and-loss","https://donate.lifeusa.org/donorportal/login","147106","","My Account","200","OK","true","_self","noopener noreferrer","Absolute","//body/div/div/div[@id='site-root']/div/div[@id='soapAfterPagesContainer']/div/div/div[@id='comp-kfnj47yv']/a","Content","HTML"
"Hyperlink","https://www.lifeusa.org/post/the-hidden-price-tag-of-fast-fashion-and-how-life-is-offering-sustainable-solutions-you-can-support","https://donate.lifeusa.org/donorportal/login","147106","","My Account","200","OK","true","_self","noopener noreferrer","Absolute","//body/div/div/div[@id='site-root']/div/div[@id='soapAfterPagesContainer']/div/div/div[@id='comp-kfnj47yv']/a","Content","HTML"
"Hyperlink","https://www.lifeusa.org/post/ramadan-a-place-for-everyone","https://donate.lifeusa.org/donorportal/login","147106","","My Account","200","OK","true","_self","noopener noreferrer","Absolute","//body/div/div/div[@id='site-root']/div/div[@id='soapAfterPagesContainer']/div/div/div[@id='comp-kfnj47yv']/a","Content","HTML"
"Hyperlink","https://www.lifeusa.org/post/a-step-by-step-guide-on-how-to-participate-in-ramadan","https://donate.lifeusa.org/donorportal/login","147106","","My Account","200","OK","true","_self","noopener noreferrer","Absolute","//body/div/div/div[@id='site-root']/div/div[@id='soapAfterPagesContainer']/div/div/div[@id='comp-kfnj47yv']/a","Content","HTML"
"Hyperlink","https://www.lifeusa.org/post/sick-kids-with-no-medicine-in-sight-how-life-is-restoring-healthcare-access-in-africa","https://donate.lifeusa.org/donorportal/login","147106","","My Account","200","OK","true","_self","noopener noreferrer","Absolute","//body/div/div/div[@id='site-root']/div/div[@id='soapAfterPagesContainer']/div/div/div[@id='comp-kfnj47yv']/a","Content","HTML"
"Hyperlink","https://www.lifeusa.org/post/as-middle-east-tensions-rise-families-face-uncertainty-and-compassion-matters-more","https://donate.lifeusa.org/donorportal/login","147106","","My Account","200","OK","true","_self","noopener noreferrer","Absolute","//body/div/div/div[@id='site-root']/div/div[@id='soapAfterPagesContainer']/div/div/div[@id='comp-kfnj47yv']/a","Content","HTML"
"Hyperlink","https://www.lifeusa.org/post/millions-hungry-and-displaced-why-the-sudan-crisis-requires-immediate-action","https://donate.lifeusa.org/donorportal/login","147106","","My Account","200","OK","true","_self","noopener noreferrer","Absolute","//body/div/div/div[@id='site-root']/div/div[@id='soapAfterPagesContainer']/div/div/div[@id='comp-kfnj47yv']/a","Content","HTML"
"Hyperlink","https://www.lifeusa.org/post/ceasefire-in-gaza-understanding-the-gaza-peace-deal-and-what-lies-ahead","https://donate.lifeusa.org/donorportal/login","147106","","My Account","200","OK","true","_self","noopener noreferrer","Absolute","//body/div/div/div[@id='site-root']/div/div[@id='soapAfterPagesContainer']/div/div/div[@id='comp-kfnj47yv']/a","Content","HTML"
"Hyperlink","https://www.lifeusa.org/post/maximize-your-tax-write-off-with-charitable-giving-apps","https://donate.lifeusa.org/donorportal/login","147106","","My Account","200","OK","true","_self","noopener noreferrer","Absolute","//body/div/div/div[@id='site-root']/div/div[@id='soapAfterPagesContainer']/div/div/div[@id='comp-kfnj47yv']/a","Content","HTML"
"Hyperlink","https://www.lifeusa.org/post/when-life-becomes-art-finding-flow-purpose-and-the-joy-of-giving","https://donate.lifeusa.org/donorportal/login","147106","","My Account","200","OK","true","_self","noopener noreferrer","Absolute","//body/div/div/div[@id='site-root']/div/div[@id='soapAfterPagesContainer']/div/div/div[@id='comp-kfnj47yv']/a","Content","HTML"
"Hyperlink","https://www.lifeusa.org/post/how-violence-and-war-affect-children-worldwide-and-how-you-can-help","https://donate.lifeusa.org/donorportal/login","147106","","My Account","200","OK","true","_self","noopener noreferrer","Absolute","//body/div/div/div[@id='site-root']/div/div[@id='soapAfterPagesContainer']/div/div/div[@id='comp-kfnj47yv']/a","Content","HTML"
"Hyperlink","https://www.lifeusa.org/post/what-happens-when-you-can-t-see-in-a-refugee-camp","https://donate.lifeusa.org/donorportal/login","147106","","My Account","200","OK","true","_self","noopener noreferrer","Absolute","//body/div/div/div[@id='site-root']/div/div[@id='soapAfterPagesContainer']/div/div/div[@id='comp-kfnj47yv']/a","Content","HTML"
"Hyperlink","https://www.lifeusa.org/post/the-challenges-humanitarian-organizations-face-after-conflict-ends","https://donate.lifeusa.org/donorportal/login","147106","","My Account","200","OK","true","_self","noopener noreferrer","Absolute","//body/div/div/div[@id='site-root']/div/div[@id='soapAfterPagesContainer']/div/div/div[@id='comp-kfnj47yv']/a","Content","HTML"
"Hyperlink","https://www.lifeusa.org/post/the-power-of-listening-and-how-to-harness-it","https://donate.lifeusa.org/donorportal/login","147106","","My Account","200","OK","true","_self","noopener noreferrer","Absolute","//body/div/div/div[@id='site-root']/div/div[@id='soapAfterPagesContainer']/div/div/div[@id='comp-kfnj47yv']/a","Content","HTML"
"Hyperlink","https://www.lifeusa.org/post/monsoon-flood-in-northern-pakistan-takes-everything-from-villagers-life-usa-helps-families-rebuild","https://donate.lifeusa.org/donorportal/login","147106","","My Account","200","OK","true","_self","noopener noreferrer","Absolute","//body/div/div/div[@id='site-root']/div/div[@id='soapAfterPagesContainer']/div/div/div[@id='comp-kfnj47yv']/a","Content","HTML"
"Hyperlink","https://www.lifeusa.org/post/life-s-orphan-sponsorships-keep-children-warm-and-in-school-during-the-winter-months-in-pakistan","https://donate.lifeusa.org/donorportal/login","147106","","My Account","200","OK","true","_self","noopener noreferrer","Absolute","//body/div/div/div[@id='site-root']/div/div[@id='soapAfterPagesContainer']/div/div/div[@id='comp-kfnj47yv']/a","Content","HTML"
"Hyperlink","https://www.lifeusa.org/post/life-supports-mothers-and-orphans-in-gaza-with-critical-baby-formula-and-other-essentials","https://donate.lifeusa.org/donorportal/login","147106","","My Account","200","OK","true","_self","noopener noreferrer","Absolute","//body/div/div/div[@id='site-root']/div/div[@id='soapAfterPagesContainer']/div/div/div[@id='comp-kfnj47yv']/a","Content","HTML"
"Hyperlink","https://www.lifeusa.org/post/hope-returns-to-the-classroom-through-life-for-relief-and-development-life-s-orphan-sponsorship-in","https://donate.lifeusa.org/donorportal/login","147106","","My Account","200","OK","true","_self","noopener noreferrer","Absolute","//body/div/div/div[@id='site-root']/div/div[@id='soapAfterPagesContainer']/div/div/div[@id='comp-kfnj47yv']/a","Content","HTML"
"Hyperlink","https://www.lifeusa.org/post/with-life-water-wells-comes-a-renewed-stability-and-health-for-1-800-people-in-niger","https://donate.lifeusa.org/donorportal/login","147106","","My Account","200","OK","true","_self","noopener noreferrer","Absolute","//body/div/div/div[@id='site-root']/div/div[@id='soapAfterPagesContainer']/div/div/div[@id='comp-kfnj47yv']/a","Content","HTML"
"Hyperlink","https://www.lifeusa.org/post/in-a-tanzanian-village-water-finally-flows-close-to-home","https://donate.lifeusa.org/donorportal/login","147106","","My Account","200","OK","true","_self","noopener noreferrer","Absolute","//body/div/div/div[@id='site-root']/div/div[@id='soapAfterPagesContainer']/div/div/div[@id='comp-kfnj47yv']/a","Content","HTML"
"Hyperlink","https://www.lifeusa.org/post/life-continues-saving-lives-in-gaza-as-emergency-food-and-water-relief-reaches-thousands","https://donate.lifeusa.org/donorportal/login","147106","","My Account","200","OK","true","_self","noopener noreferrer","Absolute","//body/div/div/div[@id='site-root']/div/div[@id='soapAfterPagesContainer']/div/div/div[@id='comp-kfnj47yv']/a","Content","HTML"
"Hyperlink","https://www.lifeusa.org/post/life-supporting-orphans-families-gaza","https://donate.lifeusa.org/donorportal/login","147106","","My Account","200","OK","true","_self","noopener noreferrer","Absolute","//body/div/div/div[@id='site-root']/div/div[@id='soapAfterPagesContainer']/div/div/div[@id='comp-kfnj47yv']/a","Content","HTML"
"Hyperlink","https://www.lifeusa.org/post/fighting-hunger-in-somalia-life-for-relief-and-development-life-s-food-distribution-reaches-displ","https://donate.lifeusa.org/donorportal/login","147106","","My Account","200","OK","true","_self","noopener noreferrer","Absolute","//body/div/div/div[@id='site-root']/div/div[@id='soapAfterPagesContainer']/div/div/div[@id='comp-kfnj47yv']/a","Content","HTML"
"Hyperlink","https://www.lifeusa.org/post/life-for-relief-and-development-life-usa-restores-shelter-and-safety-for-8-050-displaced-individua","https://donate.lifeusa.org/donorportal/login","147106","","My Account","200","OK","true","_self","noopener noreferrer","Absolute","//body/div/div/div[@id='site-root']/div/div[@id='soapAfterPagesContainer']/div/div/div[@id='comp-kfnj47yv']/a","Content","HTML"
"Hyperlink","https://www.lifeusa.org/post/new-solar-powered-water-wells-bring-clean-water-to-3-300-people-in-pakistan","https://donate.lifeusa.org/donorportal/login","147106","","My Account","200","OK","true","_self","noopener noreferrer","Absolute","//body/div/div/div[@id='site-root']/div/div[@id='soapAfterPagesContainer']/div/div/div[@id='comp-kfnj47yv']/a","Content","HTML"
"Hyperlink","https://www.lifeusa.org/post/life-provides-medical-student-scholarships-in-the-west-bank","https://donate.lifeusa.org/donorportal/login","147106","","My Account","200","OK","true","_self","noopener noreferrer","Absolute","//body/div/div/div[@id='site-root']/div/div[@id='soapAfterPagesContainer']/div/div/div[@id='comp-kfnj47yv']/a","Content","HTML"
"Hyperlink","https://www.lifeusa.org/post/life-for-relief-and-development-protects-5-000-children-from-harsh-winter-conditions-in-gaza","https://donate.lifeusa.org/donorportal/login","147106","","My Account","200","OK","true","_self","noopener noreferrer","Absolute","//body/div/div/div[@id='site-root']/div/div[@id='soapAfterPagesContainer']/div/div/div[@id='comp-kfnj47yv']/a","Content","HTML"
"Hyperlink","https://www.lifeusa.org/post/life-for-relief-and-development-sustains-higher-education-in-syria","https://donate.lifeusa.org/donorportal/login","147106","","My Account","200","OK","true","_self","noopener noreferrer","Absolute","//body/div/div/div[@id='site-root']/div/div[@id='soapAfterPagesContainer']/div/div/div[@id='comp-kfnj47yv']/a","Content","HTML"
"Hyperlink","https://www.lifeusa.org/post/over-1-000-orphans-across-jordan-uplifted-through-life-sponsorship-program","https://donate.lifeusa.org/donorportal/login","147106","","My Account","200","OK","true","_self","noopener noreferrer","Absolute","//body/div/div/div[@id='site-root']/div/div[@id='soapAfterPagesContainer']/div/div/div[@id='comp-kfnj47yv']/a","Content","HTML"
"Hyperlink","https://www.lifeusa.org/post/life-for-relief-and-development-life-delivers-emergency-food-and-water-assistance-in-gaza-through","https://donate.lifeusa.org/donorportal/login","147106","","My Account","200","OK","true","_self","noopener noreferrer","Absolute","//body/div/div/div[@id='site-root']/div/div[@id='soapAfterPagesContainer']/div/div/div[@id='comp-kfnj47yv']/a","Content","HTML"
"Hyperlink","https://www.lifeusa.org/post/water-stops-being-a-daily-worry-for-two-communities-in-nepal","https://donate.lifeusa.org/donorportal/login","147106","","My Account","200","OK","true","_self","noopener noreferrer","Absolute","//body/div/div/div[@id='site-root']/div/div[@id='soapAfterPagesContainer']/div/div/div[@id='comp-kfnj47yv']/a","Content","HTML"
"Hyperlink","https://www.lifeusa.org/no/tags/chicago","https://donate.lifeusa.org/donorportal/login","147106","","My Account","200","OK","true","_self","noopener noreferrer","Absolute","//body/div/div/div[@id='site-root']/div/div[@id='soapAfterPagesContainer']/div/div/div[@id='comp-kfnj47yv']/a","Content","HTML"
"Hyperlink","https://www.lifeusa.org/no/tags/usa","https://donate.lifeusa.org/donorportal/login","147106","","My Account","200","OK","true","_self","noopener noreferrer","Absolute","//body/div/div/div[@id='site-root']/div/div[@id='soapAfterPagesContainer']/div/div/div[@id='comp-kfnj47yv']/a","Content","HTML"
"Hyperlink","https://www.lifeusa.org/no/tags/philanthropy","https://donate.lifeusa.org/donorportal/login","147106","","My Account","200","OK","true","_self","noopener noreferrer","Absolute","//body/div/div/div[@id='site-root']/div/div[@id='soapAfterPagesContainer']/div/div/div[@id='comp-kfnj47yv']/a","Content","HTML"
"Hyperlink","https://www.lifeusa.org/no/tags/canada","https://donate.lifeusa.org/donorportal/login","147106","","My Account","200","OK","true","_self","noopener noreferrer","Absolute","//body/div/div/div[@id='site-root']/div/div[@id='soapAfterPagesContainer']/div/div/div[@id='comp-kfnj47yv']/a","Content","HTML"
"Hyperlink","https://www.lifeusa.org/no/hashtags/butterflyeffect","https://donate.lifeusa.org/donorportal/login","147106","","My Account","200","OK","true","_self","noopener noreferrer","Absolute","//body/div/div/div[@id='site-root']/div/div[@id='soapAfterPagesContainer']/div/div/div[@id='comp-kfnj47yv']/a","Content","HTML"
"Hyperlink","https://www.lifeusa.org/no/tags/life-blog","https://donate.lifeusa.org/donorportal/login","147106","","My Account","200","OK","true","_self","noopener noreferrer","Absolute","//body/div/div/div[@id='site-root']/div/div[@id='soapAfterPagesContainer']/div/div/div[@id='comp-kfnj47yv']/a","Content","HTML"
"Hyperlink","https://www.lifeusa.org/no/tags/england","https://donate.lifeusa.org/donorportal/login","147106","","My Account","200","OK","true","_self","noopener noreferrer","Absolute","//body/div/div/div[@id='site-root']/div/div[@id='soapAfterPagesContainer']/div/div/div[@id='comp-kfnj47yv']/a","Content","HTML"
"Hyperlink","https://www.lifeusa.org/no/tags/colorado","https://donate.lifeusa.org/donorportal/login","147106","","My Account","200","OK","true","_self","noopener noreferrer","Absolute","//body/div/div/div[@id='site-root']/div/div[@id='soapAfterPagesContainer']/div/div/div[@id='comp-kfnj47yv']/a","Content","HTML"
"Hyperlink","https://www.lifeusa.org/no/tags/charity","https://donate.lifeusa.org/donorportal/login","147106","","My Account","200","OK","true","_self","noopener noreferrer","Absolute","//body/div/div/div[@id='site-root']/div/div[@id='soapAfterPagesContainer']/div/div/div[@id='comp-kfnj47yv']/a","Content","HTML"
"Hyperlink","https://www.lifeusa.org/no/tags/maryland","https://donate.lifeusa.org/donorportal/login","147106","","My Account","200","OK","true","_self","noopener noreferrer","Absolute","//body/div/div/div[@id='site-root']/div/div[@id='soapAfterPagesContainer']/div/div/div[@id='comp-kfnj47yv']/a","Content","HTML"
"Hyperlink","https://www.lifeusa.org/no/tags/nyc","https://donate.lifeusa.org/donorportal/login","147106","","My Account","200","OK","true","_self","noopener noreferrer","Absolute","//body/div/div/div[@id='site-root']/div/div[@id='soapAfterPagesContainer']/div/div/div[@id='comp-kfnj47yv']/a","Content","HTML"
"Hyperlink","https://donate.lifeusa.org/donorportal/cart","https://donate.lifeusa.org/donorportal/login","147106","","My Account","200","OK","true","","","Root-Relative","//body/webruntime-app/lwr-router-container/webruntime-inner-app/dxp_data_provider-user-data-provider/dxp_data_provider-data-proxy/dxp_data_provider-decision-data-provider/dxp_data_provider-data-proxy/community_byo-scoped-header-and-footer/header/div/c-custom-navigation/header/div/div/div/a[1]","Navigation","HTML"
"Hyperlink","https://donate.lifeusa.org/donorportal/seasonal-designations","https://donate.lifeusa.org/donorportal/login","147106","","My Account","200","OK","true","","","Root-Relative","//body/webruntime-app/lwr-router-container/webruntime-inner-app/dxp_data_provider-user-data-provider/dxp_data_provider-data-proxy/dxp_data_provider-decision-data-provider/dxp_data_provider-data-proxy/community_byo-scoped-header-and-footer/header/div/c-custom-navigation/header/div/div/div/a[1]","Navigation","HTML"
"Hyperlink","https://www.lifeusa.org/ukrainerelief","https://donate.lifeusa.org/donorportal/login","147106","","My Account","200","OK","true","_self","noopener noreferrer","Absolute","//body/div/div/div[@id='site-root']/div/div[@id='soapAfterPagesContainer']/div/div/div[@id='comp-kfnj47yv']/a","Content","HTML"
"Hyperlink","https://www.lifeusa.org/post/clean-water-restored-through-life-for-relief-and-development-life-s-water-well-projects-in-sierra","https://donate.lifeusa.org/donorportal/login","147106","","My Account","200","OK","true","_self","noopener noreferrer","Absolute","//body/div/div/div[@id='site-root']/div/div[@id='soapAfterPagesContainer']/div/div/div[@id='comp-kfnj47yv']/a","Content","HTML"
"Hyperlink","https://www.lifeusa.org/post/clean-water-new-possibilities-through-life-for-relief-and-development-life-s-water-well-projects","https://donate.lifeusa.org/donorportal/login","147106","","My Account","200","OK","true","_self","noopener noreferrer","Absolute","//body/div/div/div[@id='site-root']/div/div[@id='soapAfterPagesContainer']/div/div/div[@id='comp-kfnj47yv']/a","Content","HTML"
"Hyperlink","https://www.lifeusa.org/post/life-for-relief-and-development-life-s-orphan-sponsorship-supports-152-children-in-indonesia","https://donate.lifeusa.org/donorportal/login","147106","","My Account","200","OK","true","_self","noopener noreferrer","Absolute","//body/div/div/div[@id='site-root']/div/div[@id='soapAfterPagesContainer']/div/div/div[@id='comp-kfnj47yv']/a","Content","HTML"
"Hyperlink","https://www.lifeusa.org/post/clean-water-for-students-as-life-for-relief-and-development-life-installs-solar-water-wells-in-pak","https://donate.lifeusa.org/donorportal/login","147106","","My Account","200","OK","true","_self","noopener noreferrer","Absolute","//body/div/div/div[@id='site-root']/div/div[@id='soapAfterPagesContainer']/div/div/div[@id='comp-kfnj47yv']/a","Content","HTML"
"Hyperlink","https://www.lifeusa.org/post/life-builds-five-clean-water-projects-across-two-regions-in-myanmar","https://donate.lifeusa.org/donorportal/login","147106","","My Account","200","OK","true","_self","noopener noreferrer","Absolute","//body/div/div/div[@id='site-root']/div/div[@id='soapAfterPagesContainer']/div/div/div[@id='comp-kfnj47yv']/a","Content","HTML"
"Hyperlink","https://www.lifeusa.org/winterrelief","https://donate.lifeusa.org/donorportal/login","147106","","My Account","200","OK","true","_self","noopener noreferrer","Absolute","//body/div/div/div[@id='site-root']/div/div[@id='soapAfterPagesContainer']/div/div/div[@id='comp-kfnj47yv']/a","Content","HTML"
"Hyperlink","https://www.lifeusa.org/sudan-emergency-relief","https://donate.lifeusa.org/donorportal/login","147106","","My Account","200","OK","true","_self","noopener noreferrer","Absolute","//body/div/div/div[@id='site-root']/div/div[@id='soapAfterPagesContainer']/div/div/div[@id='comp-kfnj47yv']/a","Content","HTML"
"Hyperlink","https://www.lifeusa.org/no/tags/ukraine","https://donate.lifeusa.org/donorportal/login","147106","","My Account","200","OK","true","_self","noopener noreferrer","Absolute","//body/div/div/div[@id='site-root']/div/div[@id='soapAfterPagesContainer']/div/div/div[@id='comp-kfnj47yv']/a","Content","HTML"
"Hyperlink","https://www.lifeusa.org/no/tags/orphans","https://donate.lifeusa.org/donorportal/login","147106","","My Account","200","OK","true","_self","noopener noreferrer","Absolute","//body/div/div/div[@id='site-root']/div/div[@id='soapAfterPagesContainer']/div/div/div[@id='comp-kfnj47yv']/a","Content","HTML"
"Hyperlink","https://www.lifeusa.org/no/tags/palestine","https://donate.lifeusa.org/donorportal/login","147106","","My Account","200","OK","true","_self","noopener noreferrer","Absolute","//body/div/div/div[@id='site-root']/div/div[@id='soapAfterPagesContainer']/div/div/div[@id='comp-kfnj47yv']/a","Content","HTML"
"Hyperlink","https://www.lifeusa.org/no/tags/orphan-sponsorship","https://donate.lifeusa.org/donorportal/login","147106","","My Account","200","OK","true","_self","noopener noreferrer","Absolute","//body/div/div/div[@id='site-root']/div/div[@id='soapAfterPagesContainer']/div/div/div[@id='comp-kfnj47yv']/a","Content","HTML"
"Hyperlink","https://www.lifeusa.org/no/tags/syria-1","https://donate.lifeusa.org/donorportal/login","147106","","My Account","200","OK","true","_self","noopener noreferrer","Absolute","//body/div/div/div[@id='site-root']/div/div[@id='soapAfterPagesContainer']/div/div/div[@id='comp-kfnj47yv']/a","Content","HTML"
"Hyperlink","https://www.lifeusa.org/no/tags/war","https://donate.lifeusa.org/donorportal/login","147106","","My Account","200","OK","true","_self","noopener noreferrer","Absolute","//body/div/div/div[@id='site-root']/div/div[@id='soapAfterPagesContainer']/div/div/div[@id='comp-kfnj47yv']/a","Content","HTML"
"Hyperlink","https://www.lifeusa.org/no/tags/children","https://donate.lifeusa.org/donorportal/login","147106","","My Account","200","OK","true","_self","noopener noreferrer","Absolute","//body/div/div/div[@id='site-root']/div/div[@id='soapAfterPagesContainer']/div/div/div[@id='comp-kfnj47yv']/a","Content","HTML"
"Hyperlink","https://www.lifeusa.org/no/tags/refugee","https://donate.lifeusa.org/donorportal/login","147106","","My Account","200","OK","true","_self","noopener noreferrer","Absolute","//body/div/div/div[@id='site-root']/div/div[@id='soapAfterPagesContainer']/div/div/div[@id='comp-kfnj47yv']/a","Content","HTML"
"Hyperlink","https://www.lifeusa.org/post/life-hears-the-call-in-colorado","https://donate.lifeusa.org/donorportal/login","147106","","My Account","200","OK","true","_self","noopener noreferrer","Absolute","//body/div/div/div[@id='site-root']/div/div[@id='soapAfterPagesContainer']/div/div/div[@id='comp-kfnj47yv']/a","Content","HTML"
"Hyperlink","https://www.lifeusa.org/post/life-distributes-fresh-meat-in-texas","https://donate.lifeusa.org/donorportal/login","147106","","My Account","200","OK","true","_self","noopener noreferrer","Absolute","//body/div/div/div[@id='site-root']/div/div[@id='soapAfterPagesContainer']/div/div/div[@id='comp-kfnj47yv']/a","Content","HTML"
"Hyperlink","https://www.lifeusa.org/post/hearing-the-call-southwest-florida","https://donate.lifeusa.org/donorportal/login","147106","","My Account","200","OK","true","_self","noopener noreferrer","Absolute","//body/div/div/div[@id='site-root']/div/div[@id='soapAfterPagesContainer']/div/div/div[@id='comp-kfnj47yv']/a","Content","HTML"
"Hyperlink","https://www.lifeusa.org/post/life-provides-backpacks-to-foster-youth-in-the-united-states","https://donate.lifeusa.org/donorportal/login","147106","","My Account","200","OK","true","_self","noopener noreferrer","Absolute","//body/div/div/div[@id='site-root']/div/div[@id='soapAfterPagesContainer']/div/div/div[@id='comp-kfnj47yv']/a","Content","HTML"
"Hyperlink","https://www.lifeusa.org/post/refugee-asylum-seeker-immigrant-and-migrant-what-s-the-difference","https://donate.lifeusa.org/donorportal/login","147106","","My Account","200","OK","true","_self","noopener noreferrer","Absolute","//body/div/div/div[@id='site-root']/div/div[@id='soapAfterPagesContainer']/div/div/div[@id='comp-kfnj47yv']/a","Content","HTML"
"Hyperlink","https://www.lifeusa.org/post/the-biggest-charitable-contributions-in-the-u-s-2023","https://donate.lifeusa.org/donorportal/login","147106","","My Account","200","OK","true","_self","noopener noreferrer","Absolute","//body/div/div/div[@id='site-root']/div/div[@id='soapAfterPagesContainer']/div/div/div[@id='comp-kfnj47yv']/a","Content","HTML"
"Hyperlink","https://www.lifeusa.org/post/a-summer-of-forest-fires","https://donate.lifeusa.org/donorportal/login","147106","","My Account","200","OK","true","_self","noopener noreferrer","Absolute","//body/div/div/div[@id='site-root']/div/div[@id='soapAfterPagesContainer']/div/div/div[@id='comp-kfnj47yv']/a","Content","HTML"
"Hyperlink","https://www.lifeusa.org/post/queen-elizabeth-ii-a-lifetime-of-charity","https://donate.lifeusa.org/donorportal/login","147106","","My Account","200","OK","true","_self","noopener noreferrer","Absolute","//body/div/div/div[@id='site-root']/div/div[@id='soapAfterPagesContainer']/div/div/div[@id='comp-kfnj47yv']/a","Content","HTML"
"Hyperlink","https://www.lifeusa.org/post/food-packages-maryland","https://donate.lifeusa.org/donorportal/login","147106","","My Account","200","OK","true","_self","noopener noreferrer","Absolute","//body/div/div/div[@id='site-root']/div/div[@id='soapAfterPagesContainer']/div/div/div[@id='comp-kfnj47yv']/a","Content","HTML"
"Hyperlink","https://www.lifeusa.org/post/making-houses-into-homes","https://donate.lifeusa.org/donorportal/login","147106","","My Account","200","OK","true","_self","noopener noreferrer","Absolute","//body/div/div/div[@id='site-root']/div/div[@id='soapAfterPagesContainer']/div/div/div[@id='comp-kfnj47yv']/a","Content","HTML"
"Hyperlink","https://www.lifeusa.org/post/hearing-for-the-first-time-in-years","https://donate.lifeusa.org/donorportal/login","147106","","My Account","200","OK","true","_self","noopener noreferrer","Absolute","//body/div/div/div[@id='site-root']/div/div[@id='soapAfterPagesContainer']/div/div/div[@id='comp-kfnj47yv']/a","Content","HTML"
"Hyperlink","https://www.lifeusa.org/post/hearing-aids-colorado","https://donate.lifeusa.org/donorportal/login","147106","","My Account","200","OK","true","_self","noopener noreferrer","Absolute","//body/div/div/div[@id='site-root']/div/div[@id='soapAfterPagesContainer']/div/div/div[@id='comp-kfnj47yv']/a","Content","HTML"
"Hyperlink","https://donate.lifeusa.org/donorportal/campaign?UTM_SourceCode=UkraineEmergencyRelief&CampaignID=701Vy00001QJyCHIA1","https://donate.lifeusa.org/donorportal/login","147106","","My Account","200","OK","true","","","Root-Relative","//body/webruntime-app/lwr-router-container/webruntime-inner-app/dxp_data_provider-user-data-provider/dxp_data_provider-data-proxy/dxp_data_provider-decision-data-provider/dxp_data_provider-data-proxy/community_byo-scoped-header-and-footer/header/div/c-custom-navigation/header/div/div/div/a[1]","Navigation","HTML"
"Hyperlink","https://www.lifeusa.org/gaza","https://donate.lifeusa.org/donorportal/login","147106","","My Account","200","OK","true","_self","noopener noreferrer","Absolute","//body/div/div/div[@id='site-root']/div/div[@id='soapAfterPagesContainer']/div/div/div[@id='comp-kfnj47yv']/a","Content","HTML"
"Hyperlink","https://www.lifeusa.org/post/life-distributes-water-tanks-to-families-in-the-gaza-strip","https://donate.lifeusa.org/donorportal/login","147106","","My Account","200","OK","true","_self","noopener noreferrer","Absolute","//body/div/div/div[@id='site-root']/div/div[@id='soapAfterPagesContainer']/div/div/div[@id='comp-kfnj47yv']/a","Content","HTML"
"Hyperlink","https://www.lifeusa.org/no/tags/syria","https://donate.lifeusa.org/donorportal/login","147106","","My Account","200","OK","true","_self","noopener noreferrer","Absolute","//body/div/div/div[@id='site-root']/div/div[@id='soapAfterPagesContainer']/div/div/div[@id='comp-kfnj47yv']/a","Content","HTML"
"Hyperlink","https://www.lifeusa.org/no/tags/egypt","https://donate.lifeusa.org/donorportal/login","147106","","My Account","200","OK","true","_self","noopener noreferrer","Absolute","//body/div/div/div[@id='site-root']/div/div[@id='soapAfterPagesContainer']/div/div/div[@id='comp-kfnj47yv']/a","Content","HTML"
"Hyperlink","https://www.lifeusa.org/post/the-crucial-role-of-humanitarian-organizations-in-conflict-zones","https://donate.lifeusa.org/donorportal/login","147106","","My Account","200","OK","true","_self","noopener noreferrer","Absolute","//body/div/div/div[@id='site-root']/div/div[@id='soapAfterPagesContainer']/div/div/div[@id='comp-kfnj47yv']/a","Content","HTML"
"Hyperlink","https://www.lifeusa.org/post/life-continues-to-provide-emergency-aid-in-gaza","https://donate.lifeusa.org/donorportal/login","147106","","My Account","200","OK","true","_self","noopener noreferrer","Absolute","//body/div/div/div[@id='site-root']/div/div[@id='soapAfterPagesContainer']/div/div/div[@id='comp-kfnj47yv']/a","Content","HTML"
"Hyperlink","https://www.lifeusa.org/post/the-world-in-crisis-supporting-from-the-sidelines","https://donate.lifeusa.org/donorportal/login","147106","","My Account","200","OK","true","_self","noopener noreferrer","Absolute","//body/div/div/div[@id='site-root']/div/div[@id='soapAfterPagesContainer']/div/div/div[@id='comp-kfnj47yv']/a","Content","HTML"
"Hyperlink","https://www.lifeusa.org/post/it-s-okay-to-cry-the-ukrainian-refugee-mental-health-crisis","https://donate.lifeusa.org/donorportal/login","147106","","My Account","200","OK","true","_self","noopener noreferrer","Absolute","//body/div/div/div[@id='site-root']/div/div[@id='soapAfterPagesContainer']/div/div/div[@id='comp-kfnj47yv']/a","Content","HTML"
"Hyperlink","https://www.lifeusa.org/post/walk-532-59-miles-in-the-shoes-of-a-ukrainian-refugee","https://donate.lifeusa.org/donorportal/login","147106","","My Account","200","OK","true","_self","noopener noreferrer","Absolute","//body/div/div/div[@id='site-root']/div/div[@id='soapAfterPagesContainer']/div/div/div[@id='comp-kfnj47yv']/a","Content","HTML"
"Hyperlink","https://www.lifeusa.org/post/let-them-play-life-gives-every-child-a-chance-to-be-a-child-at-the-global-orphan-eid-parties","https://donate.lifeusa.org/donorportal/login","147106","","My Account","200","OK","true","_self","noopener noreferrer","Absolute","//body/div/div/div[@id='site-root']/div/div[@id='soapAfterPagesContainer']/div/div/div[@id='comp-kfnj47yv']/a","Content","HTML"
"Hyperlink","https://www.lifeusa.org/post/life-provides-emergency-relief-to-gaza","https://donate.lifeusa.org/donorportal/login","147106","","My Account","200","OK","true","_self","noopener noreferrer","Absolute","//body/div/div/div[@id='site-root']/div/div[@id='soapAfterPagesContainer']/div/div/div[@id='comp-kfnj47yv']/a","Content","HTML"
"Hyperlink","https://www.lifeusa.org/post/a-4-year-old-s-bravery-in-gaza-ahmad-s-story","https://donate.lifeusa.org/donorportal/login","147106","","My Account","200","OK","true","_self","noopener noreferrer","Absolute","//body/div/div/div[@id='site-root']/div/div[@id='soapAfterPagesContainer']/div/div/div[@id='comp-kfnj47yv']/a","Content","HTML"
"Hyperlink","https://www.lifeusa.org/post/life-provides-emergency-relief-to-gaza-1","https://donate.lifeusa.org/donorportal/login","147106","","My Account","200","OK","true","_self","noopener noreferrer","Absolute","//body/div/div/div[@id='site-root']/div/div[@id='soapAfterPagesContainer']/div/div/div[@id='comp-kfnj47yv']/a","Content","HTML"
"Hyperlink","https://www.lifeusa.org/post/gaza-s-daily-bread-life-provides-relief-to-innocent-civilians","https://donate.lifeusa.org/donorportal/login","147106","","My Account","200","OK","true","_self","noopener noreferrer","Absolute","//body/div/div/div[@id='site-root']/div/div[@id='soapAfterPagesContainer']/div/div/div[@id='comp-kfnj47yv']/a","Content","HTML"
"Hyperlink","https://www.lifeusa.org/post/who-will-watch-over-the-orphans-of-gaza","https://donate.lifeusa.org/donorportal/login","147106","","My Account","200","OK","true","_self","noopener noreferrer","Absolute","//body/div/div/div[@id='site-root']/div/div[@id='soapAfterPagesContainer']/div/div/div[@id='comp-kfnj47yv']/a","Content","HTML"
"Hyperlink","https://www.lifeusa.org/post/aiding-in-gaza-s-shelter-crisis","https://donate.lifeusa.org/donorportal/login","147106","","My Account","200","OK","true","_self","noopener noreferrer","Absolute","//body/div/div/div[@id='site-root']/div/div[@id='soapAfterPagesContainer']/div/div/div[@id='comp-kfnj47yv']/a","Content","HTML"
"Hyperlink","https://www.lifeusa.org/post/the-leading-causes-of-orphans-today","https://donate.lifeusa.org/donorportal/login","147106","","My Account","200","OK","true","_self","noopener noreferrer","Absolute","//body/div/div/div[@id='site-root']/div/div[@id='soapAfterPagesContainer']/div/div/div[@id='comp-kfnj47yv']/a","Content","HTML"
"Hyperlink","https://www.lifeusa.org/post/life-for-relief-and-development-life-ambulance-and-distributed-aid-save-countless-lives-after-airs","https://donate.lifeusa.org/donorportal/login","147106","","My Account","200","OK","true","_self","noopener noreferrer","Absolute","//body/div/div/div[@id='site-root']/div/div[@id='soapAfterPagesContainer']/div/div/div[@id='comp-kfnj47yv']/a","Content","HTML"
"Hyperlink","https://www.lifeusa.org/post/what-causes-earthquakes-and-how-they-affect-people","https://donate.lifeusa.org/donorportal/login","147106","","My Account","200","OK","true","_self","noopener noreferrer","Absolute","//body/div/div/div[@id='site-root']/div/div[@id='soapAfterPagesContainer']/div/div/div[@id='comp-kfnj47yv']/a","Content","HTML"
"Hyperlink","https://www.lifeusa.org/post/no-assistance-in-their-time-of-need","https://donate.lifeusa.org/donorportal/login","147106","","My Account","200","OK","true","_self","noopener noreferrer","Absolute","//body/div/div/div[@id='site-root']/div/div[@id='soapAfterPagesContainer']/div/div/div[@id='comp-kfnj47yv']/a","Content","HTML"
"Hyperlink","https://www.lifeusa.org/post/life-s-education-initiatives-in-syria-generate-positive-outcomes-in-enrollment-and-graduation-rate-t","https://donate.lifeusa.org/donorportal/login","147106","","My Account","200","OK","true","_self","noopener noreferrer","Absolute","//body/div/div/div[@id='site-root']/div/div[@id='soapAfterPagesContainer']/div/div/div[@id='comp-kfnj47yv']/a","Content","HTML"
"Hyperlink","https://www.lifeusa.org/post/3-inspiring-ways-to-give-back-to-refugees-this-year","https://donate.lifeusa.org/donorportal/login","147106","","My Account","200","OK","true","_self","noopener noreferrer","Absolute","//body/div/div/div[@id='site-root']/div/div[@id='soapAfterPagesContainer']/div/div/div[@id='comp-kfnj47yv']/a","Content","HTML"
"Hyperlink","https://www.lifeusa.org/post/life-promotes-integrative-healthcare-for-rohingya-refugees-with-the-launch-of-vital-eye-care-clinic","https://donate.lifeusa.org/donorportal/login","147106","","My Account","200","OK","true","_self","noopener noreferrer","Absolute","//body/div/div/div[@id='site-root']/div/div[@id='soapAfterPagesContainer']/div/div/div[@id='comp-kfnj47yv']/a","Content","HTML"
"Hyperlink","https://www.lifeusa.org/no/tags/mental-health","https://donate.lifeusa.org/donorportal/login","147106","","My Account","200","OK","true","_self","noopener noreferrer","Absolute","//body/div/div/div[@id='site-root']/div/div[@id='soapAfterPagesContainer']/div/div/div[@id='comp-kfnj47yv']/a","Content","HTML"
"Hyperlink","https://www.lifeusa.org/no/tags/afghanistan","https://donate.lifeusa.org/donorportal/login","147106","","My Account","200","OK","true","_self","noopener noreferrer","Absolute","//body/div/div/div[@id='site-root']/div/div[@id='soapAfterPagesContainer']/div/div/div[@id='comp-kfnj47yv']/a","Content","HTML"
"Hyperlink","https://www.lifeusa.org/no/tags/earthquake","https://donate.lifeusa.org/donorportal/login","147106","","My Account","200","OK","true","_self","noopener noreferrer","Absolute","//body/div/div/div[@id='site-root']/div/div[@id='soapAfterPagesContainer']/div/div/div[@id='comp-kfnj47yv']/a","Content","HTML"
"Hyperlink","https://www.lifeusa.org/no/tags/emergency-relief","https://donate.lifeusa.org/donorportal/login","147106","","My Account","200","OK","true","_self","noopener noreferrer","Absolute","//body/div/div/div[@id='site-root']/div/div[@id='soapAfterPagesContainer']/div/div/div[@id='comp-kfnj47yv']/a","Content","HTML"
"Hyperlink","https://www.lifeusa.org/no/tags/gaza-1","https://donate.lifeusa.org/donorportal/login","147106","","My Account","200","OK","true","_self","noopener noreferrer","Absolute","//body/div/div/div[@id='site-root']/div/div[@id='soapAfterPagesContainer']/div/div/div[@id='comp-kfnj47yv']/a","Content","HTML"
"Hyperlink","https://www.lifeusa.org/no/tags/water-tanks","https://donate.lifeusa.org/donorportal/login","147106","","My Account","200","OK","true","_self","noopener noreferrer","Absolute","//body/div/div/div[@id='site-root']/div/div[@id='soapAfterPagesContainer']/div/div/div[@id='comp-kfnj47yv']/a","Content","HTML"
"Hyperlink","https://www.lifeusa.org/no/tags/community-development","https://donate.lifeusa.org/donorportal/login","147106","","My Account","200","OK","true","_self","noopener noreferrer","Absolute","//body/div/div/div[@id='site-root']/div/div[@id='soapAfterPagesContainer']/div/div/div[@id='comp-kfnj47yv']/a","Content","HTML"
"Hyperlink","https://www.lifeusa.org/no/tags/food-baskets","https://donate.lifeusa.org/donorportal/login","147106","","My Account","200","OK","true","_self","noopener noreferrer","Absolute","//body/div/div/div[@id='site-root']/div/div[@id='soapAfterPagesContainer']/div/div/div[@id='comp-kfnj47yv']/a","Content","HTML"
"Hyperlink","https://www.lifeusa.org/no/tags/queen-elizabeth","https://donate.lifeusa.org/donorportal/login","147106","","My Account","200","OK","true","_self","noopener noreferrer","Absolute","//body/div/div/div[@id='site-root']/div/div[@id='soapAfterPagesContainer']/div/div/div[@id='comp-kfnj47yv']/a","Content","HTML"
"Hyperlink","https://www.lifeusa.org/no/tags/fire","https://donate.lifeusa.org/donorportal/login","147106","","My Account","200","OK","true","_self","noopener noreferrer","Absolute","//body/div/div/div[@id='site-root']/div/div[@id='soapAfterPagesContainer']/div/div/div[@id='comp-kfnj47yv']/a","Content","HTML"
"Hyperlink","https://www.lifeusa.org/no/tags/forest-fire","https://donate.lifeusa.org/donorportal/login","147106","","My Account","200","OK","true","_self","noopener noreferrer","Absolute","//body/div/div/div[@id='site-root']/div/div[@id='soapAfterPagesContainer']/div/div/div[@id='comp-kfnj47yv']/a","Content","HTML"
"Hyperlink","https://www.lifeusa.org/no/tags/amazon","https://donate.lifeusa.org/donorportal/login","147106","","My Account","200","OK","true","_self","noopener noreferrer","Absolute","//body/div/div/div[@id='site-root']/div/div[@id='soapAfterPagesContainer']/div/div/div[@id='comp-kfnj47yv']/a","Content","HTML"
"Hyperlink","https://www.lifeusa.org/no/tags/jeff-bezos","https://donate.lifeusa.org/donorportal/login","147106","","My Account","200","OK","true","_self","noopener noreferrer","Absolute","//body/div/div/div[@id='site-root']/div/div[@id='soapAfterPagesContainer']/div/div/div[@id='comp-kfnj47yv']/a","Content","HTML"
"Hyperlink","https://www.lifeusa.org/no/tags/bill-gates","https://donate.lifeusa.org/donorportal/login","147106","","My Account","200","OK","true","_self","noopener noreferrer","Absolute","//body/div/div/div[@id='site-root']/div/div[@id='soapAfterPagesContainer']/div/div/div[@id='comp-kfnj47yv']/a","Content","HTML"
"Hyperlink","https://www.lifeusa.org/no/tags/refugee-assistance","https://donate.lifeusa.org/donorportal/login","147106","","My Account","200","OK","true","_self","noopener noreferrer","Absolute","//body/div/div/div[@id='site-root']/div/div[@id='soapAfterPagesContainer']/div/div/div[@id='comp-kfnj47yv']/a","Content","HTML"
"Hyperlink","https://www.lifeusa.org/no/tags/back-to-school","https://donate.lifeusa.org/donorportal/login","147106","","My Account","200","OK","true","_self","noopener noreferrer","Absolute","//body/div/div/div[@id='site-root']/div/div[@id='soapAfterPagesContainer']/div/div/div[@id='comp-kfnj47yv']/a","Content","HTML"
"Hyperlink","https://www.lifeusa.org/no/tags/florida","https://donate.lifeusa.org/donorportal/login","147106","","My Account","200","OK","true","_self","noopener noreferrer","Absolute","//body/div/div/div[@id='site-root']/div/div[@id='soapAfterPagesContainer']/div/div/div[@id='comp-kfnj47yv']/a","Content","HTML"
"Hyperlink","https://www.lifeusa.org/no/tags/hearing-aids","https://donate.lifeusa.org/donorportal/login","147106","","My Account","200","OK","true","_self","noopener noreferrer","Absolute","//body/div/div/div[@id='site-root']/div/div[@id='soapAfterPagesContainer']/div/div/div[@id='comp-kfnj47yv']/a","Content","HTML"
"Hyperlink","https://www.lifeusa.org/no/tags/texas","https://donate.lifeusa.org/donorportal/login","147106","","My Account","200","OK","true","_self","noopener noreferrer","Absolute","//body/div/div/div[@id='site-root']/div/div[@id='soapAfterPagesContainer']/div/div/div[@id='comp-kfnj47yv']/a","Content","HTML"
"Hyperlink","https://www.lifeusa.org/no/tags/rohingya","https://donate.lifeusa.org/donorportal/login","147106","","My Account","200","OK","true","_self","noopener noreferrer","Absolute","//body/div/div/div[@id='site-root']/div/div[@id='soapAfterPagesContainer']/div/div/div[@id='comp-kfnj47yv']/a","Content","HTML"
"Hyperlink","https://www.lifeusa.org/no/tags/health","https://donate.lifeusa.org/donorportal/login","147106","","My Account","200","OK","true","_self","noopener noreferrer","Absolute","//body/div/div/div[@id='site-root']/div/div[@id='soapAfterPagesContainer']/div/div/div[@id='comp-kfnj47yv']/a","Content","HTML"
"Hyperlink","https://www.lifeusa.org/no/tags/bangladesh-1","https://donate.lifeusa.org/donorportal/login","147106","","My Account","200","OK","true","_self","noopener noreferrer","Absolute","//body/div/div/div[@id='site-root']/div/div[@id='soapAfterPagesContainer']/div/div/div[@id='comp-kfnj47yv']/a","Content","HTML"
"Hyperlink","https://www.lifeusa.org/no/tags/education","https://donate.lifeusa.org/donorportal/login","147106","","My Account","200","OK","true","_self","noopener noreferrer","Absolute","//body/div/div/div[@id='site-root']/div/div[@id='soapAfterPagesContainer']/div/div/div[@id='comp-kfnj47yv']/a","Content","HTML"
"Hyperlink","https://www.lifeusa.org/no/tags/life-for-relief-and-development-usa","https://donate.lifeusa.org/donorportal/login","147106","","My Account","200","OK","true","_self","noopener noreferrer","Absolute","//body/div/div/div[@id='site-root']/div/div[@id='soapAfterPagesContainer']/div/div/div[@id='comp-kfnj47yv']/a","Content","HTML"
"Hyperlink","https://www.lifeusa.org/no/tags/turkey","https://donate.lifeusa.org/donorportal/login","147106","","My Account","200","OK","true","_self","noopener noreferrer","Absolute","//body/div/div/div[@id='site-root']/div/div[@id='soapAfterPagesContainer']/div/div/div[@id='comp-kfnj47yv']/a","Content","HTML"
"Hyperlink","https://www.lifeusa.org/no/tags/jordan","https://donate.lifeusa.org/donorportal/login","147106","","My Account","200","OK","true","_self","noopener noreferrer","Absolute","//body/div/div/div[@id='site-root']/div/div[@id='soapAfterPagesContainer']/div/div/div[@id='comp-kfnj47yv']/a","Content","HTML"
"Hyperlink","https://www.lifeusa.org/post/creating-beautiful-tomorrows-in-orphans-today","https://donate.lifeusa.org/donorportal/login","147106","","My Account","200","OK","true","_self","noopener noreferrer","Absolute","//body/div/div/div[@id='site-root']/div/div[@id='soapAfterPagesContainer']/div/div/div[@id='comp-kfnj47yv']/a","Content","HTML"
"Hyperlink","https://www.lifeusa.org/post/life-distributes-udhiyah-meat-in-jordan","https://donate.lifeusa.org/donorportal/login","147106","","My Account","200","OK","true","_self","noopener noreferrer","Absolute","//body/div/div/div[@id='site-root']/div/div[@id='soapAfterPagesContainer']/div/div/div[@id='comp-kfnj47yv']/a","Content","HTML"
"Hyperlink","https://www.lifeusa.org/post/life-s-orphan-sponsorship-program-in-lebanon-and-jordan","https://donate.lifeusa.org/donorportal/login","147106","","My Account","200","OK","true","_self","noopener noreferrer","Absolute","//body/div/div/div[@id='site-root']/div/div[@id='soapAfterPagesContainer']/div/div/div[@id='comp-kfnj47yv']/a","Content","HTML"
"Hyperlink","https://www.lifeusa.org/post/education-is-emancipation-empowering-women-today","https://donate.lifeusa.org/donorportal/login","147106","","My Account","200","OK","true","_self","noopener noreferrer","Absolute","//body/div/div/div[@id='site-root']/div/div[@id='soapAfterPagesContainer']/div/div/div[@id='comp-kfnj47yv']/a","Content","HTML"
"Hyperlink","https://www.lifeusa.org/no/tags/orphan","https://donate.lifeusa.org/donorportal/login","147106","","My Account","200","OK","true","_self","noopener noreferrer","Absolute","//body/div/div/div[@id='site-root']/div/div[@id='soapAfterPagesContainer']/div/div/div[@id='comp-kfnj47yv']/a","Content","HTML"
"Hyperlink","https://www.lifeusa.org/post/hearing-the-call-louisiana","https://donate.lifeusa.org/donorportal/login","147106","","My Account","200","OK","true","_self","noopener noreferrer","Absolute","//body/div/div/div[@id='site-root']/div/div[@id='soapAfterPagesContainer']/div/div/div[@id='comp-kfnj47yv']/a","Content","HTML"
"Hyperlink","https://www.lifeusa.org/post/back-to-school-in-kenya","https://donate.lifeusa.org/donorportal/login","147106","","My Account","200","OK","true","_self","noopener noreferrer","Absolute","//body/div/div/div[@id='site-root']/div/div[@id='soapAfterPagesContainer']/div/div/div[@id='comp-kfnj47yv']/a","Content","HTML"
"Hyperlink","https://www.lifeusa.org/post/back-to-school-project-haiti","https://donate.lifeusa.org/donorportal/login","147106","","My Account","200","OK","true","_self","noopener noreferrer","Absolute","//body/div/div/div[@id='site-root']/div/div[@id='soapAfterPagesContainer']/div/div/div[@id='comp-kfnj47yv']/a","Content","HTML"
"Hyperlink","https://www.lifeusa.org/post/back-to-school-iraq","https://donate.lifeusa.org/donorportal/login","147106","","My Account","200","OK","true","_self","noopener noreferrer","Absolute","//body/div/div/div[@id='site-root']/div/div[@id='soapAfterPagesContainer']/div/div/div[@id='comp-kfnj47yv']/a","Content","HTML"
"Hyperlink","https://www.lifeusa.org/post/food-baskets-in-bangladesh","https://donate.lifeusa.org/donorportal/login","147106","","My Account","200","OK","true","_self","noopener noreferrer","Absolute","//body/div/div/div[@id='site-root']/div/div[@id='soapAfterPagesContainer']/div/div/div[@id='comp-kfnj47yv']/a","Content","HTML"
"Hyperlink","https://www.lifeusa.org/post/the-story-of-resilience-and-hope-life-brings-joy-to-al-islah-village-in-iraq","https://donate.lifeusa.org/donorportal/login","147106","","My Account","200","OK","true","_self","noopener noreferrer","Absolute","//body/div/div/div[@id='site-root']/div/div[@id='soapAfterPagesContainer']/div/div/div[@id='comp-kfnj47yv']/a","Content","HTML"
"Hyperlink","https://www.lifeusa.org/post/life-distributes-ramadan-food-baskets-in-lebanon","https://donate.lifeusa.org/donorportal/login","147106","","My Account","200","OK","true","_self","noopener noreferrer","Absolute","//body/div/div/div[@id='site-root']/div/div[@id='soapAfterPagesContainer']/div/div/div[@id='comp-kfnj47yv']/a","Content","HTML"
"Hyperlink","https://www.lifeusa.org/post/discovering-ramadan-2024-fasting-charity-and-spiritual-nourishment","https://donate.lifeusa.org/donorportal/login","147106","","My Account","200","OK","true","_self","noopener noreferrer","Absolute","//body/div/div/div[@id='site-root']/div/div[@id='soapAfterPagesContainer']/div/div/div[@id='comp-kfnj47yv']/a","Content","HTML"
"Hyperlink","https://www.lifeusa.org/post/united-against-hunger-life-for-relief-and-development-s-life-global-expansion-is-set-to-feed-mill","https://donate.lifeusa.org/donorportal/login","147106","","My Account","200","OK","true","_self","noopener noreferrer","Absolute","//body/div/div/div[@id='site-root']/div/div[@id='soapAfterPagesContainer']/div/div/div[@id='comp-kfnj47yv']/a","Content","HTML"
"Hyperlink","https://www.lifeusa.org/post/life-distributes-ramadan-food-baskets-in-the-horn-of-africa","https://donate.lifeusa.org/donorportal/login","147106","","My Account","200","OK","true","_self","noopener noreferrer","Absolute","//body/div/div/div[@id='site-root']/div/div[@id='soapAfterPagesContainer']/div/div/div[@id='comp-kfnj47yv']/a","Content","HTML"
"Hyperlink","https://www.lifeusa.org/post/life-distributes-food-baskets-during-ramadan-in-bosnia","https://donate.lifeusa.org/donorportal/login","147106","","My Account","200","OK","true","_self","noopener noreferrer","Absolute","//body/div/div/div[@id='site-root']/div/div[@id='soapAfterPagesContainer']/div/div/div[@id='comp-kfnj47yv']/a","Content","HTML"
"Hyperlink","https://www.lifeusa.org/post/life-distributes-ramadan-food-baskets-in-haiti","https://donate.lifeusa.org/donorportal/login","147106","","My Account","200","OK","true","_self","noopener noreferrer","Absolute","//body/div/div/div[@id='site-root']/div/div[@id='soapAfterPagesContainer']/div/div/div[@id='comp-kfnj47yv']/a","Content","HTML"
"Hyperlink","https://www.lifeusa.org/post/life-provides-food-baskets-to-orphans-in-iraq","https://donate.lifeusa.org/donorportal/login","147106","","My Account","200","OK","true","_self","noopener noreferrer","Absolute","//body/div/div/div[@id='site-root']/div/div[@id='soapAfterPagesContainer']/div/div/div[@id='comp-kfnj47yv']/a","Content","HTML"
"Hyperlink","https://www.lifeusa.org/post/why-giving-makes-you-wealthier","https://donate.lifeusa.org/donorportal/login","147106","","My Account","200","OK","true","_self","noopener noreferrer","Absolute","//body/div/div/div[@id='site-root']/div/div[@id='soapAfterPagesContainer']/div/div/div[@id='comp-kfnj47yv']/a","Content","HTML"
"Hyperlink","https://www.lifeusa.org/post/sports-field-rehabilitation-in-iraq","https://donate.lifeusa.org/donorportal/login","147106","","My Account","200","OK","true","_self","noopener noreferrer","Absolute","//body/div/div/div[@id='site-root']/div/div[@id='soapAfterPagesContainer']/div/div/div[@id='comp-kfnj47yv']/a","Content","HTML"
"Hyperlink","https://www.lifeusa.org/post/furniture-for-new-horizon-s-ministries","https://donate.lifeusa.org/donorportal/login","147106","","My Account","200","OK","true","_self","noopener noreferrer","Absolute","//body/div/div/div[@id='site-root']/div/div[@id='soapAfterPagesContainer']/div/div/div[@id='comp-kfnj47yv']/a","Content","HTML"
"Hyperlink","https://www.lifeusa.org/post/unprecedented-flooding-in-libya-a-call-for-global-solidarity-and-action","https://donate.lifeusa.org/donorportal/login","147106","","My Account","200","OK","true","_self","noopener noreferrer","Absolute","//body/div/div/div[@id='site-root']/div/div[@id='soapAfterPagesContainer']/div/div/div[@id='comp-kfnj47yv']/a","Content","HTML"
"Hyperlink","https://www.lifeusa.org/post/how-your-donations-are-reaching-gaza-s-desperate-families-despite-all-odds","https://donate.lifeusa.org/donorportal/login","147106","","My Account","200","OK","true","_self","noopener noreferrer","Absolute","//body/div/div/div[@id='site-root']/div/div[@id='soapAfterPagesContainer']/div/div/div[@id='comp-kfnj47yv']/a","Content","HTML"
"Hyperlink","https://www.lifeusa.org/post/what-to-expect-and-how-to-prepare-for-hurricane-ian","https://donate.lifeusa.org/donorportal/login","147106","","My Account","200","OK","true","_self","noopener noreferrer","Absolute","//body/div/div/div[@id='site-root']/div/div[@id='soapAfterPagesContainer']/div/div/div[@id='comp-kfnj47yv']/a","Content","HTML"
"Hyperlink","https://www.lifeusa.org/post/eastern-africa-is-on-fire","https://donate.lifeusa.org/donorportal/login","147106","","My Account","200","OK","true","_self","noopener noreferrer","Absolute","//body/div/div/div[@id='site-root']/div/div[@id='soapAfterPagesContainer']/div/div/div[@id='comp-kfnj47yv']/a","Content","HTML"
"Hyperlink","https://www.lifeusa.org/post/stuck-between-burning-fire-and-freezing-ice","https://donate.lifeusa.org/donorportal/login","147106","","My Account","200","OK","true","_self","noopener noreferrer","Absolute","//body/div/div/div[@id='site-root']/div/div[@id='soapAfterPagesContainer']/div/div/div[@id='comp-kfnj47yv']/a","Content","HTML"
"Hyperlink","https://www.lifeusa.org/post/be-the-light-this-thanksgiving","https://donate.lifeusa.org/donorportal/login","147106","","My Account","200","OK","true","_self","noopener noreferrer","Absolute","//body/div/div/div[@id='site-root']/div/div[@id='soapAfterPagesContainer']/div/div/div[@id='comp-kfnj47yv']/a","Content","HTML"
"Hyperlink","https://www.lifeusa.org/post/behind-the-label-refugee","https://donate.lifeusa.org/donorportal/login","147106","","My Account","200","OK","true","_self","noopener noreferrer","Absolute","//body/div/div/div[@id='site-root']/div/div[@id='soapAfterPagesContainer']/div/div/div[@id='comp-kfnj47yv']/a","Content","HTML"
"Hyperlink","https://www.lifeusa.org/no/tags/thanksgiving","https://donate.lifeusa.org/donorportal/login","147106","","My Account","200","OK","true","_self","noopener noreferrer","Absolute","//body/div/div/div[@id='site-root']/div/div[@id='soapAfterPagesContainer']/div/div/div[@id='comp-kfnj47yv']/a","Content","HTML"
"Hyperlink","https://www.lifeusa.org/no/tags/winter-warmth","https://donate.lifeusa.org/donorportal/login","147106","","My Account","200","OK","true","_self","noopener noreferrer","Absolute","//body/div/div/div[@id='site-root']/div/div[@id='soapAfterPagesContainer']/div/div/div[@id='comp-kfnj47yv']/a","Content","HTML"
"Hyperlink","https://www.lifeusa.org/post/life-distributes-udhiyah-meat-in-afghanistan","https://donate.lifeusa.org/donorportal/login","147106","","My Account","200","OK","true","_self","noopener noreferrer","Absolute","//body/div/div/div[@id='site-root']/div/div[@id='soapAfterPagesContainer']/div/div/div[@id='comp-kfnj47yv']/a","Content","HTML"
"Hyperlink","https://www.lifeusa.org/no/tags/somalia-1","https://donate.lifeusa.org/donorportal/login","147106","","My Account","200","OK","true","_self","noopener noreferrer","Absolute","//body/div/div/div[@id='site-root']/div/div[@id='soapAfterPagesContainer']/div/div/div[@id='comp-kfnj47yv']/a","Content","HTML"
"Hyperlink","https://www.lifeusa.org/no/tags/seasonal-projects","https://donate.lifeusa.org/donorportal/login","147106","","My Account","200","OK","true","_self","noopener noreferrer","Absolute","//body/div/div/div[@id='site-root']/div/div[@id='soapAfterPagesContainer']/div/div/div[@id='comp-kfnj47yv']/a","Content","HTML"
"Hyperlink","https://www.lifeusa.org/no/tags/hurricane-ian","https://donate.lifeusa.org/donorportal/login","147106","","My Account","200","OK","true","_self","noopener noreferrer","Absolute","//body/div/div/div[@id='site-root']/div/div[@id='soapAfterPagesContainer']/div/div/div[@id='comp-kfnj47yv']/a","Content","HTML"
"Hyperlink","https://www.lifeusa.org/no/tags/hurricane","https://donate.lifeusa.org/donorportal/login","147106","","My Account","200","OK","true","_self","noopener noreferrer","Absolute","//body/div/div/div[@id='site-root']/div/div[@id='soapAfterPagesContainer']/div/div/div[@id='comp-kfnj47yv']/a","Content","HTML"
"Hyperlink","https://www.lifeusa.org/no/tags/charity-builds-wealth","https://donate.lifeusa.org/donorportal/login","147106","","My Account","200","OK","true","_self","noopener noreferrer","Absolute","//body/div/div/div[@id='site-root']/div/div[@id='soapAfterPagesContainer']/div/div/div[@id='comp-kfnj47yv']/a","Content","HTML"
"Hyperlink","https://www.lifeusa.org/no/tags/iraq-1","https://donate.lifeusa.org/donorportal/login","147106","","My Account","200","OK","true","_self","noopener noreferrer","Absolute","//body/div/div/div[@id='site-root']/div/div[@id='soapAfterPagesContainer']/div/div/div[@id='comp-kfnj47yv']/a","Content","HTML"
"Hyperlink","https://www.lifeusa.org/no/tags/furniture","https://donate.lifeusa.org/donorportal/login","147106","","My Account","200","OK","true","_self","noopener noreferrer","Absolute","//body/div/div/div[@id='site-root']/div/div[@id='soapAfterPagesContainer']/div/div/div[@id='comp-kfnj47yv']/a","Content","HTML"
"Hyperlink","https://www.lifeusa.org/no/tags/libya","https://donate.lifeusa.org/donorportal/login","147106","","My Account","200","OK","true","_self","noopener noreferrer","Absolute","//body/div/div/div[@id='site-root']/div/div[@id='soapAfterPagesContainer']/div/div/div[@id='comp-kfnj47yv']/a","Content","HTML"
"Hyperlink","https://www.lifeusa.org/no/tags/ethiopia","https://donate.lifeusa.org/donorportal/login","147106","","My Account","200","OK","true","_self","noopener noreferrer","Absolute","//body/div/div/div[@id='site-root']/div/div[@id='soapAfterPagesContainer']/div/div/div[@id='comp-kfnj47yv']/a","Content","HTML"
"Hyperlink","https://www.lifeusa.org/no/tags/sudan","https://donate.lifeusa.org/donorportal/login","147106","","My Account","200","OK","true","_self","noopener noreferrer","Absolute","//body/div/div/div[@id='site-root']/div/div[@id='soapAfterPagesContainer']/div/div/div[@id='comp-kfnj47yv']/a","Content","HTML"
"Hyperlink","https://www.lifeusa.org/no/tags/bosnia","https://donate.lifeusa.org/donorportal/login","147106","","My Account","200","OK","true","_self","noopener noreferrer","Absolute","//body/div/div/div[@id='site-root']/div/div[@id='soapAfterPagesContainer']/div/div/div[@id='comp-kfnj47yv']/a","Content","HTML"
"Hyperlink","https://www.lifeusa.org/no/tags/uganda","https://donate.lifeusa.org/donorportal/login","147106","","My Account","200","OK","true","_self","noopener noreferrer","Absolute","//body/div/div/div[@id='site-root']/div/div[@id='soapAfterPagesContainer']/div/div/div[@id='comp-kfnj47yv']/a","Content","HTML"
"Hyperlink","https://www.lifeusa.org/no/tags/djibouti","https://donate.lifeusa.org/donorportal/login","147106","","My Account","200","OK","true","_self","noopener noreferrer","Absolute","//body/div/div/div[@id='site-root']/div/div[@id='soapAfterPagesContainer']/div/div/div[@id='comp-kfnj47yv']/a","Content","HTML"
"Hyperlink","https://www.lifeusa.org/no/tags/south-sudan","https://donate.lifeusa.org/donorportal/login","147106","","My Account","200","OK","true","_self","noopener noreferrer","Absolute","//body/div/div/div[@id='site-root']/div/div[@id='soapAfterPagesContainer']/div/div/div[@id='comp-kfnj47yv']/a","Content","HTML"
"Hyperlink","https://www.lifeusa.org/no/tags/somalia","https://donate.lifeusa.org/donorportal/login","147106","","My Account","200","OK","true","_self","noopener noreferrer","Absolute","//body/div/div/div[@id='site-root']/div/div[@id='soapAfterPagesContainer']/div/div/div[@id='comp-kfnj47yv']/a","Content","HTML"
"Hyperlink","https://www.lifeusa.org/no/tags/eritrea","https://donate.lifeusa.org/donorportal/login","147106","","My Account","200","OK","true","_self","noopener noreferrer","Absolute","//body/div/div/div[@id='site-root']/div/div[@id='soapAfterPagesContainer']/div/div/div[@id='comp-kfnj47yv']/a","Content","HTML"
"Hyperlink","https://www.lifeusa.org/no/tags/ramadan","https://donate.lifeusa.org/donorportal/login","147106","","My Account","200","OK","true","_self","noopener noreferrer","Absolute","//body/div/div/div[@id='site-root']/div/div[@id='soapAfterPagesContainer']/div/div/div[@id='comp-kfnj47yv']/a","Content","HTML"
"Hyperlink","https://www.lifeusa.org/no/tags/bangladesh","https://donate.lifeusa.org/donorportal/login","147106","","My Account","200","OK","true","_self","noopener noreferrer","Absolute","//body/div/div/div[@id='site-root']/div/div[@id='soapAfterPagesContainer']/div/div/div[@id='comp-kfnj47yv']/a","Content","HTML"
"Hyperlink","https://www.lifeusa.org/no/tags/iraq","https://donate.lifeusa.org/donorportal/login","147106","","My Account","200","OK","true","_self","noopener noreferrer","Absolute","//body/div/div/div[@id='site-root']/div/div[@id='soapAfterPagesContainer']/div/div/div[@id='comp-kfnj47yv']/a","Content","HTML"
"Hyperlink","https://www.lifeusa.org/no/tags/haiti","https://donate.lifeusa.org/donorportal/login","147106","","My Account","200","OK","true","_self","noopener noreferrer","Absolute","//body/div/div/div[@id='site-root']/div/div[@id='soapAfterPagesContainer']/div/div/div[@id='comp-kfnj47yv']/a","Content","HTML"
"Hyperlink","https://www.lifeusa.org/no/tags/kenya","https://donate.lifeusa.org/donorportal/login","147106","","My Account","200","OK","true","_self","noopener noreferrer","Absolute","//body/div/div/div[@id='site-root']/div/div[@id='soapAfterPagesContainer']/div/div/div[@id='comp-kfnj47yv']/a","Content","HTML"
"Hyperlink","https://www.lifeusa.org/no/tags/national-women-s-month","https://donate.lifeusa.org/donorportal/login","147106","","My Account","200","OK","true","_self","noopener noreferrer","Absolute","//body/div/div/div[@id='site-root']/div/div[@id='soapAfterPagesContainer']/div/div/div[@id='comp-kfnj47yv']/a","Content","HTML"
"Hyperlink","https://www.lifeusa.org/no/tags/lebanon","https://donate.lifeusa.org/donorportal/login","147106","","My Account","200","OK","true","_self","noopener noreferrer","Absolute","//body/div/div/div[@id='site-root']/div/div[@id='soapAfterPagesContainer']/div/div/div[@id='comp-kfnj47yv']/a","Content","HTML"
"Hyperlink","https://www.lifeusa.org/no/tags/share","https://donate.lifeusa.org/donorportal/login","147106","","My Account","200","OK","true","_self","noopener noreferrer","Absolute","//body/div/div/div[@id='site-root']/div/div[@id='soapAfterPagesContainer']/div/div/div[@id='comp-kfnj47yv']/a","Content","HTML"
"Hyperlink","https://www.lifeusa.org/no/tags/udhiyah","https://donate.lifeusa.org/donorportal/login","147106","","My Account","200","OK","true","_self","noopener noreferrer","Absolute","//body/div/div/div[@id='site-root']/div/div[@id='soapAfterPagesContainer']/div/div/div[@id='comp-kfnj47yv']/a","Content","HTML"
"Hyperlink","https://www.lifeusa.org/post/winter-blankets-bangladesh","https://donate.lifeusa.org/donorportal/login","147106","","My Account","200","OK","true","_self","noopener noreferrer","Absolute","//body/div/div/div[@id='site-root']/div/div[@id='soapAfterPagesContainer']/div/div/div[@id='comp-kfnj47yv']/a","Content","HTML"
"Hyperlink","https://www.lifeusa.org/post/when-zakat-islamic-charity-almost-eradicated-poverty","https://donate.lifeusa.org/donorportal/login","147106","","My Account","200","OK","true","_self","noopener noreferrer","Absolute","//body/div/div/div[@id='site-root']/div/div[@id='soapAfterPagesContainer']/div/div/div[@id='comp-kfnj47yv']/a","Content","HTML"
"Hyperlink","https://www.lifeusa.org/post/life-distributes-ramadan-meals-in-mali","https://donate.lifeusa.org/donorportal/login","147106","","My Account","200","OK","true","_self","noopener noreferrer","Absolute","//body/div/div/div[@id='site-root']/div/div[@id='soapAfterPagesContainer']/div/div/div[@id='comp-kfnj47yv']/a","Content","HTML"
"Hyperlink","https://www.lifeusa.org/post/pakistan-fresh-meat-distribution-and-orphan-eid-party","https://donate.lifeusa.org/donorportal/login","147106","","My Account","200","OK","true","_self","noopener noreferrer","Absolute","//body/div/div/div[@id='site-root']/div/div[@id='soapAfterPagesContainer']/div/div/div[@id='comp-kfnj47yv']/a","Content","HTML"
"Hyperlink","https://www.lifeusa.org/post/life-distributes-udhiyah-meat-in-egypt","https://donate.lifeusa.org/donorportal/login","147106","","My Account","200","OK","true","_self","noopener noreferrer","Absolute","//body/div/div/div[@id='site-root']/div/div[@id='soapAfterPagesContainer']/div/div/div[@id='comp-kfnj47yv']/a","Content","HTML"
"Hyperlink","https://www.lifeusa.org/post/life-distributes-fresh-meat-in-bosnia-and-herzegovina","https://donate.lifeusa.org/donorportal/login","147106","","My Account","200","OK","true","_self","noopener noreferrer","Absolute","//body/div/div/div[@id='site-root']/div/div[@id='soapAfterPagesContainer']/div/div/div[@id='comp-kfnj47yv']/a","Content","HTML"
"Hyperlink","https://www.lifeusa.org/post/life-distributes-fresh-meat-in-syria","https://donate.lifeusa.org/donorportal/login","147106","","My Account","200","OK","true","_self","noopener noreferrer","Absolute","//body/div/div/div[@id='site-root']/div/div[@id='soapAfterPagesContainer']/div/div/div[@id='comp-kfnj47yv']/a","Content","HTML"
"Hyperlink","https://www.lifeusa.org/post/life-distributes-ramadan-food-baskets-yemen","https://donate.lifeusa.org/donorportal/login","147106","","My Account","200","OK","true","_self","noopener noreferrer","Absolute","//body/div/div/div[@id='site-root']/div/div[@id='soapAfterPagesContainer']/div/div/div[@id='comp-kfnj47yv']/a","Content","HTML"
"Hyperlink","https://www.lifeusa.org/post/life-distributes-udhiyah-meat-in-somalia","https://donate.lifeusa.org/donorportal/login","147106","","My Account","200","OK","true","_self","noopener noreferrer","Absolute","//body/div/div/div[@id='site-root']/div/div[@id='soapAfterPagesContainer']/div/div/div[@id='comp-kfnj47yv']/a","Content","HTML"
"Hyperlink","https://www.lifeusa.org/post/life-distributes-fresh-meat-in-sudan","https://donate.lifeusa.org/donorportal/login","147106","","My Account","200","OK","true","_self","noopener noreferrer","Absolute","//body/div/div/div[@id='site-root']/div/div[@id='soapAfterPagesContainer']/div/div/div[@id='comp-kfnj47yv']/a","Content","HTML"
"Hyperlink","https://www.lifeusa.org/post/life-distributes-fresh-meat-in-djibouti","https://donate.lifeusa.org/donorportal/login","147106","","My Account","200","OK","true","_self","noopener noreferrer","Absolute","//body/div/div/div[@id='site-root']/div/div[@id='soapAfterPagesContainer']/div/div/div[@id='comp-kfnj47yv']/a","Content","HTML"
"Hyperlink","https://www.lifeusa.org/post/life-distributes-fresh-meat-in-ethiopia","https://donate.lifeusa.org/donorportal/login","147106","","My Account","200","OK","true","_self","noopener noreferrer","Absolute","//body/div/div/div[@id='site-root']/div/div[@id='soapAfterPagesContainer']/div/div/div[@id='comp-kfnj47yv']/a","Content","HTML"
"Hyperlink","https://www.lifeusa.org/no/tags/yemen","https://donate.lifeusa.org/donorportal/login","147106","","My Account","200","OK","true","_self","noopener noreferrer","Absolute","//body/div/div/div[@id='site-root']/div/div[@id='soapAfterPagesContainer']/div/div/div[@id='comp-kfnj47yv']/a","Content","HTML"
"Hyperlink","https://www.lifeusa.org/no/tags/bosnia-1","https://donate.lifeusa.org/donorportal/login","147106","","My Account","200","OK","true","_self","noopener noreferrer","Absolute","//body/div/div/div[@id='site-root']/div/div[@id='soapAfterPagesContainer']/div/div/div[@id='comp-kfnj47yv']/a","Content","HTML"
"Hyperlink","https://www.lifeusa.org/post/what-is-udhiyah-qurbani-in-islam","https://donate.lifeusa.org/donorportal/login","147106","","My Account","200","OK","true","_self","noopener noreferrer","Absolute","//body/div/div/div[@id='site-root']/div/div[@id='soapAfterPagesContainer']/div/div/div[@id='comp-kfnj47yv']/a","Content","HTML"
"Hyperlink","https://www.lifeusa.org/no/tags/herzegovina","https://donate.lifeusa.org/donorportal/login","147106","","My Account","200","OK","true","_self","noopener noreferrer","Absolute","//body/div/div/div[@id='site-root']/div/div[@id='soapAfterPagesContainer']/div/div/div[@id='comp-kfnj47yv']/a","Content","HTML"
"Hyperlink","https://www.lifeusa.org/no/tags/fresh-meat","https://donate.lifeusa.org/donorportal/login","147106","","My Account","200","OK","true","_self","noopener noreferrer","Absolute","//body/div/div/div[@id='site-root']/div/div[@id='soapAfterPagesContainer']/div/div/div[@id='comp-kfnj47yv']/a","Content","HTML"
"Hyperlink","https://www.lifeusa.org/no/tags/pakistan-1","https://donate.lifeusa.org/donorportal/login","147106","","My Account","200","OK","true","_self","noopener noreferrer","Absolute","//body/div/div/div[@id='site-root']/div/div[@id='soapAfterPagesContainer']/div/div/div[@id='comp-kfnj47yv']/a","Content","HTML"
"Hyperlink","https://www.lifeusa.org/no/tags/eid","https://donate.lifeusa.org/donorportal/login","147106","","My Account","200","OK","true","_self","noopener noreferrer","Absolute","//body/div/div/div[@id='site-root']/div/div[@id='soapAfterPagesContainer']/div/div/div[@id='comp-kfnj47yv']/a","Content","HTML"
"Hyperlink","https://www.lifeusa.org/no/tags/orphan-1","https://donate.lifeusa.org/donorportal/login","147106","","My Account","200","OK","true","_self","noopener noreferrer","Absolute","//body/div/div/div[@id='site-root']/div/div[@id='soapAfterPagesContainer']/div/div/div[@id='comp-kfnj47yv']/a","Content","HTML"
"Hyperlink","https://www.lifeusa.org/no/tags/mali","https://donate.lifeusa.org/donorportal/login","147106","","My Account","200","OK","true","_self","noopener noreferrer","Absolute","//body/div/div/div[@id='site-root']/div/div[@id='soapAfterPagesContainer']/div/div/div[@id='comp-kfnj47yv']/a","Content","HTML"
"Hyperlink","https://www.lifeusa.org/no/tags/zakat","https://donate.lifeusa.org/donorportal/login","147106","","My Account","200","OK","true","_self","noopener noreferrer","Absolute","//body/div/div/div[@id='site-root']/div/div[@id='soapAfterPagesContainer']/div/div/div[@id='comp-kfnj47yv']/a","Content","HTML"
"Hyperlink","https://www.lifeusa.org/no/tags/winter","https://donate.lifeusa.org/donorportal/login","147106","","My Account","200","OK","true","_self","noopener noreferrer","Absolute","//body/div/div/div[@id='site-root']/div/div[@id='soapAfterPagesContainer']/div/div/div[@id='comp-kfnj47yv']/a","Content","HTML"
"Hyperlink","https://www.lifeusa.org/","https://donate.lifeusa.org/donorportal/gaza-relief","188195","","","200","OK","true","_self","noopener noreferrer","Absolute","//body/div/div/div[@id='site-root']/div/main/div/div/div/div[@class='HT5ybB']/div/div/div/section[@id='comp-lwf474t9']/div[2]/div/div/div[@class='CKet9C']/div[3]/a","Content","HTML"
"Hyperlink","https://www.lifeusa.org/","https://donate.lifeusa.org/donorportal/gaza-relief","188195","IMG_0936_edited.jpg","","200","OK","true","_self","noopener noreferrer","Absolute","//body/div/div/div[@id='site-root']/div/main/div/div/div/div[@class='HT5ybB']/div/div/div/section[@id='comp-lwf474ta']/div[2]/div/section[@id='comp-l7ap32t6']/div[@class='V5AUxf']/div/div[2]/div/div[@id='comp-mmm99tbh']/a","Content","HTML"
"Hyperlink","https://www.lifeusa.org/","https://donate.lifeusa.org/donorportal/gaza-relief","188195","","GAZA RELIEF","200","OK","true","_self","noopener noreferrer","Absolute","//body/div/div/div[@id='site-root']/div/main/div/div/div/div[@class='HT5ybB']/div/div/div/section[@id='comp-lwf474ta']/div[2]/div/section[@id='comp-l7ap32t6']/div[@class='V5AUxf']/div/div[2]/div/div[@id='comp-mmm9kjmo']/h2/a","Content","HTML"
"Hyperlink","https://www.lifeusa.org/","https://donate.lifeusa.org/donorportal/gaza-relief","188195","","DONATE NOW","200","OK","true","_self","noopener noreferrer","Absolute","//body/div/div/div[@id='site-root']/div/main/div/div/div/div[@class='HT5ybB']/div/div/div/section[@id='comp-lwf474ta']/div[2]/div/section[@id='comp-l7ap32t6']/div[@class='V5AUxf']/div/div[2]/div/div[@id='comp-mmma7h0i']/h2/a","Content","HTML"
"Hyperlink","https://www.lifeusa.org/","https://donate.lifeusa.org/donorportal/udhiyah","189849","","","200","OK","true","_blank","noopener noreferrer","Absolute","//body/div/div/div[@id='site-root']/div/main/div/div/div/div[@class='HT5ybB']/div/div/div/section[@id='comp-lwf474t9']/div[2]/div/div/div[@class='CKet9C']/div[1]/a","Content","HTML"
"Hyperlink","https://www.lifeusa.org/","https://donate.lifeusa.org/donorportal/udhiyah","189849","","","200","OK","true","_blank","noopener noreferrer","Absolute","//body/div/div/div[@id='site-root']/div/main/div/div/div/div[@class='HT5ybB']/div/div/div/section[@id='comp-lwf474t9']/div[2]/div/div/div[@class='OSqXnG']/div/a","Content","HTML"
"Hyperlink","https://www.lifeusa.org/","https://donate.lifeusa.org/donorportal/?donate=true","120471","","❤️ Donate Now","200","OK","true","_self","noopener noreferrer","Absolute","//body/div/div/div[@id='site-root']/div/div[@id='soapAfterPagesContainer']/div/div/div[@id='comp-kfwrlg80']/a","Content","HTML"
"Hyperlink","https://www.lifeusa.org/","https://donate.lifeusa.org/donorportal/?donate=true","120471","","❤️ Donate Now","200","OK","true","_self","noopener noreferrer","Absolute","//body/div/div/div[@id='site-root']/div/footer/div[@class='U4Bvut']/div[@class='CJF7A2']/div/div/section/div[@class='V5AUxf']/div/div[2]/div/div[@id='comp-mkwq7o79']/a","Footer","HTML"
"Hyperlink","https://www.lifeusa.org/get-involved","https://donate.lifeusa.org/donorportal/?donate=true","120471","","❤️ Donate Now","200","OK","true","_self","noopener noreferrer","Absolute","//body/div/div/div[@id='site-root']/div/div[@id='soapAfterPagesContainer']/div/div/div[@id='comp-kfwrlg80']/a","Content","HTML"
"Hyperlink","https://www.lifeusa.org/get-involved","https://donate.lifeusa.org/donorportal/?donate=true","120471","","❤️ Donate Now","200","OK","true","_self","noopener noreferrer","Absolute","//body/div/div/div[@id='site-root']/div/footer/div[@class='U4Bvut']/div[@class='CJF7A2']/div/div/section/div[@class='V5AUxf']/div/div[2]/div/div[@id='comp-mkwq7o79']/a","Footer","HTML"
"Hyperlink","https://www.lifeusa.org/about","https://donate.lifeusa.org/donorportal/?donate=true","120471","","❤️ Donate Now","200","OK","true","_self","noopener noreferrer","Absolute","//body/div/div/div[@id='site-root']/div/div[@id='soapAfterPagesContainer']/div/div/div[@id='comp-kfwrlg80']/a","Content","HTML"
"Hyperlink","https://www.lifeusa.org/about","https://donate.lifeusa.org/donorportal/?donate=true","120471","","❤️ Donate Now","200","OK","true","_self","noopener noreferrer","Absolute","//body/div/div/div[@id='site-root']/div/footer/div[@class='U4Bvut']/div[@class='CJF7A2']/div/div/section/div[@class='V5AUxf']/div/div[2]/div/div[@id='comp-mkwq7o79']/a","Footer","HTML"
"Hyperlink","https://www.lifeusa.org/financial-reports","https://donate.lifeusa.org/donorportal/?donate=true","120471","","❤️ Donate Now","200","OK","true","_self","noopener noreferrer","Absolute","//body/div/div/div[@id='site-root']/div/div[@id='soapAfterPagesContainer']/div/div/div[@id='comp-kfwrlg80']/a","Content","HTML"
"Hyperlink","https://www.lifeusa.org/financial-reports","https://donate.lifeusa.org/donorportal/?donate=true","120471","","❤️ Donate Now","200","OK","true","_self","noopener noreferrer","Absolute","//body/div/div/div[@id='site-root']/div/footer/div[@class='U4Bvut']/div[@class='CJF7A2']/div/div/section/div[@class='V5AUxf']/div/div[2]/div/div[@id='comp-mkwq7o79']/a","Footer","HTML"
"Hyperlink","https://www.lifeusa.org/post/the-global-environmental-crisis-water-climate-and-life-s-impact","https://donate.lifeusa.org/donorportal/?donate=true","120471","","Be a Part of the Solution","200","OK","true","_blank","","Absolute","//body/div/div/div[@id='site-root']/div/main/div/div/div/div[@class='HT5ybB']/div/div/div/section/div[2]/div/div/div/div/div/div/div[2]/div[@id='content-wrapper']/div[@class='ZL4A4N']/div[@class='HcBlwg']/div[1]/div/div/article/div/section/div/div/div/div/div/div[@class='BjAB3']/div[216]/div/div/a","Content","HTML"
"Hyperlink","https://www.lifeusa.org/post/the-global-environmental-crisis-water-climate-and-life-s-impact","https://donate.lifeusa.org/donorportal/?donate=true","120471","","❤️ Donate Now","200","OK","true","_self","noopener noreferrer","Absolute","//body/div/div/div[@id='site-root']/div/div[@id='soapAfterPagesContainer']/div/div/div[@id='comp-kfwrlg80']/a","Content","HTML"
"Hyperlink","https://www.lifeusa.org/post/the-global-environmental-crisis-water-climate-and-life-s-impact","https://donate.lifeusa.org/donorportal/?donate=true","120471","","❤️ Donate Now","200","OK","true","_self","noopener noreferrer","Absolute","//body/div/div/div[@id='site-root']/div/footer/div[@class='U4Bvut']/div[@class='CJF7A2']/div/div/section/div[@class='V5AUxf']/div/div[2]/div/div[@id='comp-mkwq7o79']/a","Footer","HTML"
"Hyperlink","https://www.lifeusa.org/board-members","https://donate.lifeusa.org/donorportal/?donate=true","120471","","❤️ Donate Now","200","OK","true","_self","noopener noreferrer","Absolute","//body/div/div/div[@id='site-root']/div/div[@id='soapAfterPagesContainer']/div/div/div[@id='comp-kfwrlg80']/a","Content","HTML"
"Hyperlink","https://www.lifeusa.org/board-members","https://donate.lifeusa.org/donorportal/?donate=true","120471","","❤️ Donate Now","200","OK","true","_self","noopener noreferrer","Absolute","//body/div/div/div[@id='site-root']/div/footer/div[@class='U4Bvut']/div[@class='CJF7A2']/div/div/section/div[@class='V5AUxf']/div/div[2]/div/div[@id='comp-mkwq7o79']/a","Footer","HTML"
"Hyperlink","https://www.lifeusa.org/annualreports","https://donate.lifeusa.org/donorportal/?donate=true","120471","","❤️ Donate Now","200","OK","true","_self","noopener noreferrer","Absolute","//body/div/div/div[@id='site-root']/div/div[@id='soapAfterPagesContainer']/div/div/div[@id='comp-kfwrlg80']/a","Content","HTML"
"Hyperlink","https://www.lifeusa.org/annualreports","https://donate.lifeusa.org/donorportal/?donate=true","120471","","❤️ Donate Now","200","OK","true","_self","noopener noreferrer","Absolute","//body/div/div/div[@id='site-root']/div/footer/div[@class='U4Bvut']/div[@class='CJF7A2']/div/div/section/div[@class='V5AUxf']/div/div[2]/div/div[@id='comp-mkwq7o79']/a","Footer","HTML"
"Hyperlink","https://www.lifeusa.org/blogs","https://donate.lifeusa.org/donorportal/?donate=true","120471","","❤️ Donate Now","200","OK","true","_self","noopener noreferrer","Absolute","//body/div/div/div[@id='site-root']/div/div[@id='soapAfterPagesContainer']/div/div/div[@id='comp-kfwrlg80']/a","Content","HTML"
"Hyperlink","https://www.lifeusa.org/blogs","https://donate.lifeusa.org/donorportal/?donate=true","120471","","❤️ Donate Now","200","OK","true","_self","noopener noreferrer","Absolute","//body/div/div/div[@id='site-root']/div/footer/div[@class='U4Bvut']/div[@class='CJF7A2']/div/div/section/div[@class='V5AUxf']/div/div[2]/div/div[@id='comp-mkwq7o79']/a","Footer","HTML"
"Hyperlink","https://www.lifeusa.org/lebanon-emergency-relief","https://donate.lifeusa.org/donorportal/?donate=true","120471","","❤️ Donate Now","200","OK","true","_self","noopener noreferrer","Absolute","//body/div/div/div[@id='site-root']/div/div[@id='soapAfterPagesContainer']/div/div/div[@id='comp-kfwrlg80']/a","Content","HTML"
"Hyperlink","https://www.lifeusa.org/lebanon-emergency-relief","https://donate.lifeusa.org/donorportal/?donate=true","120471","","❤️ Donate Now","200","OK","true","_self","noopener noreferrer","Absolute","//body/div/div/div[@id='site-root']/div/footer/div[@class='U4Bvut']/div[@class='CJF7A2']/div/div/section/div[@class='V5AUxf']/div/div[2]/div/div[@id='comp-mkwq7o79']/a","Footer","HTML"
"Hyperlink","https://www.lifeusa.org/post/recognizing-everyday-leaders-and-heros-this-father-s-day-2025","https://donate.lifeusa.org/donorportal/?donate=true","120471","","❤️ Donate Now","200","OK","true","_self","noopener noreferrer","Absolute","//body/div/div/div[@id='site-root']/div/div[@id='soapAfterPagesContainer']/div/div/div[@id='comp-kfwrlg80']/a","Content","HTML"
"Hyperlink","https://www.lifeusa.org/post/recognizing-everyday-leaders-and-heros-this-father-s-day-2025","https://donate.lifeusa.org/donorportal/?donate=true","120471","","❤️ Donate Now","200","OK","true","_self","noopener noreferrer","Absolute","//body/div/div/div[@id='site-root']/div/footer/div[@class='U4Bvut']/div[@class='CJF7A2']/div/div/section/div[@class='V5AUxf']/div/div[2]/div/div[@id='comp-mkwq7o79']/a","Footer","HTML"
"Hyperlink","https://www.lifeusa.org/media","https://donate.lifeusa.org/donorportal/?donate=true","120471","","❤️ Donate Now","200","OK","true","_self","noopener noreferrer","Absolute","//body/div/div/div[@id='site-root']/div/div[@id='soapAfterPagesContainer']/div/div/div[@id='comp-kfwrlg80']/a","Content","HTML"
"Hyperlink","https://www.lifeusa.org/media","https://donate.lifeusa.org/donorportal/?donate=true","120471","","❤️ Donate Now","200","OK","true","_self","noopener noreferrer","Absolute","//body/div/div/div[@id='site-root']/div/footer/div[@class='U4Bvut']/div[@class='CJF7A2']/div/div/section/div[@class='V5AUxf']/div/div[2]/div/div[@id='comp-mkwq7o79']/a","Footer","HTML"
"Hyperlink","https://www.lifeusa.org/privacy-policy","https://donate.lifeusa.org/donorportal/?donate=true","120471","","❤️ Donate Now","200","OK","true","_self","noopener noreferrer","Absolute","//body/div/div/div[@id='site-root']/div/div[@id='soapAfterPagesContainer']/div/div/div[@id='comp-kfwrlg80']/a","Content","HTML"
"Hyperlink","https://www.lifeusa.org/privacy-policy","https://donate.lifeusa.org/donorportal/?donate=true","120471","","❤️ Donate Now","200","OK","true","_self","noopener noreferrer","Absolute","//body/div/div/div[@id='site-root']/div/footer/div[@class='U4Bvut']/div[@class='CJF7A2']/div/div/section/div[@class='V5AUxf']/div/div[2]/div/div[@id='comp-mkwq7o79']/a","Footer","HTML"
"Hyperlink","https://www.lifeusa.org/waystogive","https://donate.lifeusa.org/donorportal/?donate=true","120471","","❤️ Donate Now","200","OK","true","_self","noopener noreferrer","Absolute","//body/div/div/div[@id='site-root']/div/div[@id='soapAfterPagesContainer']/div/div/div[@id='comp-kfwrlg80']/a","Content","HTML"
"Hyperlink","https://www.lifeusa.org/waystogive","https://donate.lifeusa.org/donorportal/?donate=true","120471","","❤️ Donate Now","200","OK","true","_self","noopener noreferrer","Absolute","//body/div/div/div[@id='site-root']/div/footer/div[@class='U4Bvut']/div[@class='CJF7A2']/div/div/section/div[@class='V5AUxf']/div/div[2]/div/div[@id='comp-mkwq7o79']/a","Footer","HTML"
"Hyperlink","https://www.lifeusa.org/programs","https://donate.lifeusa.org/donorportal/?donate=true","120471","","❤️ Donate Now","200","OK","true","_self","noopener noreferrer","Absolute","//body/div/div/div[@id='site-root']/div/div[@id='soapAfterPagesContainer']/div/div/div[@id='comp-kfwrlg80']/a","Content","HTML"
"Hyperlink","https://www.lifeusa.org/programs","https://donate.lifeusa.org/donorportal/?donate=true","120471","","❤️ Donate Now","200","OK","true","_self","noopener noreferrer","Absolute","//body/div/div/div[@id='site-root']/div/footer/div[@class='U4Bvut']/div[@class='CJF7A2']/div/div/section/div[@class='V5AUxf']/div/div[2]/div/div[@id='comp-mkwq7o79']/a","Footer","HTML"
"Hyperlink","https://www.lifeusa.org/post/the-world-keeps-making-more-plastic-and-the-cost-is-human","https://donate.lifeusa.org/donorportal/?donate=true","120471","","❤️ Donate Now","200","OK","true","_self","noopener noreferrer","Absolute","//body/div/div/div[@id='site-root']/div/div[@id='soapAfterPagesContainer']/div/div/div[@id='comp-kfwrlg80']/a","Content","HTML"
"Hyperlink","https://www.lifeusa.org/post/the-world-keeps-making-more-plastic-and-the-cost-is-human","https://donate.lifeusa.org/donorportal/?donate=true","120471","","❤️ Donate Now","200","OK","true","_self","noopener noreferrer","Absolute","//body/div/div/div[@id='site-root']/div/footer/div[@class='U4Bvut']/div[@class='CJF7A2']/div/div/section/div[@class='V5AUxf']/div/div[2]/div/div[@id='comp-mkwq7o79']/a","Footer","HTML"
"Hyperlink","https://www.lifeusa.org/post/children-in-crisis-the-psychological-toll-of-violence","https://donate.lifeusa.org/donorportal/?donate=true","120471","","❤️ Donate Now","200","OK","true","_self","noopener noreferrer","Absolute","//body/div/div/div[@id='site-root']/div/div[@id='soapAfterPagesContainer']/div/div/div[@id='comp-kfwrlg80']/a","Content","HTML"
"Hyperlink","https://www.lifeusa.org/post/children-in-crisis-the-psychological-toll-of-violence","https://donate.lifeusa.org/donorportal/?donate=true","120471","","❤️ Donate Now","200","OK","true","_self","noopener noreferrer","Absolute","//body/div/div/div[@id='site-root']/div/footer/div[@class='U4Bvut']/div[@class='CJF7A2']/div/div/section/div[@class='V5AUxf']/div/div[2]/div/div[@id='comp-mkwq7o79']/a","Footer","HTML"
"Hyperlink","https://www.lifeusa.org/volunteer","https://donate.lifeusa.org/donorportal/?donate=true","120471","","❤️ Donate Now","200","OK","true","_self","noopener noreferrer","Absolute","//body/div/div/div[@id='site-root']/div/div[@id='soapAfterPagesContainer']/div/div/div[@id='comp-kfwrlg80']/a","Content","HTML"
"Hyperlink","https://www.lifeusa.org/volunteer","https://donate.lifeusa.org/donorportal/?donate=true","120471","","❤️ Donate Now","200","OK","true","_self","noopener noreferrer","Absolute","//body/div/div/div[@id='site-root']/div/footer/div[@class='U4Bvut']/div[@class='CJF7A2']/div/div/section/div[@class='V5AUxf']/div/div[2]/div/div[@id='comp-mkwq7o79']/a","Footer","HTML"
"Hyperlink","https://www.lifeusa.org/careers","https://donate.lifeusa.org/donorportal/?donate=true","120471","","❤️ Donate Now","200","OK","true","_self","noopener noreferrer","Absolute","//body/div/div/div[@id='site-root']/div/div[@id='soapAfterPagesContainer']/div/div/div[@id='comp-kfwrlg80']/a","Content","HTML"
"Hyperlink","https://www.lifeusa.org/careers","https://donate.lifeusa.org/donorportal/?donate=true","120471","","❤️ Donate Now","200","OK","true","_self","noopener noreferrer","Absolute","//body/div/div/div[@id='site-root']/div/footer/div[@class='U4Bvut']/div[@class='CJF7A2']/div/div/section/div[@class='V5AUxf']/div/div[2]/div/div[@id='comp-mkwq7o79']/a","Footer","HTML"
"Hyperlink","https://www.lifeusa.org/fundraising","https://donate.lifeusa.org/donorportal/?donate=true","120471","","❤️ Donate Now","200","OK","true","_self","noopener noreferrer","Absolute","//body/div/div/div[@id='site-root']/div/div[@id='soapAfterPagesContainer']/div/div/div[@id='comp-kfwrlg80']/a","Content","HTML"
"Hyperlink","https://www.lifeusa.org/fundraising","https://donate.lifeusa.org/donorportal/?donate=true","120471","","❤️ Donate Now","200","OK","true","_self","noopener noreferrer","Absolute","//body/div/div/div[@id='site-root']/div/footer/div[@class='U4Bvut']/div[@class='CJF7A2']/div/div/section/div[@class='V5AUxf']/div/div[2]/div/div[@id='comp-mkwq7o79']/a","Footer","HTML"
"Hyperlink","https://www.lifeusa.org/doublethedonation","https://donate.lifeusa.org/donorportal/?donate=true","120471","","❤️ Donate Now","200","OK","true","_self","noopener noreferrer","Absolute","//body/div/div/div[@id='site-root']/div/div[@id='soapAfterPagesContainer']/div/div/div[@id='comp-kfwrlg80']/a","Content","HTML"
"Hyperlink","https://www.lifeusa.org/doublethedonation","https://donate.lifeusa.org/donorportal/?donate=true","120471","","❤️ Donate Now","200","OK","true","_self","noopener noreferrer","Absolute","//body/div/div/div[@id='site-root']/div/footer/div[@class='U4Bvut']/div[@class='CJF7A2']/div/div/section/div[@class='V5AUxf']/div/div[2]/div/div[@id='comp-mkwq7o79']/a","Footer","HTML"
"Hyperlink","https://www.lifeusa.org/no","https://donate.lifeusa.org/donorportal/?donate=true","120471","","❤️ Donate Now","200","OK","true","_self","noopener noreferrer","Absolute","//body/div/div/div[@id='site-root']/div/div[@id='soapAfterPagesContainer']/div/div/div[@id='comp-kfwrlg80']/a","Content","HTML"
"Hyperlink","https://www.lifeusa.org/no","https://donate.lifeusa.org/donorportal/?donate=true","120471","","❤️ Donate Now","200","OK","true","_self","noopener noreferrer","Absolute","//body/div/div/div[@id='site-root']/div/footer/div[@class='U4Bvut']/div[@class='CJF7A2']/div/div/section/div[@class='V5AUxf']/div/div[2]/div/div[@id='comp-mkwq7o79']/a","Footer","HTML"
"Hyperlink","https://www.lifeusa.org/no/categories/life-blog","https://donate.lifeusa.org/donorportal/?donate=true","120471","","❤️ Donate Now","200","OK","true","_self","noopener noreferrer","Absolute","//body/div/div/div[@id='site-root']/div/div[@id='soapAfterPagesContainer']/div/div/div[@id='comp-kfwrlg80']/a","Content","HTML"
"Hyperlink","https://www.lifeusa.org/no/categories/life-blog","https://donate.lifeusa.org/donorportal/?donate=true","120471","","❤️ Donate Now","200","OK","true","_self","noopener noreferrer","Absolute","//body/div/div/div[@id='site-root']/div/footer/div[@class='U4Bvut']/div[@class='CJF7A2']/div/div/section/div[@class='V5AUxf']/div/div[2]/div/div[@id='comp-mkwq7o79']/a","Footer","HTML"
"Hyperlink","https://www.lifeusa.org/no/categories/giving-charity","https://donate.lifeusa.org/donorportal/?donate=true","120471","","❤️ Donate Now","200","OK","true","_self","noopener noreferrer","Absolute","//body/div/div/div[@id='site-root']/div/div[@id='soapAfterPagesContainer']/div/div/div[@id='comp-kfwrlg80']/a","Content","HTML"
"Hyperlink","https://www.lifeusa.org/no/categories/giving-charity","https://donate.lifeusa.org/donorportal/?donate=true","120471","","❤️ Donate Now","200","OK","true","_self","noopener noreferrer","Absolute","//body/div/div/div[@id='site-root']/div/footer/div[@class='U4Bvut']/div[@class='CJF7A2']/div/div/section/div[@class='V5AUxf']/div/div[2]/div/div[@id='comp-mkwq7o79']/a","Footer","HTML"
"Hyperlink","https://www.lifeusa.org/no/categories/reports","https://donate.lifeusa.org/donorportal/?donate=true","120471","","❤️ Donate Now","200","OK","true","_self","noopener noreferrer","Absolute","//body/div/div/div[@id='site-root']/div/div[@id='soapAfterPagesContainer']/div/div/div[@id='comp-kfwrlg80']/a","Content","HTML"
"Hyperlink","https://www.lifeusa.org/no/categories/reports","https://donate.lifeusa.org/donorportal/?donate=true","120471","","❤️ Donate Now","200","OK","true","_self","noopener noreferrer","Absolute","//body/div/div/div[@id='site-root']/div/footer/div[@class='U4Bvut']/div[@class='CJF7A2']/div/div/section/div[@class='V5AUxf']/div/div[2]/div/div[@id='comp-mkwq7o79']/a","Footer","HTML"
"Hyperlink","https://www.lifeusa.org/no/categories/tax-write-off","https://donate.lifeusa.org/donorportal/?donate=true","120471","","❤️ Donate Now","200","OK","true","_self","noopener noreferrer","Absolute","//body/div/div/div[@id='site-root']/div/div[@id='soapAfterPagesContainer']/div/div/div[@id='comp-kfwrlg80']/a","Content","HTML"
"Hyperlink","https://www.lifeusa.org/no/categories/tax-write-off","https://donate.lifeusa.org/donorportal/?donate=true","120471","","❤️ Donate Now","200","OK","true","_self","noopener noreferrer","Absolute","//body/div/div/div[@id='site-root']/div/footer/div[@class='U4Bvut']/div[@class='CJF7A2']/div/div/section/div[@class='V5AUxf']/div/div[2]/div/div[@id='comp-mkwq7o79']/a","Footer","HTML"
"Hyperlink","https://www.lifeusa.org/no/categories/philosophy","https://donate.lifeusa.org/donorportal/?donate=true","120471","","❤️ Donate Now","200","OK","true","_self","noopener noreferrer","Absolute","//body/div/div/div[@id='site-root']/div/div[@id='soapAfterPagesContainer']/div/div/div[@id='comp-kfwrlg80']/a","Content","HTML"
"Hyperlink","https://www.lifeusa.org/no/categories/philosophy","https://donate.lifeusa.org/donorportal/?donate=true","120471","","❤️ Donate Now","200","OK","true","_self","noopener noreferrer","Absolute","//body/div/div/div[@id='site-root']/div/footer/div[@class='U4Bvut']/div[@class='CJF7A2']/div/div/section/div[@class='V5AUxf']/div/div[2]/div/div[@id='comp-mkwq7o79']/a","Footer","HTML"
"Hyperlink","https://www.lifeusa.org/post/women-s-empowerment-the-key-to-solving-world-hunger","https://donate.lifeusa.org/donorportal/?donate=true","120471","","❤️ Donate Now","200","OK","true","_self","noopener noreferrer","Absolute","//body/div/div/div[@id='site-root']/div/div[@id='soapAfterPagesContainer']/div/div/div[@id='comp-kfwrlg80']/a","Content","HTML"
"Hyperlink","https://www.lifeusa.org/post/women-s-empowerment-the-key-to-solving-world-hunger","https://donate.lifeusa.org/donorportal/?donate=true","120471","","❤️ Donate Now","200","OK","true","_self","noopener noreferrer","Absolute","//body/div/div/div[@id='site-root']/div/footer/div[@class='U4Bvut']/div[@class='CJF7A2']/div/div/section/div[@class='V5AUxf']/div/div[2]/div/div[@id='comp-mkwq7o79']/a","Footer","HTML"
"Hyperlink","https://www.lifeusa.org/no/categories/purpose","https://donate.lifeusa.org/donorportal/?donate=true","120471","","❤️ Donate Now","200","OK","true","_self","noopener noreferrer","Absolute","//body/div/div/div[@id='site-root']/div/div[@id='soapAfterPagesContainer']/div/div/div[@id='comp-kfwrlg80']/a","Content","HTML"
"Hyperlink","https://www.lifeusa.org/no/categories/purpose","https://donate.lifeusa.org/donorportal/?donate=true","120471","","❤️ Donate Now","200","OK","true","_self","noopener noreferrer","Absolute","//body/div/div/div[@id='site-root']/div/footer/div[@class='U4Bvut']/div[@class='CJF7A2']/div/div/section/div[@class='V5AUxf']/div/div[2]/div/div[@id='comp-mkwq7o79']/a","Footer","HTML"
"Hyperlink","https://www.lifeusa.org/post/one-dollar-can-change-someone-s-life","https://donate.lifeusa.org/donorportal/?donate=true","120471","","❤️ Donate Now","200","OK","true","_self","noopener noreferrer","Absolute","//body/div/div/div[@id='site-root']/div/div[@id='soapAfterPagesContainer']/div/div/div[@id='comp-kfwrlg80']/a","Content","HTML"
"Hyperlink","https://www.lifeusa.org/post/one-dollar-can-change-someone-s-life","https://donate.lifeusa.org/donorportal/?donate=true","120471","","❤️ Donate Now","200","OK","true","_self","noopener noreferrer","Absolute","//body/div/div/div[@id='site-root']/div/footer/div[@class='U4Bvut']/div[@class='CJF7A2']/div/div/section/div[@class='V5AUxf']/div/div[2]/div/div[@id='comp-mkwq7o79']/a","Footer","HTML"
"Hyperlink","https://www.lifeusa.org/post/afghanistan-s-earthquake-stories-of-survival-and-relief","https://donate.lifeusa.org/donorportal/?donate=true","120471","","❤️ Donate Now","200","OK","true","_self","noopener noreferrer","Absolute","//body/div/div/div[@id='site-root']/div/div[@id='soapAfterPagesContainer']/div/div/div[@id='comp-kfwrlg80']/a","Content","HTML"
"Hyperlink","https://www.lifeusa.org/post/afghanistan-s-earthquake-stories-of-survival-and-relief","https://donate.lifeusa.org/donorportal/?donate=true","120471","","❤️ Donate Now","200","OK","true","_self","noopener noreferrer","Absolute","//body/div/div/div[@id='site-root']/div/footer/div[@class='U4Bvut']/div[@class='CJF7A2']/div/div/section/div[@class='V5AUxf']/div/div[2]/div/div[@id='comp-mkwq7o79']/a","Footer","HTML"
"Hyperlink","https://www.lifeusa.org/post/why-one-gift-means-the-world-to-an-orphaned-child","https://donate.lifeusa.org/donorportal/?donate=true","120471","","❤️ Donate Now","200","OK","true","_self","noopener noreferrer","Absolute","//body/div/div/div[@id='site-root']/div/div[@id='soapAfterPagesContainer']/div/div/div[@id='comp-kfwrlg80']/a","Content","HTML"
"Hyperlink","https://www.lifeusa.org/post/why-one-gift-means-the-world-to-an-orphaned-child","https://donate.lifeusa.org/donorportal/?donate=true","120471","","❤️ Donate Now","200","OK","true","_self","noopener noreferrer","Absolute","//body/div/div/div[@id='site-root']/div/footer/div[@class='U4Bvut']/div[@class='CJF7A2']/div/div/section/div[@class='V5AUxf']/div/div[2]/div/div[@id='comp-mkwq7o79']/a","Footer","HTML"
"Hyperlink","https://www.lifeusa.org/post/children-forced-to-sleep-in-cars-and-on-the-streets-as-over-800-000-are-displaced-in-lebanon","https://donate.lifeusa.org/donorportal/?donate=true","120471","","❤️ Donate Now","200","OK","true","_self","noopener noreferrer","Absolute","//body/div/div/div[@id='site-root']/div/div[@id='soapAfterPagesContainer']/div/div/div[@id='comp-kfwrlg80']/a","Content","HTML"
"Hyperlink","https://www.lifeusa.org/post/children-forced-to-sleep-in-cars-and-on-the-streets-as-over-800-000-are-displaced-in-lebanon","https://donate.lifeusa.org/donorportal/?donate=true","120471","","❤️ Donate Now","200","OK","true","_self","noopener noreferrer","Absolute","//body/div/div/div[@id='site-root']/div/footer/div[@class='U4Bvut']/div[@class='CJF7A2']/div/div/section/div[@class='V5AUxf']/div/div[2]/div/div[@id='comp-mkwq7o79']/a","Footer","HTML"
"Hyperlink","https://www.lifeusa.org/post/remembering-judge-frank-caprio-a-judge-who-redefined-leadership-through-compassion","https://donate.lifeusa.org/donorportal/?donate=true","120471","","❤️ Donate Now","200","OK","true","_self","noopener noreferrer","Absolute","//body/div/div/div[@id='site-root']/div/div[@id='soapAfterPagesContainer']/div/div/div[@id='comp-kfwrlg80']/a","Content","HTML"
"Hyperlink","https://www.lifeusa.org/post/remembering-judge-frank-caprio-a-judge-who-redefined-leadership-through-compassion","https://donate.lifeusa.org/donorportal/?donate=true","120471","","❤️ Donate Now","200","OK","true","_self","noopener noreferrer","Absolute","//body/div/div/div[@id='site-root']/div/footer/div[@class='U4Bvut']/div[@class='CJF7A2']/div/div/section/div[@class='V5AUxf']/div/div[2]/div/div[@id='comp-mkwq7o79']/a","Footer","HTML"
"Hyperlink","https://www.lifeusa.org/post/over-6-5-hungry-in-somalia-why-your-giving-matters-now-more-than-ever","https://donate.lifeusa.org/donorportal/?donate=true","120471","","❤️ Donate Now","200","OK","true","_self","noopener noreferrer","Absolute","//body/div/div/div[@id='site-root']/div/div[@id='soapAfterPagesContainer']/div/div/div[@id='comp-kfwrlg80']/a","Content","HTML"
"Hyperlink","https://www.lifeusa.org/post/over-6-5-hungry-in-somalia-why-your-giving-matters-now-more-than-ever","https://donate.lifeusa.org/donorportal/?donate=true","120471","","❤️ Donate Now","200","OK","true","_self","noopener noreferrer","Absolute","//body/div/div/div[@id='site-root']/div/footer/div[@class='U4Bvut']/div[@class='CJF7A2']/div/div/section/div[@class='V5AUxf']/div/div[2]/div/div[@id='comp-mkwq7o79']/a","Footer","HTML"
"Hyperlink","https://www.lifeusa.org/post/starvation-in-gaza-why-the-world-must-act-now-before-thousands-more-die","https://donate.lifeusa.org/donorportal/?donate=true","120471","","❤️ Donate Now","200","OK","true","_self","noopener noreferrer","Absolute","//body/div/div/div[@id='site-root']/div/div[@id='soapAfterPagesContainer']/div/div/div[@id='comp-kfwrlg80']/a","Content","HTML"
"Hyperlink","https://www.lifeusa.org/post/starvation-in-gaza-why-the-world-must-act-now-before-thousands-more-die","https://donate.lifeusa.org/donorportal/?donate=true","120471","","❤️ Donate Now","200","OK","true","_self","noopener noreferrer","Absolute","//body/div/div/div[@id='site-root']/div/footer/div[@class='U4Bvut']/div[@class='CJF7A2']/div/div/section/div[@class='V5AUxf']/div/div[2]/div/div[@id='comp-mkwq7o79']/a","Footer","HTML"
"Hyperlink","https://www.lifeusa.org/post/latest-cuts-to-humanitarian-aid-leave-millions-without-hope","https://donate.lifeusa.org/donorportal/?donate=true","120471","","❤️ Donate Now","200","OK","true","_self","noopener noreferrer","Absolute","//body/div/div/div[@id='site-root']/div/div[@id='soapAfterPagesContainer']/div/div/div[@id='comp-kfwrlg80']/a","Content","HTML"
"Hyperlink","https://www.lifeusa.org/post/latest-cuts-to-humanitarian-aid-leave-millions-without-hope","https://donate.lifeusa.org/donorportal/?donate=true","120471","","❤️ Donate Now","200","OK","true","_self","noopener noreferrer","Absolute","//body/div/div/div[@id='site-root']/div/footer/div[@class='U4Bvut']/div[@class='CJF7A2']/div/div/section/div[@class='V5AUxf']/div/div[2]/div/div[@id='comp-mkwq7o79']/a","Footer","HTML"
"Hyperlink","https://www.lifeusa.org/legacy","https://donate.lifeusa.org/donorportal/?donate=true","120471","","❤️ Donate Now","200","OK","true","_self","noopener noreferrer","Absolute","//body/div/div/div[@id='site-root']/div/div[@id='soapAfterPagesContainer']/div/div/div[@id='comp-kfwrlg80']/a","Content","HTML"
"Hyperlink","https://www.lifeusa.org/legacy","https://donate.lifeusa.org/donorportal/?donate=true","120471","","❤️ Donate Now","200","OK","true","_self","noopener noreferrer","Absolute","//body/div/div/div[@id='site-root']/div/footer/div[@class='U4Bvut']/div[@class='CJF7A2']/div/div/section/div[@class='V5AUxf']/div/div[2]/div/div[@id='comp-mkwq7o79']/a","Footer","HTML"
"Hyperlink","https://www.lifeusa.org/copy-of-freewill-landing-page","https://donate.lifeusa.org/donorportal/?donate=true","120471","","❤️ Donate Now","200","OK","true","_self","noopener noreferrer","Absolute","//body/div/div/div[@id='site-root']/div/div[@id='soapAfterPagesContainer']/div/div/div[@id='comp-kfwrlg80']/a","Content","HTML"
"Hyperlink","https://www.lifeusa.org/copy-of-freewill-landing-page","https://donate.lifeusa.org/donorportal/?donate=true","120471","","❤️ Donate Now","200","OK","true","_self","noopener noreferrer","Absolute","//body/div/div/div[@id='site-root']/div/footer/div[@class='U4Bvut']/div[@class='CJF7A2']/div/div/section/div[@class='V5AUxf']/div/div[2]/div/div[@id='comp-mkwq7o79']/a","Footer","HTML"
"Hyperlink","https://www.lifeusa.org/newsletters","https://donate.lifeusa.org/donorportal/?donate=true","120471","","❤️ Donate Now","200","OK","true","_self","noopener noreferrer","Absolute","//body/div/div/div[@id='site-root']/div/div[@id='soapAfterPagesContainer']/div/div/div[@id='comp-kfwrlg80']/a","Content","HTML"
"Hyperlink","https://www.lifeusa.org/newsletters","https://donate.lifeusa.org/donorportal/?donate=true","120471","","❤️ Donate Now","200","OK","true","_self","noopener noreferrer","Absolute","//body/div/div/div[@id='site-root']/div/footer/div[@class='U4Bvut']/div[@class='CJF7A2']/div/div/section/div[@class='V5AUxf']/div/div[2]/div/div[@id='comp-mkwq7o79']/a","Footer","HTML"
"Hyperlink","https://www.lifeusa.org/news","https://donate.lifeusa.org/donorportal/?donate=true","120471","","❤️ Donate Now","200","OK","true","_self","noopener noreferrer","Absolute","//body/div/div/div[@id='site-root']/div/div[@id='soapAfterPagesContainer']/div/div/div[@id='comp-kfwrlg80']/a","Content","HTML"
"Hyperlink","https://www.lifeusa.org/news","https://donate.lifeusa.org/donorportal/?donate=true","120471","","❤️ Donate Now","200","OK","true","_self","noopener noreferrer","Absolute","//body/div/div/div[@id='site-root']/div/footer/div[@class='U4Bvut']/div[@class='CJF7A2']/div/div/section/div[@class='V5AUxf']/div/div[2]/div/div[@id='comp-mkwq7o79']/a","Footer","HTML"
"Hyperlink","https://www.lifeusa.org/press","https://donate.lifeusa.org/donorportal/?donate=true","120471","","❤️ Donate Now","200","OK","true","_self","noopener noreferrer","Absolute","//body/div/div/div[@id='site-root']/div/div[@id='soapAfterPagesContainer']/div/div/div[@id='comp-kfwrlg80']/a","Content","HTML"
"Hyperlink","https://www.lifeusa.org/press","https://donate.lifeusa.org/donorportal/?donate=true","120471","","❤️ Donate Now","200","OK","true","_self","noopener noreferrer","Absolute","//body/div/div/div[@id='site-root']/div/footer/div[@class='U4Bvut']/div[@class='CJF7A2']/div/div/section/div[@class='V5AUxf']/div/div[2]/div/div[@id='comp-mkwq7o79']/a","Footer","HTML"
"Hyperlink","https://www.lifeusa.org/post/building-a-better-world-for-33-years","https://donate.lifeusa.org/donorportal/?donate=true","120471","","❤️ Donate Now","200","OK","true","_self","noopener noreferrer","Absolute","//body/div/div/div[@id='site-root']/div/div[@id='soapAfterPagesContainer']/div/div/div[@id='comp-kfwrlg80']/a","Content","HTML"
"Hyperlink","https://www.lifeusa.org/post/building-a-better-world-for-33-years","https://donate.lifeusa.org/donorportal/?donate=true","120471","","❤️ Donate Now","200","OK","true","_self","noopener noreferrer","Absolute","//body/div/div/div[@id='site-root']/div/footer/div[@class='U4Bvut']/div[@class='CJF7A2']/div/div/section/div[@class='V5AUxf']/div/div[2]/div/div[@id='comp-mkwq7o79']/a","Footer","HTML"
"Hyperlink","https://www.lifeusa.org/post/write-your-will-for-free-and-let-the-good-you-do-today-last-forever","https://donate.lifeusa.org/donorportal/?donate=true","120471","","❤️ Donate Now","200","OK","true","_self","noopener noreferrer","Absolute","//body/div/div/div[@id='site-root']/div/div[@id='soapAfterPagesContainer']/div/div/div[@id='comp-kfwrlg80']/a","Content","HTML"
"Hyperlink","https://www.lifeusa.org/post/write-your-will-for-free-and-let-the-good-you-do-today-last-forever","https://donate.lifeusa.org/donorportal/?donate=true","120471","","❤️ Donate Now","200","OK","true","_self","noopener noreferrer","Absolute","//body/div/div/div[@id='site-root']/div/footer/div[@class='U4Bvut']/div[@class='CJF7A2']/div/div/section/div[@class='V5AUxf']/div/div[2]/div/div[@id='comp-mkwq7o79']/a","Footer","HTML"
"Hyperlink","https://www.lifeusa.org/post/charitable-giving-an-advantage-we-never-saw-coming-from-the-one-big-beautiful-bill-act","https://donate.lifeusa.org/donorportal/?donate=true","120471","","❤️ Donate Now","200","OK","true","_self","noopener noreferrer","Absolute","//body/div/div/div[@id='site-root']/div/div[@id='soapAfterPagesContainer']/div/div/div[@id='comp-kfwrlg80']/a","Content","HTML"
"Hyperlink","https://www.lifeusa.org/post/charitable-giving-an-advantage-we-never-saw-coming-from-the-one-big-beautiful-bill-act","https://donate.lifeusa.org/donorportal/?donate=true","120471","","❤️ Donate Now","200","OK","true","_self","noopener noreferrer","Absolute","//body/div/div/div[@id='site-root']/div/footer/div[@class='U4Bvut']/div[@class='CJF7A2']/div/div/section/div[@class='V5AUxf']/div/div[2]/div/div[@id='comp-mkwq7o79']/a","Footer","HTML"
"Hyperlink","https://www.lifeusa.org/post/double-or-triple-your-donation-without-spending-more-through-life-for-relief-and-development-life","https://donate.lifeusa.org/donorportal/?donate=true","120471","","❤️ Donate Now","200","OK","true","_self","noopener noreferrer","Absolute","//body/div/div/div[@id='site-root']/div/div[@id='soapAfterPagesContainer']/div/div/div[@id='comp-kfwrlg80']/a","Content","HTML"
"Hyperlink","https://www.lifeusa.org/post/double-or-triple-your-donation-without-spending-more-through-life-for-relief-and-development-life","https://donate.lifeusa.org/donorportal/?donate=true","120471","","❤️ Donate Now","200","OK","true","_self","noopener noreferrer","Absolute","//body/div/div/div[@id='site-root']/div/footer/div[@class='U4Bvut']/div[@class='CJF7A2']/div/div/section/div[@class='V5AUxf']/div/div[2]/div/div[@id='comp-mkwq7o79']/a","Footer","HTML"
"Hyperlink","https://www.lifeusa.org/post/winter-flooding-in-gaza-leaves-families-cold-and-exhausted","https://donate.lifeusa.org/donorportal/?donate=true","120471","","❤️ Donate Now","200","OK","true","_self","noopener noreferrer","Absolute","//body/div/div/div[@id='site-root']/div/div[@id='soapAfterPagesContainer']/div/div/div[@id='comp-kfwrlg80']/a","Content","HTML"
"Hyperlink","https://www.lifeusa.org/post/winter-flooding-in-gaza-leaves-families-cold-and-exhausted","https://donate.lifeusa.org/donorportal/?donate=true","120471","","❤️ Donate Now","200","OK","true","_self","noopener noreferrer","Absolute","//body/div/div/div[@id='site-root']/div/footer/div[@class='U4Bvut']/div[@class='CJF7A2']/div/div/section/div[@class='V5AUxf']/div/div[2]/div/div[@id='comp-mkwq7o79']/a","Footer","HTML"
"Hyperlink","https://www.lifeusa.org/post/school-supplies-could-be-the-key-to-ending-poverty","https://donate.lifeusa.org/donorportal/?donate=true","120471","","❤️ Donate Now","200","OK","true","_self","noopener noreferrer","Absolute","//body/div/div/div[@id='site-root']/div/div[@id='soapAfterPagesContainer']/div/div/div[@id='comp-kfwrlg80']/a","Content","HTML"
"Hyperlink","https://www.lifeusa.org/post/school-supplies-could-be-the-key-to-ending-poverty","https://donate.lifeusa.org/donorportal/?donate=true","120471","","❤️ Donate Now","200","OK","true","_self","noopener noreferrer","Absolute","//body/div/div/div[@id='site-root']/div/footer/div[@class='U4Bvut']/div[@class='CJF7A2']/div/div/section/div[@class='V5AUxf']/div/div[2]/div/div[@id='comp-mkwq7o79']/a","Footer","HTML"
"Hyperlink","https://www.lifeusa.org/post/cold-kills-5-million-a-year-life-s-winter-aid-helps-prevent-this-tragedy","https://donate.lifeusa.org/donorportal/?donate=true","120471","","❤️ Donate Now","200","OK","true","_self","noopener noreferrer","Absolute","//body/div/div/div[@id='site-root']/div/div[@id='soapAfterPagesContainer']/div/div/div[@id='comp-kfwrlg80']/a","Content","HTML"
"Hyperlink","https://www.lifeusa.org/post/cold-kills-5-million-a-year-life-s-winter-aid-helps-prevent-this-tragedy","https://donate.lifeusa.org/donorportal/?donate=true","120471","","❤️ Donate Now","200","OK","true","_self","noopener noreferrer","Absolute","//body/div/div/div[@id='site-root']/div/footer/div[@class='U4Bvut']/div[@class='CJF7A2']/div/div/section/div[@class='V5AUxf']/div/div[2]/div/div[@id='comp-mkwq7o79']/a","Footer","HTML"
"Hyperlink","https://www.lifeusa.org/post/give-the-smart-way-stop-paying-taxes-on-stocks-and-receive-a-big-tax-deduction","https://donate.lifeusa.org/donorportal/?donate=true","120471","","❤️ Donate Now","200","OK","true","_self","noopener noreferrer","Absolute","//body/div/div/div[@id='site-root']/div/div[@id='soapAfterPagesContainer']/div/div/div[@id='comp-kfwrlg80']/a","Content","HTML"
"Hyperlink","https://www.lifeusa.org/post/give-the-smart-way-stop-paying-taxes-on-stocks-and-receive-a-big-tax-deduction","https://donate.lifeusa.org/donorportal/?donate=true","120471","","❤️ Donate Now","200","OK","true","_self","noopener noreferrer","Absolute","//body/div/div/div[@id='site-root']/div/footer/div[@class='U4Bvut']/div[@class='CJF7A2']/div/div/section/div[@class='V5AUxf']/div/div[2]/div/div[@id='comp-mkwq7o79']/a","Footer","HTML"
"Hyperlink","https://www.lifeusa.org/post/health-for-all-how-life-is-closing-the-global-healthcare-gap","https://donate.lifeusa.org/donorportal/?donate=true","120471","","❤️ Donate Now","200","OK","true","_self","noopener noreferrer","Absolute","//body/div/div/div[@id='site-root']/div/div[@id='soapAfterPagesContainer']/div/div/div[@id='comp-kfwrlg80']/a","Content","HTML"
"Hyperlink","https://www.lifeusa.org/post/health-for-all-how-life-is-closing-the-global-healthcare-gap","https://donate.lifeusa.org/donorportal/?donate=true","120471","","❤️ Donate Now","200","OK","true","_self","noopener noreferrer","Absolute","//body/div/div/div[@id='site-root']/div/footer/div[@class='U4Bvut']/div[@class='CJF7A2']/div/div/section/div[@class='V5AUxf']/div/div[2]/div/div[@id='comp-mkwq7o79']/a","Footer","HTML"
"Hyperlink","https://www.lifeusa.org/post/eid-al-adha-a-celebration-of-unity","https://donate.lifeusa.org/donorportal/?donate=true","120471","","❤️ Donate Now","200","OK","true","_self","noopener noreferrer","Absolute","//body/div/div/div[@id='site-root']/div/div[@id='soapAfterPagesContainer']/div/div/div[@id='comp-kfwrlg80']/a","Content","HTML"
"Hyperlink","https://www.lifeusa.org/post/eid-al-adha-a-celebration-of-unity","https://donate.lifeusa.org/donorportal/?donate=true","120471","","❤️ Donate Now","200","OK","true","_self","noopener noreferrer","Absolute","//body/div/div/div[@id='site-root']/div/footer/div[@class='U4Bvut']/div[@class='CJF7A2']/div/div/section/div[@class='V5AUxf']/div/div[2]/div/div[@id='comp-mkwq7o79']/a","Footer","HTML"
"Hyperlink","https://www.lifeusa.org/post/she-was-buried-underground-for-13-years-then-she-heard-the-ocean","https://donate.lifeusa.org/donorportal/?donate=true","120471","","❤️ Donate Now","200","OK","true","_self","noopener noreferrer","Absolute","//body/div/div/div[@id='site-root']/div/div[@id='soapAfterPagesContainer']/div/div/div[@id='comp-kfwrlg80']/a","Content","HTML"
"Hyperlink","https://www.lifeusa.org/post/she-was-buried-underground-for-13-years-then-she-heard-the-ocean","https://donate.lifeusa.org/donorportal/?donate=true","120471","","❤️ Donate Now","200","OK","true","_self","noopener noreferrer","Absolute","//body/div/div/div[@id='site-root']/div/footer/div[@class='U4Bvut']/div[@class='CJF7A2']/div/div/section/div[@class='V5AUxf']/div/div[2]/div/div[@id='comp-mkwq7o79']/a","Footer","HTML"
"Hyperlink","https://www.lifeusa.org/post/when-the-guadalupe-river-roared-texas-tested-with-devastation-and-loss","https://donate.lifeusa.org/donorportal/?donate=true","120471","","❤️ Donate Now","200","OK","true","_self","noopener noreferrer","Absolute","//body/div/div/div[@id='site-root']/div/div[@id='soapAfterPagesContainer']/div/div/div[@id='comp-kfwrlg80']/a","Content","HTML"
"Hyperlink","https://www.lifeusa.org/post/when-the-guadalupe-river-roared-texas-tested-with-devastation-and-loss","https://donate.lifeusa.org/donorportal/?donate=true","120471","","❤️ Donate Now","200","OK","true","_self","noopener noreferrer","Absolute","//body/div/div/div[@id='site-root']/div/footer/div[@class='U4Bvut']/div[@class='CJF7A2']/div/div/section/div[@class='V5AUxf']/div/div[2]/div/div[@id='comp-mkwq7o79']/a","Footer","HTML"
"Hyperlink","https://www.lifeusa.org/post/the-hidden-price-tag-of-fast-fashion-and-how-life-is-offering-sustainable-solutions-you-can-support","https://donate.lifeusa.org/donorportal/?donate=true","120471","","❤️ Donate Now","200","OK","true","_self","noopener noreferrer","Absolute","//body/div/div/div[@id='site-root']/div/div[@id='soapAfterPagesContainer']/div/div/div[@id='comp-kfwrlg80']/a","Content","HTML"
"Hyperlink","https://www.lifeusa.org/post/the-hidden-price-tag-of-fast-fashion-and-how-life-is-offering-sustainable-solutions-you-can-support","https://donate.lifeusa.org/donorportal/?donate=true","120471","","❤️ Donate Now","200","OK","true","_self","noopener noreferrer","Absolute","//body/div/div/div[@id='site-root']/div/footer/div[@class='U4Bvut']/div[@class='CJF7A2']/div/div/section/div[@class='V5AUxf']/div/div[2]/div/div[@id='comp-mkwq7o79']/a","Footer","HTML"
"Hyperlink","https://www.lifeusa.org/post/ramadan-a-place-for-everyone","https://donate.lifeusa.org/donorportal/?donate=true","120471","","❤️ Donate Now","200","OK","true","_self","noopener noreferrer","Absolute","//body/div/div/div[@id='site-root']/div/div[@id='soapAfterPagesContainer']/div/div/div[@id='comp-kfwrlg80']/a","Content","HTML"
"Hyperlink","https://www.lifeusa.org/post/ramadan-a-place-for-everyone","https://donate.lifeusa.org/donorportal/?donate=true","120471","","❤️ Donate Now","200","OK","true","_self","noopener noreferrer","Absolute","//body/div/div/div[@id='site-root']/div/footer/div[@class='U4Bvut']/div[@class='CJF7A2']/div/div/section/div[@class='V5AUxf']/div/div[2]/div/div[@id='comp-mkwq7o79']/a","Footer","HTML"
"Hyperlink","https://www.lifeusa.org/post/a-step-by-step-guide-on-how-to-participate-in-ramadan","https://donate.lifeusa.org/donorportal/?donate=true","120471","","❤️ Donate Now","200","OK","true","_self","noopener noreferrer","Absolute","//body/div/div/div[@id='site-root']/div/div[@id='soapAfterPagesContainer']/div/div/div[@id='comp-kfwrlg80']/a","Content","HTML"
"Hyperlink","https://www.lifeusa.org/post/a-step-by-step-guide-on-how-to-participate-in-ramadan","https://donate.lifeusa.org/donorportal/?donate=true","120471","","❤️ Donate Now","200","OK","true","_self","noopener noreferrer","Absolute","//body/div/div/div[@id='site-root']/div/footer/div[@class='U4Bvut']/div[@class='CJF7A2']/div/div/section/div[@class='V5AUxf']/div/div[2]/div/div[@id='comp-mkwq7o79']/a","Footer","HTML"
"Hyperlink","https://www.lifeusa.org/post/sick-kids-with-no-medicine-in-sight-how-life-is-restoring-healthcare-access-in-africa","https://donate.lifeusa.org/donorportal/?donate=true","120471","","❤️ Donate Now","200","OK","true","_self","noopener noreferrer","Absolute","//body/div/div/div[@id='site-root']/div/div[@id='soapAfterPagesContainer']/div/div/div[@id='comp-kfwrlg80']/a","Content","HTML"
"Hyperlink","https://www.lifeusa.org/post/sick-kids-with-no-medicine-in-sight-how-life-is-restoring-healthcare-access-in-africa","https://donate.lifeusa.org/donorportal/?donate=true","120471","","❤️ Donate Now","200","OK","true","_self","noopener noreferrer","Absolute","//body/div/div/div[@id='site-root']/div/footer/div[@class='U4Bvut']/div[@class='CJF7A2']/div/div/section/div[@class='V5AUxf']/div/div[2]/div/div[@id='comp-mkwq7o79']/a","Footer","HTML"
"Hyperlink","https://www.lifeusa.org/post/as-middle-east-tensions-rise-families-face-uncertainty-and-compassion-matters-more","https://donate.lifeusa.org/donorportal/?donate=true","120471","","❤️ Donate Now","200","OK","true","_self","noopener noreferrer","Absolute","//body/div/div/div[@id='site-root']/div/div[@id='soapAfterPagesContainer']/div/div/div[@id='comp-kfwrlg80']/a","Content","HTML"
"Hyperlink","https://www.lifeusa.org/post/as-middle-east-tensions-rise-families-face-uncertainty-and-compassion-matters-more","https://donate.lifeusa.org/donorportal/?donate=true","120471","","❤️ Donate Now","200","OK","true","_self","noopener noreferrer","Absolute","//body/div/div/div[@id='site-root']/div/footer/div[@class='U4Bvut']/div[@class='CJF7A2']/div/div/section/div[@class='V5AUxf']/div/div[2]/div/div[@id='comp-mkwq7o79']/a","Footer","HTML"
"Hyperlink","https://www.lifeusa.org/post/millions-hungry-and-displaced-why-the-sudan-crisis-requires-immediate-action","https://donate.lifeusa.org/donorportal/?donate=true","120471","","❤️ Donate Now","200","OK","true","_self","noopener noreferrer","Absolute","//body/div/div/div[@id='site-root']/div/div[@id='soapAfterPagesContainer']/div/div/div[@id='comp-kfwrlg80']/a","Content","HTML"
"Hyperlink","https://www.lifeusa.org/post/millions-hungry-and-displaced-why-the-sudan-crisis-requires-immediate-action","https://donate.lifeusa.org/donorportal/?donate=true","120471","","❤️ Donate Now","200","OK","true","_self","noopener noreferrer","Absolute","//body/div/div/div[@id='site-root']/div/footer/div[@class='U4Bvut']/div[@class='CJF7A2']/div/div/section/div[@class='V5AUxf']/div/div[2]/div/div[@id='comp-mkwq7o79']/a","Footer","HTML"
"Hyperlink","https://www.lifeusa.org/post/ceasefire-in-gaza-understanding-the-gaza-peace-deal-and-what-lies-ahead","https://donate.lifeusa.org/donorportal/?donate=true","120471","","❤️ Donate Now","200","OK","true","_self","noopener noreferrer","Absolute","//body/div/div/div[@id='site-root']/div/div[@id='soapAfterPagesContainer']/div/div/div[@id='comp-kfwrlg80']/a","Content","HTML"
"Hyperlink","https://www.lifeusa.org/post/ceasefire-in-gaza-understanding-the-gaza-peace-deal-and-what-lies-ahead","https://donate.lifeusa.org/donorportal/?donate=true","120471","","❤️ Donate Now","200","OK","true","_self","noopener noreferrer","Absolute","//body/div/div/div[@id='site-root']/div/footer/div[@class='U4Bvut']/div[@class='CJF7A2']/div/div/section/div[@class='V5AUxf']/div/div[2]/div/div[@id='comp-mkwq7o79']/a","Footer","HTML"
"Hyperlink","https://www.lifeusa.org/post/maximize-your-tax-write-off-with-charitable-giving-apps","https://donate.lifeusa.org/donorportal/?donate=true","120471","","❤️ Donate Now","200","OK","true","_self","noopener noreferrer","Absolute","//body/div/div/div[@id='site-root']/div/div[@id='soapAfterPagesContainer']/div/div/div[@id='comp-kfwrlg80']/a","Content","HTML"
"Hyperlink","https://www.lifeusa.org/post/maximize-your-tax-write-off-with-charitable-giving-apps","https://donate.lifeusa.org/donorportal/?donate=true","120471","","❤️ Donate Now","200","OK","true","_self","noopener noreferrer","Absolute","//body/div/div/div[@id='site-root']/div/footer/div[@class='U4Bvut']/div[@class='CJF7A2']/div/div/section/div[@class='V5AUxf']/div/div[2]/div/div[@id='comp-mkwq7o79']/a","Footer","HTML"
"Hyperlink","https://www.lifeusa.org/post/when-life-becomes-art-finding-flow-purpose-and-the-joy-of-giving","https://donate.lifeusa.org/donorportal/?donate=true","120471","","❤️ Donate Now","200","OK","true","_self","noopener noreferrer","Absolute","//body/div/div/div[@id='site-root']/div/div[@id='soapAfterPagesContainer']/div/div/div[@id='comp-kfwrlg80']/a","Content","HTML"
"Hyperlink","https://www.lifeusa.org/post/when-life-becomes-art-finding-flow-purpose-and-the-joy-of-giving","https://donate.lifeusa.org/donorportal/?donate=true","120471","","❤️ Donate Now","200","OK","true","_self","noopener noreferrer","Absolute","//body/div/div/div[@id='site-root']/div/footer/div[@class='U4Bvut']/div[@class='CJF7A2']/div/div/section/div[@class='V5AUxf']/div/div[2]/div/div[@id='comp-mkwq7o79']/a","Footer","HTML"
"Hyperlink","https://www.lifeusa.org/post/how-violence-and-war-affect-children-worldwide-and-how-you-can-help","https://donate.lifeusa.org/donorportal/?donate=true","120471","","❤️ Donate Now","200","OK","true","_self","noopener noreferrer","Absolute","//body/div/div/div[@id='site-root']/div/div[@id='soapAfterPagesContainer']/div/div/div[@id='comp-kfwrlg80']/a","Content","HTML"
"Hyperlink","https://www.lifeusa.org/post/how-violence-and-war-affect-children-worldwide-and-how-you-can-help","https://donate.lifeusa.org/donorportal/?donate=true","120471","","❤️ Donate Now","200","OK","true","_self","noopener noreferrer","Absolute","//body/div/div/div[@id='site-root']/div/footer/div[@class='U4Bvut']/div[@class='CJF7A2']/div/div/section/div[@class='V5AUxf']/div/div[2]/div/div[@id='comp-mkwq7o79']/a","Footer","HTML"
"Hyperlink","https://www.lifeusa.org/post/what-happens-when-you-can-t-see-in-a-refugee-camp","https://donate.lifeusa.org/donorportal/?donate=true","120471","","❤️ Donate Now","200","OK","true","_self","noopener noreferrer","Absolute","//body/div/div/div[@id='site-root']/div/div[@id='soapAfterPagesContainer']/div/div/div[@id='comp-kfwrlg80']/a","Content","HTML"
"Hyperlink","https://www.lifeusa.org/post/what-happens-when-you-can-t-see-in-a-refugee-camp","https://donate.lifeusa.org/donorportal/?donate=true","120471","","❤️ Donate Now","200","OK","true","_self","noopener noreferrer","Absolute","//body/div/div/div[@id='site-root']/div/footer/div[@class='U4Bvut']/div[@class='CJF7A2']/div/div/section/div[@class='V5AUxf']/div/div[2]/div/div[@id='comp-mkwq7o79']/a","Footer","HTML"
"Hyperlink","https://www.lifeusa.org/post/the-challenges-humanitarian-organizations-face-after-conflict-ends","https://donate.lifeusa.org/donorportal/?donate=true","120471","","❤️ Donate Now","200","OK","true","_self","noopener noreferrer","Absolute","//body/div/div/div[@id='site-root']/div/div[@id='soapAfterPagesContainer']/div/div/div[@id='comp-kfwrlg80']/a","Content","HTML"
"Hyperlink","https://www.lifeusa.org/post/the-challenges-humanitarian-organizations-face-after-conflict-ends","https://donate.lifeusa.org/donorportal/?donate=true","120471","","❤️ Donate Now","200","OK","true","_self","noopener noreferrer","Absolute","//body/div/div/div[@id='site-root']/div/footer/div[@class='U4Bvut']/div[@class='CJF7A2']/div/div/section/div[@class='V5AUxf']/div/div[2]/div/div[@id='comp-mkwq7o79']/a","Footer","HTML"
"Hyperlink","https://www.lifeusa.org/post/the-power-of-listening-and-how-to-harness-it","https://donate.lifeusa.org/donorportal/?donate=true","120471","","❤️ Donate Now","200","OK","true","_self","noopener noreferrer","Absolute","//body/div/div/div[@id='site-root']/div/div[@id='soapAfterPagesContainer']/div/div/div[@id='comp-kfwrlg80']/a","Content","HTML"
"Hyperlink","https://www.lifeusa.org/post/the-power-of-listening-and-how-to-harness-it","https://donate.lifeusa.org/donorportal/?donate=true","120471","","❤️ Donate Now","200","OK","true","_self","noopener noreferrer","Absolute","//body/div/div/div[@id='site-root']/div/footer/div[@class='U4Bvut']/div[@class='CJF7A2']/div/div/section/div[@class='V5AUxf']/div/div[2]/div/div[@id='comp-mkwq7o79']/a","Footer","HTML"
"Hyperlink","https://www.lifeusa.org/post/monsoon-flood-in-northern-pakistan-takes-everything-from-villagers-life-usa-helps-families-rebuild","https://donate.lifeusa.org/donorportal/?donate=true","120471","","❤️ Donate Now","200","OK","true","_self","noopener noreferrer","Absolute","//body/div/div/div[@id='site-root']/div/div[@id='soapAfterPagesContainer']/div/div/div[@id='comp-kfwrlg80']/a","Content","HTML"
"Hyperlink","https://www.lifeusa.org/post/monsoon-flood-in-northern-pakistan-takes-everything-from-villagers-life-usa-helps-families-rebuild","https://donate.lifeusa.org/donorportal/?donate=true","120471","","❤️ Donate Now","200","OK","true","_self","noopener noreferrer","Absolute","//body/div/div/div[@id='site-root']/div/footer/div[@class='U4Bvut']/div[@class='CJF7A2']/div/div/section/div[@class='V5AUxf']/div/div[2]/div/div[@id='comp-mkwq7o79']/a","Footer","HTML"
"Hyperlink","https://www.lifeusa.org/post/life-s-orphan-sponsorships-keep-children-warm-and-in-school-during-the-winter-months-in-pakistan","https://donate.lifeusa.org/donorportal/?donate=true","120471","","❤️ Donate Now","200","OK","true","_self","noopener noreferrer","Absolute","//body/div/div/div[@id='site-root']/div/div[@id='soapAfterPagesContainer']/div/div/div[@id='comp-kfwrlg80']/a","Content","HTML"
"Hyperlink","https://www.lifeusa.org/post/life-s-orphan-sponsorships-keep-children-warm-and-in-school-during-the-winter-months-in-pakistan","https://donate.lifeusa.org/donorportal/?donate=true","120471","","❤️ Donate Now","200","OK","true","_self","noopener noreferrer","Absolute","//body/div/div/div[@id='site-root']/div/footer/div[@class='U4Bvut']/div[@class='CJF7A2']/div/div/section/div[@class='V5AUxf']/div/div[2]/div/div[@id='comp-mkwq7o79']/a","Footer","HTML"
"Hyperlink","https://www.lifeusa.org/post/life-supports-mothers-and-orphans-in-gaza-with-critical-baby-formula-and-other-essentials","https://donate.lifeusa.org/donorportal/?donate=true","120471","","❤️ Donate Now","200","OK","true","_self","noopener noreferrer","Absolute","//body/div/div/div[@id='site-root']/div/div[@id='soapAfterPagesContainer']/div/div/div[@id='comp-kfwrlg80']/a","Content","HTML"
"Hyperlink","https://www.lifeusa.org/post/life-supports-mothers-and-orphans-in-gaza-with-critical-baby-formula-and-other-essentials","https://donate.lifeusa.org/donorportal/?donate=true","120471","","❤️ Donate Now","200","OK","true","_self","noopener noreferrer","Absolute","//body/div/div/div[@id='site-root']/div/footer/div[@class='U4Bvut']/div[@class='CJF7A2']/div/div/section/div[@class='V5AUxf']/div/div[2]/div/div[@id='comp-mkwq7o79']/a","Footer","HTML"
"Hyperlink","https://www.lifeusa.org/post/hope-returns-to-the-classroom-through-life-for-relief-and-development-life-s-orphan-sponsorship-in","https://donate.lifeusa.org/donorportal/?donate=true","120471","","❤️ Donate Now","200","OK","true","_self","noopener noreferrer","Absolute","//body/div/div/div[@id='site-root']/div/div[@id='soapAfterPagesContainer']/div/div/div[@id='comp-kfwrlg80']/a","Content","HTML"
"Hyperlink","https://www.lifeusa.org/post/hope-returns-to-the-classroom-through-life-for-relief-and-development-life-s-orphan-sponsorship-in","https://donate.lifeusa.org/donorportal/?donate=true","120471","","❤️ Donate Now","200","OK","true","_self","noopener noreferrer","Absolute","//body/div/div/div[@id='site-root']/div/footer/div[@class='U4Bvut']/div[@class='CJF7A2']/div/div/section/div[@class='V5AUxf']/div/div[2]/div/div[@id='comp-mkwq7o79']/a","Footer","HTML"
"Hyperlink","https://www.lifeusa.org/post/with-life-water-wells-comes-a-renewed-stability-and-health-for-1-800-people-in-niger","https://donate.lifeusa.org/donorportal/?donate=true","120471","","❤️ Donate Now","200","OK","true","_self","noopener noreferrer","Absolute","//body/div/div/div[@id='site-root']/div/div[@id='soapAfterPagesContainer']/div/div/div[@id='comp-kfwrlg80']/a","Content","HTML"
"Hyperlink","https://www.lifeusa.org/post/with-life-water-wells-comes-a-renewed-stability-and-health-for-1-800-people-in-niger","https://donate.lifeusa.org/donorportal/?donate=true","120471","","❤️ Donate Now","200","OK","true","_self","noopener noreferrer","Absolute","//body/div/div/div[@id='site-root']/div/footer/div[@class='U4Bvut']/div[@class='CJF7A2']/div/div/section/div[@class='V5AUxf']/div/div[2]/div/div[@id='comp-mkwq7o79']/a","Footer","HTML"
"Hyperlink","https://www.lifeusa.org/post/in-a-tanzanian-village-water-finally-flows-close-to-home","https://donate.lifeusa.org/donorportal/?donate=true","120471","","❤️ Donate Now","200","OK","true","_self","noopener noreferrer","Absolute","//body/div/div/div[@id='site-root']/div/div[@id='soapAfterPagesContainer']/div/div/div[@id='comp-kfwrlg80']/a","Content","HTML"
"Hyperlink","https://www.lifeusa.org/post/in-a-tanzanian-village-water-finally-flows-close-to-home","https://donate.lifeusa.org/donorportal/?donate=true","120471","","❤️ Donate Now","200","OK","true","_self","noopener noreferrer","Absolute","//body/div/div/div[@id='site-root']/div/footer/div[@class='U4Bvut']/div[@class='CJF7A2']/div/div/section/div[@class='V5AUxf']/div/div[2]/div/div[@id='comp-mkwq7o79']/a","Footer","HTML"
"Hyperlink","https://www.lifeusa.org/post/life-continues-saving-lives-in-gaza-as-emergency-food-and-water-relief-reaches-thousands","https://donate.lifeusa.org/donorportal/?donate=true","120471","","❤️ Donate Now","200","OK","true","_self","noopener noreferrer","Absolute","//body/div/div/div[@id='site-root']/div/div[@id='soapAfterPagesContainer']/div/div/div[@id='comp-kfwrlg80']/a","Content","HTML"
"Hyperlink","https://www.lifeusa.org/post/life-continues-saving-lives-in-gaza-as-emergency-food-and-water-relief-reaches-thousands","https://donate.lifeusa.org/donorportal/?donate=true","120471","","❤️ Donate Now","200","OK","true","_self","noopener noreferrer","Absolute","//body/div/div/div[@id='site-root']/div/footer/div[@class='U4Bvut']/div[@class='CJF7A2']/div/div/section/div[@class='V5AUxf']/div/div[2]/div/div[@id='comp-mkwq7o79']/a","Footer","HTML"
"Hyperlink","https://www.lifeusa.org/post/life-supporting-orphans-families-gaza","https://donate.lifeusa.org/donorportal/?donate=true","120471","","❤️ Donate Now","200","OK","true","_self","noopener noreferrer","Absolute","//body/div/div/div[@id='site-root']/div/div[@id='soapAfterPagesContainer']/div/div/div[@id='comp-kfwrlg80']/a","Content","HTML"
"Hyperlink","https://www.lifeusa.org/post/life-supporting-orphans-families-gaza","https://donate.lifeusa.org/donorportal/?donate=true","120471","","❤️ Donate Now","200","OK","true","_self","noopener noreferrer","Absolute","//body/div/div/div[@id='site-root']/div/footer/div[@class='U4Bvut']/div[@class='CJF7A2']/div/div/section/div[@class='V5AUxf']/div/div[2]/div/div[@id='comp-mkwq7o79']/a","Footer","HTML"
"Hyperlink","https://www.lifeusa.org/post/fighting-hunger-in-somalia-life-for-relief-and-development-life-s-food-distribution-reaches-displ","https://donate.lifeusa.org/donorportal/?donate=true","120471","","❤️ Donate Now","200","OK","true","_self","noopener noreferrer","Absolute","//body/div/div/div[@id='site-root']/div/div[@id='soapAfterPagesContainer']/div/div/div[@id='comp-kfwrlg80']/a","Content","HTML"
"Hyperlink","https://www.lifeusa.org/post/fighting-hunger-in-somalia-life-for-relief-and-development-life-s-food-distribution-reaches-displ","https://donate.lifeusa.org/donorportal/?donate=true","120471","","❤️ Donate Now","200","OK","true","_self","noopener noreferrer","Absolute","//body/div/div/div[@id='site-root']/div/footer/div[@class='U4Bvut']/div[@class='CJF7A2']/div/div/section/div[@class='V5AUxf']/div/div[2]/div/div[@id='comp-mkwq7o79']/a","Footer","HTML"
"Hyperlink","https://www.lifeusa.org/post/life-for-relief-and-development-life-usa-restores-shelter-and-safety-for-8-050-displaced-individua","https://donate.lifeusa.org/donorportal/?donate=true","120471","","❤️ Donate Now","200","OK","true","_self","noopener noreferrer","Absolute","//body/div/div/div[@id='site-root']/div/div[@id='soapAfterPagesContainer']/div/div/div[@id='comp-kfwrlg80']/a","Content","HTML"
"Hyperlink","https://www.lifeusa.org/post/life-for-relief-and-development-life-usa-restores-shelter-and-safety-for-8-050-displaced-individua","https://donate.lifeusa.org/donorportal/?donate=true","120471","","❤️ Donate Now","200","OK","true","_self","noopener noreferrer","Absolute","//body/div/div/div[@id='site-root']/div/footer/div[@class='U4Bvut']/div[@class='CJF7A2']/div/div/section/div[@class='V5AUxf']/div/div[2]/div/div[@id='comp-mkwq7o79']/a","Footer","HTML"
"Hyperlink","https://www.lifeusa.org/post/new-solar-powered-water-wells-bring-clean-water-to-3-300-people-in-pakistan","https://donate.lifeusa.org/donorportal/?donate=true","120471","","❤️ Donate Now","200","OK","true","_self","noopener noreferrer","Absolute","//body/div/div/div[@id='site-root']/div/div[@id='soapAfterPagesContainer']/div/div/div[@id='comp-kfwrlg80']/a","Content","HTML"
"Hyperlink","https://www.lifeusa.org/post/new-solar-powered-water-wells-bring-clean-water-to-3-300-people-in-pakistan","https://donate.lifeusa.org/donorportal/?donate=true","120471","","❤️ Donate Now","200","OK","true","_self","noopener noreferrer","Absolute","//body/div/div/div[@id='site-root']/div/footer/div[@class='U4Bvut']/div[@class='CJF7A2']/div/div/section/div[@class='V5AUxf']/div/div[2]/div/div[@id='comp-mkwq7o79']/a","Footer","HTML"
"Hyperlink","https://www.lifeusa.org/post/life-provides-medical-student-scholarships-in-the-west-bank","https://donate.lifeusa.org/donorportal/?donate=true","120471","","❤️ Donate Now","200","OK","true","_self","noopener noreferrer","Absolute","//body/div/div/div[@id='site-root']/div/div[@id='soapAfterPagesContainer']/div/div/div[@id='comp-kfwrlg80']/a","Content","HTML"
"Hyperlink","https://www.lifeusa.org/post/life-provides-medical-student-scholarships-in-the-west-bank","https://donate.lifeusa.org/donorportal/?donate=true","120471","","❤️ Donate Now","200","OK","true","_self","noopener noreferrer","Absolute","//body/div/div/div[@id='site-root']/div/footer/div[@class='U4Bvut']/div[@class='CJF7A2']/div/div/section/div[@class='V5AUxf']/div/div[2]/div/div[@id='comp-mkwq7o79']/a","Footer","HTML"
"Hyperlink","https://www.lifeusa.org/post/life-for-relief-and-development-protects-5-000-children-from-harsh-winter-conditions-in-gaza","https://donate.lifeusa.org/donorportal/?donate=true","120471","","❤️ Donate Now","200","OK","true","_self","noopener noreferrer","Absolute","//body/div/div/div[@id='site-root']/div/div[@id='soapAfterPagesContainer']/div/div/div[@id='comp-kfwrlg80']/a","Content","HTML"
"Hyperlink","https://www.lifeusa.org/post/life-for-relief-and-development-protects-5-000-children-from-harsh-winter-conditions-in-gaza","https://donate.lifeusa.org/donorportal/?donate=true","120471","","❤️ Donate Now","200","OK","true","_self","noopener noreferrer","Absolute","//body/div/div/div[@id='site-root']/div/footer/div[@class='U4Bvut']/div[@class='CJF7A2']/div/div/section/div[@class='V5AUxf']/div/div[2]/div/div[@id='comp-mkwq7o79']/a","Footer","HTML"
"Hyperlink","https://www.lifeusa.org/post/life-for-relief-and-development-sustains-higher-education-in-syria","https://donate.lifeusa.org/donorportal/?donate=true","120471","","❤️ Donate Now","200","OK","true","_self","noopener noreferrer","Absolute","//body/div/div/div[@id='site-root']/div/div[@id='soapAfterPagesContainer']/div/div/div[@id='comp-kfwrlg80']/a","Content","HTML"
"Hyperlink","https://www.lifeusa.org/post/life-for-relief-and-development-sustains-higher-education-in-syria","https://donate.lifeusa.org/donorportal/?donate=true","120471","","❤️ Donate Now","200","OK","true","_self","noopener noreferrer","Absolute","//body/div/div/div[@id='site-root']/div/footer/div[@class='U4Bvut']/div[@class='CJF7A2']/div/div/section/div[@class='V5AUxf']/div/div[2]/div/div[@id='comp-mkwq7o79']/a","Footer","HTML"
"Hyperlink","https://www.lifeusa.org/post/over-1-000-orphans-across-jordan-uplifted-through-life-sponsorship-program","https://donate.lifeusa.org/donorportal/?donate=true","120471","","❤️ Donate Now","200","OK","true","_self","noopener noreferrer","Absolute","//body/div/div/div[@id='site-root']/div/div[@id='soapAfterPagesContainer']/div/div/div[@id='comp-kfwrlg80']/a","Content","HTML"
"Hyperlink","https://www.lifeusa.org/post/over-1-000-orphans-across-jordan-uplifted-through-life-sponsorship-program","https://donate.lifeusa.org/donorportal/?donate=true","120471","","❤️ Donate Now","200","OK","true","_self","noopener noreferrer","Absolute","//body/div/div/div[@id='site-root']/div/footer/div[@class='U4Bvut']/div[@class='CJF7A2']/div/div/section/div[@class='V5AUxf']/div/div[2]/div/div[@id='comp-mkwq7o79']/a","Footer","HTML"
"Hyperlink","https://www.lifeusa.org/post/life-for-relief-and-development-life-delivers-emergency-food-and-water-assistance-in-gaza-through","https://donate.lifeusa.org/donorportal/?donate=true","120471","","❤️ Donate Now","200","OK","true","_self","noopener noreferrer","Absolute","//body/div/div/div[@id='site-root']/div/div[@id='soapAfterPagesContainer']/div/div/div[@id='comp-kfwrlg80']/a","Content","HTML"
"Hyperlink","https://www.lifeusa.org/post/life-for-relief-and-development-life-delivers-emergency-food-and-water-assistance-in-gaza-through","https://donate.lifeusa.org/donorportal/?donate=true","120471","","❤️ Donate Now","200","OK","true","_self","noopener noreferrer","Absolute","//body/div/div/div[@id='site-root']/div/footer/div[@class='U4Bvut']/div[@class='CJF7A2']/div/div/section/div[@class='V5AUxf']/div/div[2]/div/div[@id='comp-mkwq7o79']/a","Footer","HTML"
"Hyperlink","https://www.lifeusa.org/post/water-stops-being-a-daily-worry-for-two-communities-in-nepal","https://donate.lifeusa.org/donorportal/?donate=true","120471","","❤️ Donate Now","200","OK","true","_self","noopener noreferrer","Absolute","//body/div/div/div[@id='site-root']/div/div[@id='soapAfterPagesContainer']/div/div/div[@id='comp-kfwrlg80']/a","Content","HTML"
"Hyperlink","https://www.lifeusa.org/post/water-stops-being-a-daily-worry-for-two-communities-in-nepal","https://donate.lifeusa.org/donorportal/?donate=true","120471","","❤️ Donate Now","200","OK","true","_self","noopener noreferrer","Absolute","//body/div/div/div[@id='site-root']/div/footer/div[@class='U4Bvut']/div[@class='CJF7A2']/div/div/section/div[@class='V5AUxf']/div/div[2]/div/div[@id='comp-mkwq7o79']/a","Footer","HTML"
"Hyperlink","https://www.lifeusa.org/no/tags/chicago","https://donate.lifeusa.org/donorportal/?donate=true","120471","","❤️ Donate Now","200","OK","true","_self","noopener noreferrer","Absolute","//body/div/div/div[@id='site-root']/div/div[@id='soapAfterPagesContainer']/div/div/div[@id='comp-kfwrlg80']/a","Content","HTML"
"Hyperlink","https://www.lifeusa.org/no/tags/chicago","https://donate.lifeusa.org/donorportal/?donate=true","120471","","❤️ Donate Now","200","OK","true","_self","noopener noreferrer","Absolute","//body/div/div/div[@id='site-root']/div/footer/div[@class='U4Bvut']/div[@class='CJF7A2']/div/div/section/div[@class='V5AUxf']/div/div[2]/div/div[@id='comp-mkwq7o79']/a","Footer","HTML"
"Hyperlink","https://www.lifeusa.org/no/tags/usa","https://donate.lifeusa.org/donorportal/?donate=true","120471","","❤️ Donate Now","200","OK","true","_self","noopener noreferrer","Absolute","//body/div/div/div[@id='site-root']/div/div[@id='soapAfterPagesContainer']/div/div/div[@id='comp-kfwrlg80']/a","Content","HTML"
"Hyperlink","https://www.lifeusa.org/no/tags/usa","https://donate.lifeusa.org/donorportal/?donate=true","120471","","❤️ Donate Now","200","OK","true","_self","noopener noreferrer","Absolute","//body/div/div/div[@id='site-root']/div/footer/div[@class='U4Bvut']/div[@class='CJF7A2']/div/div/section/div[@class='V5AUxf']/div/div[2]/div/div[@id='comp-mkwq7o79']/a","Footer","HTML"
"Hyperlink","https://www.lifeusa.org/no/tags/philanthropy","https://donate.lifeusa.org/donorportal/?donate=true","120471","","❤️ Donate Now","200","OK","true","_self","noopener noreferrer","Absolute","//body/div/div/div[@id='site-root']/div/div[@id='soapAfterPagesContainer']/div/div/div[@id='comp-kfwrlg80']/a","Content","HTML"
"Hyperlink","https://www.lifeusa.org/no/tags/philanthropy","https://donate.lifeusa.org/donorportal/?donate=true","120471","","❤️ Donate Now","200","OK","true","_self","noopener noreferrer","Absolute","//body/div/div/div[@id='site-root']/div/footer/div[@class='U4Bvut']/div[@class='CJF7A2']/div/div/section/div[@class='V5AUxf']/div/div[2]/div/div[@id='comp-mkwq7o79']/a","Footer","HTML"
"Hyperlink","https://www.lifeusa.org/no/tags/canada","https://donate.lifeusa.org/donorportal/?donate=true","120471","","❤️ Donate Now","200","OK","true","_self","noopener noreferrer","Absolute","//body/div/div/div[@id='site-root']/div/div[@id='soapAfterPagesContainer']/div/div/div[@id='comp-kfwrlg80']/a","Content","HTML"
"Hyperlink","https://www.lifeusa.org/no/tags/canada","https://donate.lifeusa.org/donorportal/?donate=true","120471","","❤️ Donate Now","200","OK","true","_self","noopener noreferrer","Absolute","//body/div/div/div[@id='site-root']/div/footer/div[@class='U4Bvut']/div[@class='CJF7A2']/div/div/section/div[@class='V5AUxf']/div/div[2]/div/div[@id='comp-mkwq7o79']/a","Footer","HTML"
"Hyperlink","https://www.lifeusa.org/no/hashtags/butterflyeffect","https://donate.lifeusa.org/donorportal/?donate=true","120471","","❤️ Donate Now","200","OK","true","_self","noopener noreferrer","Absolute","//body/div/div/div[@id='site-root']/div/div[@id='soapAfterPagesContainer']/div/div/div[@id='comp-kfwrlg80']/a","Content","HTML"
"Hyperlink","https://www.lifeusa.org/no/hashtags/butterflyeffect","https://donate.lifeusa.org/donorportal/?donate=true","120471","","❤️ Donate Now","200","OK","true","_self","noopener noreferrer","Absolute","//body/div/div/div[@id='site-root']/div/footer/div[@class='U4Bvut']/div[@class='CJF7A2']/div/div/section/div[@class='V5AUxf']/div/div[2]/div/div[@id='comp-mkwq7o79']/a","Footer","HTML"
"Hyperlink","https://www.lifeusa.org/no/tags/life-blog","https://donate.lifeusa.org/donorportal/?donate=true","120471","","❤️ Donate Now","200","OK","true","_self","noopener noreferrer","Absolute","//body/div/div/div[@id='site-root']/div/div[@id='soapAfterPagesContainer']/div/div/div[@id='comp-kfwrlg80']/a","Content","HTML"
"Hyperlink","https://www.lifeusa.org/no/tags/life-blog","https://donate.lifeusa.org/donorportal/?donate=true","120471","","❤️ Donate Now","200","OK","true","_self","noopener noreferrer","Absolute","//body/div/div/div[@id='site-root']/div/footer/div[@class='U4Bvut']/div[@class='CJF7A2']/div/div/section/div[@class='V5AUxf']/div/div[2]/div/div[@id='comp-mkwq7o79']/a","Footer","HTML"
"Hyperlink","https://www.lifeusa.org/no/tags/england","https://donate.lifeusa.org/donorportal/?donate=true","120471","","❤️ Donate Now","200","OK","true","_self","noopener noreferrer","Absolute","//body/div/div/div[@id='site-root']/div/div[@id='soapAfterPagesContainer']/div/div/div[@id='comp-kfwrlg80']/a","Content","HTML"
"Hyperlink","https://www.lifeusa.org/no/tags/england","https://donate.lifeusa.org/donorportal/?donate=true","120471","","❤️ Donate Now","200","OK","true","_self","noopener noreferrer","Absolute","//body/div/div/div[@id='site-root']/div/footer/div[@class='U4Bvut']/div[@class='CJF7A2']/div/div/section/div[@class='V5AUxf']/div/div[2]/div/div[@id='comp-mkwq7o79']/a","Footer","HTML"
"Hyperlink","https://www.lifeusa.org/no/tags/colorado","https://donate.lifeusa.org/donorportal/?donate=true","120471","","❤️ Donate Now","200","OK","true","_self","noopener noreferrer","Absolute","//body/div/div/div[@id='site-root']/div/div[@id='soapAfterPagesContainer']/div/div/div[@id='comp-kfwrlg80']/a","Content","HTML"
"Hyperlink","https://www.lifeusa.org/no/tags/colorado","https://donate.lifeusa.org/donorportal/?donate=true","120471","","❤️ Donate Now","200","OK","true","_self","noopener noreferrer","Absolute","//body/div/div/div[@id='site-root']/div/footer/div[@class='U4Bvut']/div[@class='CJF7A2']/div/div/section/div[@class='V5AUxf']/div/div[2]/div/div[@id='comp-mkwq7o79']/a","Footer","HTML"
"Hyperlink","https://www.lifeusa.org/no/tags/charity","https://donate.lifeusa.org/donorportal/?donate=true","120471","","❤️ Donate Now","200","OK","true","_self","noopener noreferrer","Absolute","//body/div/div/div[@id='site-root']/div/div[@id='soapAfterPagesContainer']/div/div/div[@id='comp-kfwrlg80']/a","Content","HTML"
"Hyperlink","https://www.lifeusa.org/no/tags/charity","https://donate.lifeusa.org/donorportal/?donate=true","120471","","❤️ Donate Now","200","OK","true","_self","noopener noreferrer","Absolute","//body/div/div/div[@id='site-root']/div/footer/div[@class='U4Bvut']/div[@class='CJF7A2']/div/div/section/div[@class='V5AUxf']/div/div[2]/div/div[@id='comp-mkwq7o79']/a","Footer","HTML"
"Hyperlink","https://www.lifeusa.org/no/tags/maryland","https://donate.lifeusa.org/donorportal/?donate=true","120471","","❤️ Donate Now","200","OK","true","_self","noopener noreferrer","Absolute","//body/div/div/div[@id='site-root']/div/div[@id='soapAfterPagesContainer']/div/div/div[@id='comp-kfwrlg80']/a","Content","HTML"
"Hyperlink","https://www.lifeusa.org/no/tags/maryland","https://donate.lifeusa.org/donorportal/?donate=true","120471","","❤️ Donate Now","200","OK","true","_self","noopener noreferrer","Absolute","//body/div/div/div[@id='site-root']/div/footer/div[@class='U4Bvut']/div[@class='CJF7A2']/div/div/section/div[@class='V5AUxf']/div/div[2]/div/div[@id='comp-mkwq7o79']/a","Footer","HTML"
"Hyperlink","https://www.lifeusa.org/no/tags/nyc","https://donate.lifeusa.org/donorportal/?donate=true","120471","","❤️ Donate Now","200","OK","true","_self","noopener noreferrer","Absolute","//body/div/div/div[@id='site-root']/div/div[@id='soapAfterPagesContainer']/div/div/div[@id='comp-kfwrlg80']/a","Content","HTML"
"Hyperlink","https://www.lifeusa.org/no/tags/nyc","https://donate.lifeusa.org/donorportal/?donate=true","120471","","❤️ Donate Now","200","OK","true","_self","noopener noreferrer","Absolute","//body/div/div/div[@id='site-root']/div/footer/div[@class='U4Bvut']/div[@class='CJF7A2']/div/div/section/div[@class='V5AUxf']/div/div[2]/div/div[@id='comp-mkwq7o79']/a","Footer","HTML"
"Hyperlink","https://www.lifeusa.org/ukrainerelief","https://donate.lifeusa.org/donorportal/?donate=true","120471","","❤️ Donate Now","200","OK","true","_self","noopener noreferrer","Absolute","//body/div/div/div[@id='site-root']/div/div[@id='soapAfterPagesContainer']/div/div/div[@id='comp-kfwrlg80']/a","Content","HTML"
"Hyperlink","https://www.lifeusa.org/ukrainerelief","https://donate.lifeusa.org/donorportal/?donate=true","120471","","❤️ Donate Now","200","OK","true","_self","noopener noreferrer","Absolute","//body/div/div/div[@id='site-root']/div/footer/div[@class='U4Bvut']/div[@class='CJF7A2']/div/div/section/div[@class='V5AUxf']/div/div[2]/div/div[@id='comp-mkwq7o79']/a","Footer","HTML"
"Hyperlink","https://www.lifeusa.org/post/clean-water-restored-through-life-for-relief-and-development-life-s-water-well-projects-in-sierra","https://donate.lifeusa.org/donorportal/?donate=true","120471","","❤️ Donate Now","200","OK","true","_self","noopener noreferrer","Absolute","//body/div/div/div[@id='site-root']/div/div[@id='soapAfterPagesContainer']/div/div/div[@id='comp-kfwrlg80']/a","Content","HTML"
"Hyperlink","https://www.lifeusa.org/post/clean-water-restored-through-life-for-relief-and-development-life-s-water-well-projects-in-sierra","https://donate.lifeusa.org/donorportal/?donate=true","120471","","❤️ Donate Now","200","OK","true","_self","noopener noreferrer","Absolute","//body/div/div/div[@id='site-root']/div/footer/div[@class='U4Bvut']/div[@class='CJF7A2']/div/div/section/div[@class='V5AUxf']/div/div[2]/div/div[@id='comp-mkwq7o79']/a","Footer","HTML"
"Hyperlink","https://www.lifeusa.org/post/clean-water-new-possibilities-through-life-for-relief-and-development-life-s-water-well-projects","https://donate.lifeusa.org/donorportal/?donate=true","120471","","❤️ Donate Now","200","OK","true","_self","noopener noreferrer","Absolute","//body/div/div/div[@id='site-root']/div/div[@id='soapAfterPagesContainer']/div/div/div[@id='comp-kfwrlg80']/a","Content","HTML"
"Hyperlink","https://www.lifeusa.org/post/clean-water-new-possibilities-through-life-for-relief-and-development-life-s-water-well-projects","https://donate.lifeusa.org/donorportal/?donate=true","120471","","❤️ Donate Now","200","OK","true","_self","noopener noreferrer","Absolute","//body/div/div/div[@id='site-root']/div/footer/div[@class='U4Bvut']/div[@class='CJF7A2']/div/div/section/div[@class='V5AUxf']/div/div[2]/div/div[@id='comp-mkwq7o79']/a","Footer","HTML"
"Hyperlink","https://www.lifeusa.org/post/life-for-relief-and-development-life-s-orphan-sponsorship-supports-152-children-in-indonesia","https://donate.lifeusa.org/donorportal/?donate=true","120471","","❤️ Donate Now","200","OK","true","_self","noopener noreferrer","Absolute","//body/div/div/div[@id='site-root']/div/div[@id='soapAfterPagesContainer']/div/div/div[@id='comp-kfwrlg80']/a","Content","HTML"
"Hyperlink","https://www.lifeusa.org/post/life-for-relief-and-development-life-s-orphan-sponsorship-supports-152-children-in-indonesia","https://donate.lifeusa.org/donorportal/?donate=true","120471","","❤️ Donate Now","200","OK","true","_self","noopener noreferrer","Absolute","//body/div/div/div[@id='site-root']/div/footer/div[@class='U4Bvut']/div[@class='CJF7A2']/div/div/section/div[@class='V5AUxf']/div/div[2]/div/div[@id='comp-mkwq7o79']/a","Footer","HTML"
"Hyperlink","https://www.lifeusa.org/post/clean-water-for-students-as-life-for-relief-and-development-life-installs-solar-water-wells-in-pak","https://donate.lifeusa.org/donorportal/?donate=true","120471","","❤️ Donate Now","200","OK","true","_self","noopener noreferrer","Absolute","//body/div/div/div[@id='site-root']/div/div[@id='soapAfterPagesContainer']/div/div/div[@id='comp-kfwrlg80']/a","Content","HTML"
"Hyperlink","https://www.lifeusa.org/post/clean-water-for-students-as-life-for-relief-and-development-life-installs-solar-water-wells-in-pak","https://donate.lifeusa.org/donorportal/?donate=true","120471","","❤️ Donate Now","200","OK","true","_self","noopener noreferrer","Absolute","//body/div/div/div[@id='site-root']/div/footer/div[@class='U4Bvut']/div[@class='CJF7A2']/div/div/section/div[@class='V5AUxf']/div/div[2]/div/div[@id='comp-mkwq7o79']/a","Footer","HTML"
"Hyperlink","https://www.lifeusa.org/post/life-builds-five-clean-water-projects-across-two-regions-in-myanmar","https://donate.lifeusa.org/donorportal/?donate=true","120471","","❤️ Donate Now","200","OK","true","_self","noopener noreferrer","Absolute","//body/div/div/div[@id='site-root']/div/div[@id='soapAfterPagesContainer']/div/div/div[@id='comp-kfwrlg80']/a","Content","HTML"
"Hyperlink","https://www.lifeusa.org/post/life-builds-five-clean-water-projects-across-two-regions-in-myanmar","https://donate.lifeusa.org/donorportal/?donate=true","120471","","❤️ Donate Now","200","OK","true","_self","noopener noreferrer","Absolute","//body/div/div/div[@id='site-root']/div/footer/div[@class='U4Bvut']/div[@class='CJF7A2']/div/div/section/div[@class='V5AUxf']/div/div[2]/div/div[@id='comp-mkwq7o79']/a","Footer","HTML"
"Hyperlink","https://www.lifeusa.org/winterrelief","https://donate.lifeusa.org/donorportal/?donate=true","120471","","❤️ Donate Now","200","OK","true","_self","noopener noreferrer","Absolute","//body/div/div/div[@id='site-root']/div/div[@id='soapAfterPagesContainer']/div/div/div[@id='comp-kfwrlg80']/a","Content","HTML"
"Hyperlink","https://www.lifeusa.org/winterrelief","https://donate.lifeusa.org/donorportal/?donate=true","120471","","❤️ Donate Now","200","OK","true","_self","noopener noreferrer","Absolute","//body/div/div/div[@id='site-root']/div/footer/div[@class='U4Bvut']/div[@class='CJF7A2']/div/div/section/div[@class='V5AUxf']/div/div[2]/div/div[@id='comp-mkwq7o79']/a","Footer","HTML"
"Hyperlink","https://www.lifeusa.org/sudan-emergency-relief","https://donate.lifeusa.org/donorportal/?donate=true","120471","","❤️ Donate Now","200","OK","true","_self","noopener noreferrer","Absolute","//body/div/div/div[@id='site-root']/div/div[@id='soapAfterPagesContainer']/div/div/div[@id='comp-kfwrlg80']/a","Content","HTML"
"Hyperlink","https://www.lifeusa.org/sudan-emergency-relief","https://donate.lifeusa.org/donorportal/?donate=true","120471","","❤️ Donate Now","200","OK","true","_self","noopener noreferrer","Absolute","//body/div/div/div[@id='site-root']/div/footer/div[@class='U4Bvut']/div[@class='CJF7A2']/div/div/section/div[@class='V5AUxf']/div/div[2]/div/div[@id='comp-mkwq7o79']/a","Footer","HTML"
"Hyperlink","https://www.lifeusa.org/no/tags/ukraine","https://donate.lifeusa.org/donorportal/?donate=true","120471","","❤️ Donate Now","200","OK","true","_self","noopener noreferrer","Absolute","//body/div/div/div[@id='site-root']/div/div[@id='soapAfterPagesContainer']/div/div/div[@id='comp-kfwrlg80']/a","Content","HTML"
"Hyperlink","https://www.lifeusa.org/no/tags/ukraine","https://donate.lifeusa.org/donorportal/?donate=true","120471","","❤️ Donate Now","200","OK","true","_self","noopener noreferrer","Absolute","//body/div/div/div[@id='site-root']/div/footer/div[@class='U4Bvut']/div[@class='CJF7A2']/div/div/section/div[@class='V5AUxf']/div/div[2]/div/div[@id='comp-mkwq7o79']/a","Footer","HTML"
"Hyperlink","https://www.lifeusa.org/no/tags/orphans","https://donate.lifeusa.org/donorportal/?donate=true","120471","","❤️ Donate Now","200","OK","true","_self","noopener noreferrer","Absolute","//body/div/div/div[@id='site-root']/div/div[@id='soapAfterPagesContainer']/div/div/div[@id='comp-kfwrlg80']/a","Content","HTML"
"Hyperlink","https://www.lifeusa.org/no/tags/orphans","https://donate.lifeusa.org/donorportal/?donate=true","120471","","❤️ Donate Now","200","OK","true","_self","noopener noreferrer","Absolute","//body/div/div/div[@id='site-root']/div/footer/div[@class='U4Bvut']/div[@class='CJF7A2']/div/div/section/div[@class='V5AUxf']/div/div[2]/div/div[@id='comp-mkwq7o79']/a","Footer","HTML"
"Hyperlink","https://www.lifeusa.org/no/tags/palestine","https://donate.lifeusa.org/donorportal/?donate=true","120471","","❤️ Donate Now","200","OK","true","_self","noopener noreferrer","Absolute","//body/div/div/div[@id='site-root']/div/div[@id='soapAfterPagesContainer']/div/div/div[@id='comp-kfwrlg80']/a","Content","HTML"
"Hyperlink","https://www.lifeusa.org/no/tags/palestine","https://donate.lifeusa.org/donorportal/?donate=true","120471","","❤️ Donate Now","200","OK","true","_self","noopener noreferrer","Absolute","//body/div/div/div[@id='site-root']/div/footer/div[@class='U4Bvut']/div[@class='CJF7A2']/div/div/section/div[@class='V5AUxf']/div/div[2]/div/div[@id='comp-mkwq7o79']/a","Footer","HTML"
"Hyperlink","https://www.lifeusa.org/no/tags/orphan-sponsorship","https://donate.lifeusa.org/donorportal/?donate=true","120471","","❤️ Donate Now","200","OK","true","_self","noopener noreferrer","Absolute","//body/div/div/div[@id='site-root']/div/div[@id='soapAfterPagesContainer']/div/div/div[@id='comp-kfwrlg80']/a","Content","HTML"
"Hyperlink","https://www.lifeusa.org/no/tags/orphan-sponsorship","https://donate.lifeusa.org/donorportal/?donate=true","120471","","❤️ Donate Now","200","OK","true","_self","noopener noreferrer","Absolute","//body/div/div/div[@id='site-root']/div/footer/div[@class='U4Bvut']/div[@class='CJF7A2']/div/div/section/div[@class='V5AUxf']/div/div[2]/div/div[@id='comp-mkwq7o79']/a","Footer","HTML"
"Hyperlink","https://www.lifeusa.org/no/tags/syria-1","https://donate.lifeusa.org/donorportal/?donate=true","120471","","❤️ Donate Now","200","OK","true","_self","noopener noreferrer","Absolute","//body/div/div/div[@id='site-root']/div/div[@id='soapAfterPagesContainer']/div/div/div[@id='comp-kfwrlg80']/a","Content","HTML"
"Hyperlink","https://www.lifeusa.org/no/tags/syria-1","https://donate.lifeusa.org/donorportal/?donate=true","120471","","❤️ Donate Now","200","OK","true","_self","noopener noreferrer","Absolute","//body/div/div/div[@id='site-root']/div/footer/div[@class='U4Bvut']/div[@class='CJF7A2']/div/div/section/div[@class='V5AUxf']/div/div[2]/div/div[@id='comp-mkwq7o79']/a","Footer","HTML"
"Hyperlink","https://www.lifeusa.org/no/tags/war","https://donate.lifeusa.org/donorportal/?donate=true","120471","","❤️ Donate Now","200","OK","true","_self","noopener noreferrer","Absolute","//body/div/div/div[@id='site-root']/div/div[@id='soapAfterPagesContainer']/div/div/div[@id='comp-kfwrlg80']/a","Content","HTML"
"Hyperlink","https://www.lifeusa.org/no/tags/war","https://donate.lifeusa.org/donorportal/?donate=true","120471","","❤️ Donate Now","200","OK","true","_self","noopener noreferrer","Absolute","//body/div/div/div[@id='site-root']/div/footer/div[@class='U4Bvut']/div[@class='CJF7A2']/div/div/section/div[@class='V5AUxf']/div/div[2]/div/div[@id='comp-mkwq7o79']/a","Footer","HTML"
"Hyperlink","https://www.lifeusa.org/no/tags/children","https://donate.lifeusa.org/donorportal/?donate=true","120471","","❤️ Donate Now","200","OK","true","_self","noopener noreferrer","Absolute","//body/div/div/div[@id='site-root']/div/div[@id='soapAfterPagesContainer']/div/div/div[@id='comp-kfwrlg80']/a","Content","HTML"
"Hyperlink","https://www.lifeusa.org/no/tags/children","https://donate.lifeusa.org/donorportal/?donate=true","120471","","❤️ Donate Now","200","OK","true","_self","noopener noreferrer","Absolute","//body/div/div/div[@id='site-root']/div/footer/div[@class='U4Bvut']/div[@class='CJF7A2']/div/div/section/div[@class='V5AUxf']/div/div[2]/div/div[@id='comp-mkwq7o79']/a","Footer","HTML"
"Hyperlink","https://www.lifeusa.org/no/tags/refugee","https://donate.lifeusa.org/donorportal/?donate=true","120471","","❤️ Donate Now","200","OK","true","_self","noopener noreferrer","Absolute","//body/div/div/div[@id='site-root']/div/div[@id='soapAfterPagesContainer']/div/div/div[@id='comp-kfwrlg80']/a","Content","HTML"
"Hyperlink","https://www.lifeusa.org/no/tags/refugee","https://donate.lifeusa.org/donorportal/?donate=true","120471","","❤️ Donate Now","200","OK","true","_self","noopener noreferrer","Absolute","//body/div/div/div[@id='site-root']/div/footer/div[@class='U4Bvut']/div[@class='CJF7A2']/div/div/section/div[@class='V5AUxf']/div/div[2]/div/div[@id='comp-mkwq7o79']/a","Footer","HTML"
"Hyperlink","https://www.lifeusa.org/post/life-hears-the-call-in-colorado","https://donate.lifeusa.org/donorportal/?donate=true","120471","","❤️ Donate Now","200","OK","true","_self","noopener noreferrer","Absolute","//body/div/div/div[@id='site-root']/div/div[@id='soapAfterPagesContainer']/div/div/div[@id='comp-kfwrlg80']/a","Content","HTML"
"Hyperlink","https://www.lifeusa.org/post/life-hears-the-call-in-colorado","https://donate.lifeusa.org/donorportal/?donate=true","120471","","❤️ Donate Now","200","OK","true","_self","noopener noreferrer","Absolute","//body/div/div/div[@id='site-root']/div/footer/div[@class='U4Bvut']/div[@class='CJF7A2']/div/div/section/div[@class='V5AUxf']/div/div[2]/div/div[@id='comp-mkwq7o79']/a","Footer","HTML"
"Hyperlink","https://www.lifeusa.org/post/life-distributes-fresh-meat-in-texas","https://donate.lifeusa.org/donorportal/?donate=true","120471","","❤️ Donate Now","200","OK","true","_self","noopener noreferrer","Absolute","//body/div/div/div[@id='site-root']/div/div[@id='soapAfterPagesContainer']/div/div/div[@id='comp-kfwrlg80']/a","Content","HTML"
"Hyperlink","https://www.lifeusa.org/post/life-distributes-fresh-meat-in-texas","https://donate.lifeusa.org/donorportal/?donate=true","120471","","❤️ Donate Now","200","OK","true","_self","noopener noreferrer","Absolute","//body/div/div/div[@id='site-root']/div/footer/div[@class='U4Bvut']/div[@class='CJF7A2']/div/div/section/div[@class='V5AUxf']/div/div[2]/div/div[@id='comp-mkwq7o79']/a","Footer","HTML"
"Hyperlink","https://www.lifeusa.org/post/hearing-the-call-southwest-florida","https://donate.lifeusa.org/donorportal/?donate=true","120471","","❤️ Donate Now","200","OK","true","_self","noopener noreferrer","Absolute","//body/div/div/div[@id='site-root']/div/div[@id='soapAfterPagesContainer']/div/div/div[@id='comp-kfwrlg80']/a","Content","HTML"
"Hyperlink","https://www.lifeusa.org/post/hearing-the-call-southwest-florida","https://donate.lifeusa.org/donorportal/?donate=true","120471","","❤️ Donate Now","200","OK","true","_self","noopener noreferrer","Absolute","//body/div/div/div[@id='site-root']/div/footer/div[@class='U4Bvut']/div[@class='CJF7A2']/div/div/section/div[@class='V5AUxf']/div/div[2]/div/div[@id='comp-mkwq7o79']/a","Footer","HTML"
"Hyperlink","https://www.lifeusa.org/post/life-provides-backpacks-to-foster-youth-in-the-united-states","https://donate.lifeusa.org/donorportal/?donate=true","120471","","❤️ Donate Now","200","OK","true","_self","noopener noreferrer","Absolute","//body/div/div/div[@id='site-root']/div/div[@id='soapAfterPagesContainer']/div/div/div[@id='comp-kfwrlg80']/a","Content","HTML"
"Hyperlink","https://www.lifeusa.org/post/life-provides-backpacks-to-foster-youth-in-the-united-states","https://donate.lifeusa.org/donorportal/?donate=true","120471","","❤️ Donate Now","200","OK","true","_self","noopener noreferrer","Absolute","//body/div/div/div[@id='site-root']/div/footer/div[@class='U4Bvut']/div[@class='CJF7A2']/div/div/section/div[@class='V5AUxf']/div/div[2]/div/div[@id='comp-mkwq7o79']/a","Footer","HTML"
"Hyperlink","https://www.lifeusa.org/post/refugee-asylum-seeker-immigrant-and-migrant-what-s-the-difference","https://donate.lifeusa.org/donorportal/?donate=true","120471","","❤️ Donate Now","200","OK","true","_self","noopener noreferrer","Absolute","//body/div/div/div[@id='site-root']/div/div[@id='soapAfterPagesContainer']/div/div/div[@id='comp-kfwrlg80']/a","Content","HTML"
"Hyperlink","https://www.lifeusa.org/post/refugee-asylum-seeker-immigrant-and-migrant-what-s-the-difference","https://donate.lifeusa.org/donorportal/?donate=true","120471","","❤️ Donate Now","200","OK","true","_self","noopener noreferrer","Absolute","//body/div/div/div[@id='site-root']/div/footer/div[@class='U4Bvut']/div[@class='CJF7A2']/div/div/section/div[@class='V5AUxf']/div/div[2]/div/div[@id='comp-mkwq7o79']/a","Footer","HTML"
"Hyperlink","https://www.lifeusa.org/post/the-biggest-charitable-contributions-in-the-u-s-2023","https://donate.lifeusa.org/donorportal/?donate=true","120471","","❤️ Donate Now","200","OK","true","_self","noopener noreferrer","Absolute","//body/div/div/div[@id='site-root']/div/div[@id='soapAfterPagesContainer']/div/div/div[@id='comp-kfwrlg80']/a","Content","HTML"
"Hyperlink","https://www.lifeusa.org/post/the-biggest-charitable-contributions-in-the-u-s-2023","https://donate.lifeusa.org/donorportal/?donate=true","120471","","❤️ Donate Now","200","OK","true","_self","noopener noreferrer","Absolute","//body/div/div/div[@id='site-root']/div/footer/div[@class='U4Bvut']/div[@class='CJF7A2']/div/div/section/div[@class='V5AUxf']/div/div[2]/div/div[@id='comp-mkwq7o79']/a","Footer","HTML"
"Hyperlink","https://www.lifeusa.org/post/a-summer-of-forest-fires","https://donate.lifeusa.org/donorportal/?donate=true","120471","","❤️ Donate Now","200","OK","true","_self","noopener noreferrer","Absolute","//body/div/div/div[@id='site-root']/div/div[@id='soapAfterPagesContainer']/div/div/div[@id='comp-kfwrlg80']/a","Content","HTML"
"Hyperlink","https://www.lifeusa.org/post/a-summer-of-forest-fires","https://donate.lifeusa.org/donorportal/?donate=true","120471","","❤️ Donate Now","200","OK","true","_self","noopener noreferrer","Absolute","//body/div/div/div[@id='site-root']/div/footer/div[@class='U4Bvut']/div[@class='CJF7A2']/div/div/section/div[@class='V5AUxf']/div/div[2]/div/div[@id='comp-mkwq7o79']/a","Footer","HTML"
"Hyperlink","https://www.lifeusa.org/post/queen-elizabeth-ii-a-lifetime-of-charity","https://donate.lifeusa.org/donorportal/?donate=true","120471","","❤️ Donate Now","200","OK","true","_self","noopener noreferrer","Absolute","//body/div/div/div[@id='site-root']/div/div[@id='soapAfterPagesContainer']/div/div/div[@id='comp-kfwrlg80']/a","Content","HTML"
"Hyperlink","https://www.lifeusa.org/post/queen-elizabeth-ii-a-lifetime-of-charity","https://donate.lifeusa.org/donorportal/?donate=true","120471","","❤️ Donate Now","200","OK","true","_self","noopener noreferrer","Absolute","//body/div/div/div[@id='site-root']/div/footer/div[@class='U4Bvut']/div[@class='CJF7A2']/div/div/section/div[@class='V5AUxf']/div/div[2]/div/div[@id='comp-mkwq7o79']/a","Footer","HTML"
"Hyperlink","https://www.lifeusa.org/post/food-packages-maryland","https://donate.lifeusa.org/donorportal/?donate=true","120471","","❤️ Donate Now","200","OK","true","_self","noopener noreferrer","Absolute","//body/div/div/div[@id='site-root']/div/div[@id='soapAfterPagesContainer']/div/div/div[@id='comp-kfwrlg80']/a","Content","HTML"
"Hyperlink","https://www.lifeusa.org/post/food-packages-maryland","https://donate.lifeusa.org/donorportal/?donate=true","120471","","❤️ Donate Now","200","OK","true","_self","noopener noreferrer","Absolute","//body/div/div/div[@id='site-root']/div/footer/div[@class='U4Bvut']/div[@class='CJF7A2']/div/div/section/div[@class='V5AUxf']/div/div[2]/div/div[@id='comp-mkwq7o79']/a","Footer","HTML"
"Hyperlink","https://www.lifeusa.org/post/making-houses-into-homes","https://donate.lifeusa.org/donorportal/?donate=true","120471","","❤️ Donate Now","200","OK","true","_self","noopener noreferrer","Absolute","//body/div/div/div[@id='site-root']/div/div[@id='soapAfterPagesContainer']/div/div/div[@id='comp-kfwrlg80']/a","Content","HTML"
"Hyperlink","https://www.lifeusa.org/post/making-houses-into-homes","https://donate.lifeusa.org/donorportal/?donate=true","120471","","❤️ Donate Now","200","OK","true","_self","noopener noreferrer","Absolute","//body/div/div/div[@id='site-root']/div/footer/div[@class='U4Bvut']/div[@class='CJF7A2']/div/div/section/div[@class='V5AUxf']/div/div[2]/div/div[@id='comp-mkwq7o79']/a","Footer","HTML"
"Hyperlink","https://www.lifeusa.org/post/hearing-for-the-first-time-in-years","https://donate.lifeusa.org/donorportal/?donate=true","120471","","❤️ Donate Now","200","OK","true","_self","noopener noreferrer","Absolute","//body/div/div/div[@id='site-root']/div/div[@id='soapAfterPagesContainer']/div/div/div[@id='comp-kfwrlg80']/a","Content","HTML"
"Hyperlink","https://www.lifeusa.org/post/hearing-for-the-first-time-in-years","https://donate.lifeusa.org/donorportal/?donate=true","120471","","❤️ Donate Now","200","OK","true","_self","noopener noreferrer","Absolute","//body/div/div/div[@id='site-root']/div/footer/div[@class='U4Bvut']/div[@class='CJF7A2']/div/div/section/div[@class='V5AUxf']/div/div[2]/div/div[@id='comp-mkwq7o79']/a","Footer","HTML"
"Hyperlink","https://www.lifeusa.org/post/hearing-aids-colorado","https://donate.lifeusa.org/donorportal/?donate=true","120471","","❤️ Donate Now","200","OK","true","_self","noopener noreferrer","Absolute","//body/div/div/div[@id='site-root']/div/div[@id='soapAfterPagesContainer']/div/div/div[@id='comp-kfwrlg80']/a","Content","HTML"
"Hyperlink","https://www.lifeusa.org/post/hearing-aids-colorado","https://donate.lifeusa.org/donorportal/?donate=true","120471","","❤️ Donate Now","200","OK","true","_self","noopener noreferrer","Absolute","//body/div/div/div[@id='site-root']/div/footer/div[@class='U4Bvut']/div[@class='CJF7A2']/div/div/section/div[@class='V5AUxf']/div/div[2]/div/div[@id='comp-mkwq7o79']/a","Footer","HTML"
"Hyperlink","https://www.lifeusa.org/gaza","https://donate.lifeusa.org/donorportal/?donate=true","120471","","❤️ Donate Now","200","OK","true","_self","noopener noreferrer","Absolute","//body/div/div/div[@id='site-root']/div/div[@id='soapAfterPagesContainer']/div/div/div[@id='comp-kfwrlg80']/a","Content","HTML"
"Hyperlink","https://www.lifeusa.org/gaza","https://donate.lifeusa.org/donorportal/?donate=true","120471","","❤️ Donate Now","200","OK","true","_self","noopener noreferrer","Absolute","//body/div/div/div[@id='site-root']/div/footer/div[@class='U4Bvut']/div[@class='CJF7A2']/div/div/section/div[@class='V5AUxf']/div/div[2]/div/div[@id='comp-mkwq7o79']/a","Footer","HTML"
"Hyperlink","https://www.lifeusa.org/post/life-distributes-water-tanks-to-families-in-the-gaza-strip","https://donate.lifeusa.org/donorportal/?donate=true","120471","","❤️ Donate Now","200","OK","true","_self","noopener noreferrer","Absolute","//body/div/div/div[@id='site-root']/div/div[@id='soapAfterPagesContainer']/div/div/div[@id='comp-kfwrlg80']/a","Content","HTML"
"Hyperlink","https://www.lifeusa.org/post/life-distributes-water-tanks-to-families-in-the-gaza-strip","https://donate.lifeusa.org/donorportal/?donate=true","120471","","❤️ Donate Now","200","OK","true","_self","noopener noreferrer","Absolute","//body/div/div/div[@id='site-root']/div/footer/div[@class='U4Bvut']/div[@class='CJF7A2']/div/div/section/div[@class='V5AUxf']/div/div[2]/div/div[@id='comp-mkwq7o79']/a","Footer","HTML"
"Hyperlink","https://www.lifeusa.org/no/tags/syria","https://donate.lifeusa.org/donorportal/?donate=true","120471","","❤️ Donate Now","200","OK","true","_self","noopener noreferrer","Absolute","//body/div/div/div[@id='site-root']/div/div[@id='soapAfterPagesContainer']/div/div/div[@id='comp-kfwrlg80']/a","Content","HTML"
"Hyperlink","https://www.lifeusa.org/no/tags/syria","https://donate.lifeusa.org/donorportal/?donate=true","120471","","❤️ Donate Now","200","OK","true","_self","noopener noreferrer","Absolute","//body/div/div/div[@id='site-root']/div/footer/div[@class='U4Bvut']/div[@class='CJF7A2']/div/div/section/div[@class='V5AUxf']/div/div[2]/div/div[@id='comp-mkwq7o79']/a","Footer","HTML"
"Hyperlink","https://www.lifeusa.org/no/tags/egypt","https://donate.lifeusa.org/donorportal/?donate=true","120471","","❤️ Donate Now","200","OK","true","_self","noopener noreferrer","Absolute","//body/div/div/div[@id='site-root']/div/div[@id='soapAfterPagesContainer']/div/div/div[@id='comp-kfwrlg80']/a","Content","HTML"
"Hyperlink","https://www.lifeusa.org/no/tags/egypt","https://donate.lifeusa.org/donorportal/?donate=true","120471","","❤️ Donate Now","200","OK","true","_self","noopener noreferrer","Absolute","//body/div/div/div[@id='site-root']/div/footer/div[@class='U4Bvut']/div[@class='CJF7A2']/div/div/section/div[@class='V5AUxf']/div/div[2]/div/div[@id='comp-mkwq7o79']/a","Footer","HTML"
"Hyperlink","https://www.lifeusa.org/post/the-crucial-role-of-humanitarian-organizations-in-conflict-zones","https://donate.lifeusa.org/donorportal/?donate=true","120471","","❤️ Donate Now","200","OK","true","_self","noopener noreferrer","Absolute","//body/div/div/div[@id='site-root']/div/div[@id='soapAfterPagesContainer']/div/div/div[@id='comp-kfwrlg80']/a","Content","HTML"
"Hyperlink","https://www.lifeusa.org/post/the-crucial-role-of-humanitarian-organizations-in-conflict-zones","https://donate.lifeusa.org/donorportal/?donate=true","120471","","❤️ Donate Now","200","OK","true","_self","noopener noreferrer","Absolute","//body/div/div/div[@id='site-root']/div/footer/div[@class='U4Bvut']/div[@class='CJF7A2']/div/div/section/div[@class='V5AUxf']/div/div[2]/div/div[@id='comp-mkwq7o79']/a","Footer","HTML"
"Hyperlink","https://www.lifeusa.org/post/life-continues-to-provide-emergency-aid-in-gaza","https://donate.lifeusa.org/donorportal/?donate=true","120471","","❤️ Donate Now","200","OK","true","_self","noopener noreferrer","Absolute","//body/div/div/div[@id='site-root']/div/div[@id='soapAfterPagesContainer']/div/div/div[@id='comp-kfwrlg80']/a","Content","HTML"
"Hyperlink","https://www.lifeusa.org/post/life-continues-to-provide-emergency-aid-in-gaza","https://donate.lifeusa.org/donorportal/?donate=true","120471","","❤️ Donate Now","200","OK","true","_self","noopener noreferrer","Absolute","//body/div/div/div[@id='site-root']/div/footer/div[@class='U4Bvut']/div[@class='CJF7A2']/div/div/section/div[@class='V5AUxf']/div/div[2]/div/div[@id='comp-mkwq7o79']/a","Footer","HTML"
"Hyperlink","https://www.lifeusa.org/post/the-world-in-crisis-supporting-from-the-sidelines","https://donate.lifeusa.org/donorportal/?donate=true","120471","","❤️ Donate Now","200","OK","true","_self","noopener noreferrer","Absolute","//body/div/div/div[@id='site-root']/div/div[@id='soapAfterPagesContainer']/div/div/div[@id='comp-kfwrlg80']/a","Content","HTML"
"Hyperlink","https://www.lifeusa.org/post/the-world-in-crisis-supporting-from-the-sidelines","https://donate.lifeusa.org/donorportal/?donate=true","120471","","❤️ Donate Now","200","OK","true","_self","noopener noreferrer","Absolute","//body/div/div/div[@id='site-root']/div/footer/div[@class='U4Bvut']/div[@class='CJF7A2']/div/div/section/div[@class='V5AUxf']/div/div[2]/div/div[@id='comp-mkwq7o79']/a","Footer","HTML"
"Hyperlink","https://www.lifeusa.org/post/it-s-okay-to-cry-the-ukrainian-refugee-mental-health-crisis","https://donate.lifeusa.org/donorportal/?donate=true","120471","","❤️ Donate Now","200","OK","true","_self","noopener noreferrer","Absolute","//body/div/div/div[@id='site-root']/div/div[@id='soapAfterPagesContainer']/div/div/div[@id='comp-kfwrlg80']/a","Content","HTML"
"Hyperlink","https://www.lifeusa.org/post/it-s-okay-to-cry-the-ukrainian-refugee-mental-health-crisis","https://donate.lifeusa.org/donorportal/?donate=true","120471","","❤️ Donate Now","200","OK","true","_self","noopener noreferrer","Absolute","//body/div/div/div[@id='site-root']/div/footer/div[@class='U4Bvut']/div[@class='CJF7A2']/div/div/section/div[@class='V5AUxf']/div/div[2]/div/div[@id='comp-mkwq7o79']/a","Footer","HTML"
"Hyperlink","https://www.lifeusa.org/post/walk-532-59-miles-in-the-shoes-of-a-ukrainian-refugee","https://donate.lifeusa.org/donorportal/?donate=true","120471","","❤️ Donate Now","200","OK","true","_self","noopener noreferrer","Absolute","//body/div/div/div[@id='site-root']/div/div[@id='soapAfterPagesContainer']/div/div/div[@id='comp-kfwrlg80']/a","Content","HTML"
"Hyperlink","https://www.lifeusa.org/post/walk-532-59-miles-in-the-shoes-of-a-ukrainian-refugee","https://donate.lifeusa.org/donorportal/?donate=true","120471","","❤️ Donate Now","200","OK","true","_self","noopener noreferrer","Absolute","//body/div/div/div[@id='site-root']/div/footer/div[@class='U4Bvut']/div[@class='CJF7A2']/div/div/section/div[@class='V5AUxf']/div/div[2]/div/div[@id='comp-mkwq7o79']/a","Footer","HTML"
"Hyperlink","https://www.lifeusa.org/post/let-them-play-life-gives-every-child-a-chance-to-be-a-child-at-the-global-orphan-eid-parties","https://donate.lifeusa.org/donorportal/?donate=true","120471","","❤️ Donate Now","200","OK","true","_self","noopener noreferrer","Absolute","//body/div/div/div[@id='site-root']/div/div[@id='soapAfterPagesContainer']/div/div/div[@id='comp-kfwrlg80']/a","Content","HTML"
"Hyperlink","https://www.lifeusa.org/post/let-them-play-life-gives-every-child-a-chance-to-be-a-child-at-the-global-orphan-eid-parties","https://donate.lifeusa.org/donorportal/?donate=true","120471","","❤️ Donate Now","200","OK","true","_self","noopener noreferrer","Absolute","//body/div/div/div[@id='site-root']/div/footer/div[@class='U4Bvut']/div[@class='CJF7A2']/div/div/section/div[@class='V5AUxf']/div/div[2]/div/div[@id='comp-mkwq7o79']/a","Footer","HTML"
"Hyperlink","https://www.lifeusa.org/post/life-provides-emergency-relief-to-gaza","https://donate.lifeusa.org/donorportal/?donate=true","120471","","❤️ Donate Now","200","OK","true","_self","noopener noreferrer","Absolute","//body/div/div/div[@id='site-root']/div/div[@id='soapAfterPagesContainer']/div/div/div[@id='comp-kfwrlg80']/a","Content","HTML"
"Hyperlink","https://www.lifeusa.org/post/life-provides-emergency-relief-to-gaza","https://donate.lifeusa.org/donorportal/?donate=true","120471","","❤️ Donate Now","200","OK","true","_self","noopener noreferrer","Absolute","//body/div/div/div[@id='site-root']/div/footer/div[@class='U4Bvut']/div[@class='CJF7A2']/div/div/section/div[@class='V5AUxf']/div/div[2]/div/div[@id='comp-mkwq7o79']/a","Footer","HTML"
"Hyperlink","https://www.lifeusa.org/post/a-4-year-old-s-bravery-in-gaza-ahmad-s-story","https://donate.lifeusa.org/donorportal/?donate=true","120471","","❤️ Donate Now","200","OK","true","_self","noopener noreferrer","Absolute","//body/div/div/div[@id='site-root']/div/div[@id='soapAfterPagesContainer']/div/div/div[@id='comp-kfwrlg80']/a","Content","HTML"
"Hyperlink","https://www.lifeusa.org/post/a-4-year-old-s-bravery-in-gaza-ahmad-s-story","https://donate.lifeusa.org/donorportal/?donate=true","120471","","❤️ Donate Now","200","OK","true","_self","noopener noreferrer","Absolute","//body/div/div/div[@id='site-root']/div/footer/div[@class='U4Bvut']/div[@class='CJF7A2']/div/div/section/div[@class='V5AUxf']/div/div[2]/div/div[@id='comp-mkwq7o79']/a","Footer","HTML"
"Hyperlink","https://www.lifeusa.org/post/life-provides-emergency-relief-to-gaza-1","https://donate.lifeusa.org/donorportal/?donate=true","120471","","❤️ Donate Now","200","OK","true","_self","noopener noreferrer","Absolute","//body/div/div/div[@id='site-root']/div/div[@id='soapAfterPagesContainer']/div/div/div[@id='comp-kfwrlg80']/a","Content","HTML"
"Hyperlink","https://www.lifeusa.org/post/life-provides-emergency-relief-to-gaza-1","https://donate.lifeusa.org/donorportal/?donate=true","120471","","❤️ Donate Now","200","OK","true","_self","noopener noreferrer","Absolute","//body/div/div/div[@id='site-root']/div/footer/div[@class='U4Bvut']/div[@class='CJF7A2']/div/div/section/div[@class='V5AUxf']/div/div[2]/div/div[@id='comp-mkwq7o79']/a","Footer","HTML"
"Hyperlink","https://www.lifeusa.org/post/gaza-s-daily-bread-life-provides-relief-to-innocent-civilians","https://donate.lifeusa.org/donorportal/?donate=true","120471","","❤️ Donate Now","200","OK","true","_self","noopener noreferrer","Absolute","//body/div/div/div[@id='site-root']/div/div[@id='soapAfterPagesContainer']/div/div/div[@id='comp-kfwrlg80']/a","Content","HTML"
"Hyperlink","https://www.lifeusa.org/post/gaza-s-daily-bread-life-provides-relief-to-innocent-civilians","https://donate.lifeusa.org/donorportal/?donate=true","120471","","❤️ Donate Now","200","OK","true","_self","noopener noreferrer","Absolute","//body/div/div/div[@id='site-root']/div/footer/div[@class='U4Bvut']/div[@class='CJF7A2']/div/div/section/div[@class='V5AUxf']/div/div[2]/div/div[@id='comp-mkwq7o79']/a","Footer","HTML"
"Hyperlink","https://www.lifeusa.org/post/who-will-watch-over-the-orphans-of-gaza","https://donate.lifeusa.org/donorportal/?donate=true","120471","","❤️ Donate Now","200","OK","true","_self","noopener noreferrer","Absolute","//body/div/div/div[@id='site-root']/div/div[@id='soapAfterPagesContainer']/div/div/div[@id='comp-kfwrlg80']/a","Content","HTML"
"Hyperlink","https://www.lifeusa.org/post/who-will-watch-over-the-orphans-of-gaza","https://donate.lifeusa.org/donorportal/?donate=true","120471","","❤️ Donate Now","200","OK","true","_self","noopener noreferrer","Absolute","//body/div/div/div[@id='site-root']/div/footer/div[@class='U4Bvut']/div[@class='CJF7A2']/div/div/section/div[@class='V5AUxf']/div/div[2]/div/div[@id='comp-mkwq7o79']/a","Footer","HTML"
"Hyperlink","https://www.lifeusa.org/post/aiding-in-gaza-s-shelter-crisis","https://donate.lifeusa.org/donorportal/?donate=true","120471","","❤️ Donate Now","200","OK","true","_self","noopener noreferrer","Absolute","//body/div/div/div[@id='site-root']/div/div[@id='soapAfterPagesContainer']/div/div/div[@id='comp-kfwrlg80']/a","Content","HTML"
"Hyperlink","https://www.lifeusa.org/post/aiding-in-gaza-s-shelter-crisis","https://donate.lifeusa.org/donorportal/?donate=true","120471","","❤️ Donate Now","200","OK","true","_self","noopener noreferrer","Absolute","//body/div/div/div[@id='site-root']/div/footer/div[@class='U4Bvut']/div[@class='CJF7A2']/div/div/section/div[@class='V5AUxf']/div/div[2]/div/div[@id='comp-mkwq7o79']/a","Footer","HTML"
"Hyperlink","https://www.lifeusa.org/post/the-leading-causes-of-orphans-today","https://donate.lifeusa.org/donorportal/?donate=true","120471","","❤️ Donate Now","200","OK","true","_self","noopener noreferrer","Absolute","//body/div/div/div[@id='site-root']/div/div[@id='soapAfterPagesContainer']/div/div/div[@id='comp-kfwrlg80']/a","Content","HTML"
"Hyperlink","https://www.lifeusa.org/post/the-leading-causes-of-orphans-today","https://donate.lifeusa.org/donorportal/?donate=true","120471","","❤️ Donate Now","200","OK","true","_self","noopener noreferrer","Absolute","//body/div/div/div[@id='site-root']/div/footer/div[@class='U4Bvut']/div[@class='CJF7A2']/div/div/section/div[@class='V5AUxf']/div/div[2]/div/div[@id='comp-mkwq7o79']/a","Footer","HTML"
"Hyperlink","https://www.lifeusa.org/post/life-for-relief-and-development-life-ambulance-and-distributed-aid-save-countless-lives-after-airs","https://donate.lifeusa.org/donorportal/?donate=true","120471","","❤️ Donate Now","200","OK","true","_self","noopener noreferrer","Absolute","//body/div/div/div[@id='site-root']/div/div[@id='soapAfterPagesContainer']/div/div/div[@id='comp-kfwrlg80']/a","Content","HTML"
"Hyperlink","https://www.lifeusa.org/post/life-for-relief-and-development-life-ambulance-and-distributed-aid-save-countless-lives-after-airs","https://donate.lifeusa.org/donorportal/?donate=true","120471","","❤️ Donate Now","200","OK","true","_self","noopener noreferrer","Absolute","//body/div/div/div[@id='site-root']/div/footer/div[@class='U4Bvut']/div[@class='CJF7A2']/div/div/section/div[@class='V5AUxf']/div/div[2]/div/div[@id='comp-mkwq7o79']/a","Footer","HTML"
"Hyperlink","https://www.lifeusa.org/post/what-causes-earthquakes-and-how-they-affect-people","https://donate.lifeusa.org/donorportal/?donate=true","120471","","❤️ Donate Now","200","OK","true","_self","noopener noreferrer","Absolute","//body/div/div/div[@id='site-root']/div/div[@id='soapAfterPagesContainer']/div/div/div[@id='comp-kfwrlg80']/a","Content","HTML"
"Hyperlink","https://www.lifeusa.org/post/what-causes-earthquakes-and-how-they-affect-people","https://donate.lifeusa.org/donorportal/?donate=true","120471","","❤️ Donate Now","200","OK","true","_self","noopener noreferrer","Absolute","//body/div/div/div[@id='site-root']/div/footer/div[@class='U4Bvut']/div[@class='CJF7A2']/div/div/section/div[@class='V5AUxf']/div/div[2]/div/div[@id='comp-mkwq7o79']/a","Footer","HTML"
"Hyperlink","https://www.lifeusa.org/post/no-assistance-in-their-time-of-need","https://donate.lifeusa.org/donorportal/?donate=true","120471","","❤️ Donate Now","200","OK","true","_self","noopener noreferrer","Absolute","//body/div/div/div[@id='site-root']/div/div[@id='soapAfterPagesContainer']/div/div/div[@id='comp-kfwrlg80']/a","Content","HTML"
"Hyperlink","https://www.lifeusa.org/post/no-assistance-in-their-time-of-need","https://donate.lifeusa.org/donorportal/?donate=true","120471","","❤️ Donate Now","200","OK","true","_self","noopener noreferrer","Absolute","//body/div/div/div[@id='site-root']/div/footer/div[@class='U4Bvut']/div[@class='CJF7A2']/div/div/section/div[@class='V5AUxf']/div/div[2]/div/div[@id='comp-mkwq7o79']/a","Footer","HTML"
"Hyperlink","https://www.lifeusa.org/post/life-s-education-initiatives-in-syria-generate-positive-outcomes-in-enrollment-and-graduation-rate-t","https://donate.lifeusa.org/donorportal/?donate=true","120471","","❤️ Donate Now","200","OK","true","_self","noopener noreferrer","Absolute","//body/div/div/div[@id='site-root']/div/div[@id='soapAfterPagesContainer']/div/div/div[@id='comp-kfwrlg80']/a","Content","HTML"
"Hyperlink","https://www.lifeusa.org/post/life-s-education-initiatives-in-syria-generate-positive-outcomes-in-enrollment-and-graduation-rate-t","https://donate.lifeusa.org/donorportal/?donate=true","120471","","❤️ Donate Now","200","OK","true","_self","noopener noreferrer","Absolute","//body/div/div/div[@id='site-root']/div/footer/div[@class='U4Bvut']/div[@class='CJF7A2']/div/div/section/div[@class='V5AUxf']/div/div[2]/div/div[@id='comp-mkwq7o79']/a","Footer","HTML"
"Hyperlink","https://www.lifeusa.org/post/3-inspiring-ways-to-give-back-to-refugees-this-year","https://donate.lifeusa.org/donorportal/?donate=true","120471","","❤️ Donate Now","200","OK","true","_self","noopener noreferrer","Absolute","//body/div/div/div[@id='site-root']/div/div[@id='soapAfterPagesContainer']/div/div/div[@id='comp-kfwrlg80']/a","Content","HTML"
"Hyperlink","https://www.lifeusa.org/post/3-inspiring-ways-to-give-back-to-refugees-this-year","https://donate.lifeusa.org/donorportal/?donate=true","120471","","❤️ Donate Now","200","OK","true","_self","noopener noreferrer","Absolute","//body/div/div/div[@id='site-root']/div/footer/div[@class='U4Bvut']/div[@class='CJF7A2']/div/div/section/div[@class='V5AUxf']/div/div[2]/div/div[@id='comp-mkwq7o79']/a","Footer","HTML"
"Hyperlink","https://www.lifeusa.org/post/life-promotes-integrative-healthcare-for-rohingya-refugees-with-the-launch-of-vital-eye-care-clinic","https://donate.lifeusa.org/donorportal/?donate=true","120471","","❤️ Donate Now","200","OK","true","_self","noopener noreferrer","Absolute","//body/div/div/div[@id='site-root']/div/div[@id='soapAfterPagesContainer']/div/div/div[@id='comp-kfwrlg80']/a","Content","HTML"
"Hyperlink","https://www.lifeusa.org/post/life-promotes-integrative-healthcare-for-rohingya-refugees-with-the-launch-of-vital-eye-care-clinic","https://donate.lifeusa.org/donorportal/?donate=true","120471","","❤️ Donate Now","200","OK","true","_self","noopener noreferrer","Absolute","//body/div/div/div[@id='site-root']/div/footer/div[@class='U4Bvut']/div[@class='CJF7A2']/div/div/section/div[@class='V5AUxf']/div/div[2]/div/div[@id='comp-mkwq7o79']/a","Footer","HTML"
"Hyperlink","https://www.lifeusa.org/no/tags/mental-health","https://donate.lifeusa.org/donorportal/?donate=true","120471","","❤️ Donate Now","200","OK","true","_self","noopener noreferrer","Absolute","//body/div/div/div[@id='site-root']/div/div[@id='soapAfterPagesContainer']/div/div/div[@id='comp-kfwrlg80']/a","Content","HTML"
"Hyperlink","https://www.lifeusa.org/no/tags/mental-health","https://donate.lifeusa.org/donorportal/?donate=true","120471","","❤️ Donate Now","200","OK","true","_self","noopener noreferrer","Absolute","//body/div/div/div[@id='site-root']/div/footer/div[@class='U4Bvut']/div[@class='CJF7A2']/div/div/section/div[@class='V5AUxf']/div/div[2]/div/div[@id='comp-mkwq7o79']/a","Footer","HTML"
"Hyperlink","https://www.lifeusa.org/no/tags/afghanistan","https://donate.lifeusa.org/donorportal/?donate=true","120471","","❤️ Donate Now","200","OK","true","_self","noopener noreferrer","Absolute","//body/div/div/div[@id='site-root']/div/div[@id='soapAfterPagesContainer']/div/div/div[@id='comp-kfwrlg80']/a","Content","HTML"
"Hyperlink","https://www.lifeusa.org/no/tags/afghanistan","https://donate.lifeusa.org/donorportal/?donate=true","120471","","❤️ Donate Now","200","OK","true","_self","noopener noreferrer","Absolute","//body/div/div/div[@id='site-root']/div/footer/div[@class='U4Bvut']/div[@class='CJF7A2']/div/div/section/div[@class='V5AUxf']/div/div[2]/div/div[@id='comp-mkwq7o79']/a","Footer","HTML"
"Hyperlink","https://www.lifeusa.org/no/tags/earthquake","https://donate.lifeusa.org/donorportal/?donate=true","120471","","❤️ Donate Now","200","OK","true","_self","noopener noreferrer","Absolute","//body/div/div/div[@id='site-root']/div/div[@id='soapAfterPagesContainer']/div/div/div[@id='comp-kfwrlg80']/a","Content","HTML"
"Hyperlink","https://www.lifeusa.org/no/tags/earthquake","https://donate.lifeusa.org/donorportal/?donate=true","120471","","❤️ Donate Now","200","OK","true","_self","noopener noreferrer","Absolute","//body/div/div/div[@id='site-root']/div/footer/div[@class='U4Bvut']/div[@class='CJF7A2']/div/div/section/div[@class='V5AUxf']/div/div[2]/div/div[@id='comp-mkwq7o79']/a","Footer","HTML"
"Hyperlink","https://www.lifeusa.org/no/tags/emergency-relief","https://donate.lifeusa.org/donorportal/?donate=true","120471","","❤️ Donate Now","200","OK","true","_self","noopener noreferrer","Absolute","//body/div/div/div[@id='site-root']/div/div[@id='soapAfterPagesContainer']/div/div/div[@id='comp-kfwrlg80']/a","Content","HTML"
"Hyperlink","https://www.lifeusa.org/no/tags/emergency-relief","https://donate.lifeusa.org/donorportal/?donate=true","120471","","❤️ Donate Now","200","OK","true","_self","noopener noreferrer","Absolute","//body/div/div/div[@id='site-root']/div/footer/div[@class='U4Bvut']/div[@class='CJF7A2']/div/div/section/div[@class='V5AUxf']/div/div[2]/div/div[@id='comp-mkwq7o79']/a","Footer","HTML"
"Hyperlink","https://www.lifeusa.org/no/tags/gaza-1","https://donate.lifeusa.org/donorportal/?donate=true","120471","","❤️ Donate Now","200","OK","true","_self","noopener noreferrer","Absolute","//body/div/div/div[@id='site-root']/div/div[@id='soapAfterPagesContainer']/div/div/div[@id='comp-kfwrlg80']/a","Content","HTML"
"Hyperlink","https://www.lifeusa.org/no/tags/gaza-1","https://donate.lifeusa.org/donorportal/?donate=true","120471","","❤️ Donate Now","200","OK","true","_self","noopener noreferrer","Absolute","//body/div/div/div[@id='site-root']/div/footer/div[@class='U4Bvut']/div[@class='CJF7A2']/div/div/section/div[@class='V5AUxf']/div/div[2]/div/div[@id='comp-mkwq7o79']/a","Footer","HTML"
"Hyperlink","https://www.lifeusa.org/no/tags/water-tanks","https://donate.lifeusa.org/donorportal/?donate=true","120471","","❤️ Donate Now","200","OK","true","_self","noopener noreferrer","Absolute","//body/div/div/div[@id='site-root']/div/div[@id='soapAfterPagesContainer']/div/div/div[@id='comp-kfwrlg80']/a","Content","HTML"
"Hyperlink","https://www.lifeusa.org/no/tags/water-tanks","https://donate.lifeusa.org/donorportal/?donate=true","120471","","❤️ Donate Now","200","OK","true","_self","noopener noreferrer","Absolute","//body/div/div/div[@id='site-root']/div/footer/div[@class='U4Bvut']/div[@class='CJF7A2']/div/div/section/div[@class='V5AUxf']/div/div[2]/div/div[@id='comp-mkwq7o79']/a","Footer","HTML"
"Hyperlink","https://www.lifeusa.org/no/tags/community-development","https://donate.lifeusa.org/donorportal/?donate=true","120471","","❤️ Donate Now","200","OK","true","_self","noopener noreferrer","Absolute","//body/div/div/div[@id='site-root']/div/div[@id='soapAfterPagesContainer']/div/div/div[@id='comp-kfwrlg80']/a","Content","HTML"
"Hyperlink","https://www.lifeusa.org/no/tags/community-development","https://donate.lifeusa.org/donorportal/?donate=true","120471","","❤️ Donate Now","200","OK","true","_self","noopener noreferrer","Absolute","//body/div/div/div[@id='site-root']/div/footer/div[@class='U4Bvut']/div[@class='CJF7A2']/div/div/section/div[@class='V5AUxf']/div/div[2]/div/div[@id='comp-mkwq7o79']/a","Footer","HTML"
"Hyperlink","https://www.lifeusa.org/no/tags/food-baskets","https://donate.lifeusa.org/donorportal/?donate=true","120471","","❤️ Donate Now","200","OK","true","_self","noopener noreferrer","Absolute","//body/div/div/div[@id='site-root']/div/div[@id='soapAfterPagesContainer']/div/div/div[@id='comp-kfwrlg80']/a","Content","HTML"
"Hyperlink","https://www.lifeusa.org/no/tags/food-baskets","https://donate.lifeusa.org/donorportal/?donate=true","120471","","❤️ Donate Now","200","OK","true","_self","noopener noreferrer","Absolute","//body/div/div/div[@id='site-root']/div/footer/div[@class='U4Bvut']/div[@class='CJF7A2']/div/div/section/div[@class='V5AUxf']/div/div[2]/div/div[@id='comp-mkwq7o79']/a","Footer","HTML"
"Hyperlink","https://www.lifeusa.org/no/tags/queen-elizabeth","https://donate.lifeusa.org/donorportal/?donate=true","120471","","❤️ Donate Now","200","OK","true","_self","noopener noreferrer","Absolute","//body/div/div/div[@id='site-root']/div/div[@id='soapAfterPagesContainer']/div/div/div[@id='comp-kfwrlg80']/a","Content","HTML"
"Hyperlink","https://www.lifeusa.org/no/tags/queen-elizabeth","https://donate.lifeusa.org/donorportal/?donate=true","120471","","❤️ Donate Now","200","OK","true","_self","noopener noreferrer","Absolute","//body/div/div/div[@id='site-root']/div/footer/div[@class='U4Bvut']/div[@class='CJF7A2']/div/div/section/div[@class='V5AUxf']/div/div[2]/div/div[@id='comp-mkwq7o79']/a","Footer","HTML"
"Hyperlink","https://www.lifeusa.org/no/tags/fire","https://donate.lifeusa.org/donorportal/?donate=true","120471","","❤️ Donate Now","200","OK","true","_self","noopener noreferrer","Absolute","//body/div/div/div[@id='site-root']/div/div[@id='soapAfterPagesContainer']/div/div/div[@id='comp-kfwrlg80']/a","Content","HTML"
"Hyperlink","https://www.lifeusa.org/no/tags/fire","https://donate.lifeusa.org/donorportal/?donate=true","120471","","❤️ Donate Now","200","OK","true","_self","noopener noreferrer","Absolute","//body/div/div/div[@id='site-root']/div/footer/div[@class='U4Bvut']/div[@class='CJF7A2']/div/div/section/div[@class='V5AUxf']/div/div[2]/div/div[@id='comp-mkwq7o79']/a","Footer","HTML"
"Hyperlink","https://www.lifeusa.org/no/tags/forest-fire","https://donate.lifeusa.org/donorportal/?donate=true","120471","","❤️ Donate Now","200","OK","true","_self","noopener noreferrer","Absolute","//body/div/div/div[@id='site-root']/div/div[@id='soapAfterPagesContainer']/div/div/div[@id='comp-kfwrlg80']/a","Content","HTML"
"Hyperlink","https://www.lifeusa.org/no/tags/forest-fire","https://donate.lifeusa.org/donorportal/?donate=true","120471","","❤️ Donate Now","200","OK","true","_self","noopener noreferrer","Absolute","//body/div/div/div[@id='site-root']/div/footer/div[@class='U4Bvut']/div[@class='CJF7A2']/div/div/section/div[@class='V5AUxf']/div/div[2]/div/div[@id='comp-mkwq7o79']/a","Footer","HTML"
"Hyperlink","https://www.lifeusa.org/no/tags/amazon","https://donate.lifeusa.org/donorportal/?donate=true","120471","","❤️ Donate Now","200","OK","true","_self","noopener noreferrer","Absolute","//body/div/div/div[@id='site-root']/div/div[@id='soapAfterPagesContainer']/div/div/div[@id='comp-kfwrlg80']/a","Content","HTML"
"Hyperlink","https://www.lifeusa.org/no/tags/amazon","https://donate.lifeusa.org/donorportal/?donate=true","120471","","❤️ Donate Now","200","OK","true","_self","noopener noreferrer","Absolute","//body/div/div/div[@id='site-root']/div/footer/div[@class='U4Bvut']/div[@class='CJF7A2']/div/div/section/div[@class='V5AUxf']/div/div[2]/div/div[@id='comp-mkwq7o79']/a","Footer","HTML"
"Hyperlink","https://www.lifeusa.org/no/tags/jeff-bezos","https://donate.lifeusa.org/donorportal/?donate=true","120471","","❤️ Donate Now","200","OK","true","_self","noopener noreferrer","Absolute","//body/div/div/div[@id='site-root']/div/div[@id='soapAfterPagesContainer']/div/div/div[@id='comp-kfwrlg80']/a","Content","HTML"
"Hyperlink","https://www.lifeusa.org/no/tags/jeff-bezos","https://donate.lifeusa.org/donorportal/?donate=true","120471","","❤️ Donate Now","200","OK","true","_self","noopener noreferrer","Absolute","//body/div/div/div[@id='site-root']/div/footer/div[@class='U4Bvut']/div[@class='CJF7A2']/div/div/section/div[@class='V5AUxf']/div/div[2]/div/div[@id='comp-mkwq7o79']/a","Footer","HTML"
"Hyperlink","https://www.lifeusa.org/no/tags/bill-gates","https://donate.lifeusa.org/donorportal/?donate=true","120471","","❤️ Donate Now","200","OK","true","_self","noopener noreferrer","Absolute","//body/div/div/div[@id='site-root']/div/div[@id='soapAfterPagesContainer']/div/div/div[@id='comp-kfwrlg80']/a","Content","HTML"
"Hyperlink","https://www.lifeusa.org/no/tags/bill-gates","https://donate.lifeusa.org/donorportal/?donate=true","120471","","❤️ Donate Now","200","OK","true","_self","noopener noreferrer","Absolute","//body/div/div/div[@id='site-root']/div/footer/div[@class='U4Bvut']/div[@class='CJF7A2']/div/div/section/div[@class='V5AUxf']/div/div[2]/div/div[@id='comp-mkwq7o79']/a","Footer","HTML"
"Hyperlink","https://www.lifeusa.org/no/tags/refugee-assistance","https://donate.lifeusa.org/donorportal/?donate=true","120471","","❤️ Donate Now","200","OK","true","_self","noopener noreferrer","Absolute","//body/div/div/div[@id='site-root']/div/div[@id='soapAfterPagesContainer']/div/div/div[@id='comp-kfwrlg80']/a","Content","HTML"
"Hyperlink","https://www.lifeusa.org/no/tags/refugee-assistance","https://donate.lifeusa.org/donorportal/?donate=true","120471","","❤️ Donate Now","200","OK","true","_self","noopener noreferrer","Absolute","//body/div/div/div[@id='site-root']/div/footer/div[@class='U4Bvut']/div[@class='CJF7A2']/div/div/section/div[@class='V5AUxf']/div/div[2]/div/div[@id='comp-mkwq7o79']/a","Footer","HTML"
"Hyperlink","https://www.lifeusa.org/no/tags/back-to-school","https://donate.lifeusa.org/donorportal/?donate=true","120471","","❤️ Donate Now","200","OK","true","_self","noopener noreferrer","Absolute","//body/div/div/div[@id='site-root']/div/div[@id='soapAfterPagesContainer']/div/div/div[@id='comp-kfwrlg80']/a","Content","HTML"
"Hyperlink","https://www.lifeusa.org/no/tags/back-to-school","https://donate.lifeusa.org/donorportal/?donate=true","120471","","❤️ Donate Now","200","OK","true","_self","noopener noreferrer","Absolute","//body/div/div/div[@id='site-root']/div/footer/div[@class='U4Bvut']/div[@class='CJF7A2']/div/div/section/div[@class='V5AUxf']/div/div[2]/div/div[@id='comp-mkwq7o79']/a","Footer","HTML"
"Hyperlink","https://www.lifeusa.org/no/tags/florida","https://donate.lifeusa.org/donorportal/?donate=true","120471","","❤️ Donate Now","200","OK","true","_self","noopener noreferrer","Absolute","//body/div/div/div[@id='site-root']/div/div[@id='soapAfterPagesContainer']/div/div/div[@id='comp-kfwrlg80']/a","Content","HTML"
"Hyperlink","https://www.lifeusa.org/no/tags/florida","https://donate.lifeusa.org/donorportal/?donate=true","120471","","❤️ Donate Now","200","OK","true","_self","noopener noreferrer","Absolute","//body/div/div/div[@id='site-root']/div/footer/div[@class='U4Bvut']/div[@class='CJF7A2']/div/div/section/div[@class='V5AUxf']/div/div[2]/div/div[@id='comp-mkwq7o79']/a","Footer","HTML"
"Hyperlink","https://www.lifeusa.org/no/tags/hearing-aids","https://donate.lifeusa.org/donorportal/?donate=true","120471","","❤️ Donate Now","200","OK","true","_self","noopener noreferrer","Absolute","//body/div/div/div[@id='site-root']/div/div[@id='soapAfterPagesContainer']/div/div/div[@id='comp-kfwrlg80']/a","Content","HTML"
"Hyperlink","https://www.lifeusa.org/no/tags/hearing-aids","https://donate.lifeusa.org/donorportal/?donate=true","120471","","❤️ Donate Now","200","OK","true","_self","noopener noreferrer","Absolute","//body/div/div/div[@id='site-root']/div/footer/div[@class='U4Bvut']/div[@class='CJF7A2']/div/div/section/div[@class='V5AUxf']/div/div[2]/div/div[@id='comp-mkwq7o79']/a","Footer","HTML"
"Hyperlink","https://www.lifeusa.org/no/tags/texas","https://donate.lifeusa.org/donorportal/?donate=true","120471","","❤️ Donate Now","200","OK","true","_self","noopener noreferrer","Absolute","//body/div/div/div[@id='site-root']/div/div[@id='soapAfterPagesContainer']/div/div/div[@id='comp-kfwrlg80']/a","Content","HTML"
"Hyperlink","https://www.lifeusa.org/no/tags/texas","https://donate.lifeusa.org/donorportal/?donate=true","120471","","❤️ Donate Now","200","OK","true","_self","noopener noreferrer","Absolute","//body/div/div/div[@id='site-root']/div/footer/div[@class='U4Bvut']/div[@class='CJF7A2']/div/div/section/div[@class='V5AUxf']/div/div[2]/div/div[@id='comp-mkwq7o79']/a","Footer","HTML"
"Hyperlink","https://www.lifeusa.org/no/tags/rohingya","https://donate.lifeusa.org/donorportal/?donate=true","120471","","❤️ Donate Now","200","OK","true","_self","noopener noreferrer","Absolute","//body/div/div/div[@id='site-root']/div/div[@id='soapAfterPagesContainer']/div/div/div[@id='comp-kfwrlg80']/a","Content","HTML"
"Hyperlink","https://www.lifeusa.org/no/tags/rohingya","https://donate.lifeusa.org/donorportal/?donate=true","120471","","❤️ Donate Now","200","OK","true","_self","noopener noreferrer","Absolute","//body/div/div/div[@id='site-root']/div/footer/div[@class='U4Bvut']/div[@class='CJF7A2']/div/div/section/div[@class='V5AUxf']/div/div[2]/div/div[@id='comp-mkwq7o79']/a","Footer","HTML"
"Hyperlink","https://www.lifeusa.org/no/tags/health","https://donate.lifeusa.org/donorportal/?donate=true","120471","","❤️ Donate Now","200","OK","true","_self","noopener noreferrer","Absolute","//body/div/div/div[@id='site-root']/div/div[@id='soapAfterPagesContainer']/div/div/div[@id='comp-kfwrlg80']/a","Content","HTML"
"Hyperlink","https://www.lifeusa.org/no/tags/health","https://donate.lifeusa.org/donorportal/?donate=true","120471","","❤️ Donate Now","200","OK","true","_self","noopener noreferrer","Absolute","//body/div/div/div[@id='site-root']/div/footer/div[@class='U4Bvut']/div[@class='CJF7A2']/div/div/section/div[@class='V5AUxf']/div/div[2]/div/div[@id='comp-mkwq7o79']/a","Footer","HTML"
"Hyperlink","https://www.lifeusa.org/no/tags/bangladesh-1","https://donate.lifeusa.org/donorportal/?donate=true","120471","","❤️ Donate Now","200","OK","true","_self","noopener noreferrer","Absolute","//body/div/div/div[@id='site-root']/div/div[@id='soapAfterPagesContainer']/div/div/div[@id='comp-kfwrlg80']/a","Content","HTML"
"Hyperlink","https://www.lifeusa.org/no/tags/bangladesh-1","https://donate.lifeusa.org/donorportal/?donate=true","120471","","❤️ Donate Now","200","OK","true","_self","noopener noreferrer","Absolute","//body/div/div/div[@id='site-root']/div/footer/div[@class='U4Bvut']/div[@class='CJF7A2']/div/div/section/div[@class='V5AUxf']/div/div[2]/div/div[@id='comp-mkwq7o79']/a","Footer","HTML"
"Hyperlink","https://www.lifeusa.org/no/tags/education","https://donate.lifeusa.org/donorportal/?donate=true","120471","","❤️ Donate Now","200","OK","true","_self","noopener noreferrer","Absolute","//body/div/div/div[@id='site-root']/div/div[@id='soapAfterPagesContainer']/div/div/div[@id='comp-kfwrlg80']/a","Content","HTML"
"Hyperlink","https://www.lifeusa.org/no/tags/education","https://donate.lifeusa.org/donorportal/?donate=true","120471","","❤️ Donate Now","200","OK","true","_self","noopener noreferrer","Absolute","//body/div/div/div[@id='site-root']/div/footer/div[@class='U4Bvut']/div[@class='CJF7A2']/div/div/section/div[@class='V5AUxf']/div/div[2]/div/div[@id='comp-mkwq7o79']/a","Footer","HTML"
"Hyperlink","https://www.lifeusa.org/no/tags/life-for-relief-and-development-usa","https://donate.lifeusa.org/donorportal/?donate=true","120471","","❤️ Donate Now","200","OK","true","_self","noopener noreferrer","Absolute","//body/div/div/div[@id='site-root']/div/div[@id='soapAfterPagesContainer']/div/div/div[@id='comp-kfwrlg80']/a","Content","HTML"
"Hyperlink","https://www.lifeusa.org/no/tags/life-for-relief-and-development-usa","https://donate.lifeusa.org/donorportal/?donate=true","120471","","❤️ Donate Now","200","OK","true","_self","noopener noreferrer","Absolute","//body/div/div/div[@id='site-root']/div/footer/div[@class='U4Bvut']/div[@class='CJF7A2']/div/div/section/div[@class='V5AUxf']/div/div[2]/div/div[@id='comp-mkwq7o79']/a","Footer","HTML"
"Hyperlink","https://www.lifeusa.org/no/tags/turkey","https://donate.lifeusa.org/donorportal/?donate=true","120471","","❤️ Donate Now","200","OK","true","_self","noopener noreferrer","Absolute","//body/div/div/div[@id='site-root']/div/div[@id='soapAfterPagesContainer']/div/div/div[@id='comp-kfwrlg80']/a","Content","HTML"
"Hyperlink","https://www.lifeusa.org/no/tags/turkey","https://donate.lifeusa.org/donorportal/?donate=true","120471","","❤️ Donate Now","200","OK","true","_self","noopener noreferrer","Absolute","//body/div/div/div[@id='site-root']/div/footer/div[@class='U4Bvut']/div[@class='CJF7A2']/div/div/section/div[@class='V5AUxf']/div/div[2]/div/div[@id='comp-mkwq7o79']/a","Footer","HTML"
"Hyperlink","https://www.lifeusa.org/no/tags/jordan","https://donate.lifeusa.org/donorportal/?donate=true","120471","","❤️ Donate Now","200","OK","true","_self","noopener noreferrer","Absolute","//body/div/div/div[@id='site-root']/div/div[@id='soapAfterPagesContainer']/div/div/div[@id='comp-kfwrlg80']/a","Content","HTML"
"Hyperlink","https://www.lifeusa.org/no/tags/jordan","https://donate.lifeusa.org/donorportal/?donate=true","120471","","❤️ Donate Now","200","OK","true","_self","noopener noreferrer","Absolute","//body/div/div/div[@id='site-root']/div/footer/div[@class='U4Bvut']/div[@class='CJF7A2']/div/div/section/div[@class='V5AUxf']/div/div[2]/div/div[@id='comp-mkwq7o79']/a","Footer","HTML"
"Hyperlink","https://www.lifeusa.org/post/creating-beautiful-tomorrows-in-orphans-today","https://donate.lifeusa.org/donorportal/?donate=true","120471","","❤️ Donate Now","200","OK","true","_self","noopener noreferrer","Absolute","//body/div/div/div[@id='site-root']/div/div[@id='soapAfterPagesContainer']/div/div/div[@id='comp-kfwrlg80']/a","Content","HTML"
"Hyperlink","https://www.lifeusa.org/post/creating-beautiful-tomorrows-in-orphans-today","https://donate.lifeusa.org/donorportal/?donate=true","120471","","❤️ Donate Now","200","OK","true","_self","noopener noreferrer","Absolute","//body/div/div/div[@id='site-root']/div/footer/div[@class='U4Bvut']/div[@class='CJF7A2']/div/div/section/div[@class='V5AUxf']/div/div[2]/div/div[@id='comp-mkwq7o79']/a","Footer","HTML"
"Hyperlink","https://www.lifeusa.org/post/life-distributes-udhiyah-meat-in-jordan","https://donate.lifeusa.org/donorportal/?donate=true","120471","","❤️ Donate Now","200","OK","true","_self","noopener noreferrer","Absolute","//body/div/div/div[@id='site-root']/div/div[@id='soapAfterPagesContainer']/div/div/div[@id='comp-kfwrlg80']/a","Content","HTML"
"Hyperlink","https://www.lifeusa.org/post/life-distributes-udhiyah-meat-in-jordan","https://donate.lifeusa.org/donorportal/?donate=true","120471","","❤️ Donate Now","200","OK","true","_self","noopener noreferrer","Absolute","//body/div/div/div[@id='site-root']/div/footer/div[@class='U4Bvut']/div[@class='CJF7A2']/div/div/section/div[@class='V5AUxf']/div/div[2]/div/div[@id='comp-mkwq7o79']/a","Footer","HTML"
"Hyperlink","https://www.lifeusa.org/post/life-s-orphan-sponsorship-program-in-lebanon-and-jordan","https://donate.lifeusa.org/donorportal/?donate=true","120471","","❤️ Donate Now","200","OK","true","_self","noopener noreferrer","Absolute","//body/div/div/div[@id='site-root']/div/div[@id='soapAfterPagesContainer']/div/div/div[@id='comp-kfwrlg80']/a","Content","HTML"
"Hyperlink","https://www.lifeusa.org/post/life-s-orphan-sponsorship-program-in-lebanon-and-jordan","https://donate.lifeusa.org/donorportal/?donate=true","120471","","❤️ Donate Now","200","OK","true","_self","noopener noreferrer","Absolute","//body/div/div/div[@id='site-root']/div/footer/div[@class='U4Bvut']/div[@class='CJF7A2']/div/div/section/div[@class='V5AUxf']/div/div[2]/div/div[@id='comp-mkwq7o79']/a","Footer","HTML"
"Hyperlink","https://www.lifeusa.org/post/education-is-emancipation-empowering-women-today","https://donate.lifeusa.org/donorportal/?donate=true","120471","","❤️ Donate Now","200","OK","true","_self","noopener noreferrer","Absolute","//body/div/div/div[@id='site-root']/div/div[@id='soapAfterPagesContainer']/div/div/div[@id='comp-kfwrlg80']/a","Content","HTML"
"Hyperlink","https://www.lifeusa.org/post/education-is-emancipation-empowering-women-today","https://donate.lifeusa.org/donorportal/?donate=true","120471","","❤️ Donate Now","200","OK","true","_self","noopener noreferrer","Absolute","//body/div/div/div[@id='site-root']/div/footer/div[@class='U4Bvut']/div[@class='CJF7A2']/div/div/section/div[@class='V5AUxf']/div/div[2]/div/div[@id='comp-mkwq7o79']/a","Footer","HTML"
"Hyperlink","https://www.lifeusa.org/no/tags/orphan","https://donate.lifeusa.org/donorportal/?donate=true","120471","","❤️ Donate Now","200","OK","true","_self","noopener noreferrer","Absolute","//body/div/div/div[@id='site-root']/div/div[@id='soapAfterPagesContainer']/div/div/div[@id='comp-kfwrlg80']/a","Content","HTML"
"Hyperlink","https://www.lifeusa.org/no/tags/orphan","https://donate.lifeusa.org/donorportal/?donate=true","120471","","❤️ Donate Now","200","OK","true","_self","noopener noreferrer","Absolute","//body/div/div/div[@id='site-root']/div/footer/div[@class='U4Bvut']/div[@class='CJF7A2']/div/div/section/div[@class='V5AUxf']/div/div[2]/div/div[@id='comp-mkwq7o79']/a","Footer","HTML"
"Hyperlink","https://www.lifeusa.org/post/hearing-the-call-louisiana","https://donate.lifeusa.org/donorportal/?donate=true","120471","","❤️ Donate Now","200","OK","true","_self","noopener noreferrer","Absolute","//body/div/div/div[@id='site-root']/div/div[@id='soapAfterPagesContainer']/div/div/div[@id='comp-kfwrlg80']/a","Content","HTML"
"Hyperlink","https://www.lifeusa.org/post/hearing-the-call-louisiana","https://donate.lifeusa.org/donorportal/?donate=true","120471","","❤️ Donate Now","200","OK","true","_self","noopener noreferrer","Absolute","//body/div/div/div[@id='site-root']/div/footer/div[@class='U4Bvut']/div[@class='CJF7A2']/div/div/section/div[@class='V5AUxf']/div/div[2]/div/div[@id='comp-mkwq7o79']/a","Footer","HTML"
"Hyperlink","https://www.lifeusa.org/post/back-to-school-in-kenya","https://donate.lifeusa.org/donorportal/?donate=true","120471","","❤️ Donate Now","200","OK","true","_self","noopener noreferrer","Absolute","//body/div/div/div[@id='site-root']/div/div[@id='soapAfterPagesContainer']/div/div/div[@id='comp-kfwrlg80']/a","Content","HTML"
"Hyperlink","https://www.lifeusa.org/post/back-to-school-in-kenya","https://donate.lifeusa.org/donorportal/?donate=true","120471","","❤️ Donate Now","200","OK","true","_self","noopener noreferrer","Absolute","//body/div/div/div[@id='site-root']/div/footer/div[@class='U4Bvut']/div[@class='CJF7A2']/div/div/section/div[@class='V5AUxf']/div/div[2]/div/div[@id='comp-mkwq7o79']/a","Footer","HTML"
"Hyperlink","https://www.lifeusa.org/post/back-to-school-project-haiti","https://donate.lifeusa.org/donorportal/?donate=true","120471","","❤️ Donate Now","200","OK","true","_self","noopener noreferrer","Absolute","//body/div/div/div[@id='site-root']/div/div[@id='soapAfterPagesContainer']/div/div/div[@id='comp-kfwrlg80']/a","Content","HTML"
"Hyperlink","https://www.lifeusa.org/post/back-to-school-project-haiti","https://donate.lifeusa.org/donorportal/?donate=true","120471","","❤️ Donate Now","200","OK","true","_self","noopener noreferrer","Absolute","//body/div/div/div[@id='site-root']/div/footer/div[@class='U4Bvut']/div[@class='CJF7A2']/div/div/section/div[@class='V5AUxf']/div/div[2]/div/div[@id='comp-mkwq7o79']/a","Footer","HTML"
"Hyperlink","https://www.lifeusa.org/post/back-to-school-iraq","https://donate.lifeusa.org/donorportal/?donate=true","120471","","❤️ Donate Now","200","OK","true","_self","noopener noreferrer","Absolute","//body/div/div/div[@id='site-root']/div/div[@id='soapAfterPagesContainer']/div/div/div[@id='comp-kfwrlg80']/a","Content","HTML"
"Hyperlink","https://www.lifeusa.org/post/back-to-school-iraq","https://donate.lifeusa.org/donorportal/?donate=true","120471","","❤️ Donate Now","200","OK","true","_self","noopener noreferrer","Absolute","//body/div/div/div[@id='site-root']/div/footer/div[@class='U4Bvut']/div[@class='CJF7A2']/div/div/section/div[@class='V5AUxf']/div/div[2]/div/div[@id='comp-mkwq7o79']/a","Footer","HTML"
"Hyperlink","https://www.lifeusa.org/post/food-baskets-in-bangladesh","https://donate.lifeusa.org/donorportal/?donate=true","120471","","❤️ Donate Now","200","OK","true","_self","noopener noreferrer","Absolute","//body/div/div/div[@id='site-root']/div/div[@id='soapAfterPagesContainer']/div/div/div[@id='comp-kfwrlg80']/a","Content","HTML"
"Hyperlink","https://www.lifeusa.org/post/food-baskets-in-bangladesh","https://donate.lifeusa.org/donorportal/?donate=true","120471","","❤️ Donate Now","200","OK","true","_self","noopener noreferrer","Absolute","//body/div/div/div[@id='site-root']/div/footer/div[@class='U4Bvut']/div[@class='CJF7A2']/div/div/section/div[@class='V5AUxf']/div/div[2]/div/div[@id='comp-mkwq7o79']/a","Footer","HTML"
"Hyperlink","https://www.lifeusa.org/post/the-story-of-resilience-and-hope-life-brings-joy-to-al-islah-village-in-iraq","https://donate.lifeusa.org/donorportal/?donate=true","120471","","❤️ Donate Now","200","OK","true","_self","noopener noreferrer","Absolute","//body/div/div/div[@id='site-root']/div/div[@id='soapAfterPagesContainer']/div/div/div[@id='comp-kfwrlg80']/a","Content","HTML"
"Hyperlink","https://www.lifeusa.org/post/the-story-of-resilience-and-hope-life-brings-joy-to-al-islah-village-in-iraq","https://donate.lifeusa.org/donorportal/?donate=true","120471","","❤️ Donate Now","200","OK","true","_self","noopener noreferrer","Absolute","//body/div/div/div[@id='site-root']/div/footer/div[@class='U4Bvut']/div[@class='CJF7A2']/div/div/section/div[@class='V5AUxf']/div/div[2]/div/div[@id='comp-mkwq7o79']/a","Footer","HTML"
"Hyperlink","https://www.lifeusa.org/post/life-distributes-ramadan-food-baskets-in-lebanon","https://donate.lifeusa.org/donorportal/?donate=true","120471","","❤️ Donate Now","200","OK","true","_self","noopener noreferrer","Absolute","//body/div/div/div[@id='site-root']/div/div[@id='soapAfterPagesContainer']/div/div/div[@id='comp-kfwrlg80']/a","Content","HTML"
"Hyperlink","https://www.lifeusa.org/post/life-distributes-ramadan-food-baskets-in-lebanon","https://donate.lifeusa.org/donorportal/?donate=true","120471","","❤️ Donate Now","200","OK","true","_self","noopener noreferrer","Absolute","//body/div/div/div[@id='site-root']/div/footer/div[@class='U4Bvut']/div[@class='CJF7A2']/div/div/section/div[@class='V5AUxf']/div/div[2]/div/div[@id='comp-mkwq7o79']/a","Footer","HTML"
"Hyperlink","https://www.lifeusa.org/post/discovering-ramadan-2024-fasting-charity-and-spiritual-nourishment","https://donate.lifeusa.org/donorportal/?donate=true","120471","","❤️ Donate Now","200","OK","true","_self","noopener noreferrer","Absolute","//body/div/div/div[@id='site-root']/div/div[@id='soapAfterPagesContainer']/div/div/div[@id='comp-kfwrlg80']/a","Content","HTML"
"Hyperlink","https://www.lifeusa.org/post/discovering-ramadan-2024-fasting-charity-and-spiritual-nourishment","https://donate.lifeusa.org/donorportal/?donate=true","120471","","❤️ Donate Now","200","OK","true","_self","noopener noreferrer","Absolute","//body/div/div/div[@id='site-root']/div/footer/div[@class='U4Bvut']/div[@class='CJF7A2']/div/div/section/div[@class='V5AUxf']/div/div[2]/div/div[@id='comp-mkwq7o79']/a","Footer","HTML"
"Hyperlink","https://www.lifeusa.org/post/united-against-hunger-life-for-relief-and-development-s-life-global-expansion-is-set-to-feed-mill","https://donate.lifeusa.org/donorportal/?donate=true","120471","","❤️ Donate Now","200","OK","true","_self","noopener noreferrer","Absolute","//body/div/div/div[@id='site-root']/div/div[@id='soapAfterPagesContainer']/div/div/div[@id='comp-kfwrlg80']/a","Content","HTML"
"Hyperlink","https://www.lifeusa.org/post/united-against-hunger-life-for-relief-and-development-s-life-global-expansion-is-set-to-feed-mill","https://donate.lifeusa.org/donorportal/?donate=true","120471","","❤️ Donate Now","200","OK","true","_self","noopener noreferrer","Absolute","//body/div/div/div[@id='site-root']/div/footer/div[@class='U4Bvut']/div[@class='CJF7A2']/div/div/section/div[@class='V5AUxf']/div/div[2]/div/div[@id='comp-mkwq7o79']/a","Footer","HTML"
"Hyperlink","https://www.lifeusa.org/post/life-distributes-ramadan-food-baskets-in-the-horn-of-africa","https://donate.lifeusa.org/donorportal/?donate=true","120471","","❤️ Donate Now","200","OK","true","_self","noopener noreferrer","Absolute","//body/div/div/div[@id='site-root']/div/div[@id='soapAfterPagesContainer']/div/div/div[@id='comp-kfwrlg80']/a","Content","HTML"
"Hyperlink","https://www.lifeusa.org/post/life-distributes-ramadan-food-baskets-in-the-horn-of-africa","https://donate.lifeusa.org/donorportal/?donate=true","120471","","❤️ Donate Now","200","OK","true","_self","noopener noreferrer","Absolute","//body/div/div/div[@id='site-root']/div/footer/div[@class='U4Bvut']/div[@class='CJF7A2']/div/div/section/div[@class='V5AUxf']/div/div[2]/div/div[@id='comp-mkwq7o79']/a","Footer","HTML"
"Hyperlink","https://www.lifeusa.org/post/life-distributes-food-baskets-during-ramadan-in-bosnia","https://donate.lifeusa.org/donorportal/?donate=true","120471","","❤️ Donate Now","200","OK","true","_self","noopener noreferrer","Absolute","//body/div/div/div[@id='site-root']/div/div[@id='soapAfterPagesContainer']/div/div/div[@id='comp-kfwrlg80']/a","Content","HTML"
"Hyperlink","https://www.lifeusa.org/post/life-distributes-food-baskets-during-ramadan-in-bosnia","https://donate.lifeusa.org/donorportal/?donate=true","120471","","❤️ Donate Now","200","OK","true","_self","noopener noreferrer","Absolute","//body/div/div/div[@id='site-root']/div/footer/div[@class='U4Bvut']/div[@class='CJF7A2']/div/div/section/div[@class='V5AUxf']/div/div[2]/div/div[@id='comp-mkwq7o79']/a","Footer","HTML"
"Hyperlink","https://www.lifeusa.org/post/life-distributes-ramadan-food-baskets-in-haiti","https://donate.lifeusa.org/donorportal/?donate=true","120471","","❤️ Donate Now","200","OK","true","_self","noopener noreferrer","Absolute","//body/div/div/div[@id='site-root']/div/div[@id='soapAfterPagesContainer']/div/div/div[@id='comp-kfwrlg80']/a","Content","HTML"
"Hyperlink","https://www.lifeusa.org/post/life-distributes-ramadan-food-baskets-in-haiti","https://donate.lifeusa.org/donorportal/?donate=true","120471","","❤️ Donate Now","200","OK","true","_self","noopener noreferrer","Absolute","//body/div/div/div[@id='site-root']/div/footer/div[@class='U4Bvut']/div[@class='CJF7A2']/div/div/section/div[@class='V5AUxf']/div/div[2]/div/div[@id='comp-mkwq7o79']/a","Footer","HTML"
"Hyperlink","https://www.lifeusa.org/post/life-provides-food-baskets-to-orphans-in-iraq","https://donate.lifeusa.org/donorportal/?donate=true","120471","","❤️ Donate Now","200","OK","true","_self","noopener noreferrer","Absolute","//body/div/div/div[@id='site-root']/div/div[@id='soapAfterPagesContainer']/div/div/div[@id='comp-kfwrlg80']/a","Content","HTML"
"Hyperlink","https://www.lifeusa.org/post/life-provides-food-baskets-to-orphans-in-iraq","https://donate.lifeusa.org/donorportal/?donate=true","120471","","❤️ Donate Now","200","OK","true","_self","noopener noreferrer","Absolute","//body/div/div/div[@id='site-root']/div/footer/div[@class='U4Bvut']/div[@class='CJF7A2']/div/div/section/div[@class='V5AUxf']/div/div[2]/div/div[@id='comp-mkwq7o79']/a","Footer","HTML"
"Hyperlink","https://www.lifeusa.org/post/why-giving-makes-you-wealthier","https://donate.lifeusa.org/donorportal/?donate=true","120471","","❤️ Donate Now","200","OK","true","_self","noopener noreferrer","Absolute","//body/div/div/div[@id='site-root']/div/div[@id='soapAfterPagesContainer']/div/div/div[@id='comp-kfwrlg80']/a","Content","HTML"
"Hyperlink","https://www.lifeusa.org/post/why-giving-makes-you-wealthier","https://donate.lifeusa.org/donorportal/?donate=true","120471","","❤️ Donate Now","200","OK","true","_self","noopener noreferrer","Absolute","//body/div/div/div[@id='site-root']/div/footer/div[@class='U4Bvut']/div[@class='CJF7A2']/div/div/section/div[@class='V5AUxf']/div/div[2]/div/div[@id='comp-mkwq7o79']/a","Footer","HTML"
"Hyperlink","https://www.lifeusa.org/post/sports-field-rehabilitation-in-iraq","https://donate.lifeusa.org/donorportal/?donate=true","120471","","❤️ Donate Now","200","OK","true","_self","noopener noreferrer","Absolute","//body/div/div/div[@id='site-root']/div/div[@id='soapAfterPagesContainer']/div/div/div[@id='comp-kfwrlg80']/a","Content","HTML"
"Hyperlink","https://www.lifeusa.org/post/sports-field-rehabilitation-in-iraq","https://donate.lifeusa.org/donorportal/?donate=true","120471","","❤️ Donate Now","200","OK","true","_self","noopener noreferrer","Absolute","//body/div/div/div[@id='site-root']/div/footer/div[@class='U4Bvut']/div[@class='CJF7A2']/div/div/section/div[@class='V5AUxf']/div/div[2]/div/div[@id='comp-mkwq7o79']/a","Footer","HTML"
"Hyperlink","https://www.lifeusa.org/post/furniture-for-new-horizon-s-ministries","https://donate.lifeusa.org/donorportal/?donate=true","120471","","❤️ Donate Now","200","OK","true","_self","noopener noreferrer","Absolute","//body/div/div/div[@id='site-root']/div/div[@id='soapAfterPagesContainer']/div/div/div[@id='comp-kfwrlg80']/a","Content","HTML"
"Hyperlink","https://www.lifeusa.org/post/furniture-for-new-horizon-s-ministries","https://donate.lifeusa.org/donorportal/?donate=true","120471","","❤️ Donate Now","200","OK","true","_self","noopener noreferrer","Absolute","//body/div/div/div[@id='site-root']/div/footer/div[@class='U4Bvut']/div[@class='CJF7A2']/div/div/section/div[@class='V5AUxf']/div/div[2]/div/div[@id='comp-mkwq7o79']/a","Footer","HTML"
"Hyperlink","https://www.lifeusa.org/post/unprecedented-flooding-in-libya-a-call-for-global-solidarity-and-action","https://donate.lifeusa.org/donorportal/?donate=true","120471","","❤️ Donate Now","200","OK","true","_self","noopener noreferrer","Absolute","//body/div/div/div[@id='site-root']/div/div[@id='soapAfterPagesContainer']/div/div/div[@id='comp-kfwrlg80']/a","Content","HTML"
"Hyperlink","https://www.lifeusa.org/post/unprecedented-flooding-in-libya-a-call-for-global-solidarity-and-action","https://donate.lifeusa.org/donorportal/?donate=true","120471","","❤️ Donate Now","200","OK","true","_self","noopener noreferrer","Absolute","//body/div/div/div[@id='site-root']/div/footer/div[@class='U4Bvut']/div[@class='CJF7A2']/div/div/section/div[@class='V5AUxf']/div/div[2]/div/div[@id='comp-mkwq7o79']/a","Footer","HTML"
"Hyperlink","https://www.lifeusa.org/post/how-your-donations-are-reaching-gaza-s-desperate-families-despite-all-odds","https://donate.lifeusa.org/donorportal/?donate=true","120471","","❤️ Donate Now","200","OK","true","_self","noopener noreferrer","Absolute","//body/div/div/div[@id='site-root']/div/div[@id='soapAfterPagesContainer']/div/div/div[@id='comp-kfwrlg80']/a","Content","HTML"
"Hyperlink","https://www.lifeusa.org/post/how-your-donations-are-reaching-gaza-s-desperate-families-despite-all-odds","https://donate.lifeusa.org/donorportal/?donate=true","120471","","❤️ Donate Now","200","OK","true","_self","noopener noreferrer","Absolute","//body/div/div/div[@id='site-root']/div/footer/div[@class='U4Bvut']/div[@class='CJF7A2']/div/div/section/div[@class='V5AUxf']/div/div[2]/div/div[@id='comp-mkwq7o79']/a","Footer","HTML"
"Hyperlink","https://www.lifeusa.org/post/what-to-expect-and-how-to-prepare-for-hurricane-ian","https://donate.lifeusa.org/donorportal/?donate=true","120471","","❤️ Donate Now","200","OK","true","_self","noopener noreferrer","Absolute","//body/div/div/div[@id='site-root']/div/div[@id='soapAfterPagesContainer']/div/div/div[@id='comp-kfwrlg80']/a","Content","HTML"
"Hyperlink","https://www.lifeusa.org/post/what-to-expect-and-how-to-prepare-for-hurricane-ian","https://donate.lifeusa.org/donorportal/?donate=true","120471","","❤️ Donate Now","200","OK","true","_self","noopener noreferrer","Absolute","//body/div/div/div[@id='site-root']/div/footer/div[@class='U4Bvut']/div[@class='CJF7A2']/div/div/section/div[@class='V5AUxf']/div/div[2]/div/div[@id='comp-mkwq7o79']/a","Footer","HTML"
"Hyperlink","https://www.lifeusa.org/post/eastern-africa-is-on-fire","https://donate.lifeusa.org/donorportal/?donate=true","120471","","❤️ Donate Now","200","OK","true","_self","noopener noreferrer","Absolute","//body/div/div/div[@id='site-root']/div/div[@id='soapAfterPagesContainer']/div/div/div[@id='comp-kfwrlg80']/a","Content","HTML"
"Hyperlink","https://www.lifeusa.org/post/eastern-africa-is-on-fire","https://donate.lifeusa.org/donorportal/?donate=true","120471","","❤️ Donate Now","200","OK","true","_self","noopener noreferrer","Absolute","//body/div/div/div[@id='site-root']/div/footer/div[@class='U4Bvut']/div[@class='CJF7A2']/div/div/section/div[@class='V5AUxf']/div/div[2]/div/div[@id='comp-mkwq7o79']/a","Footer","HTML"
"Hyperlink","https://www.lifeusa.org/post/stuck-between-burning-fire-and-freezing-ice","https://donate.lifeusa.org/donorportal/?donate=true","120471","","❤️ Donate Now","200","OK","true","_self","noopener noreferrer","Absolute","//body/div/div/div[@id='site-root']/div/div[@id='soapAfterPagesContainer']/div/div/div[@id='comp-kfwrlg80']/a","Content","HTML"
"Hyperlink","https://www.lifeusa.org/post/stuck-between-burning-fire-and-freezing-ice","https://donate.lifeusa.org/donorportal/?donate=true","120471","","❤️ Donate Now","200","OK","true","_self","noopener noreferrer","Absolute","//body/div/div/div[@id='site-root']/div/footer/div[@class='U4Bvut']/div[@class='CJF7A2']/div/div/section/div[@class='V5AUxf']/div/div[2]/div/div[@id='comp-mkwq7o79']/a","Footer","HTML"
"Hyperlink","https://www.lifeusa.org/post/be-the-light-this-thanksgiving","https://donate.lifeusa.org/donorportal/?donate=true","120471","","❤️ Donate Now","200","OK","true","_self","noopener noreferrer","Absolute","//body/div/div/div[@id='site-root']/div/div[@id='soapAfterPagesContainer']/div/div/div[@id='comp-kfwrlg80']/a","Content","HTML"
"Hyperlink","https://www.lifeusa.org/post/be-the-light-this-thanksgiving","https://donate.lifeusa.org/donorportal/?donate=true","120471","","❤️ Donate Now","200","OK","true","_self","noopener noreferrer","Absolute","//body/div/div/div[@id='site-root']/div/footer/div[@class='U4Bvut']/div[@class='CJF7A2']/div/div/section/div[@class='V5AUxf']/div/div[2]/div/div[@id='comp-mkwq7o79']/a","Footer","HTML"
"Hyperlink","https://www.lifeusa.org/post/behind-the-label-refugee","https://donate.lifeusa.org/donorportal/?donate=true","120471","","❤️ Donate Now","200","OK","true","_self","noopener noreferrer","Absolute","//body/div/div/div[@id='site-root']/div/div[@id='soapAfterPagesContainer']/div/div/div[@id='comp-kfwrlg80']/a","Content","HTML"
"Hyperlink","https://www.lifeusa.org/post/behind-the-label-refugee","https://donate.lifeusa.org/donorportal/?donate=true","120471","","❤️ Donate Now","200","OK","true","_self","noopener noreferrer","Absolute","//body/div/div/div[@id='site-root']/div/footer/div[@class='U4Bvut']/div[@class='CJF7A2']/div/div/section/div[@class='V5AUxf']/div/div[2]/div/div[@id='comp-mkwq7o79']/a","Footer","HTML"
"Hyperlink","https://www.lifeusa.org/no/tags/thanksgiving","https://donate.lifeusa.org/donorportal/?donate=true","120471","","❤️ Donate Now","200","OK","true","_self","noopener noreferrer","Absolute","//body/div/div/div[@id='site-root']/div/div[@id='soapAfterPagesContainer']/div/div/div[@id='comp-kfwrlg80']/a","Content","HTML"
"Hyperlink","https://www.lifeusa.org/no/tags/thanksgiving","https://donate.lifeusa.org/donorportal/?donate=true","120471","","❤️ Donate Now","200","OK","true","_self","noopener noreferrer","Absolute","//body/div/div/div[@id='site-root']/div/footer/div[@class='U4Bvut']/div[@class='CJF7A2']/div/div/section/div[@class='V5AUxf']/div/div[2]/div/div[@id='comp-mkwq7o79']/a","Footer","HTML"
"Hyperlink","https://www.lifeusa.org/no/tags/winter-warmth","https://donate.lifeusa.org/donorportal/?donate=true","120471","","❤️ Donate Now","200","OK","true","_self","noopener noreferrer","Absolute","//body/div/div/div[@id='site-root']/div/div[@id='soapAfterPagesContainer']/div/div/div[@id='comp-kfwrlg80']/a","Content","HTML"
"Hyperlink","https://www.lifeusa.org/no/tags/winter-warmth","https://donate.lifeusa.org/donorportal/?donate=true","120471","","❤️ Donate Now","200","OK","true","_self","noopener noreferrer","Absolute","//body/div/div/div[@id='site-root']/div/footer/div[@class='U4Bvut']/div[@class='CJF7A2']/div/div/section/div[@class='V5AUxf']/div/div[2]/div/div[@id='comp-mkwq7o79']/a","Footer","HTML"
"Hyperlink","https://www.lifeusa.org/post/life-distributes-udhiyah-meat-in-afghanistan","https://donate.lifeusa.org/donorportal/?donate=true","120471","","❤️ Donate Now","200","OK","true","_self","noopener noreferrer","Absolute","//body/div/div/div[@id='site-root']/div/div[@id='soapAfterPagesContainer']/div/div/div[@id='comp-kfwrlg80']/a","Content","HTML"
"Hyperlink","https://www.lifeusa.org/post/life-distributes-udhiyah-meat-in-afghanistan","https://donate.lifeusa.org/donorportal/?donate=true","120471","","❤️ Donate Now","200","OK","true","_self","noopener noreferrer","Absolute","//body/div/div/div[@id='site-root']/div/footer/div[@class='U4Bvut']/div[@class='CJF7A2']/div/div/section/div[@class='V5AUxf']/div/div[2]/div/div[@id='comp-mkwq7o79']/a","Footer","HTML"
"Hyperlink","https://www.lifeusa.org/no/tags/somalia-1","https://donate.lifeusa.org/donorportal/?donate=true","120471","","❤️ Donate Now","200","OK","true","_self","noopener noreferrer","Absolute","//body/div/div/div[@id='site-root']/div/div[@id='soapAfterPagesContainer']/div/div/div[@id='comp-kfwrlg80']/a","Content","HTML"
"Hyperlink","https://www.lifeusa.org/no/tags/somalia-1","https://donate.lifeusa.org/donorportal/?donate=true","120471","","❤️ Donate Now","200","OK","true","_self","noopener noreferrer","Absolute","//body/div/div/div[@id='site-root']/div/footer/div[@class='U4Bvut']/div[@class='CJF7A2']/div/div/section/div[@class='V5AUxf']/div/div[2]/div/div[@id='comp-mkwq7o79']/a","Footer","HTML"
"Hyperlink","https://www.lifeusa.org/no/tags/seasonal-projects","https://donate.lifeusa.org/donorportal/?donate=true","120471","","❤️ Donate Now","200","OK","true","_self","noopener noreferrer","Absolute","//body/div/div/div[@id='site-root']/div/div[@id='soapAfterPagesContainer']/div/div/div[@id='comp-kfwrlg80']/a","Content","HTML"
"Hyperlink","https://www.lifeusa.org/no/tags/seasonal-projects","https://donate.lifeusa.org/donorportal/?donate=true","120471","","❤️ Donate Now","200","OK","true","_self","noopener noreferrer","Absolute","//body/div/div/div[@id='site-root']/div/footer/div[@class='U4Bvut']/div[@class='CJF7A2']/div/div/section/div[@class='V5AUxf']/div/div[2]/div/div[@id='comp-mkwq7o79']/a","Footer","HTML"
"Hyperlink","https://www.lifeusa.org/no/tags/hurricane-ian","https://donate.lifeusa.org/donorportal/?donate=true","120471","","❤️ Donate Now","200","OK","true","_self","noopener noreferrer","Absolute","//body/div/div/div[@id='site-root']/div/div[@id='soapAfterPagesContainer']/div/div/div[@id='comp-kfwrlg80']/a","Content","HTML"
"Hyperlink","https://www.lifeusa.org/no/tags/hurricane-ian","https://donate.lifeusa.org/donorportal/?donate=true","120471","","❤️ Donate Now","200","OK","true","_self","noopener noreferrer","Absolute","//body/div/div/div[@id='site-root']/div/footer/div[@class='U4Bvut']/div[@class='CJF7A2']/div/div/section/div[@class='V5AUxf']/div/div[2]/div/div[@id='comp-mkwq7o79']/a","Footer","HTML"
"Hyperlink","https://www.lifeusa.org/no/tags/hurricane","https://donate.lifeusa.org/donorportal/?donate=true","120471","","❤️ Donate Now","200","OK","true","_self","noopener noreferrer","Absolute","//body/div/div/div[@id='site-root']/div/div[@id='soapAfterPagesContainer']/div/div/div[@id='comp-kfwrlg80']/a","Content","HTML"
"Hyperlink","https://www.lifeusa.org/no/tags/hurricane","https://donate.lifeusa.org/donorportal/?donate=true","120471","","❤️ Donate Now","200","OK","true","_self","noopener noreferrer","Absolute","//body/div/div/div[@id='site-root']/div/footer/div[@class='U4Bvut']/div[@class='CJF7A2']/div/div/section/div[@class='V5AUxf']/div/div[2]/div/div[@id='comp-mkwq7o79']/a","Footer","HTML"
"Hyperlink","https://www.lifeusa.org/no/tags/charity-builds-wealth","https://donate.lifeusa.org/donorportal/?donate=true","120471","","❤️ Donate Now","200","OK","true","_self","noopener noreferrer","Absolute","//body/div/div/div[@id='site-root']/div/div[@id='soapAfterPagesContainer']/div/div/div[@id='comp-kfwrlg80']/a","Content","HTML"
"Hyperlink","https://www.lifeusa.org/no/tags/charity-builds-wealth","https://donate.lifeusa.org/donorportal/?donate=true","120471","","❤️ Donate Now","200","OK","true","_self","noopener noreferrer","Absolute","//body/div/div/div[@id='site-root']/div/footer/div[@class='U4Bvut']/div[@class='CJF7A2']/div/div/section/div[@class='V5AUxf']/div/div[2]/div/div[@id='comp-mkwq7o79']/a","Footer","HTML"
"Hyperlink","https://www.lifeusa.org/no/tags/iraq-1","https://donate.lifeusa.org/donorportal/?donate=true","120471","","❤️ Donate Now","200","OK","true","_self","noopener noreferrer","Absolute","//body/div/div/div[@id='site-root']/div/div[@id='soapAfterPagesContainer']/div/div/div[@id='comp-kfwrlg80']/a","Content","HTML"
"Hyperlink","https://www.lifeusa.org/no/tags/iraq-1","https://donate.lifeusa.org/donorportal/?donate=true","120471","","❤️ Donate Now","200","OK","true","_self","noopener noreferrer","Absolute","//body/div/div/div[@id='site-root']/div/footer/div[@class='U4Bvut']/div[@class='CJF7A2']/div/div/section/div[@class='V5AUxf']/div/div[2]/div/div[@id='comp-mkwq7o79']/a","Footer","HTML"
"Hyperlink","https://www.lifeusa.org/no/tags/furniture","https://donate.lifeusa.org/donorportal/?donate=true","120471","","❤️ Donate Now","200","OK","true","_self","noopener noreferrer","Absolute","//body/div/div/div[@id='site-root']/div/div[@id='soapAfterPagesContainer']/div/div/div[@id='comp-kfwrlg80']/a","Content","HTML"
"Hyperlink","https://www.lifeusa.org/no/tags/furniture","https://donate.lifeusa.org/donorportal/?donate=true","120471","","❤️ Donate Now","200","OK","true","_self","noopener noreferrer","Absolute","//body/div/div/div[@id='site-root']/div/footer/div[@class='U4Bvut']/div[@class='CJF7A2']/div/div/section/div[@class='V5AUxf']/div/div[2]/div/div[@id='comp-mkwq7o79']/a","Footer","HTML"
"Hyperlink","https://www.lifeusa.org/no/tags/libya","https://donate.lifeusa.org/donorportal/?donate=true","120471","","❤️ Donate Now","200","OK","true","_self","noopener noreferrer","Absolute","//body/div/div/div[@id='site-root']/div/div[@id='soapAfterPagesContainer']/div/div/div[@id='comp-kfwrlg80']/a","Content","HTML"
"Hyperlink","https://www.lifeusa.org/no/tags/libya","https://donate.lifeusa.org/donorportal/?donate=true","120471","","❤️ Donate Now","200","OK","true","_self","noopener noreferrer","Absolute","//body/div/div/div[@id='site-root']/div/footer/div[@class='U4Bvut']/div[@class='CJF7A2']/div/div/section/div[@class='V5AUxf']/div/div[2]/div/div[@id='comp-mkwq7o79']/a","Footer","HTML"
"Hyperlink","https://www.lifeusa.org/no/tags/ethiopia","https://donate.lifeusa.org/donorportal/?donate=true","120471","","❤️ Donate Now","200","OK","true","_self","noopener noreferrer","Absolute","//body/div/div/div[@id='site-root']/div/div[@id='soapAfterPagesContainer']/div/div/div[@id='comp-kfwrlg80']/a","Content","HTML"
"Hyperlink","https://www.lifeusa.org/no/tags/ethiopia","https://donate.lifeusa.org/donorportal/?donate=true","120471","","❤️ Donate Now","200","OK","true","_self","noopener noreferrer","Absolute","//body/div/div/div[@id='site-root']/div/footer/div[@class='U4Bvut']/div[@class='CJF7A2']/div/div/section/div[@class='V5AUxf']/div/div[2]/div/div[@id='comp-mkwq7o79']/a","Footer","HTML"
"Hyperlink","https://www.lifeusa.org/no/tags/sudan","https://donate.lifeusa.org/donorportal/?donate=true","120471","","❤️ Donate Now","200","OK","true","_self","noopener noreferrer","Absolute","//body/div/div/div[@id='site-root']/div/div[@id='soapAfterPagesContainer']/div/div/div[@id='comp-kfwrlg80']/a","Content","HTML"
"Hyperlink","https://www.lifeusa.org/no/tags/sudan","https://donate.lifeusa.org/donorportal/?donate=true","120471","","❤️ Donate Now","200","OK","true","_self","noopener noreferrer","Absolute","//body/div/div/div[@id='site-root']/div/footer/div[@class='U4Bvut']/div[@class='CJF7A2']/div/div/section/div[@class='V5AUxf']/div/div[2]/div/div[@id='comp-mkwq7o79']/a","Footer","HTML"
"Hyperlink","https://www.lifeusa.org/no/tags/bosnia","https://donate.lifeusa.org/donorportal/?donate=true","120471","","❤️ Donate Now","200","OK","true","_self","noopener noreferrer","Absolute","//body/div/div/div[@id='site-root']/div/div[@id='soapAfterPagesContainer']/div/div/div[@id='comp-kfwrlg80']/a","Content","HTML"
"Hyperlink","https://www.lifeusa.org/no/tags/bosnia","https://donate.lifeusa.org/donorportal/?donate=true","120471","","❤️ Donate Now","200","OK","true","_self","noopener noreferrer","Absolute","//body/div/div/div[@id='site-root']/div/footer/div[@class='U4Bvut']/div[@class='CJF7A2']/div/div/section/div[@class='V5AUxf']/div/div[2]/div/div[@id='comp-mkwq7o79']/a","Footer","HTML"
"Hyperlink","https://www.lifeusa.org/no/tags/uganda","https://donate.lifeusa.org/donorportal/?donate=true","120471","","❤️ Donate Now","200","OK","true","_self","noopener noreferrer","Absolute","//body/div/div/div[@id='site-root']/div/div[@id='soapAfterPagesContainer']/div/div/div[@id='comp-kfwrlg80']/a","Content","HTML"
"Hyperlink","https://www.lifeusa.org/no/tags/uganda","https://donate.lifeusa.org/donorportal/?donate=true","120471","","❤️ Donate Now","200","OK","true","_self","noopener noreferrer","Absolute","//body/div/div/div[@id='site-root']/div/footer/div[@class='U4Bvut']/div[@class='CJF7A2']/div/div/section/div[@class='V5AUxf']/div/div[2]/div/div[@id='comp-mkwq7o79']/a","Footer","HTML"
"Hyperlink","https://www.lifeusa.org/no/tags/djibouti","https://donate.lifeusa.org/donorportal/?donate=true","120471","","❤️ Donate Now","200","OK","true","_self","noopener noreferrer","Absolute","//body/div/div/div[@id='site-root']/div/div[@id='soapAfterPagesContainer']/div/div/div[@id='comp-kfwrlg80']/a","Content","HTML"
"Hyperlink","https://www.lifeusa.org/no/tags/djibouti","https://donate.lifeusa.org/donorportal/?donate=true","120471","","❤️ Donate Now","200","OK","true","_self","noopener noreferrer","Absolute","//body/div/div/div[@id='site-root']/div/footer/div[@class='U4Bvut']/div[@class='CJF7A2']/div/div/section/div[@class='V5AUxf']/div/div[2]/div/div[@id='comp-mkwq7o79']/a","Footer","HTML"
"Hyperlink","https://www.lifeusa.org/no/tags/south-sudan","https://donate.lifeusa.org/donorportal/?donate=true","120471","","❤️ Donate Now","200","OK","true","_self","noopener noreferrer","Absolute","//body/div/div/div[@id='site-root']/div/div[@id='soapAfterPagesContainer']/div/div/div[@id='comp-kfwrlg80']/a","Content","HTML"
"Hyperlink","https://www.lifeusa.org/no/tags/south-sudan","https://donate.lifeusa.org/donorportal/?donate=true","120471","","❤️ Donate Now","200","OK","true","_self","noopener noreferrer","Absolute","//body/div/div/div[@id='site-root']/div/footer/div[@class='U4Bvut']/div[@class='CJF7A2']/div/div/section/div[@class='V5AUxf']/div/div[2]/div/div[@id='comp-mkwq7o79']/a","Footer","HTML"
"Hyperlink","https://www.lifeusa.org/no/tags/somalia","https://donate.lifeusa.org/donorportal/?donate=true","120471","","❤️ Donate Now","200","OK","true","_self","noopener noreferrer","Absolute","//body/div/div/div[@id='site-root']/div/div[@id='soapAfterPagesContainer']/div/div/div[@id='comp-kfwrlg80']/a","Content","HTML"
"Hyperlink","https://www.lifeusa.org/no/tags/somalia","https://donate.lifeusa.org/donorportal/?donate=true","120471","","❤️ Donate Now","200","OK","true","_self","noopener noreferrer","Absolute","//body/div/div/div[@id='site-root']/div/footer/div[@class='U4Bvut']/div[@class='CJF7A2']/div/div/section/div[@class='V5AUxf']/div/div[2]/div/div[@id='comp-mkwq7o79']/a","Footer","HTML"
"Hyperlink","https://www.lifeusa.org/no/tags/eritrea","https://donate.lifeusa.org/donorportal/?donate=true","120471","","❤️ Donate Now","200","OK","true","_self","noopener noreferrer","Absolute","//body/div/div/div[@id='site-root']/div/div[@id='soapAfterPagesContainer']/div/div/div[@id='comp-kfwrlg80']/a","Content","HTML"
"Hyperlink","https://www.lifeusa.org/no/tags/eritrea","https://donate.lifeusa.org/donorportal/?donate=true","120471","","❤️ Donate Now","200","OK","true","_self","noopener noreferrer","Absolute","//body/div/div/div[@id='site-root']/div/footer/div[@class='U4Bvut']/div[@class='CJF7A2']/div/div/section/div[@class='V5AUxf']/div/div[2]/div/div[@id='comp-mkwq7o79']/a","Footer","HTML"
"Hyperlink","https://www.lifeusa.org/no/tags/ramadan","https://donate.lifeusa.org/donorportal/?donate=true","120471","","❤️ Donate Now","200","OK","true","_self","noopener noreferrer","Absolute","//body/div/div/div[@id='site-root']/div/div[@id='soapAfterPagesContainer']/div/div/div[@id='comp-kfwrlg80']/a","Content","HTML"
"Hyperlink","https://www.lifeusa.org/no/tags/ramadan","https://donate.lifeusa.org/donorportal/?donate=true","120471","","❤️ Donate Now","200","OK","true","_self","noopener noreferrer","Absolute","//body/div/div/div[@id='site-root']/div/footer/div[@class='U4Bvut']/div[@class='CJF7A2']/div/div/section/div[@class='V5AUxf']/div/div[2]/div/div[@id='comp-mkwq7o79']/a","Footer","HTML"
"Hyperlink","https://www.lifeusa.org/no/tags/bangladesh","https://donate.lifeusa.org/donorportal/?donate=true","120471","","❤️ Donate Now","200","OK","true","_self","noopener noreferrer","Absolute","//body/div/div/div[@id='site-root']/div/div[@id='soapAfterPagesContainer']/div/div/div[@id='comp-kfwrlg80']/a","Content","HTML"
"Hyperlink","https://www.lifeusa.org/no/tags/bangladesh","https://donate.lifeusa.org/donorportal/?donate=true","120471","","❤️ Donate Now","200","OK","true","_self","noopener noreferrer","Absolute","//body/div/div/div[@id='site-root']/div/footer/div[@class='U4Bvut']/div[@class='CJF7A2']/div/div/section/div[@class='V5AUxf']/div/div[2]/div/div[@id='comp-mkwq7o79']/a","Footer","HTML"
"Hyperlink","https://www.lifeusa.org/no/tags/iraq","https://donate.lifeusa.org/donorportal/?donate=true","120471","","❤️ Donate Now","200","OK","true","_self","noopener noreferrer","Absolute","//body/div/div/div[@id='site-root']/div/div[@id='soapAfterPagesContainer']/div/div/div[@id='comp-kfwrlg80']/a","Content","HTML"
"Hyperlink","https://www.lifeusa.org/no/tags/iraq","https://donate.lifeusa.org/donorportal/?donate=true","120471","","❤️ Donate Now","200","OK","true","_self","noopener noreferrer","Absolute","//body/div/div/div[@id='site-root']/div/footer/div[@class='U4Bvut']/div[@class='CJF7A2']/div/div/section/div[@class='V5AUxf']/div/div[2]/div/div[@id='comp-mkwq7o79']/a","Footer","HTML"
"Hyperlink","https://www.lifeusa.org/no/tags/haiti","https://donate.lifeusa.org/donorportal/?donate=true","120471","","❤️ Donate Now","200","OK","true","_self","noopener noreferrer","Absolute","//body/div/div/div[@id='site-root']/div/div[@id='soapAfterPagesContainer']/div/div/div[@id='comp-kfwrlg80']/a","Content","HTML"
"Hyperlink","https://www.lifeusa.org/no/tags/haiti","https://donate.lifeusa.org/donorportal/?donate=true","120471","","❤️ Donate Now","200","OK","true","_self","noopener noreferrer","Absolute","//body/div/div/div[@id='site-root']/div/footer/div[@class='U4Bvut']/div[@class='CJF7A2']/div/div/section/div[@class='V5AUxf']/div/div[2]/div/div[@id='comp-mkwq7o79']/a","Footer","HTML"
"Hyperlink","https://www.lifeusa.org/no/tags/kenya","https://donate.lifeusa.org/donorportal/?donate=true","120471","","❤️ Donate Now","200","OK","true","_self","noopener noreferrer","Absolute","//body/div/div/div[@id='site-root']/div/div[@id='soapAfterPagesContainer']/div/div/div[@id='comp-kfwrlg80']/a","Content","HTML"
"Hyperlink","https://www.lifeusa.org/no/tags/kenya","https://donate.lifeusa.org/donorportal/?donate=true","120471","","❤️ Donate Now","200","OK","true","_self","noopener noreferrer","Absolute","//body/div/div/div[@id='site-root']/div/footer/div[@class='U4Bvut']/div[@class='CJF7A2']/div/div/section/div[@class='V5AUxf']/div/div[2]/div/div[@id='comp-mkwq7o79']/a","Footer","HTML"
"Hyperlink","https://www.lifeusa.org/no/tags/national-women-s-month","https://donate.lifeusa.org/donorportal/?donate=true","120471","","❤️ Donate Now","200","OK","true","_self","noopener noreferrer","Absolute","//body/div/div/div[@id='site-root']/div/div[@id='soapAfterPagesContainer']/div/div/div[@id='comp-kfwrlg80']/a","Content","HTML"
"Hyperlink","https://www.lifeusa.org/no/tags/national-women-s-month","https://donate.lifeusa.org/donorportal/?donate=true","120471","","❤️ Donate Now","200","OK","true","_self","noopener noreferrer","Absolute","//body/div/div/div[@id='site-root']/div/footer/div[@class='U4Bvut']/div[@class='CJF7A2']/div/div/section/div[@class='V5AUxf']/div/div[2]/div/div[@id='comp-mkwq7o79']/a","Footer","HTML"
"Hyperlink","https://www.lifeusa.org/no/tags/lebanon","https://donate.lifeusa.org/donorportal/?donate=true","120471","","❤️ Donate Now","200","OK","true","_self","noopener noreferrer","Absolute","//body/div/div/div[@id='site-root']/div/div[@id='soapAfterPagesContainer']/div/div/div[@id='comp-kfwrlg80']/a","Content","HTML"
"Hyperlink","https://www.lifeusa.org/no/tags/lebanon","https://donate.lifeusa.org/donorportal/?donate=true","120471","","❤️ Donate Now","200","OK","true","_self","noopener noreferrer","Absolute","//body/div/div/div[@id='site-root']/div/footer/div[@class='U4Bvut']/div[@class='CJF7A2']/div/div/section/div[@class='V5AUxf']/div/div[2]/div/div[@id='comp-mkwq7o79']/a","Footer","HTML"
"Hyperlink","https://www.lifeusa.org/no/tags/share","https://donate.lifeusa.org/donorportal/?donate=true","120471","","❤️ Donate Now","200","OK","true","_self","noopener noreferrer","Absolute","//body/div/div/div[@id='site-root']/div/div[@id='soapAfterPagesContainer']/div/div/div[@id='comp-kfwrlg80']/a","Content","HTML"
"Hyperlink","https://www.lifeusa.org/no/tags/share","https://donate.lifeusa.org/donorportal/?donate=true","120471","","❤️ Donate Now","200","OK","true","_self","noopener noreferrer","Absolute","//body/div/div/div[@id='site-root']/div/footer/div[@class='U4Bvut']/div[@class='CJF7A2']/div/div/section/div[@class='V5AUxf']/div/div[2]/div/div[@id='comp-mkwq7o79']/a","Footer","HTML"
"Hyperlink","https://www.lifeusa.org/no/tags/udhiyah","https://donate.lifeusa.org/donorportal/?donate=true","120471","","❤️ Donate Now","200","OK","true","_self","noopener noreferrer","Absolute","//body/div/div/div[@id='site-root']/div/div[@id='soapAfterPagesContainer']/div/div/div[@id='comp-kfwrlg80']/a","Content","HTML"
"Hyperlink","https://www.lifeusa.org/no/tags/udhiyah","https://donate.lifeusa.org/donorportal/?donate=true","120471","","❤️ Donate Now","200","OK","true","_self","noopener noreferrer","Absolute","//body/div/div/div[@id='site-root']/div/footer/div[@class='U4Bvut']/div[@class='CJF7A2']/div/div/section/div[@class='V5AUxf']/div/div[2]/div/div[@id='comp-mkwq7o79']/a","Footer","HTML"
"Hyperlink","https://www.lifeusa.org/post/winter-blankets-bangladesh","https://donate.lifeusa.org/donorportal/?donate=true","120471","","❤️ Donate Now","200","OK","true","_self","noopener noreferrer","Absolute","//body/div/div/div[@id='site-root']/div/div[@id='soapAfterPagesContainer']/div/div/div[@id='comp-kfwrlg80']/a","Content","HTML"
"Hyperlink","https://www.lifeusa.org/post/winter-blankets-bangladesh","https://donate.lifeusa.org/donorportal/?donate=true","120471","","❤️ Donate Now","200","OK","true","_self","noopener noreferrer","Absolute","//body/div/div/div[@id='site-root']/div/footer/div[@class='U4Bvut']/div[@class='CJF7A2']/div/div/section/div[@class='V5AUxf']/div/div[2]/div/div[@id='comp-mkwq7o79']/a","Footer","HTML"
"Hyperlink","https://www.lifeusa.org/post/when-zakat-islamic-charity-almost-eradicated-poverty","https://donate.lifeusa.org/donorportal/?donate=true","120471","","❤️ Donate Now","200","OK","true","_self","noopener noreferrer","Absolute","//body/div/div/div[@id='site-root']/div/div[@id='soapAfterPagesContainer']/div/div/div[@id='comp-kfwrlg80']/a","Content","HTML"
"Hyperlink","https://www.lifeusa.org/post/when-zakat-islamic-charity-almost-eradicated-poverty","https://donate.lifeusa.org/donorportal/?donate=true","120471","","❤️ Donate Now","200","OK","true","_self","noopener noreferrer","Absolute","//body/div/div/div[@id='site-root']/div/footer/div[@class='U4Bvut']/div[@class='CJF7A2']/div/div/section/div[@class='V5AUxf']/div/div[2]/div/div[@id='comp-mkwq7o79']/a","Footer","HTML"
"Hyperlink","https://www.lifeusa.org/post/life-distributes-ramadan-meals-in-mali","https://donate.lifeusa.org/donorportal/?donate=true","120471","","❤️ Donate Now","200","OK","true","_self","noopener noreferrer","Absolute","//body/div/div/div[@id='site-root']/div/div[@id='soapAfterPagesContainer']/div/div/div[@id='comp-kfwrlg80']/a","Content","HTML"
"Hyperlink","https://www.lifeusa.org/post/life-distributes-ramadan-meals-in-mali","https://donate.lifeusa.org/donorportal/?donate=true","120471","","❤️ Donate Now","200","OK","true","_self","noopener noreferrer","Absolute","//body/div/div/div[@id='site-root']/div/footer/div[@class='U4Bvut']/div[@class='CJF7A2']/div/div/section/div[@class='V5AUxf']/div/div[2]/div/div[@id='comp-mkwq7o79']/a","Footer","HTML"
"Hyperlink","https://www.lifeusa.org/post/pakistan-fresh-meat-distribution-and-orphan-eid-party","https://donate.lifeusa.org/donorportal/?donate=true","120471","","❤️ Donate Now","200","OK","true","_self","noopener noreferrer","Absolute","//body/div/div/div[@id='site-root']/div/div[@id='soapAfterPagesContainer']/div/div/div[@id='comp-kfwrlg80']/a","Content","HTML"
"Hyperlink","https://www.lifeusa.org/post/pakistan-fresh-meat-distribution-and-orphan-eid-party","https://donate.lifeusa.org/donorportal/?donate=true","120471","","❤️ Donate Now","200","OK","true","_self","noopener noreferrer","Absolute","//body/div/div/div[@id='site-root']/div/footer/div[@class='U4Bvut']/div[@class='CJF7A2']/div/div/section/div[@class='V5AUxf']/div/div[2]/div/div[@id='comp-mkwq7o79']/a","Footer","HTML"
"Hyperlink","https://www.lifeusa.org/post/life-distributes-udhiyah-meat-in-egypt","https://donate.lifeusa.org/donorportal/?donate=true","120471","","❤️ Donate Now","200","OK","true","_self","noopener noreferrer","Absolute","//body/div/div/div[@id='site-root']/div/div[@id='soapAfterPagesContainer']/div/div/div[@id='comp-kfwrlg80']/a","Content","HTML"
"Hyperlink","https://www.lifeusa.org/post/life-distributes-udhiyah-meat-in-egypt","https://donate.lifeusa.org/donorportal/?donate=true","120471","","❤️ Donate Now","200","OK","true","_self","noopener noreferrer","Absolute","//body/div/div/div[@id='site-root']/div/footer/div[@class='U4Bvut']/div[@class='CJF7A2']/div/div/section/div[@class='V5AUxf']/div/div[2]/div/div[@id='comp-mkwq7o79']/a","Footer","HTML"
"Hyperlink","https://www.lifeusa.org/post/life-distributes-fresh-meat-in-bosnia-and-herzegovina","https://donate.lifeusa.org/donorportal/?donate=true","120471","","❤️ Donate Now","200","OK","true","_self","noopener noreferrer","Absolute","//body/div/div/div[@id='site-root']/div/div[@id='soapAfterPagesContainer']/div/div/div[@id='comp-kfwrlg80']/a","Content","HTML"
"Hyperlink","https://www.lifeusa.org/post/life-distributes-fresh-meat-in-bosnia-and-herzegovina","https://donate.lifeusa.org/donorportal/?donate=true","120471","","❤️ Donate Now","200","OK","true","_self","noopener noreferrer","Absolute","//body/div/div/div[@id='site-root']/div/footer/div[@class='U4Bvut']/div[@class='CJF7A2']/div/div/section/div[@class='V5AUxf']/div/div[2]/div/div[@id='comp-mkwq7o79']/a","Footer","HTML"
"Hyperlink","https://www.lifeusa.org/post/life-distributes-fresh-meat-in-syria","https://donate.lifeusa.org/donorportal/?donate=true","120471","","❤️ Donate Now","200","OK","true","_self","noopener noreferrer","Absolute","//body/div/div/div[@id='site-root']/div/div[@id='soapAfterPagesContainer']/div/div/div[@id='comp-kfwrlg80']/a","Content","HTML"
"Hyperlink","https://www.lifeusa.org/post/life-distributes-fresh-meat-in-syria","https://donate.lifeusa.org/donorportal/?donate=true","120471","","❤️ Donate Now","200","OK","true","_self","noopener noreferrer","Absolute","//body/div/div/div[@id='site-root']/div/footer/div[@class='U4Bvut']/div[@class='CJF7A2']/div/div/section/div[@class='V5AUxf']/div/div[2]/div/div[@id='comp-mkwq7o79']/a","Footer","HTML"
"Hyperlink","https://www.lifeusa.org/post/life-distributes-ramadan-food-baskets-yemen","https://donate.lifeusa.org/donorportal/?donate=true","120471","","❤️ Donate Now","200","OK","true","_self","noopener noreferrer","Absolute","//body/div/div/div[@id='site-root']/div/div[@id='soapAfterPagesContainer']/div/div/div[@id='comp-kfwrlg80']/a","Content","HTML"
"Hyperlink","https://www.lifeusa.org/post/life-distributes-ramadan-food-baskets-yemen","https://donate.lifeusa.org/donorportal/?donate=true","120471","","❤️ Donate Now","200","OK","true","_self","noopener noreferrer","Absolute","//body/div/div/div[@id='site-root']/div/footer/div[@class='U4Bvut']/div[@class='CJF7A2']/div/div/section/div[@class='V5AUxf']/div/div[2]/div/div[@id='comp-mkwq7o79']/a","Footer","HTML"
"Hyperlink","https://www.lifeusa.org/post/life-distributes-udhiyah-meat-in-somalia","https://donate.lifeusa.org/donorportal/?donate=true","120471","","❤️ Donate Now","200","OK","true","_self","noopener noreferrer","Absolute","//body/div/div/div[@id='site-root']/div/div[@id='soapAfterPagesContainer']/div/div/div[@id='comp-kfwrlg80']/a","Content","HTML"
"Hyperlink","https://www.lifeusa.org/post/life-distributes-udhiyah-meat-in-somalia","https://donate.lifeusa.org/donorportal/?donate=true","120471","","❤️ Donate Now","200","OK","true","_self","noopener noreferrer","Absolute","//body/div/div/div[@id='site-root']/div/footer/div[@class='U4Bvut']/div[@class='CJF7A2']/div/div/section/div[@class='V5AUxf']/div/div[2]/div/div[@id='comp-mkwq7o79']/a","Footer","HTML"
"Hyperlink","https://www.lifeusa.org/post/life-distributes-fresh-meat-in-sudan","https://donate.lifeusa.org/donorportal/?donate=true","120471","","❤️ Donate Now","200","OK","true","_self","noopener noreferrer","Absolute","//body/div/div/div[@id='site-root']/div/div[@id='soapAfterPagesContainer']/div/div/div[@id='comp-kfwrlg80']/a","Content","HTML"
"Hyperlink","https://www.lifeusa.org/post/life-distributes-fresh-meat-in-sudan","https://donate.lifeusa.org/donorportal/?donate=true","120471","","❤️ Donate Now","200","OK","true","_self","noopener noreferrer","Absolute","//body/div/div/div[@id='site-root']/div/footer/div[@class='U4Bvut']/div[@class='CJF7A2']/div/div/section/div[@class='V5AUxf']/div/div[2]/div/div[@id='comp-mkwq7o79']/a","Footer","HTML"
"Hyperlink","https://www.lifeusa.org/post/life-distributes-fresh-meat-in-djibouti","https://donate.lifeusa.org/donorportal/?donate=true","120471","","❤️ Donate Now","200","OK","true","_self","noopener noreferrer","Absolute","//body/div/div/div[@id='site-root']/div/div[@id='soapAfterPagesContainer']/div/div/div[@id='comp-kfwrlg80']/a","Content","HTML"
"Hyperlink","https://www.lifeusa.org/post/life-distributes-fresh-meat-in-djibouti","https://donate.lifeusa.org/donorportal/?donate=true","120471","","❤️ Donate Now","200","OK","true","_self","noopener noreferrer","Absolute","//body/div/div/div[@id='site-root']/div/footer/div[@class='U4Bvut']/div[@class='CJF7A2']/div/div/section/div[@class='V5AUxf']/div/div[2]/div/div[@id='comp-mkwq7o79']/a","Footer","HTML"
"Hyperlink","https://www.lifeusa.org/post/life-distributes-fresh-meat-in-ethiopia","https://donate.lifeusa.org/donorportal/?donate=true","120471","","❤️ Donate Now","200","OK","true","_self","noopener noreferrer","Absolute","//body/div/div/div[@id='site-root']/div/div[@id='soapAfterPagesContainer']/div/div/div[@id='comp-kfwrlg80']/a","Content","HTML"
"Hyperlink","https://www.lifeusa.org/post/life-distributes-fresh-meat-in-ethiopia","https://donate.lifeusa.org/donorportal/?donate=true","120471","","❤️ Donate Now","200","OK","true","_self","noopener noreferrer","Absolute","//body/div/div/div[@id='site-root']/div/footer/div[@class='U4Bvut']/div[@class='CJF7A2']/div/div/section/div[@class='V5AUxf']/div/div[2]/div/div[@id='comp-mkwq7o79']/a","Footer","HTML"
"Hyperlink","https://www.lifeusa.org/no/tags/yemen","https://donate.lifeusa.org/donorportal/?donate=true","120471","","❤️ Donate Now","200","OK","true","_self","noopener noreferrer","Absolute","//body/div/div/div[@id='site-root']/div/div[@id='soapAfterPagesContainer']/div/div/div[@id='comp-kfwrlg80']/a","Content","HTML"
"Hyperlink","https://www.lifeusa.org/no/tags/yemen","https://donate.lifeusa.org/donorportal/?donate=true","120471","","❤️ Donate Now","200","OK","true","_self","noopener noreferrer","Absolute","//body/div/div/div[@id='site-root']/div/footer/div[@class='U4Bvut']/div[@class='CJF7A2']/div/div/section/div[@class='V5AUxf']/div/div[2]/div/div[@id='comp-mkwq7o79']/a","Footer","HTML"
"Hyperlink","https://www.lifeusa.org/no/tags/bosnia-1","https://donate.lifeusa.org/donorportal/?donate=true","120471","","❤️ Donate Now","200","OK","true","_self","noopener noreferrer","Absolute","//body/div/div/div[@id='site-root']/div/div[@id='soapAfterPagesContainer']/div/div/div[@id='comp-kfwrlg80']/a","Content","HTML"
"Hyperlink","https://www.lifeusa.org/no/tags/bosnia-1","https://donate.lifeusa.org/donorportal/?donate=true","120471","","❤️ Donate Now","200","OK","true","_self","noopener noreferrer","Absolute","//body/div/div/div[@id='site-root']/div/footer/div[@class='U4Bvut']/div[@class='CJF7A2']/div/div/section/div[@class='V5AUxf']/div/div[2]/div/div[@id='comp-mkwq7o79']/a","Footer","HTML"
"Hyperlink","https://www.lifeusa.org/post/what-is-udhiyah-qurbani-in-islam","https://donate.lifeusa.org/donorportal/?donate=true","120471","","❤️ Donate Now","200","OK","true","_self","noopener noreferrer","Absolute","//body/div/div/div[@id='site-root']/div/div[@id='soapAfterPagesContainer']/div/div/div[@id='comp-kfwrlg80']/a","Content","HTML"
"Hyperlink","https://www.lifeusa.org/post/what-is-udhiyah-qurbani-in-islam","https://donate.lifeusa.org/donorportal/?donate=true","120471","","❤️ Donate Now","200","OK","true","_self","noopener noreferrer","Absolute","//body/div/div/div[@id='site-root']/div/footer/div[@class='U4Bvut']/div[@class='CJF7A2']/div/div/section/div[@class='V5AUxf']/div/div[2]/div/div[@id='comp-mkwq7o79']/a","Footer","HTML"
"Hyperlink","https://www.lifeusa.org/no/tags/herzegovina","https://donate.lifeusa.org/donorportal/?donate=true","120471","","❤️ Donate Now","200","OK","true","_self","noopener noreferrer","Absolute","//body/div/div/div[@id='site-root']/div/div[@id='soapAfterPagesContainer']/div/div/div[@id='comp-kfwrlg80']/a","Content","HTML"
"Hyperlink","https://www.lifeusa.org/no/tags/herzegovina","https://donate.lifeusa.org/donorportal/?donate=true","120471","","❤️ Donate Now","200","OK","true","_self","noopener noreferrer","Absolute","//body/div/div/div[@id='site-root']/div/footer/div[@class='U4Bvut']/div[@class='CJF7A2']/div/div/section/div[@class='V5AUxf']/div/div[2]/div/div[@id='comp-mkwq7o79']/a","Footer","HTML"
"Hyperlink","https://www.lifeusa.org/no/tags/fresh-meat","https://donate.lifeusa.org/donorportal/?donate=true","120471","","❤️ Donate Now","200","OK","true","_self","noopener noreferrer","Absolute","//body/div/div/div[@id='site-root']/div/div[@id='soapAfterPagesContainer']/div/div/div[@id='comp-kfwrlg80']/a","Content","HTML"
"Hyperlink","https://www.lifeusa.org/no/tags/fresh-meat","https://donate.lifeusa.org/donorportal/?donate=true","120471","","❤️ Donate Now","200","OK","true","_self","noopener noreferrer","Absolute","//body/div/div/div[@id='site-root']/div/footer/div[@class='U4Bvut']/div[@class='CJF7A2']/div/div/section/div[@class='V5AUxf']/div/div[2]/div/div[@id='comp-mkwq7o79']/a","Footer","HTML"
"Hyperlink","https://www.lifeusa.org/no/tags/pakistan-1","https://donate.lifeusa.org/donorportal/?donate=true","120471","","❤️ Donate Now","200","OK","true","_self","noopener noreferrer","Absolute","//body/div/div/div[@id='site-root']/div/div[@id='soapAfterPagesContainer']/div/div/div[@id='comp-kfwrlg80']/a","Content","HTML"
"Hyperlink","https://www.lifeusa.org/no/tags/pakistan-1","https://donate.lifeusa.org/donorportal/?donate=true","120471","","❤️ Donate Now","200","OK","true","_self","noopener noreferrer","Absolute","//body/div/div/div[@id='site-root']/div/footer/div[@class='U4Bvut']/div[@class='CJF7A2']/div/div/section/div[@class='V5AUxf']/div/div[2]/div/div[@id='comp-mkwq7o79']/a","Footer","HTML"
"Hyperlink","https://www.lifeusa.org/no/tags/eid","https://donate.lifeusa.org/donorportal/?donate=true","120471","","❤️ Donate Now","200","OK","true","_self","noopener noreferrer","Absolute","//body/div/div/div[@id='site-root']/div/div[@id='soapAfterPagesContainer']/div/div/div[@id='comp-kfwrlg80']/a","Content","HTML"
"Hyperlink","https://www.lifeusa.org/no/tags/eid","https://donate.lifeusa.org/donorportal/?donate=true","120471","","❤️ Donate Now","200","OK","true","_self","noopener noreferrer","Absolute","//body/div/div/div[@id='site-root']/div/footer/div[@class='U4Bvut']/div[@class='CJF7A2']/div/div/section/div[@class='V5AUxf']/div/div[2]/div/div[@id='comp-mkwq7o79']/a","Footer","HTML"
"Hyperlink","https://www.lifeusa.org/no/tags/orphan-1","https://donate.lifeusa.org/donorportal/?donate=true","120471","","❤️ Donate Now","200","OK","true","_self","noopener noreferrer","Absolute","//body/div/div/div[@id='site-root']/div/div[@id='soapAfterPagesContainer']/div/div/div[@id='comp-kfwrlg80']/a","Content","HTML"
"Hyperlink","https://www.lifeusa.org/no/tags/orphan-1","https://donate.lifeusa.org/donorportal/?donate=true","120471","","❤️ Donate Now","200","OK","true","_self","noopener noreferrer","Absolute","//body/div/div/div[@id='site-root']/div/footer/div[@class='U4Bvut']/div[@class='CJF7A2']/div/div/section/div[@class='V5AUxf']/div/div[2]/div/div[@id='comp-mkwq7o79']/a","Footer","HTML"
"Hyperlink","https://www.lifeusa.org/no/tags/mali","https://donate.lifeusa.org/donorportal/?donate=true","120471","","❤️ Donate Now","200","OK","true","_self","noopener noreferrer","Absolute","//body/div/div/div[@id='site-root']/div/div[@id='soapAfterPagesContainer']/div/div/div[@id='comp-kfwrlg80']/a","Content","HTML"
"Hyperlink","https://www.lifeusa.org/no/tags/mali","https://donate.lifeusa.org/donorportal/?donate=true","120471","","❤️ Donate Now","200","OK","true","_self","noopener noreferrer","Absolute","//body/div/div/div[@id='site-root']/div/footer/div[@class='U4Bvut']/div[@class='CJF7A2']/div/div/section/div[@class='V5AUxf']/div/div[2]/div/div[@id='comp-mkwq7o79']/a","Footer","HTML"
"Hyperlink","https://www.lifeusa.org/no/tags/zakat","https://donate.lifeusa.org/donorportal/?donate=true","120471","","❤️ Donate Now","200","OK","true","_self","noopener noreferrer","Absolute","//body/div/div/div[@id='site-root']/div/div[@id='soapAfterPagesContainer']/div/div/div[@id='comp-kfwrlg80']/a","Content","HTML"
"Hyperlink","https://www.lifeusa.org/no/tags/zakat","https://donate.lifeusa.org/donorportal/?donate=true","120471","","❤️ Donate Now","200","OK","true","_self","noopener noreferrer","Absolute","//body/div/div/div[@id='site-root']/div/footer/div[@class='U4Bvut']/div[@class='CJF7A2']/div/div/section/div[@class='V5AUxf']/div/div[2]/div/div[@id='comp-mkwq7o79']/a","Footer","HTML"
"Hyperlink","https://www.lifeusa.org/no/tags/winter","https://donate.lifeusa.org/donorportal/?donate=true","120471","","❤️ Donate Now","200","OK","true","_self","noopener noreferrer","Absolute","//body/div/div/div[@id='site-root']/div/div[@id='soapAfterPagesContainer']/div/div/div[@id='comp-kfwrlg80']/a","Content","HTML"
"Hyperlink","https://www.lifeusa.org/no/tags/winter","https://donate.lifeusa.org/donorportal/?donate=true","120471","","❤️ Donate Now","200","OK","true","_self","noopener noreferrer","Absolute","//body/div/div/div[@id='site-root']/div/footer/div[@class='U4Bvut']/div[@class='CJF7A2']/div/div/section/div[@class='V5AUxf']/div/div[2]/div/div[@id='comp-mkwq7o79']/a","Footer","HTML"
"Hyperlink","https://www.lifeusa.org/programs","https://donate.lifeusa.org/donorportal/project-designations?Program=11WVy000001QlE7MAK","160377","","Health","200","OK","true","_self","noopener noreferrer","Absolute","//body/div/div/div[@id='site-root']/div/main/div/div/div/div[@class='HT5ybB']/div/div/div/section[@id='comp-lwf474w5']/div[2]/div/div[@id='comp-mlkzvuoe']/h3/span/span/a","Content","HTML"
"Hyperlink","https://www.lifeusa.org/programs","https://donate.lifeusa.org/donorportal/project-designations?Program=11WVy000001QlE7MAK","160377","IMG_0759.JPG","","200","OK","true","_self","noopener noreferrer","Absolute","//body/div/div/div[@id='site-root']/div/main/div/div/div/div[@class='HT5ybB']/div/div/div/section[@id='comp-lwf474w5']/div[2]/div/div[@id='comp-mlkzp7vm']/a","Content","HTML"
"Hyperlink","https://www.lifeusa.org/post/sick-kids-with-no-medicine-in-sight-how-life-is-restoring-healthcare-access-in-africa","https://donate.lifeusa.org/donorportal/project-designations?Program=11WVy000001QlE7MAK","160377","","Give Life-Saving Care","200","OK","true","_blank","","Absolute","//body/div/div/div[@id='site-root']/div/main/div/div/div/div[@class='HT5ybB']/div/div/div/section/div[2]/div/div/div/div/div/div/div[2]/div[@id='content-wrapper']/div[@class='ZL4A4N']/div[@class='HcBlwg']/div[1]/div/div/article/div/section/div/div/div/div/div/div[@class='BjAB3']/div[107]/div/div/a","Content","HTML"
"Hyperlink","https://www.lifeusa.org/post/what-happens-when-you-can-t-see-in-a-refugee-camp","https://donate.lifeusa.org/donorportal/project-designations?Program=11WVy000001QlE7MAK","160377","","Restore Sight","200","OK","true","_blank","","Absolute","//body/div/div/div[@id='site-root']/div/main/div/div/div/div[@class='HT5ybB']/div/div/div/section/div[2]/div/div/div/div/div/div/div[2]/div[@id='content-wrapper']/div[@class='ZL4A4N']/div[@class='HcBlwg']/div[1]/div/div/article/div/section/div/div/div/div/div/div[@class='BjAB3']/div[118]/div/div/a","Content","HTML"
"HTTP Redirect","https://www.lifeusa.org/health","https://donate.lifeusa.org/donorportal/project-designations?Program=11WVy000001QlE7MAK","160377","","","200","OK","true","","","Absolute","","","HTTP"
"Hyperlink","https://www.lifeusa.org/programs","https://donate.lifeusa.org/donorportal/project-designations?Program=11WVy000001QlE9MAK","160377","IMG_6937.JPG","","200","OK","true","_self","noopener noreferrer","Absolute","//body/div/div/div[@id='site-root']/div/main/div/div/div/div[@class='HT5ybB']/div/div/div/section[@id='comp-lwf474w5']/div[2]/div/div[@id='comp-mlkzq8np']/a","Content","HTML"
"Hyperlink","https://www.lifeusa.org/programs","https://donate.lifeusa.org/donorportal/project-designations?Program=11WVy000001QlE9MAK","160377","","Education","200","OK","true","_self","noopener noreferrer","Absolute","//body/div/div/div[@id='site-root']/div/main/div/div/div/div[@class='HT5ybB']/div/div/div/section[@id='comp-lwf474w5']/div[2]/div/div[@id='comp-mlkzw3g0']/h3/span/span/span/a","Content","HTML"
"Hyperlink","https://www.lifeusa.org/post/women-s-empowerment-the-key-to-solving-world-hunger","https://donate.lifeusa.org/donorportal/project-designations?Program=11WVy000001QlE9MAK","160377","","Contribute to LIFE’s education projects for girls and women.","200","OK","true","_blank","","Absolute","//body/div/div/div[@id='site-root']/div/main/div/div/div/div[@class='HT5ybB']/div/div/div/section/div[2]/div/div/div/div/div/div/div[2]/div[@id='content-wrapper']/div[@class='ZL4A4N']/div[@class='HcBlwg']/div[1]/div/div/article/div/section/div/div/div/div/div/div[@class='BjAB3']/div[71]/div/div/a","Content","HTML"
"HTTP Redirect","https://www.lifeusa.org/education","https://donate.lifeusa.org/donorportal/project-designations?Program=11WVy000001QlE9MAK","160377","","","200","OK","true","","","Absolute","","","HTTP"
"Hyperlink","https://donate.lifeusa.org/donorportal/login","https://donate.lifeusa.org/donorportal/SelfRegister","145264","","sign up","200","OK","true","","","Root-Relative","//body/webruntime-app/lwr-router-container/webruntime-inner-app/dxp_data_provider-user-data-provider/dxp_data_provider-data-proxy/dxp_data_provider-decision-data-provider/dxp_data_provider-data-proxy/community_byo-scoped-header-and-footer/main/webruntime-router-container/dxp_data_provider-user-data-provider/dxp_data_provider-data-proxy/dxp_data_provider-decision-data-provider/dxp_data_provider-data-proxy/community_layout-slds-flexible-layout/div/community_layout-section/div[3]/community_layout-column/div/dxp_data_provider-image-data-provider/dxp_data_provider-data-proxy/community_builder-html-editor/community_builder-output-rich-text/div/div/div/div/p/a","Header","HTML"
"Hyperlink","https://www.lifeusa.org/programs","https://donate.lifeusa.org/donorportal/project-designations?Program=11WVy000001QlE8MAK","160377","2025_08_30_11_24_IMG_0762_edited.jpg","","200","OK","true","_self","noopener noreferrer","Absolute","//body/div/div/div[@id='site-root']/div/main/div/div/div/div[@class='HT5ybB']/div/div/div/section[@id='comp-lwf474w5']/div[2]/div/div[@id='comp-mlkzpdr3']/a","Content","HTML"
"Hyperlink","https://www.lifeusa.org/programs","https://donate.lifeusa.org/donorportal/project-designations?Program=11WVy000001QlE8MAK","160377","","Clean Water & Sanitation","200","OK","true","_self","noopener noreferrer","Absolute","//body/div/div/div[@id='site-root']/div/main/div/div/div/div[@class='HT5ybB']/div/div/div/section[@id='comp-lwf474w5']/div[2]/div/div[@id='comp-mlkzvxmg']/h5/span/span/span/span/a","Content","HTML"
"HTTP Redirect","https://www.lifeusa.org/water","https://donate.lifeusa.org/donorportal/project-designations?Program=11WVy000001QlE8MAK","160377","","","200","OK","true","","","Absolute","","","HTTP"
"PDF","https://www.lifeusa.org/_files/ugd/6df904_f13eaf2545ae43009c3e171743dfe747.pdf","https://donate.lifeusa.org/donorportal/project-designations?Program=11WVy000001QlE8MAK","160377","","","200","OK","true","","","","Page 1","","PDF"
"Hyperlink","https://www.lifeusa.org/waystogive","https://donate.lifeusa.org/donorportal/emergency-relief?EmergencyReliefProgram=11WVy000001QlE2MAK","147334","DSC06842.JPG","","200","OK","true","_self","noopener noreferrer","Absolute","//body/div/div/div[@id='site-root']/div/main/div/div/div/div[@class='HT5ybB']/div/div/div/section[@id='comp-ml5koo6h']/div[2]/div/div[@id='comp-mll61nae']/a","Content","HTML"
"Hyperlink","https://www.lifeusa.org/programs","https://donate.lifeusa.org/donorportal/emergency-relief?EmergencyReliefProgram=11WVy000001QlE2MAK","147334","","Emergency Relief","200","OK","true","_self","noopener noreferrer","Absolute","//body/div/div/div[@id='site-root']/div/main/div/div/div/div[@class='HT5ybB']/div/div/div/section[@id='comp-lwf474w5']/div[2]/div/div[@id='comp-mll5afbx']/h3/span/span/a","Content","HTML"
"Hyperlink","https://www.lifeusa.org/programs","https://donate.lifeusa.org/donorportal/emergency-relief?EmergencyReliefProgram=11WVy000001QlE2MAK","147334","٢٠٢٥_١١_٢١_٠٩_٥٠_IMG_2717.jpeg","","200","OK","true","_self","noopener noreferrer","Absolute","//body/div/div/div[@id='site-root']/div/main/div/div/div/div[@class='HT5ybB']/div/div/div/section[@id='comp-lwf474w5']/div[2]/div/div[@id='comp-mlkzje0z']/a","Content","HTML"
"Hyperlink","https://www.lifeusa.org/post/women-s-empowerment-the-key-to-solving-world-hunger","https://donate.lifeusa.org/donorportal/emergency-relief?EmergencyReliefProgram=11WVy000001QlE2MAK","147334","","Learn More about LIFE Emergency Projects","200","OK","true","_blank","","Absolute","//body/div/div/div[@id='site-root']/div/main/div/div/div/div[@class='HT5ybB']/div/div/div/section/div[2]/div/div/div/div/div/div/div[2]/div[@id='content-wrapper']/div[@class='ZL4A4N']/div[@class='HcBlwg']/div[1]/div/div/article/div/section/div/div/div/div/div/div[@class='BjAB3']/div[162]/div/div/a","Content","HTML"
"Hyperlink","https://www.lifeusa.org/post/she-was-buried-underground-for-13-years-then-she-heard-the-ocean","https://donate.lifeusa.org/donorportal/emergency-relief?EmergencyReliefProgram=11WVy000001QlE2MAK","147334","","Help Families Like Dalia’s Rebuild Their Lives","200","OK","true","_blank","","Absolute","//body/div/div/div[@id='site-root']/div/main/div/div/div/div[@class='HT5ybB']/div/div/div/section/div[2]/div/div/div/div/div/div/div[2]/div[@id='content-wrapper']/div[@class='ZL4A4N']/div[@class='HcBlwg']/div[1]/div/div/article/div/section/div/div/div/div/div/div[@class='BjAB3']/div[126]/div/div/a","Content","HTML"
"HTTP Redirect","https://www.lifeusa.org/emergency","https://donate.lifeusa.org/donorportal/emergency-relief?EmergencyReliefProgram=11WVy000001QlE2MAK","147334","","","200","OK","true","","","Absolute","","","HTTP"
"Hyperlink","https://www.lifeusa.org/programs","https://donate.lifeusa.org/donorportal/project-designations?Program=11WVy000001QlE4MAK","160377","","Community Development","200","OK","true","_self","noopener noreferrer","Absolute","//body/div/div/div[@id='site-root']/div/main/div/div/div/div[@class='HT5ybB']/div/div/div/section[@id='comp-lwf474w5']/div[2]/div/div[@id='comp-mlkzw0im']/h3/span/a","Content","HTML"
"Hyperlink","https://www.lifeusa.org/programs","https://donate.lifeusa.org/donorportal/project-designations?Program=11WVy000001QlE4MAK","160377","IMG_8749.JPG","","200","OK","true","_self","noopener noreferrer","Absolute","//body/div/div/div[@id='site-root']/div/main/div/div/div/div[@class='HT5ybB']/div/div/div/section[@id='comp-lwf474w5']/div[2]/div/div[@id='comp-mlkzpu0a']/a","Content","HTML"
"Hyperlink","https://www.lifeusa.org/post/women-s-empowerment-the-key-to-solving-world-hunger","https://donate.lifeusa.org/donorportal/project-designations?Program=11WVy000001QlE4MAK","160377","","Donate to LIFE’s projects that support women entrepreneurs","200","OK","true","_blank","","Absolute","//body/div/div/div[@id='site-root']/div/main/div/div/div/div[@class='HT5ybB']/div/div/div/section/div[2]/div/div/div/div/div/div/div[2]/div[@id='content-wrapper']/div[@class='ZL4A4N']/div[@class='HcBlwg']/div[1]/div/div/article/div/section/div/div/div/div/div/div[@class='BjAB3']/div[40]/div/div/a","Content","HTML"
"Hyperlink","https://www.lifeusa.org/post/women-s-empowerment-the-key-to-solving-world-hunger","https://donate.lifeusa.org/donorportal/project-designations?Program=11WVy000001QlE4MAK","160377","","Give to LIFE’s programs that support widows","200","OK","true","_blank","","Absolute","//body/div/div/div[@id='site-root']/div/main/div/div/div/div[@class='HT5ybB']/div/div/div/section/div[2]/div/div/div/div/div/div/div[2]/div[@id='content-wrapper']/div[@class='ZL4A4N']/div[@class='HcBlwg']/div[1]/div/div/article/div/section/div/div/div/div/div/div[@class='BjAB3']/div[131]/div/div/a","Content","HTML"
"HTTP Redirect","https://www.lifeusa.org/community","https://donate.lifeusa.org/donorportal/project-designations?Program=11WVy000001QlE4MAK","160377","","","200","OK","true","","","Absolute","","","HTTP"
"Hyperlink","https://www.lifeusa.org/programs","https://donate.lifeusa.org/donorportal/project-designations?Program=11WVy000001QlE5MAK","160377","Life OSP Pakistan (100).JPG","","200","OK","true","_self","noopener noreferrer","Absolute","//body/div/div/div[@id='site-root']/div/main/div/div/div/div[@class='HT5ybB']/div/div/div/section[@id='comp-lwf474w5']/div[2]/div/div[@id='comp-mlkzp57o']/a","Content","HTML"
"Hyperlink","https://www.lifeusa.org/programs","https://donate.lifeusa.org/donorportal/project-designations?Program=11WVy000001QlE5MAK","160377","","Orphans Sponsorship","200","OK","true","_self","noopener noreferrer","Absolute","//body/div/div/div[@id='site-root']/div/main/div/div/div/div[@class='HT5ybB']/div/div/div/section[@id='comp-lwf474w5']/div[2]/div/div[@id='comp-mlkzvrmg']/h3/span/a","Content","HTML"
"Hyperlink","https://www.lifeusa.org/post/children-in-crisis-the-psychological-toll-of-violence","https://donate.lifeusa.org/donorportal/project-designations?Program=11WVy000001QlE5MAK","160377","","Help a Child Heal Today","200","OK","true","_blank","","Absolute","//body/div/div/div[@id='site-root']/div/main/div/div/div/div[@class='HT5ybB']/div/div/div/section/div[2]/div/div/div/div/div/div/div[2]/div[@id='content-wrapper']/div[@class='ZL4A4N']/div[@class='HcBlwg']/div[1]/div/div/article/div/section/div/div/div/div/div/div[@class='BjAB3']/div[129]/div/div/a","Content","HTML"
"HTTP Redirect","https://www.lifeusa.org/orphans","https://donate.lifeusa.org/donorportal/project-designations?Program=11WVy000001QlE5MAK","160377","","","200","OK","true","","","Absolute","","","HTTP"
"Hyperlink","https://www.lifeusa.org/lebanon-emergency-relief","https://donate.lifeusa.org/donorportal/campaign?UTM_SourceCode=LebanonEmergencyRelief26&CampaignID=701Vy00001Nj9MLIAZ","162527","","DONATE HERE","200","OK","true","_self","noopener noreferrer","Absolute","//body/div/div/div[@id='site-root']/div/main/div/div/div/div[@class='HT5ybB']/div/div/div/section[@id='comp-m5y86e5p5']/div[2]/div/div[@id='comp-m5y86e5v7']/a","Content","HTML"
"Hyperlink","https://www.lifeusa.org/post/children-forced-to-sleep-in-cars-and-on-the-streets-as-over-800-000-are-displaced-in-lebanon","https://donate.lifeusa.org/donorportal/cart","130550","","Donate Now","200","OK","true","_blank","","Absolute","//body/div/div/div[@id='site-root']/div/main/div/div/div/div[@class='HT5ybB']/div/div/div/section/div[2]/div/div/div/div/div/div/div[2]/div[@id='content-wrapper']/div[@class='ZL4A4N']/div[@class='HcBlwg']/div[1]/div/div/article/div/section/div/div/div/div/div/div[@class='BjAB3']/div[106]/div/div/a","Content","HTML"
"Hyperlink","https://donate.lifeusa.org/donorportal/cart","https://donate.lifeusa.org/donorportal/cart","130550","","","200","OK","true","","","Path-Relative","//body/webruntime-app/lwr-router-container/webruntime-inner-app/dxp_data_provider-user-data-provider/dxp_data_provider-data-proxy/dxp_data_provider-decision-data-provider/dxp_data_provider-data-proxy/community_byo-scoped-header-and-footer/main/webruntime-router-container/dxp_data_provider-user-data-provider/dxp_data_provider-data-proxy/dxp_data_provider-decision-data-provider/dxp_data_provider-data-proxy/community_layout-slds-flexible-layout/div/community_layout-section/div[3]/community_layout-column/div/c-my-cart-list/div/div[@class='sidebar']/div/div[@class='cart-total']/div[@class='cost-div']/div/div/a","Header","HTML"
"Hyperlink","https://www.lifeusa.org/post/over-6-5-hungry-in-somalia-why-your-giving-matters-now-more-than-ever","https://donate.lifeusa.org/donorportal/seasonal-designations","230372","","Feed a Family","200","OK","true","_blank","","Absolute","//body/div/div/div[@id='site-root']/div/main/div/div/div/div[@class='HT5ybB']/div/div/div/section/div[2]/div/div/div/div/div/div/div[2]/div[@id='content-wrapper']/div[@class='ZL4A4N']/div[@class='HcBlwg']/div[1]/div/div/article/div/section/div/div/div/div/div/div[@class='BjAB3']/div[76]/div/div/a","Content","HTML"
"Hyperlink","https://www.lifeusa.org/post/as-middle-east-tensions-rise-families-face-uncertainty-and-compassion-matters-more","https://donate.lifeusa.org/donorportal/seasonal-designations","230372","","Help Build a More Peaceful World","200","OK","true","_blank","","Absolute","//body/div/div/div[@id='site-root']/div/main/div/div/div/div[@class='HT5ybB']/div/div/div/section/div[2]/div/div/div/div/div/div/div[2]/div[@id='content-wrapper']/div[@class='ZL4A4N']/div[@class='HcBlwg']/div[1]/div/div/article/div/section/div/div/div/div/div/div[@class='BjAB3']/div[113]/div/div/a","Content","HTML"
"HTTP Redirect","https://www.lifeusa.org/ramadan","https://donate.lifeusa.org/donorportal/seasonal-designations","230372","","","200","OK","true","","","Absolute","","","HTTP"
"Hyperlink","https://www.lifeusa.org/ukrainerelief","https://donate.lifeusa.org/donorportal/campaign?UTM_SourceCode=UkraineEmergencyRelief&CampaignID=701Vy00001QJyCHIA1","162527","","DONATE HERE","200","OK","true","_self","noopener noreferrer","Absolute","//body/div/div/div[@id='site-root']/div/main/div/div/div/div[@class='HT5ybB']/div/div/div/section[@id='comp-lwf474yy1']/div[2]/div/div[@id='comp-l0b9bly4']/a","Content","HTML"
