"Type","Source","Destination","Size (Bytes)","Alt Text","Anchor","Status Code","Status","Follow","Target","Rel","Path Type","Link Path","Link Position","Link Origin"
"Hyperlink","https://www.lifeusa.org/financial-reports","https://www.lifeusa.org/_files/ugd/6df904_c6509338c6ab4c06804bbcb8c361f812.pdf","442116","2022 - 990 Form","2022 - 990 Form","200","OK","true","_blank","","Absolute","//body/div/div/div[@id='site-root']/div/main/div/div/div/div[@class='HT5ybB']/div/div/div/section[@id='comp-lwf474su1']/div[2]/div/div/div[1]/div[5]/a","Content","HTML"
"Hyperlink","https://www.lifeusa.org/financial-reports","https://www.lifeusa.org/_files/ugd/6df904_90a5efa7142d4148b84eb0525c66de78.pdf","302162","2021 Audited Financial Report","2021 Audited Financial Report","200","OK","true","_blank","","Absolute","//body/div/div/div[@id='site-root']/div/main/div/div/div/div[@class='HT5ybB']/div/div/div/section[@id='comp-lwf474su1']/div[2]/div/div/div[1]/div[8]/a","Content","HTML"
"Hyperlink","https://www.lifeusa.org/financial-reports","https://www.lifeusa.org/_files/ugd/6df904_820ade476dff47d188f8b9378318d242.pdf","318918","2022 Audited Financial Report","2022 Audited Financial Report","200","OK","true","_blank","","Absolute","//body/div/div/div[@id='site-root']/div/main/div/div/div/div[@class='HT5ybB']/div/div/div/section[@id='comp-lwf474su1']/div[2]/div/div/div[1]/div[6]/a","Content","HTML"
"Hyperlink","https://www.lifeusa.org/financial-reports","https://www.lifeusa.org/_files/ugd/6df904_b6f9e409a1a2422c8d4d9e7368d08fbb.pdf","315545","2020 - 990 Form","2020 - 990 Form","200","OK","true","_blank","","Absolute","//body/div/div/div[@id='site-root']/div/main/div/div/div/div[@class='HT5ybB']/div/div/div/section[@id='comp-lwf474su1']/div[2]/div/div/div[1]/div[9]/a","Content","HTML"
"Hyperlink","https://www.lifeusa.org/financial-reports","https://www.lifeusa.org/_files/ugd/6df904_97c1a5bca4fb48c2bc203de1898dad42.pdf","397953","2023 - 990 Form","2023 - 990 Form","200","OK","true","_blank","","Absolute","//body/div/div/div[@id='site-root']/div/main/div/div/div/div[@class='HT5ybB']/div/div/div/section[@id='comp-lwf474su1']/div[2]/div/div/div[1]/div[3]/a","Content","HTML"
"Hyperlink","https://www.lifeusa.org/financial-reports","https://www.lifeusa.org/_files/ugd/6df904_957a74369bdb4c0e871f69ae92f60ef0.pdf","327672","2024 - 990 Form","2024 - 990 Form","200","OK","true","_blank","","Absolute","//body/div/div/div[@id='site-root']/div/main/div/div/div/div[@class='HT5ybB']/div/div/div/section[@id='comp-lwf474su1']/div[2]/div/div/div[1]/div[1]/a","Content","HTML"
"Hyperlink","https://www.lifeusa.org/financial-reports","https://www.lifeusa.org/_files/ugd/6df904_d302c1520c0d4a62bb0caeef25054425.pdf","6222264","2021 - 990 Form","2021 - 990 Form","200","OK","true","_blank","","Absolute","//body/div/div/div[@id='site-root']/div/main/div/div/div/div[@class='HT5ybB']/div/div/div/section[@id='comp-lwf474su1']/div[2]/div/div/div[1]/div[7]/a","Content","HTML"
"Hyperlink","https://www.lifeusa.org/financial-reports","https://www.lifeusa.org/_files/ugd/6df904_fbb391218c0a4ab3a609e7ded6d5d8f2.pdf","316237","2024 Audited Financial Report","2024 Audited Financial Report","200","OK","true","_blank","","Absolute","//body/div/div/div[@id='site-root']/div/main/div/div/div/div[@class='HT5ybB']/div/div/div/section[@id='comp-lwf474su1']/div[2]/div/div/div[1]/div[2]/a","Content","HTML"
"Hyperlink","https://www.lifeusa.org/financial-reports","https://www.lifeusa.org/_files/ugd/6df904_87226379919b4320b943ce00af7190d1.pdf","301324","2023 Audited Financial Report","2023 Audited Financial Report","200","OK","true","_blank","","Absolute","//body/div/div/div[@id='site-root']/div/main/div/div/div/div[@class='HT5ybB']/div/div/div/section[@id='comp-lwf474su1']/div[2]/div/div/div[1]/div[4]/a","Content","HTML"
"Hyperlink","https://www.lifeusa.org/annualreports","https://www.lifeusa.org/_files/ugd/6df904_d0fe1b850fe14f2aafff753149a31e93.pdf","2612722","2022 Annual Report","2022 Annual Report","200","OK","true","_blank","","Absolute","//body/div/div/div[@id='site-root']/div/main/div/div/div/div[@class='HT5ybB']/div/div/div/section[@id='comp-lwf474z1']/div[2]/div/div/div[1]/div[3]/a","Content","HTML"
"Hyperlink","https://www.lifeusa.org/annualreports","https://www.lifeusa.org/_files/ugd/6df904_0f8f4c0387d84ee0822e7a097e609290.pdf","1392939","2020 Annual Report","2020 Annual Report","200","OK","true","_blank","","Absolute","//body/div/div/div[@id='site-root']/div/main/div/div/div/div[@class='HT5ybB']/div/div/div/section[@id='comp-lwf474z1']/div[2]/div/div/div[1]/div[5]/a","Content","HTML"
"Hyperlink","https://www.lifeusa.org/annualreports","https://www.lifeusa.org/_files/ugd/6df904_3fba3e9f3e774668aebec37fddc53405.pdf","2658239","2019 Annual Report","2019 Annual Report","200","OK","true","_blank","","Absolute","//body/div/div/div[@id='site-root']/div/main/div/div/div/div[@class='HT5ybB']/div/div/div/section[@id='comp-lwf474z1']/div[2]/div/div/div[1]/div[6]/a","Content","HTML"
"Hyperlink","https://www.lifeusa.org/annualreports","https://www.lifeusa.org/_files/ugd/6df904_70ad03d60ccd401c9560d51dcb8a0d38.pdf","3445012","2024 Annual Report","2024 Annual Report","200","OK","true","_blank","","Absolute","//body/div/div/div[@id='site-root']/div/main/div/div/div/div[@class='HT5ybB']/div/div/div/section[@id='comp-lwf474z1']/div[2]/div/div/div[1]/div[1]/a","Content","HTML"
"Hyperlink","https://www.lifeusa.org/annualreports","https://www.lifeusa.org/_files/ugd/6df904_3aa728eb8ed446d4a430e655104dc318.pdf","3261686","2021 Annual Report","2021 Annual Report","200","OK","true","_blank","","Absolute","//body/div/div/div[@id='site-root']/div/main/div/div/div/div[@class='HT5ybB']/div/div/div/section[@id='comp-lwf474z1']/div[2]/div/div/div[1]/div[4]/a","Content","HTML"
"Hyperlink","https://www.lifeusa.org/post/women-s-empowerment-the-key-to-solving-world-hunger","https://www.lifeusa.org/_files/ugd/6df904_7fbabf427ae34683a608c7f617b5d4d0.pdf","797937","","Learn more about LIFE’s clean water projects","200","OK","true","_blank","","Absolute","//body/div/div/div[@id='site-root']/div/main/div/div/div/div[@class='HT5ybB']/div/div/div/section/div[2]/div/div/div/div/div/div/div[2]/div[@id='content-wrapper']/div[@class='ZL4A4N']/div[@class='HcBlwg']/div[1]/div/div/article/div/section/div/div/div/div/div/div[@class='BjAB3']/div[103]/div/div/a","Content","HTML"
"Hyperlink","https://www.lifeusa.org/post/one-dollar-can-change-someone-s-life","https://www.lifeusa.org/no/tags/chicago","891623","","chicago","200","OK","true","","noopener noreferrer","Absolute","//body/div/div/div[@id='site-root']/div/main/div/div/div/div[@class='HT5ybB']/div/div/div/section/div[2]/div/div/div/div/div/div/div[2]/div[@id='content-wrapper']/div[@class='ZL4A4N']/div[@class='HcBlwg']/div[1]/div/div/article/div/footer/div/div/section[@class='JJ6Vcq']/nav/ul/li[6]/a","Navigation","HTML"
"Hyperlink","https://www.lifeusa.org/post/life-provides-backpacks-to-foster-youth-in-the-united-states","https://www.lifeusa.org/no/tags/chicago","891623","","chicago","200","OK","true","","noopener noreferrer","Absolute","//body/div/div/div[@id='site-root']/div/main/div/div/div/div[@class='HT5ybB']/div/div/div/section/div[2]/div/div/div/div/div/div/div[2]/div[@id='content-wrapper']/div[@class='ZL4A4N']/div[@class='HcBlwg']/div[1]/div/div/article/div/footer/div/div/section[@class='JJ6Vcq']/nav/ul/li[4]/a","Navigation","HTML"
"HTML Canonical","https://www.lifeusa.org/no/tags/chicago","https://www.lifeusa.org/no/tags/chicago","891623","","","200","OK","true","","","Absolute","//head/link[1]","Head","HTML"
"Hyperlink","https://www.lifeusa.org/post/one-dollar-can-change-someone-s-life","https://www.lifeusa.org/no/tags/usa","922571","","USA","200","OK","true","","noopener noreferrer","Absolute","//body/div/div/div[@id='site-root']/div/main/div/div/div/div[@class='HT5ybB']/div/div/div/section/div[2]/div/div/div/div/div/div/div[2]/div[@id='content-wrapper']/div[@class='ZL4A4N']/div[@class='HcBlwg']/div[1]/div/div/article/div/footer/div/div/section[@class='JJ6Vcq']/nav/ul/li[1]/a","Navigation","HTML"
"Hyperlink","https://www.lifeusa.org/post/life-hears-the-call-in-colorado","https://www.lifeusa.org/no/tags/usa","922571","","USA","200","OK","true","","noopener noreferrer","Absolute","//body/div/div/div[@id='site-root']/div/main/div/div/div/div[@class='HT5ybB']/div/div/div/section/div[2]/div/div/div/div/div/div/div[2]/div[@id='content-wrapper']/div[@class='ZL4A4N']/div[@class='HcBlwg']/div[1]/div/div/article/div/footer/div/div/section[@class='JJ6Vcq']/nav/ul/li[1]/a","Navigation","HTML"
"Hyperlink","https://www.lifeusa.org/post/life-distributes-fresh-meat-in-texas","https://www.lifeusa.org/no/tags/usa","922571","","USA","200","OK","true","","noopener noreferrer","Absolute","//body/div/div/div[@id='site-root']/div/main/div/div/div/div[@class='HT5ybB']/div/div/div/section/div[2]/div/div/div/div/div/div/div[2]/div[@id='content-wrapper']/div[@class='ZL4A4N']/div[@class='HcBlwg']/div[1]/div/div/article/div/footer/div/div/section[@class='JJ6Vcq']/nav/ul/li[1]/a","Navigation","HTML"
"Hyperlink","https://www.lifeusa.org/post/hearing-the-call-southwest-florida","https://www.lifeusa.org/no/tags/usa","922571","","USA","200","OK","true","","noopener noreferrer","Absolute","//body/div/div/div[@id='site-root']/div/main/div/div/div/div[@class='HT5ybB']/div/div/div/section/div[2]/div/div/div/div/div/div/div[2]/div[@id='content-wrapper']/div[@class='ZL4A4N']/div[@class='HcBlwg']/div[1]/div/div/article/div/footer/div/div/section[@class='JJ6Vcq']/nav/ul/li[1]/a","Navigation","HTML"
"Hyperlink","https://www.lifeusa.org/post/life-provides-backpacks-to-foster-youth-in-the-united-states","https://www.lifeusa.org/no/tags/usa","922571","","USA","200","OK","true","","noopener noreferrer","Absolute","//body/div/div/div[@id='site-root']/div/main/div/div/div/div[@class='HT5ybB']/div/div/div/section/div[2]/div/div/div/div/div/div/div[2]/div[@id='content-wrapper']/div[@class='ZL4A4N']/div[@class='HcBlwg']/div[1]/div/div/article/div/footer/div/div/section[@class='JJ6Vcq']/nav/ul/li[1]/a","Navigation","HTML"
"Hyperlink","https://www.lifeusa.org/post/food-packages-maryland","https://www.lifeusa.org/no/tags/usa","922571","","USA","200","OK","true","","noopener noreferrer","Absolute","//body/div/div/div[@id='site-root']/div/main/div/div/div/div[@class='HT5ybB']/div/div/div/section/div[2]/div/div/div/div/div/div/div[2]/div[@id='content-wrapper']/div[@class='ZL4A4N']/div[@class='HcBlwg']/div[1]/div/div/article/div/footer/div/div/section[@class='JJ6Vcq']/nav/ul/li[2]/a","Navigation","HTML"
"HTML Canonical","https://www.lifeusa.org/no/tags/usa","https://www.lifeusa.org/no/tags/usa","922571","","","200","OK","true","","","Absolute","//head/link[1]","Head","HTML"
"Hyperlink","https://www.lifeusa.org/post/one-dollar-can-change-someone-s-life","https://www.lifeusa.org/no/tags/philanthropy","891566","","philanthropy","200","OK","true","","noopener noreferrer","Absolute","//body/div/div/div[@id='site-root']/div/main/div/div/div/div[@class='HT5ybB']/div/div/div/section/div[2]/div/div/div/div/div/div/div[2]/div[@id='content-wrapper']/div[@class='ZL4A4N']/div[@class='HcBlwg']/div[1]/div/div/article/div/footer/div/div/section[@class='JJ6Vcq']/nav/ul/li[10]/a","Navigation","HTML"
"Hyperlink","https://www.lifeusa.org/post/the-biggest-charitable-contributions-in-the-u-s-2023","https://www.lifeusa.org/no/tags/philanthropy","891566","","philanthropy","200","OK","true","","noopener noreferrer","Absolute","//body/div/div/div[@id='site-root']/div/main/div/div/div/div[@class='HT5ybB']/div/div/div/section/div[2]/div/div/div/div/div/div/div[2]/div[@id='content-wrapper']/div[@class='ZL4A4N']/div[@class='HcBlwg']/div[1]/div/div/article/div/footer/div/div/section[@class='JJ6Vcq']/nav/ul/li[1]/a","Navigation","HTML"
"HTML Canonical","https://www.lifeusa.org/no/tags/philanthropy","https://www.lifeusa.org/no/tags/philanthropy","891566","","","200","OK","true","","","Absolute","//head/link[1]","Head","HTML"
"Hyperlink","https://www.lifeusa.org/post/one-dollar-can-change-someone-s-life","https://www.lifeusa.org/no/tags/canada","891253","","Canada","200","OK","true","","noopener noreferrer","Absolute","//body/div/div/div[@id='site-root']/div/main/div/div/div/div[@class='HT5ybB']/div/div/div/section/div[2]/div/div/div/div/div/div/div[2]/div[@id='content-wrapper']/div[@class='ZL4A4N']/div[@class='HcBlwg']/div[1]/div/div/article/div/footer/div/div/section[@class='JJ6Vcq']/nav/ul/li[8]/a","Navigation","HTML"
"Hyperlink","https://www.lifeusa.org/post/a-summer-of-forest-fires","https://www.lifeusa.org/no/tags/canada","891253","","Canada","200","OK","true","","noopener noreferrer","Absolute","//body/div/div/div[@id='site-root']/div/main/div/div/div/div[@class='HT5ybB']/div/div/div/section/div[2]/div/div/div/div/div/div/div[2]/div[@id='content-wrapper']/div[@class='ZL4A4N']/div[@class='HcBlwg']/div[1]/div/div/article/div/footer/div/div/section[@class='JJ6Vcq']/nav/ul/li[1]/a","Navigation","HTML"
"HTML Canonical","https://www.lifeusa.org/no/tags/canada","https://www.lifeusa.org/no/tags/canada","891253","","","200","OK","true","","","Absolute","//head/link[1]","Head","HTML"
"Hyperlink","https://www.lifeusa.org/post/one-dollar-can-change-someone-s-life","https://www.lifeusa.org/no/hashtags/butterflyeffect","883766","","#butterflyeffect","200","OK","true","_blank","","Absolute","//body/div/div/div[@id='site-root']/div/main/div/div/div/div[@class='HT5ybB']/div/div/div/section/div[2]/div/div/div/div/div/div/div[2]/div[@id='content-wrapper']/div[@class='ZL4A4N']/div[@class='HcBlwg']/div[1]/div/div/article/div/section/div/div/div/div/div/div[@class='BjAB3']/div[81]/p/span/span[1]/span/a","Content","HTML"
"HTML Canonical","https://www.lifeusa.org/no/hashtags/butterflyeffect","https://www.lifeusa.org/no/hashtags/butterflyeffect","883766","","","200","OK","true","","","Absolute","//head/link[1]","Head","HTML"
"Hyperlink","https://www.lifeusa.org/post/one-dollar-can-change-someone-s-life","https://www.lifeusa.org/no/tags/life-blog","906985","","life blog","200","OK","true","","noopener noreferrer","Absolute","//body/div/div/div[@id='site-root']/div/main/div/div/div/div[@class='HT5ybB']/div/div/div/section/div[2]/div/div/div/div/div/div/div[2]/div[@id='content-wrapper']/div[@class='ZL4A4N']/div[@class='HcBlwg']/div[1]/div/div/article/div/footer/div/div/section[@class='JJ6Vcq']/nav/ul/li[2]/a","Navigation","HTML"
"Hyperlink","https://www.lifeusa.org/post/refugee-asylum-seeker-immigrant-and-migrant-what-s-the-difference","https://www.lifeusa.org/no/tags/life-blog","906985","","life blog","200","OK","true","","noopener noreferrer","Absolute","//body/div/div/div[@id='site-root']/div/main/div/div/div/div[@class='HT5ybB']/div/div/div/section/div[2]/div/div/div/div/div/div/div[2]/div[@id='content-wrapper']/div[@class='ZL4A4N']/div[@class='HcBlwg']/div[1]/div/div/article/div/footer/div/div/section[@class='JJ6Vcq']/nav/ul/li[3]/a","Navigation","HTML"
"Hyperlink","https://www.lifeusa.org/post/making-houses-into-homes","https://www.lifeusa.org/no/tags/life-blog","906985","","life blog","200","OK","true","","noopener noreferrer","Absolute","//body/div/div/div[@id='site-root']/div/main/div/div/div/div[@class='HT5ybB']/div/div/div/section/div[2]/div/div/div/div/div/div/div[2]/div[@id='content-wrapper']/div[@class='ZL4A4N']/div[@class='HcBlwg']/div[1]/div/div/article/div/footer/div/div/section[@class='JJ6Vcq']/nav/ul/li[2]/a","Navigation","HTML"
"Hyperlink","https://www.lifeusa.org/post/hearing-for-the-first-time-in-years","https://www.lifeusa.org/no/tags/life-blog","906985","","life blog","200","OK","true","","noopener noreferrer","Absolute","//body/div/div/div[@id='site-root']/div/main/div/div/div/div[@class='HT5ybB']/div/div/div/section/div[2]/div/div/div/div/div/div/div[2]/div[@id='content-wrapper']/div[@class='ZL4A4N']/div[@class='HcBlwg']/div[1]/div/div/article/div/footer/div/div/section[@class='JJ6Vcq']/nav/ul/li[2]/a","Navigation","HTML"
"HTML Canonical","https://www.lifeusa.org/no/tags/life-blog","https://www.lifeusa.org/no/tags/life-blog","906985","","","200","OK","true","","","Absolute","//head/link[1]","Head","HTML"
"Hyperlink","https://www.lifeusa.org/post/one-dollar-can-change-someone-s-life","https://www.lifeusa.org/no/tags/england","891537","","England","200","OK","true","","noopener noreferrer","Absolute","//body/div/div/div[@id='site-root']/div/main/div/div/div/div[@class='HT5ybB']/div/div/div/section/div[2]/div/div/div/div/div/div/div[2]/div[@id='content-wrapper']/div[@class='ZL4A4N']/div[@class='HcBlwg']/div[1]/div/div/article/div/footer/div/div/section[@class='JJ6Vcq']/nav/ul/li[7]/a","Navigation","HTML"
"Hyperlink","https://www.lifeusa.org/post/queen-elizabeth-ii-a-lifetime-of-charity","https://www.lifeusa.org/no/tags/england","891537","","England","200","OK","true","","noopener noreferrer","Absolute","//body/div/div/div[@id='site-root']/div/main/div/div/div/div[@class='HT5ybB']/div/div/div/section/div[2]/div/div/div/div/div/div/div[2]/div[@id='content-wrapper']/div[@class='ZL4A4N']/div[@class='HcBlwg']/div[1]/div/div/article/div/footer/div/div/section[@class='JJ6Vcq']/nav/ul/li[2]/a","Navigation","HTML"
"HTML Canonical","https://www.lifeusa.org/no/tags/england","https://www.lifeusa.org/no/tags/england","891537","","","200","OK","true","","","Absolute","//head/link[1]","Head","HTML"
"Hyperlink","https://www.lifeusa.org/post/one-dollar-can-change-someone-s-life","https://www.lifeusa.org/no/tags/colorado","898708","","colorado","200","OK","true","","noopener noreferrer","Absolute","//body/div/div/div[@id='site-root']/div/main/div/div/div/div[@class='HT5ybB']/div/div/div/section/div[2]/div/div/div/div/div/div/div[2]/div[@id='content-wrapper']/div[@class='ZL4A4N']/div[@class='HcBlwg']/div[1]/div/div/article/div/footer/div/div/section[@class='JJ6Vcq']/nav/ul/li[3]/a","Navigation","HTML"
"Hyperlink","https://www.lifeusa.org/post/life-hears-the-call-in-colorado","https://www.lifeusa.org/no/tags/colorado","898708","","colorado","200","OK","true","","noopener noreferrer","Absolute","//body/div/div/div[@id='site-root']/div/main/div/div/div/div[@class='HT5ybB']/div/div/div/section/div[2]/div/div/div/div/div/div/div[2]/div[@id='content-wrapper']/div[@class='ZL4A4N']/div[@class='HcBlwg']/div[1]/div/div/article/div/footer/div/div/section[@class='JJ6Vcq']/nav/ul/li[3]/a","Navigation","HTML"
"Hyperlink","https://www.lifeusa.org/post/hearing-aids-colorado","https://www.lifeusa.org/no/tags/colorado","898708","","colorado","200","OK","true","","noopener noreferrer","Absolute","//body/div/div/div[@id='site-root']/div/main/div/div/div/div[@class='HT5ybB']/div/div/div/section/div[2]/div/div/div/div/div/div/div[2]/div[@id='content-wrapper']/div[@class='ZL4A4N']/div[@class='HcBlwg']/div[1]/div/div/article/div/footer/div/div/section[@class='JJ6Vcq']/nav/ul/li[2]/a","Navigation","HTML"
"HTML Canonical","https://www.lifeusa.org/no/tags/colorado","https://www.lifeusa.org/no/tags/colorado","898708","","","200","OK","true","","","Absolute","//head/link[1]","Head","HTML"
"Hyperlink","https://www.lifeusa.org/post/one-dollar-can-change-someone-s-life","https://www.lifeusa.org/no/tags/charity","899509","","Charity","200","OK","true","","noopener noreferrer","Absolute","//body/div/div/div[@id='site-root']/div/main/div/div/div/div[@class='HT5ybB']/div/div/div/section/div[2]/div/div/div/div/div/div/div[2]/div[@id='content-wrapper']/div[@class='ZL4A4N']/div[@class='HcBlwg']/div[1]/div/div/article/div/footer/div/div/section[@class='JJ6Vcq']/nav/ul/li[4]/a","Navigation","HTML"
"Hyperlink","https://www.lifeusa.org/post/when-life-becomes-art-finding-flow-purpose-and-the-joy-of-giving","https://www.lifeusa.org/no/tags/charity","899509","","Charity","200","OK","true","","noopener noreferrer","Absolute","//body/div/div/div[@id='site-root']/div/main/div/div/div/div[@class='HT5ybB']/div/div/div/section/div[2]/div/div/div/div/div/div/div[2]/div[@id='content-wrapper']/div[@class='ZL4A4N']/div[@class='HcBlwg']/div[1]/div/div/article/div/footer/div/div/section[@class='JJ6Vcq']/nav/ul/li/a","Navigation","HTML"
"Hyperlink","https://www.lifeusa.org/post/queen-elizabeth-ii-a-lifetime-of-charity","https://www.lifeusa.org/no/tags/charity","899509","","Charity","200","OK","true","","noopener noreferrer","Absolute","//body/div/div/div[@id='site-root']/div/main/div/div/div/div[@class='HT5ybB']/div/div/div/section/div[2]/div/div/div/div/div/div/div[2]/div[@id='content-wrapper']/div[@class='ZL4A4N']/div[@class='HcBlwg']/div[1]/div/div/article/div/footer/div/div/section[@class='JJ6Vcq']/nav/ul/li[1]/a","Navigation","HTML"
"HTML Canonical","https://www.lifeusa.org/no/tags/charity","https://www.lifeusa.org/no/tags/charity","899509","","","200","OK","true","","","Absolute","//head/link[1]","Head","HTML"
"Hyperlink","https://www.lifeusa.org/post/one-dollar-can-change-someone-s-life","https://www.lifeusa.org/no/tags/maryland","891630","","Maryland","200","OK","true","","noopener noreferrer","Absolute","//body/div/div/div[@id='site-root']/div/main/div/div/div/div[@class='HT5ybB']/div/div/div/section/div[2]/div/div/div/div/div/div/div[2]/div[@id='content-wrapper']/div[@class='ZL4A4N']/div[@class='HcBlwg']/div[1]/div/div/article/div/footer/div/div/section[@class='JJ6Vcq']/nav/ul/li[5]/a","Navigation","HTML"
"Hyperlink","https://www.lifeusa.org/post/food-packages-maryland","https://www.lifeusa.org/no/tags/maryland","891630","","Maryland","200","OK","true","","noopener noreferrer","Absolute","//body/div/div/div[@id='site-root']/div/main/div/div/div/div[@class='HT5ybB']/div/div/div/section/div[2]/div/div/div/div/div/div/div[2]/div[@id='content-wrapper']/div[@class='ZL4A4N']/div[@class='HcBlwg']/div[1]/div/div/article/div/footer/div/div/section[@class='JJ6Vcq']/nav/ul/li[3]/a","Navigation","HTML"
"HTML Canonical","https://www.lifeusa.org/no/tags/maryland","https://www.lifeusa.org/no/tags/maryland","891630","","","200","OK","true","","","Absolute","//head/link[1]","Head","HTML"
"Hyperlink","https://www.lifeusa.org/post/one-dollar-can-change-someone-s-life","https://www.lifeusa.org/no/tags/nyc","890756","","NYC","200","OK","true","","noopener noreferrer","Absolute","//body/div/div/div[@id='site-root']/div/main/div/div/div/div[@class='HT5ybB']/div/div/div/section/div[2]/div/div/div/div/div/div/div[2]/div[@id='content-wrapper']/div[@class='ZL4A4N']/div[@class='HcBlwg']/div[1]/div/div/article/div/footer/div/div/section[@class='JJ6Vcq']/nav/ul/li[9]/a","Navigation","HTML"
"Hyperlink","https://www.lifeusa.org/post/a-summer-of-forest-fires","https://www.lifeusa.org/no/tags/nyc","890756","","NYC","200","OK","true","","noopener noreferrer","Absolute","//body/div/div/div[@id='site-root']/div/main/div/div/div/div[@class='HT5ybB']/div/div/div/section/div[2]/div/div/div/div/div/div/div[2]/div[@id='content-wrapper']/div[@class='ZL4A4N']/div[@class='HcBlwg']/div[1]/div/div/article/div/footer/div/div/section[@class='JJ6Vcq']/nav/ul/li[2]/a","Navigation","HTML"
"HTML Canonical","https://www.lifeusa.org/no/tags/nyc","https://www.lifeusa.org/no/tags/nyc","890756","","","200","OK","true","","","Absolute","//head/link[1]","Head","HTML"
"Hyperlink","https://www.lifeusa.org/newsletters","https://www.lifeusa.org/_files/ugd/6df904_162824fa1d0a4231b25669e678d3a730.pdf","10315806","2020 Newsletter","2020 Newsletter","200","OK","true","_blank","","Absolute","//body/div/div/div[@id='site-root']/div/main/div/div/div/div[@class='HT5ybB']/div/div/div/section[@id='comp-lwf474x3']/div[2]/div/div/div[1]/div[5]/a","Content","HTML"
"Hyperlink","https://www.lifeusa.org/newsletters","https://www.lifeusa.org/_files/ugd/6df904_441a61c7f7c94af999a07aedad1b019f.pdf","6286318","2023 Newsletter","2023 Newsletter","200","OK","true","_blank","","Absolute","//body/div/div/div[@id='site-root']/div/main/div/div/div/div[@class='HT5ybB']/div/div/div/section[@id='comp-lwf474x3']/div[2]/div/div/div[1]/div[2]/a","Content","HTML"
"Hyperlink","https://www.lifeusa.org/newsletters","https://www.lifeusa.org/_files/ugd/6df904_007cd0c2d319457b851b407933ef9a6b.pdf","10075108","2021 Newsletter","2021 Newsletter","200","OK","true","_blank","","Absolute","//body/div/div/div[@id='site-root']/div/main/div/div/div/div[@class='HT5ybB']/div/div/div/section[@id='comp-lwf474x3']/div[2]/div/div/div[1]/div[4]/a","Content","HTML"
"Hyperlink","https://www.lifeusa.org/newsletters","https://www.lifeusa.org/_files/ugd/6df904_9f9c3694c0d844338df533a35a57ef84.pdf","46060499","","","200","OK","true","_blank","","Absolute","//body/div/div/div[@id='site-root']/div/main/div/div/div/div[@class='HT5ybB']/div/div/div/section[@id='comp-lwf474x3']/div[2]/div/div/div[1]/div[1]/a","Content","HTML"
"Hyperlink","https://www.lifeusa.org/press","https://www.lifeusa.org/_files/ugd/6df904_3dfee7544a3e45c6a18151355679d69b.pdf","54494","","","200","OK","true","_blank","","Absolute","//body/div/div/div[@id='site-root']/div/main/div/div/div/div[@class='HT5ybB']/div/div/div/section[@id='comp-lwf474wo']/div[2]/div/div/div[1]/div[20]/a","Content","HTML"
"Hyperlink","https://www.lifeusa.org/press","https://www.lifeusa.org/_files/ugd/6df904_fdbf1a16338846c4a02c1ddf431f5279.pdf","9314752","","","200","OK","true","_blank","","Absolute","//body/div/div/div[@id='site-root']/div/main/div/div/div/div[@class='HT5ybB']/div/div/div/section[@id='comp-lwf474wo']/div[2]/div/div/div[1]/div[10]/a","Content","HTML"
"Hyperlink","https://www.lifeusa.org/press","https://www.lifeusa.org/_files/ugd/6df904_535e4547bf0545a2a9162f12a3b73a98.pdf","788254","","","200","OK","true","_blank","","Absolute","//body/div/div/div[@id='site-root']/div/main/div/div/div/div[@class='HT5ybB']/div/div/div/section[@id='comp-lwf474wo']/div[2]/div/div/div[1]/div[16]/a","Content","HTML"
"Hyperlink","https://www.lifeusa.org/press","https://www.lifeusa.org/_files/ugd/6df904_6486047cd4fe4d589aff8e22b0f14e99.pdf","1739215","","","200","OK","true","_blank","","Absolute","//body/div/div/div[@id='site-root']/div/main/div/div/div/div[@class='HT5ybB']/div/div/div/section[@id='comp-lwf474wo']/div[2]/div/div/div[1]/div[5]/a","Content","HTML"
"Hyperlink","https://www.lifeusa.org/press","https://www.lifeusa.org/_files/ugd/6df904_f13eaf2545ae43009c3e171743dfe747.pdf","490404","","","200","OK","true","_blank","","Absolute","//body/div/div/div[@id='site-root']/div/main/div/div/div/div[@class='HT5ybB']/div/div/div/section[@id='comp-lwf474wo']/div[2]/div/div/div[1]/div[4]/a","Content","HTML"
"Hyperlink","https://www.lifeusa.org/press","https://www.lifeusa.org/_files/ugd/6df904_f974ecb3149c4e8cb13dbc8ed447a49a.pdf","1086717","","","200","OK","true","_blank","","Absolute","//body/div/div/div[@id='site-root']/div/main/div/div/div/div[@class='HT5ybB']/div/div/div/section[@id='comp-lwf474wo']/div[2]/div/div/div[1]/div[18]/a","Content","HTML"
"Hyperlink","https://www.lifeusa.org/press","https://www.lifeusa.org/_files/ugd/6df904_1ddc755082ef49bb909f2aa7dbf9a1c1.pdf","1918868","","","200","OK","true","_blank","","Absolute","//body/div/div/div[@id='site-root']/div/main/div/div/div/div[@class='HT5ybB']/div/div/div/section[@id='comp-lwf474wo']/div[2]/div/div/div[1]/div[15]/a","Content","HTML"
"Hyperlink","https://www.lifeusa.org/press","https://www.lifeusa.org/_files/ugd/6df904_7b1019b4e72d4da39acec3132eb89454.pdf","858485","","","200","OK","true","_blank","","Absolute","//body/div/div/div[@id='site-root']/div/main/div/div/div/div[@class='HT5ybB']/div/div/div/section[@id='comp-lwf474wo']/div[2]/div/div/div[1]/div[8]/a","Content","HTML"
"Hyperlink","https://www.lifeusa.org/press","https://www.lifeusa.org/_files/ugd/6df904_e2671b6a5cfa4bd0a35bcb61e28353aa.pdf","857169","","","200","OK","true","_blank","","Absolute","//body/div/div/div[@id='site-root']/div/main/div/div/div/div[@class='HT5ybB']/div/div/div/section[@id='comp-lwf474wo']/div[2]/div/div/div[1]/div[14]/a","Content","HTML"
"Hyperlink","https://www.lifeusa.org/annualreports","https://www.lifeusa.org/_files/ugd/6df904_bbb8e9ad3505406b926cb0eda852c599.pdf","19601845","2023 Annual Report","2023 Annual Report","200","OK","true","_blank","","Absolute","//body/div/div/div[@id='site-root']/div/main/div/div/div/div[@class='HT5ybB']/div/div/div/section[@id='comp-lwf474z1']/div[2]/div/div/div[1]/div[2]/a","Content","HTML"
"Hyperlink","https://www.lifeusa.org/press","https://www.lifeusa.org/_files/ugd/6df904_a136a878af8a4d46ace9b06e3416685b.pdf","1671785","","","200","OK","true","_blank","","Absolute","//body/div/div/div[@id='site-root']/div/main/div/div/div/div[@class='HT5ybB']/div/div/div/section[@id='comp-lwf474wo']/div[2]/div/div/div[1]/div[11]/a","Content","HTML"
"Hyperlink","https://www.lifeusa.org/press","https://www.lifeusa.org/_files/ugd/6df904_e66c780078bd43c786b3ad629e3bc469.pdf","895517","","","200","OK","true","_blank","","Absolute","//body/div/div/div[@id='site-root']/div/main/div/div/div/div[@class='HT5ybB']/div/div/div/section[@id='comp-lwf474wo']/div[2]/div/div/div[1]/div[6]/a","Content","HTML"
"Hyperlink","https://www.lifeusa.org/press","https://www.lifeusa.org/_files/ugd/6df904_edf6e91aa73d4e45a6e7649e0395de0b.pdf","1289776","","","200","OK","true","_blank","","Absolute","//body/div/div/div[@id='site-root']/div/main/div/div/div/div[@class='HT5ybB']/div/div/div/section[@id='comp-lwf474wo']/div[2]/div/div/div[1]/div[17]/a","Content","HTML"
"Hyperlink","https://www.lifeusa.org/press","https://www.lifeusa.org/_files/ugd/6df904_dd53ebe83bc34c9d9b90dfd62e069406.pdf","307255","","","200","OK","true","_blank","","Absolute","//body/div/div/div[@id='site-root']/div/main/div/div/div/div[@class='HT5ybB']/div/div/div/section[@id='comp-lwf474wo']/div[2]/div/div/div[1]/div[13]/a","Content","HTML"
"Hyperlink","https://www.lifeusa.org/press","https://www.lifeusa.org/_files/ugd/6df904_6e2ea6112dcf4907b3cafee15ed9802e.pdf","2960599","","","200","OK","true","_blank","","Absolute","//body/div/div/div[@id='site-root']/div/main/div/div/div/div[@class='HT5ybB']/div/div/div/section[@id='comp-lwf474wo']/div[2]/div/div/div[1]/div[12]/a","Content","HTML"
"Hyperlink","https://www.lifeusa.org/press","https://www.lifeusa.org/_files/ugd/6df904_76f4bf9a37e14e32bb774a790c321fc6.pdf","907706","","","200","OK","true","_blank","","Absolute","//body/div/div/div[@id='site-root']/div/main/div/div/div/div[@class='HT5ybB']/div/div/div/section[@id='comp-lwf474wo']/div[2]/div/div/div[1]/div[7]/a","Content","HTML"
"Hyperlink","https://www.lifeusa.org/press","https://www.lifeusa.org/_files/ugd/6df904_a85aa809193545108cdc16535b6493b9.pdf","5239322","","","200","OK","true","_blank","","Absolute","//body/div/div/div[@id='site-root']/div/main/div/div/div/div[@class='HT5ybB']/div/div/div/section[@id='comp-lwf474wo']/div[2]/div/div/div[1]/div[9]/a","Content","HTML"
"Hyperlink","https://www.lifeusa.org/press","https://www.lifeusa.org/_files/ugd/6df904_8dafc192b5aa4cb6a7ed1b63336c3078.pdf","9431996","","","200","OK","true","_blank","","Absolute","//body/div/div/div[@id='site-root']/div/main/div/div/div/div[@class='HT5ybB']/div/div/div/section[@id='comp-lwf474wo']/div[2]/div/div/div[1]/div[19]/a","Content","HTML"
"Hyperlink","https://www.lifeusa.org/post/how-violence-and-war-affect-children-worldwide-and-how-you-can-help","https://www.lifeusa.org/no/tags/ukraine","907813","","Ukraine","200","OK","true","","noopener noreferrer","Absolute","//body/div/div/div[@id='site-root']/div/main/div/div/div/div[@class='HT5ybB']/div/div/div/section/div[2]/div/div/div/div/div/div/div[2]/div[@id='content-wrapper']/div[@class='ZL4A4N']/div[@class='HcBlwg']/div[1]/div/div/article/div/footer/div/div/section[@class='JJ6Vcq']/nav/ul/li[4]/a","Navigation","HTML"
"Hyperlink","https://www.lifeusa.org/post/the-crucial-role-of-humanitarian-organizations-in-conflict-zones","https://www.lifeusa.org/no/tags/ukraine","907813","","Ukraine","200","OK","true","","noopener noreferrer","Absolute","//body/div/div/div[@id='site-root']/div/main/div/div/div/div[@class='HT5ybB']/div/div/div/section/div[2]/div/div/div/div/div/div/div[2]/div[@id='content-wrapper']/div[@class='ZL4A4N']/div[@class='HcBlwg']/div[1]/div/div/article/div/footer/div/div/section[@class='JJ6Vcq']/nav/ul/li[4]/a","Navigation","HTML"
"Hyperlink","https://www.lifeusa.org/post/it-s-okay-to-cry-the-ukrainian-refugee-mental-health-crisis","https://www.lifeusa.org/no/tags/ukraine","907813","","Ukraine","200","OK","true","","noopener noreferrer","Absolute","//body/div/div/div[@id='site-root']/div/main/div/div/div/div[@class='HT5ybB']/div/div/div/section/div[2]/div/div/div/div/div/div/div[2]/div[@id='content-wrapper']/div[@class='ZL4A4N']/div[@class='HcBlwg']/div[1]/div/div/article/div/footer/div/div/section[@class='JJ6Vcq']/nav/ul/li[3]/a","Navigation","HTML"
"Hyperlink","https://www.lifeusa.org/post/walk-532-59-miles-in-the-shoes-of-a-ukrainian-refugee","https://www.lifeusa.org/no/tags/ukraine","907813","","Ukraine","200","OK","true","","noopener noreferrer","Absolute","//body/div/div/div[@id='site-root']/div/main/div/div/div/div[@class='HT5ybB']/div/div/div/section/div[2]/div/div/div/div/div/div/div[2]/div[@id='content-wrapper']/div[@class='ZL4A4N']/div[@class='HcBlwg']/div[1]/div/div/article/div/footer/div/div/section[@class='JJ6Vcq']/nav/ul/li[2]/a","Navigation","HTML"
"HTML Canonical","https://www.lifeusa.org/no/tags/ukraine","https://www.lifeusa.org/no/tags/ukraine","907813","","","200","OK","true","","","Absolute","//head/link[1]","Head","HTML"
"Hyperlink","https://www.lifeusa.org/post/how-violence-and-war-affect-children-worldwide-and-how-you-can-help","https://www.lifeusa.org/no/tags/orphans","892149","","Orphans","200","OK","true","","noopener noreferrer","Absolute","//body/div/div/div[@id='site-root']/div/main/div/div/div/div[@class='HT5ybB']/div/div/div/section/div[2]/div/div/div/div/div/div/div[2]/div[@id='content-wrapper']/div[@class='ZL4A4N']/div[@class='HcBlwg']/div[1]/div/div/article/div/footer/div/div/section[@class='JJ6Vcq']/nav/ul/li[6]/a","Navigation","HTML"
"Hyperlink","https://www.lifeusa.org/post/let-them-play-life-gives-every-child-a-chance-to-be-a-child-at-the-global-orphan-eid-parties","https://www.lifeusa.org/no/tags/orphans","892149","","Orphans","200","OK","true","","noopener noreferrer","Absolute","//body/div/div/div[@id='site-root']/div/main/div/div/div/div[@class='HT5ybB']/div/div/div/section/div[2]/div/div/div/div/div/div/div[2]/div[@id='content-wrapper']/div[@class='ZL4A4N']/div[@class='HcBlwg']/div[1]/div/div/article/div/footer/div/div/section[@class='JJ6Vcq']/nav/ul/li[2]/a","Navigation","HTML"
"HTML Canonical","https://www.lifeusa.org/no/tags/orphans","https://www.lifeusa.org/no/tags/orphans","892149","","","200","OK","true","","","Absolute","//head/link[1]","Head","HTML"
"Hyperlink","https://www.lifeusa.org/post/how-violence-and-war-affect-children-worldwide-and-how-you-can-help","https://www.lifeusa.org/no/tags/palestine","961424","","Palestine","200","OK","true","","noopener noreferrer","Absolute","//body/div/div/div[@id='site-root']/div/main/div/div/div/div[@class='HT5ybB']/div/div/div/section/div[2]/div/div/div/div/div/div/div[2]/div[@id='content-wrapper']/div[@class='ZL4A4N']/div[@class='HcBlwg']/div[1]/div/div/article/div/footer/div/div/section[@class='JJ6Vcq']/nav/ul/li[1]/a","Navigation","HTML"
"Hyperlink","https://www.lifeusa.org/post/life-distributes-water-tanks-to-families-in-the-gaza-strip","https://www.lifeusa.org/no/tags/palestine","961424","","Palestine","200","OK","true","","noopener noreferrer","Absolute","//body/div/div/div[@id='site-root']/div/main/div/div/div/div[@class='HT5ybB']/div/div/div/section/div[2]/div/div/div/div/div/div/div[2]/div[@id='content-wrapper']/div[@class='ZL4A4N']/div[@class='HcBlwg']/div[1]/div/div/article/div/footer/div/div/section[@class='JJ6Vcq']/nav/ul/li[2]/a","Navigation","HTML"
"Hyperlink","https://www.lifeusa.org/post/the-crucial-role-of-humanitarian-organizations-in-conflict-zones","https://www.lifeusa.org/no/tags/palestine","961424","","Palestine","200","OK","true","","noopener noreferrer","Absolute","//body/div/div/div[@id='site-root']/div/main/div/div/div/div[@class='HT5ybB']/div/div/div/section/div[2]/div/div/div/div/div/div/div[2]/div[@id='content-wrapper']/div[@class='ZL4A4N']/div[@class='HcBlwg']/div[1]/div/div/article/div/footer/div/div/section[@class='JJ6Vcq']/nav/ul/li[3]/a","Navigation","HTML"
"Hyperlink","https://www.lifeusa.org/post/life-continues-to-provide-emergency-aid-in-gaza","https://www.lifeusa.org/no/tags/palestine","961424","","Palestine","200","OK","true","","noopener noreferrer","Absolute","//body/div/div/div[@id='site-root']/div/main/div/div/div/div[@class='HT5ybB']/div/div/div/section/div[2]/div/div/div/div/div/div/div[2]/div[@id='content-wrapper']/div[@class='ZL4A4N']/div[@class='HcBlwg']/div[1]/div/div/article/div/footer/div/div/section[@class='JJ6Vcq']/nav/ul/li[3]/a","Navigation","HTML"
"Hyperlink","https://www.lifeusa.org/post/the-world-in-crisis-supporting-from-the-sidelines","https://www.lifeusa.org/no/tags/palestine","961424","","Palestine","200","OK","true","","noopener noreferrer","Absolute","//body/div/div/div[@id='site-root']/div/main/div/div/div/div[@class='HT5ybB']/div/div/div/section/div[2]/div/div/div/div/div/div/div[2]/div[@id='content-wrapper']/div[@class='ZL4A4N']/div[@class='HcBlwg']/div[1]/div/div/article/div/footer/div/div/section[@class='JJ6Vcq']/nav/ul/li[3]/a","Navigation","HTML"
"Hyperlink","https://www.lifeusa.org/post/life-provides-emergency-relief-to-gaza","https://www.lifeusa.org/no/tags/palestine","961424","","Palestine","200","OK","true","","noopener noreferrer","Absolute","//body/div/div/div[@id='site-root']/div/main/div/div/div/div[@class='HT5ybB']/div/div/div/section/div[2]/div/div/div/div/div/div/div[2]/div[@id='content-wrapper']/div[@class='ZL4A4N']/div[@class='HcBlwg']/div[1]/div/div/article/div/footer/div/div/section[@class='JJ6Vcq']/nav/ul/li[3]/a","Navigation","HTML"
"Hyperlink","https://www.lifeusa.org/post/a-4-year-old-s-bravery-in-gaza-ahmad-s-story","https://www.lifeusa.org/no/tags/palestine","961424","","Palestine","200","OK","true","","noopener noreferrer","Absolute","//body/div/div/div[@id='site-root']/div/main/div/div/div/div[@class='HT5ybB']/div/div/div/section/div[2]/div/div/div/div/div/div/div[2]/div[@id='content-wrapper']/div[@class='ZL4A4N']/div[@class='HcBlwg']/div[1]/div/div/article/div/footer/div/div/section[@class='JJ6Vcq']/nav/ul/li[3]/a","Navigation","HTML"
"Hyperlink","https://www.lifeusa.org/post/life-provides-emergency-relief-to-gaza-1","https://www.lifeusa.org/no/tags/palestine","961424","","Palestine","200","OK","true","","noopener noreferrer","Absolute","//body/div/div/div[@id='site-root']/div/main/div/div/div/div[@class='HT5ybB']/div/div/div/section/div[2]/div/div/div/div/div/div/div[2]/div[@id='content-wrapper']/div[@class='ZL4A4N']/div[@class='HcBlwg']/div[1]/div/div/article/div/footer/div/div/section[@class='JJ6Vcq']/nav/ul/li[3]/a","Navigation","HTML"
"Hyperlink","https://www.lifeusa.org/post/gaza-s-daily-bread-life-provides-relief-to-innocent-civilians","https://www.lifeusa.org/no/tags/palestine","961424","","Palestine","200","OK","true","","noopener noreferrer","Absolute","//body/div/div/div[@id='site-root']/div/main/div/div/div/div[@class='HT5ybB']/div/div/div/section/div[2]/div/div/div/div/div/div/div[2]/div[@id='content-wrapper']/div[@class='ZL4A4N']/div[@class='HcBlwg']/div[1]/div/div/article/div/footer/div/div/section[@class='JJ6Vcq']/nav/ul/li[3]/a","Navigation","HTML"
"Hyperlink","https://www.lifeusa.org/post/who-will-watch-over-the-orphans-of-gaza","https://www.lifeusa.org/no/tags/palestine","961424","","Palestine","200","OK","true","","noopener noreferrer","Absolute","//body/div/div/div[@id='site-root']/div/main/div/div/div/div[@class='HT5ybB']/div/div/div/section/div[2]/div/div/div/div/div/div/div[2]/div[@id='content-wrapper']/div[@class='ZL4A4N']/div[@class='HcBlwg']/div[1]/div/div/article/div/footer/div/div/section[@class='JJ6Vcq']/nav/ul/li[2]/a","Navigation","HTML"
"Hyperlink","https://www.lifeusa.org/post/aiding-in-gaza-s-shelter-crisis","https://www.lifeusa.org/no/tags/palestine","961424","","Palestine","200","OK","true","","noopener noreferrer","Absolute","//body/div/div/div[@id='site-root']/div/main/div/div/div/div[@class='HT5ybB']/div/div/div/section/div[2]/div/div/div/div/div/div/div[2]/div[@id='content-wrapper']/div[@class='ZL4A4N']/div[@class='HcBlwg']/div[1]/div/div/article/div/footer/div/div/section[@class='JJ6Vcq']/nav/ul/li[3]/a","Navigation","HTML"
"HTML Canonical","https://www.lifeusa.org/no/tags/palestine","https://www.lifeusa.org/no/tags/palestine","961424","","","200","OK","true","","","Absolute","//head/link[1]","Head","HTML"
"Hyperlink","https://www.lifeusa.org/post/how-violence-and-war-affect-children-worldwide-and-how-you-can-help","https://www.lifeusa.org/no/tags/orphan-sponsorship","915989","","Orphan Sponsorship","200","OK","true","","noopener noreferrer","Absolute","//body/div/div/div[@id='site-root']/div/main/div/div/div/div[@class='HT5ybB']/div/div/div/section/div[2]/div/div/div/div/div/div/div[2]/div[@id='content-wrapper']/div[@class='ZL4A4N']/div[@class='HcBlwg']/div[1]/div/div/article/div/footer/div/div/section[@class='JJ6Vcq']/nav/ul/li[3]/a","Navigation","HTML"
"Hyperlink","https://www.lifeusa.org/post/let-them-play-life-gives-every-child-a-chance-to-be-a-child-at-the-global-orphan-eid-parties","https://www.lifeusa.org/no/tags/orphan-sponsorship","915989","","Orphan Sponsorship","200","OK","true","","noopener noreferrer","Absolute","//body/div/div/div[@id='site-root']/div/main/div/div/div/div[@class='HT5ybB']/div/div/div/section/div[2]/div/div/div/div/div/div/div[2]/div[@id='content-wrapper']/div[@class='ZL4A4N']/div[@class='HcBlwg']/div[1]/div/div/article/div/footer/div/div/section[@class='JJ6Vcq']/nav/ul/li[1]/a","Navigation","HTML"
"Hyperlink","https://www.lifeusa.org/post/who-will-watch-over-the-orphans-of-gaza","https://www.lifeusa.org/no/tags/orphan-sponsorship","915989","","Orphan Sponsorship","200","OK","true","","noopener noreferrer","Absolute","//body/div/div/div[@id='site-root']/div/main/div/div/div/div[@class='HT5ybB']/div/div/div/section/div[2]/div/div/div/div/div/div/div[2]/div[@id='content-wrapper']/div[@class='ZL4A4N']/div[@class='HcBlwg']/div[1]/div/div/article/div/footer/div/div/section[@class='JJ6Vcq']/nav/ul/li[3]/a","Navigation","HTML"
"Hyperlink","https://www.lifeusa.org/post/the-leading-causes-of-orphans-today","https://www.lifeusa.org/no/tags/orphan-sponsorship","915989","","Orphan Sponsorship","200","OK","true","","noopener noreferrer","Absolute","//body/div/div/div[@id='site-root']/div/main/div/div/div/div[@class='HT5ybB']/div/div/div/section/div[2]/div/div/div/div/div/div/div[2]/div[@id='content-wrapper']/div[@class='ZL4A4N']/div[@class='HcBlwg']/div[1]/div/div/article/div/footer/div/div/section[@class='JJ6Vcq']/nav/ul/li[2]/a","Navigation","HTML"
"Hyperlink","https://www.lifeusa.org/post/life-for-relief-and-development-life-ambulance-and-distributed-aid-save-countless-lives-after-airs","https://www.lifeusa.org/no/tags/orphan-sponsorship","915989","","Orphan Sponsorship","200","OK","true","","noopener noreferrer","Absolute","//body/div/div/div[@id='site-root']/div/main/div/div/div/div[@class='HT5ybB']/div/div/div/section/div[2]/div/div/div/div/div/div/div[2]/div[@id='content-wrapper']/div[@class='ZL4A4N']/div[@class='HcBlwg']/div[1]/div/div/article/div/footer/div/div/section[@class='JJ6Vcq']/nav/ul/li[2]/a","Navigation","HTML"
"HTML Canonical","https://www.lifeusa.org/no/tags/orphan-sponsorship","https://www.lifeusa.org/no/tags/orphan-sponsorship","915989","","","200","OK","true","","","Absolute","//head/link[1]","Head","HTML"
"Hyperlink","https://www.lifeusa.org/post/how-violence-and-war-affect-children-worldwide-and-how-you-can-help","https://www.lifeusa.org/no/tags/syria-1","908620","","Syria","200","OK","true","","noopener noreferrer","Absolute","//body/div/div/div[@id='site-root']/div/main/div/div/div/div[@class='HT5ybB']/div/div/div/section/div[2]/div/div/div/div/div/div/div[2]/div[@id='content-wrapper']/div[@class='ZL4A4N']/div[@class='HcBlwg']/div[1]/div/div/article/div/footer/div/div/section[@class='JJ6Vcq']/nav/ul/li[5]/a","Navigation","HTML"
"Hyperlink","https://www.lifeusa.org/post/what-causes-earthquakes-and-how-they-affect-people","https://www.lifeusa.org/no/tags/syria-1","908620","","Syria","200","OK","true","","noopener noreferrer","Absolute","//body/div/div/div[@id='site-root']/div/main/div/div/div/div[@class='HT5ybB']/div/div/div/section/div[2]/div/div/div/div/div/div/div[2]/div[@id='content-wrapper']/div[@class='ZL4A4N']/div[@class='HcBlwg']/div[1]/div/div/article/div/footer/div/div/section[@class='JJ6Vcq']/nav/ul/li[2]/a","Navigation","HTML"
"Hyperlink","https://www.lifeusa.org/post/no-assistance-in-their-time-of-need","https://www.lifeusa.org/no/tags/syria-1","908620","","Syria","200","OK","true","","noopener noreferrer","Absolute","//body/div/div/div[@id='site-root']/div/main/div/div/div/div[@class='HT5ybB']/div/div/div/section/div[2]/div/div/div/div/div/div/div[2]/div[@id='content-wrapper']/div[@class='ZL4A4N']/div[@class='HcBlwg']/div[1]/div/div/article/div/footer/div/div/section[@class='JJ6Vcq']/nav/ul/li[2]/a","Navigation","HTML"
"Hyperlink","https://www.lifeusa.org/post/life-s-education-initiatives-in-syria-generate-positive-outcomes-in-enrollment-and-graduation-rate-t","https://www.lifeusa.org/no/tags/syria-1","908620","","Syria","200","OK","true","","noopener noreferrer","Absolute","//body/div/div/div[@id='site-root']/div/main/div/div/div/div[@class='HT5ybB']/div/div/div/section/div[2]/div/div/div/div/div/div/div[2]/div[@id='content-wrapper']/div[@class='ZL4A4N']/div[@class='HcBlwg']/div[1]/div/div/article/div/footer/div/div/section[@class='JJ6Vcq']/nav/ul/li[2]/a","Navigation","HTML"
"HTML Canonical","https://www.lifeusa.org/no/tags/syria-1","https://www.lifeusa.org/no/tags/syria-1","908620","","","200","OK","true","","","Absolute","//head/link[1]","Head","HTML"
"Hyperlink","https://www.lifeusa.org/post/how-violence-and-war-affect-children-worldwide-and-how-you-can-help","https://www.lifeusa.org/no/tags/war","883715","","War","200","OK","true","","noopener noreferrer","Absolute","//body/div/div/div[@id='site-root']/div/main/div/div/div/div[@class='HT5ybB']/div/div/div/section/div[2]/div/div/div/div/div/div/div[2]/div[@id='content-wrapper']/div[@class='ZL4A4N']/div[@class='HcBlwg']/div[1]/div/div/article/div/footer/div/div/section[@class='JJ6Vcq']/nav/ul/li[8]/a","Navigation","HTML"
"HTML Canonical","https://www.lifeusa.org/no/tags/war","https://www.lifeusa.org/no/tags/war","883715","","","200","OK","true","","","Absolute","//head/link[1]","Head","HTML"
"Hyperlink","https://www.lifeusa.org/post/how-violence-and-war-affect-children-worldwide-and-how-you-can-help","https://www.lifeusa.org/no/tags/children","882778","","Children","200","OK","true","","noopener noreferrer","Absolute","//body/div/div/div[@id='site-root']/div/main/div/div/div/div[@class='HT5ybB']/div/div/div/section/div[2]/div/div/div/div/div/div/div[2]/div[@id='content-wrapper']/div[@class='ZL4A4N']/div[@class='HcBlwg']/div[1]/div/div/article/div/footer/div/div/section[@class='JJ6Vcq']/nav/ul/li[7]/a","Navigation","HTML"
"HTML Canonical","https://www.lifeusa.org/no/tags/children","https://www.lifeusa.org/no/tags/children","882778","","","200","OK","true","","","Absolute","//head/link[1]","Head","HTML"
"Hyperlink","https://www.lifeusa.org/post/how-violence-and-war-affect-children-worldwide-and-how-you-can-help","https://www.lifeusa.org/no/tags/refugee","915760","","Refugee","200","OK","true","","noopener noreferrer","Absolute","//body/div/div/div[@id='site-root']/div/main/div/div/div/div[@class='HT5ybB']/div/div/div/section/div[2]/div/div/div/div/div/div/div[2]/div[@id='content-wrapper']/div[@class='ZL4A4N']/div[@class='HcBlwg']/div[1]/div/div/article/div/footer/div/div/section[@class='JJ6Vcq']/nav/ul/li[2]/a","Navigation","HTML"
"Hyperlink","https://www.lifeusa.org/post/refugee-asylum-seeker-immigrant-and-migrant-what-s-the-difference","https://www.lifeusa.org/no/tags/refugee","915760","","Refugee","200","OK","true","","noopener noreferrer","Absolute","//body/div/div/div[@id='site-root']/div/main/div/div/div/div[@class='HT5ybB']/div/div/div/section/div[2]/div/div/div/div/div/div/div[2]/div[@id='content-wrapper']/div[@class='ZL4A4N']/div[@class='HcBlwg']/div[1]/div/div/article/div/footer/div/div/section[@class='JJ6Vcq']/nav/ul/li[1]/a","Navigation","HTML"
"Hyperlink","https://www.lifeusa.org/post/it-s-okay-to-cry-the-ukrainian-refugee-mental-health-crisis","https://www.lifeusa.org/no/tags/refugee","915760","","Refugee","200","OK","true","","noopener noreferrer","Absolute","//body/div/div/div[@id='site-root']/div/main/div/div/div/div[@class='HT5ybB']/div/div/div/section/div[2]/div/div/div/div/div/div/div[2]/div[@id='content-wrapper']/div[@class='ZL4A4N']/div[@class='HcBlwg']/div[1]/div/div/article/div/footer/div/div/section[@class='JJ6Vcq']/nav/ul/li[1]/a","Navigation","HTML"
"Hyperlink","https://www.lifeusa.org/post/3-inspiring-ways-to-give-back-to-refugees-this-year","https://www.lifeusa.org/no/tags/refugee","915760","","Refugee","200","OK","true","","noopener noreferrer","Absolute","//body/div/div/div[@id='site-root']/div/main/div/div/div/div[@class='HT5ybB']/div/div/div/section/div[2]/div/div/div/div/div/div/div[2]/div[@id='content-wrapper']/div[@class='ZL4A4N']/div[@class='HcBlwg']/div[1]/div/div/article/div/footer/div/div/section[@class='JJ6Vcq']/nav/ul/li[1]/a","Navigation","HTML"
"Hyperlink","https://www.lifeusa.org/post/life-promotes-integrative-healthcare-for-rohingya-refugees-with-the-launch-of-vital-eye-care-clinic","https://www.lifeusa.org/no/tags/refugee","915760","","Refugee","200","OK","true","","noopener noreferrer","Absolute","//body/div/div/div[@id='site-root']/div/main/div/div/div/div[@class='HT5ybB']/div/div/div/section/div[2]/div/div/div/div/div/div/div[2]/div[@id='content-wrapper']/div[@class='ZL4A4N']/div[@class='HcBlwg']/div[1]/div/div/article/div/footer/div/div/section[@class='JJ6Vcq']/nav/ul/li[1]/a","Navigation","HTML"
"HTML Canonical","https://www.lifeusa.org/no/tags/refugee","https://www.lifeusa.org/no/tags/refugee","915760","","","200","OK","true","","","Absolute","//head/link[1]","Head","HTML"
"Hyperlink","https://www.lifeusa.org/post/it-s-okay-to-cry-the-ukrainian-refugee-mental-health-crisis","https://www.lifeusa.org/no/tags/mental-health","882870","","Mental Health","200","OK","true","","noopener noreferrer","Absolute","//body/div/div/div[@id='site-root']/div/main/div/div/div/div[@class='HT5ybB']/div/div/div/section/div[2]/div/div/div/div/div/div/div[2]/div[@id='content-wrapper']/div[@class='ZL4A4N']/div[@class='HcBlwg']/div[1]/div/div/article/div/footer/div/div/section[@class='JJ6Vcq']/nav/ul/li[4]/a","Navigation","HTML"
"HTML Canonical","https://www.lifeusa.org/no/tags/mental-health","https://www.lifeusa.org/no/tags/mental-health","882870","","","200","OK","true","","","Absolute","//head/link[1]","Head","HTML"
"Hyperlink","https://www.lifeusa.org/post/the-world-in-crisis-supporting-from-the-sidelines","https://www.lifeusa.org/no/tags/afghanistan","890980","","Afghanistan","200","OK","true","","noopener noreferrer","Absolute","//body/div/div/div[@id='site-root']/div/main/div/div/div/div[@class='HT5ybB']/div/div/div/section/div[2]/div/div/div/div/div/div/div[2]/div[@id='content-wrapper']/div[@class='ZL4A4N']/div[@class='HcBlwg']/div[1]/div/div/article/div/footer/div/div/section[@class='JJ6Vcq']/nav/ul/li[5]/a","Navigation","HTML"
"Hyperlink","https://www.lifeusa.org/post/life-distributes-udhiyah-meat-in-afghanistan","https://www.lifeusa.org/no/tags/afghanistan","890980","","Afghanistan","200","OK","true","","noopener noreferrer","Absolute","//body/div/div/div[@id='site-root']/div/main/div/div/div/div[@class='HT5ybB']/div/div/div/section/div[2]/div/div/div/div/div/div/div[2]/div[@id='content-wrapper']/div[@class='ZL4A4N']/div[@class='HcBlwg']/div[1]/div/div/article/div/footer/div/div/section[@class='JJ6Vcq']/nav/ul/li[2]/a","Navigation","HTML"
"HTML Canonical","https://www.lifeusa.org/no/tags/afghanistan","https://www.lifeusa.org/no/tags/afghanistan","890980","","","200","OK","true","","","Absolute","//head/link[1]","Head","HTML"
"Hyperlink","https://www.lifeusa.org/post/the-world-in-crisis-supporting-from-the-sidelines","https://www.lifeusa.org/no/tags/earthquake","898674","","Earthquake","200","OK","true","","noopener noreferrer","Absolute","//body/div/div/div[@id='site-root']/div/main/div/div/div/div[@class='HT5ybB']/div/div/div/section/div[2]/div/div/div/div/div/div/div[2]/div[@id='content-wrapper']/div[@class='ZL4A4N']/div[@class='HcBlwg']/div[1]/div/div/article/div/footer/div/div/section[@class='JJ6Vcq']/nav/ul/li[4]/a","Navigation","HTML"
"Hyperlink","https://www.lifeusa.org/post/what-causes-earthquakes-and-how-they-affect-people","https://www.lifeusa.org/no/tags/earthquake","898674","","Earthquake","200","OK","true","","noopener noreferrer","Absolute","//body/div/div/div[@id='site-root']/div/main/div/div/div/div[@class='HT5ybB']/div/div/div/section/div[2]/div/div/div/div/div/div/div[2]/div[@id='content-wrapper']/div[@class='ZL4A4N']/div[@class='HcBlwg']/div[1]/div/div/article/div/footer/div/div/section[@class='JJ6Vcq']/nav/ul/li[3]/a","Navigation","HTML"
"Hyperlink","https://www.lifeusa.org/post/no-assistance-in-their-time-of-need","https://www.lifeusa.org/no/tags/earthquake","898674","","Earthquake","200","OK","true","","noopener noreferrer","Absolute","//body/div/div/div[@id='site-root']/div/main/div/div/div/div[@class='HT5ybB']/div/div/div/section/div[2]/div/div/div/div/div/div/div[2]/div[@id='content-wrapper']/div[@class='ZL4A4N']/div[@class='HcBlwg']/div[1]/div/div/article/div/footer/div/div/section[@class='JJ6Vcq']/nav/ul/li[3]/a","Navigation","HTML"
"HTML Canonical","https://www.lifeusa.org/no/tags/earthquake","https://www.lifeusa.org/no/tags/earthquake","898674","","","200","OK","true","","","Absolute","//head/link[1]","Head","HTML"
"Hyperlink","https://www.lifeusa.org/post/the-crucial-role-of-humanitarian-organizations-in-conflict-zones","https://www.lifeusa.org/no/tags/emergency-relief","1026197","","Emergency Relief","200","OK","true","","noopener noreferrer","Absolute","//body/div/div/div[@id='site-root']/div/main/div/div/div/div[@class='HT5ybB']/div/div/div/section/div[2]/div/div/div/div/div/div/div[2]/div[@id='content-wrapper']/div[@class='ZL4A4N']/div[@class='HcBlwg']/div[1]/div/div/article/div/footer/div/div/section[@class='JJ6Vcq']/nav/ul/li[1]/a","Navigation","HTML"
"Hyperlink","https://www.lifeusa.org/post/life-continues-to-provide-emergency-aid-in-gaza","https://www.lifeusa.org/no/tags/emergency-relief","1026197","","Emergency Relief","200","OK","true","","noopener noreferrer","Absolute","//body/div/div/div[@id='site-root']/div/main/div/div/div/div[@class='HT5ybB']/div/div/div/section/div[2]/div/div/div/div/div/div/div[2]/div[@id='content-wrapper']/div[@class='ZL4A4N']/div[@class='HcBlwg']/div[1]/div/div/article/div/footer/div/div/section[@class='JJ6Vcq']/nav/ul/li[1]/a","Navigation","HTML"
"Hyperlink","https://www.lifeusa.org/post/the-world-in-crisis-supporting-from-the-sidelines","https://www.lifeusa.org/no/tags/emergency-relief","1026197","","Emergency Relief","200","OK","true","","noopener noreferrer","Absolute","//body/div/div/div[@id='site-root']/div/main/div/div/div/div[@class='HT5ybB']/div/div/div/section/div[2]/div/div/div/div/div/div/div[2]/div[@id='content-wrapper']/div[@class='ZL4A4N']/div[@class='HcBlwg']/div[1]/div/div/article/div/footer/div/div/section[@class='JJ6Vcq']/nav/ul/li[1]/a","Navigation","HTML"
"Hyperlink","https://www.lifeusa.org/post/walk-532-59-miles-in-the-shoes-of-a-ukrainian-refugee","https://www.lifeusa.org/no/tags/emergency-relief","1026197","","Emergency Relief","200","OK","true","","noopener noreferrer","Absolute","//body/div/div/div[@id='site-root']/div/main/div/div/div/div[@class='HT5ybB']/div/div/div/section/div[2]/div/div/div/div/div/div/div[2]/div[@id='content-wrapper']/div[@class='ZL4A4N']/div[@class='HcBlwg']/div[1]/div/div/article/div/footer/div/div/section[@class='JJ6Vcq']/nav/ul/li[1]/a","Navigation","HTML"
"Hyperlink","https://www.lifeusa.org/post/life-provides-emergency-relief-to-gaza","https://www.lifeusa.org/no/tags/emergency-relief","1026197","","Emergency Relief","200","OK","true","","noopener noreferrer","Absolute","//body/div/div/div[@id='site-root']/div/main/div/div/div/div[@class='HT5ybB']/div/div/div/section/div[2]/div/div/div/div/div/div/div[2]/div[@id='content-wrapper']/div[@class='ZL4A4N']/div[@class='HcBlwg']/div[1]/div/div/article/div/footer/div/div/section[@class='JJ6Vcq']/nav/ul/li[1]/a","Navigation","HTML"
"Hyperlink","https://www.lifeusa.org/post/a-4-year-old-s-bravery-in-gaza-ahmad-s-story","https://www.lifeusa.org/no/tags/emergency-relief","1026197","","Emergency Relief","200","OK","true","","noopener noreferrer","Absolute","//body/div/div/div[@id='site-root']/div/main/div/div/div/div[@class='HT5ybB']/div/div/div/section/div[2]/div/div/div/div/div/div/div[2]/div[@id='content-wrapper']/div[@class='ZL4A4N']/div[@class='HcBlwg']/div[1]/div/div/article/div/footer/div/div/section[@class='JJ6Vcq']/nav/ul/li[1]/a","Navigation","HTML"
"Hyperlink","https://www.lifeusa.org/post/life-provides-emergency-relief-to-gaza-1","https://www.lifeusa.org/no/tags/emergency-relief","1026197","","Emergency Relief","200","OK","true","","noopener noreferrer","Absolute","//body/div/div/div[@id='site-root']/div/main/div/div/div/div[@class='HT5ybB']/div/div/div/section/div[2]/div/div/div/div/div/div/div[2]/div[@id='content-wrapper']/div[@class='ZL4A4N']/div[@class='HcBlwg']/div[1]/div/div/article/div/footer/div/div/section[@class='JJ6Vcq']/nav/ul/li[1]/a","Navigation","HTML"
"Hyperlink","https://www.lifeusa.org/post/gaza-s-daily-bread-life-provides-relief-to-innocent-civilians","https://www.lifeusa.org/no/tags/emergency-relief","1026197","","Emergency Relief","200","OK","true","","noopener noreferrer","Absolute","//body/div/div/div[@id='site-root']/div/main/div/div/div/div[@class='HT5ybB']/div/div/div/section/div[2]/div/div/div/div/div/div/div[2]/div[@id='content-wrapper']/div[@class='ZL4A4N']/div[@class='HcBlwg']/div[1]/div/div/article/div/footer/div/div/section[@class='JJ6Vcq']/nav/ul/li[1]/a","Navigation","HTML"
"Hyperlink","https://www.lifeusa.org/post/aiding-in-gaza-s-shelter-crisis","https://www.lifeusa.org/no/tags/emergency-relief","1026197","","Emergency Relief","200","OK","true","","noopener noreferrer","Absolute","//body/div/div/div[@id='site-root']/div/main/div/div/div/div[@class='HT5ybB']/div/div/div/section/div[2]/div/div/div/div/div/div/div[2]/div[@id='content-wrapper']/div[@class='ZL4A4N']/div[@class='HcBlwg']/div[1]/div/div/article/div/footer/div/div/section[@class='JJ6Vcq']/nav/ul/li[1]/a","Navigation","HTML"
"Hyperlink","https://www.lifeusa.org/post/life-for-relief-and-development-life-ambulance-and-distributed-aid-save-countless-lives-after-airs","https://www.lifeusa.org/no/tags/emergency-relief","1026197","","Emergency Relief","200","OK","true","","noopener noreferrer","Absolute","//body/div/div/div[@id='site-root']/div/main/div/div/div/div[@class='HT5ybB']/div/div/div/section/div[2]/div/div/div/div/div/div/div[2]/div[@id='content-wrapper']/div[@class='ZL4A4N']/div[@class='HcBlwg']/div[1]/div/div/article/div/footer/div/div/section[@class='JJ6Vcq']/nav/ul/li[1]/a","Navigation","HTML"
"Hyperlink","https://www.lifeusa.org/post/what-causes-earthquakes-and-how-they-affect-people","https://www.lifeusa.org/no/tags/emergency-relief","1026197","","Emergency Relief","200","OK","true","","noopener noreferrer","Absolute","//body/div/div/div[@id='site-root']/div/main/div/div/div/div[@class='HT5ybB']/div/div/div/section/div[2]/div/div/div/div/div/div/div[2]/div[@id='content-wrapper']/div[@class='ZL4A4N']/div[@class='HcBlwg']/div[1]/div/div/article/div/footer/div/div/section[@class='JJ6Vcq']/nav/ul/li[1]/a","Navigation","HTML"
"Hyperlink","https://www.lifeusa.org/post/no-assistance-in-their-time-of-need","https://www.lifeusa.org/no/tags/emergency-relief","1026197","","Emergency Relief","200","OK","true","","noopener noreferrer","Absolute","//body/div/div/div[@id='site-root']/div/main/div/div/div/div[@class='HT5ybB']/div/div/div/section/div[2]/div/div/div/div/div/div/div[2]/div[@id='content-wrapper']/div[@class='ZL4A4N']/div[@class='HcBlwg']/div[1]/div/div/article/div/footer/div/div/section[@class='JJ6Vcq']/nav/ul/li[1]/a","Navigation","HTML"
"Hyperlink","https://www.lifeusa.org/post/unprecedented-flooding-in-libya-a-call-for-global-solidarity-and-action","https://www.lifeusa.org/no/tags/emergency-relief","1026197","","Emergency Relief","200","OK","true","","noopener noreferrer","Absolute","//body/div/div/div[@id='site-root']/div/main/div/div/div/div[@class='HT5ybB']/div/div/div/section/div[2]/div/div/div/div/div/div/div[2]/div[@id='content-wrapper']/div[@class='ZL4A4N']/div[@class='HcBlwg']/div[1]/div/div/article/div/footer/div/div/section[@class='JJ6Vcq']/nav/ul/li[1]/a","Navigation","HTML"
"Hyperlink","https://www.lifeusa.org/post/how-your-donations-are-reaching-gaza-s-desperate-families-despite-all-odds","https://www.lifeusa.org/no/tags/emergency-relief","1026197","","Emergency Relief","200","OK","true","","noopener noreferrer","Absolute","//body/div/div/div[@id='site-root']/div/main/div/div/div/div[@class='HT5ybB']/div/div/div/section/div[2]/div/div/div/div/div/div/div[2]/div[@id='content-wrapper']/div[@class='ZL4A4N']/div[@class='HcBlwg']/div[1]/div/div/article/div/footer/div/div/section[@class='JJ6Vcq']/nav/ul/li[1]/a","Navigation","HTML"
"Hyperlink","https://www.lifeusa.org/post/what-to-expect-and-how-to-prepare-for-hurricane-ian","https://www.lifeusa.org/no/tags/emergency-relief","1026197","","Emergency Relief","200","OK","true","","noopener noreferrer","Absolute","//body/div/div/div[@id='site-root']/div/main/div/div/div/div[@class='HT5ybB']/div/div/div/section/div[2]/div/div/div/div/div/div/div[2]/div[@id='content-wrapper']/div[@class='ZL4A4N']/div[@class='HcBlwg']/div[1]/div/div/article/div/footer/div/div/section[@class='JJ6Vcq']/nav/ul/li[1]/a","Navigation","HTML"
"Hyperlink","https://www.lifeusa.org/post/eastern-africa-is-on-fire","https://www.lifeusa.org/no/tags/emergency-relief","1026197","","Emergency Relief","200","OK","true","","noopener noreferrer","Absolute","//body/div/div/div[@id='site-root']/div/main/div/div/div/div[@class='HT5ybB']/div/div/div/section/div[2]/div/div/div/div/div/div/div[2]/div[@id='content-wrapper']/div[@class='ZL4A4N']/div[@class='HcBlwg']/div[1]/div/div/article/div/footer/div/div/section[@class='JJ6Vcq']/nav/ul/li[1]/a","Navigation","HTML"
"Hyperlink","https://www.lifeusa.org/post/stuck-between-burning-fire-and-freezing-ice","https://www.lifeusa.org/no/tags/emergency-relief","1026197","","Emergency Relief","200","OK","true","","noopener noreferrer","Absolute","//body/div/div/div[@id='site-root']/div/main/div/div/div/div[@class='HT5ybB']/div/div/div/section/div[2]/div/div/div/div/div/div/div[2]/div[@id='content-wrapper']/div[@class='ZL4A4N']/div[@class='HcBlwg']/div[1]/div/div/article/div/footer/div/div/section[@class='JJ6Vcq']/nav/ul/li[1]/a","Navigation","HTML"
"Hyperlink","https://www.lifeusa.org/post/be-the-light-this-thanksgiving","https://www.lifeusa.org/no/tags/emergency-relief","1026197","","Emergency Relief","200","OK","true","","noopener noreferrer","Absolute","//body/div/div/div[@id='site-root']/div/main/div/div/div/div[@class='HT5ybB']/div/div/div/section/div[2]/div/div/div/div/div/div/div[2]/div[@id='content-wrapper']/div[@class='ZL4A4N']/div[@class='HcBlwg']/div[1]/div/div/article/div/footer/div/div/section[@class='JJ6Vcq']/nav/ul/li[1]/a","Navigation","HTML"
"Hyperlink","https://www.lifeusa.org/post/behind-the-label-refugee","https://www.lifeusa.org/no/tags/emergency-relief","1026197","","Emergency Relief","200","OK","true","","noopener noreferrer","Absolute","//body/div/div/div[@id='site-root']/div/main/div/div/div/div[@class='HT5ybB']/div/div/div/section/div[2]/div/div/div/div/div/div/div[2]/div[@id='content-wrapper']/div[@class='ZL4A4N']/div[@class='HcBlwg']/div[1]/div/div/article/div/footer/div/div/section[@class='JJ6Vcq']/nav/ul/li/a","Navigation","HTML"
"HTML Canonical","https://www.lifeusa.org/no/tags/emergency-relief","https://www.lifeusa.org/no/tags/emergency-relief","1026197","","","200","OK","true","","","Absolute","//head/link[1]","Head","HTML"
"Hyperlink","https://www.lifeusa.org/post/life-distributes-water-tanks-to-families-in-the-gaza-strip","https://www.lifeusa.org/no/tags/gaza-1","962309","","Gaza","200","OK","true","","noopener noreferrer","Absolute","//body/div/div/div[@id='site-root']/div/main/div/div/div/div[@class='HT5ybB']/div/div/div/section/div[2]/div/div/div/div/div/div/div[2]/div[@id='content-wrapper']/div[@class='ZL4A4N']/div[@class='HcBlwg']/div[1]/div/div/article/div/footer/div/div/section[@class='JJ6Vcq']/nav/ul/li[1]/a","Navigation","HTML"
"Hyperlink","https://www.lifeusa.org/post/the-crucial-role-of-humanitarian-organizations-in-conflict-zones","https://www.lifeusa.org/no/tags/gaza-1","962309","","Gaza","200","OK","true","","noopener noreferrer","Absolute","//body/div/div/div[@id='site-root']/div/main/div/div/div/div[@class='HT5ybB']/div/div/div/section/div[2]/div/div/div/div/div/div/div[2]/div[@id='content-wrapper']/div[@class='ZL4A4N']/div[@class='HcBlwg']/div[1]/div/div/article/div/footer/div/div/section[@class='JJ6Vcq']/nav/ul/li[2]/a","Navigation","HTML"
"Hyperlink","https://www.lifeusa.org/post/life-continues-to-provide-emergency-aid-in-gaza","https://www.lifeusa.org/no/tags/gaza-1","962309","","Gaza","200","OK","true","","noopener noreferrer","Absolute","//body/div/div/div[@id='site-root']/div/main/div/div/div/div[@class='HT5ybB']/div/div/div/section/div[2]/div/div/div/div/div/div/div[2]/div[@id='content-wrapper']/div[@class='ZL4A4N']/div[@class='HcBlwg']/div[1]/div/div/article/div/footer/div/div/section[@class='JJ6Vcq']/nav/ul/li[2]/a","Navigation","HTML"
"Hyperlink","https://www.lifeusa.org/post/the-world-in-crisis-supporting-from-the-sidelines","https://www.lifeusa.org/no/tags/gaza-1","962309","","Gaza","200","OK","true","","noopener noreferrer","Absolute","//body/div/div/div[@id='site-root']/div/main/div/div/div/div[@class='HT5ybB']/div/div/div/section/div[2]/div/div/div/div/div/div/div[2]/div[@id='content-wrapper']/div[@class='ZL4A4N']/div[@class='HcBlwg']/div[1]/div/div/article/div/footer/div/div/section[@class='JJ6Vcq']/nav/ul/li[2]/a","Navigation","HTML"
"Hyperlink","https://www.lifeusa.org/post/life-provides-emergency-relief-to-gaza","https://www.lifeusa.org/no/tags/gaza-1","962309","","Gaza","200","OK","true","","noopener noreferrer","Absolute","//body/div/div/div[@id='site-root']/div/main/div/div/div/div[@class='HT5ybB']/div/div/div/section/div[2]/div/div/div/div/div/div/div[2]/div[@id='content-wrapper']/div[@class='ZL4A4N']/div[@class='HcBlwg']/div[1]/div/div/article/div/footer/div/div/section[@class='JJ6Vcq']/nav/ul/li[2]/a","Navigation","HTML"
"Hyperlink","https://www.lifeusa.org/post/a-4-year-old-s-bravery-in-gaza-ahmad-s-story","https://www.lifeusa.org/no/tags/gaza-1","962309","","Gaza","200","OK","true","","noopener noreferrer","Absolute","//body/div/div/div[@id='site-root']/div/main/div/div/div/div[@class='HT5ybB']/div/div/div/section/div[2]/div/div/div/div/div/div/div[2]/div[@id='content-wrapper']/div[@class='ZL4A4N']/div[@class='HcBlwg']/div[1]/div/div/article/div/footer/div/div/section[@class='JJ6Vcq']/nav/ul/li[2]/a","Navigation","HTML"
"Hyperlink","https://www.lifeusa.org/post/life-provides-emergency-relief-to-gaza-1","https://www.lifeusa.org/no/tags/gaza-1","962309","","Gaza","200","OK","true","","noopener noreferrer","Absolute","//body/div/div/div[@id='site-root']/div/main/div/div/div/div[@class='HT5ybB']/div/div/div/section/div[2]/div/div/div/div/div/div/div[2]/div[@id='content-wrapper']/div[@class='ZL4A4N']/div[@class='HcBlwg']/div[1]/div/div/article/div/footer/div/div/section[@class='JJ6Vcq']/nav/ul/li[2]/a","Navigation","HTML"
"Hyperlink","https://www.lifeusa.org/post/gaza-s-daily-bread-life-provides-relief-to-innocent-civilians","https://www.lifeusa.org/no/tags/gaza-1","962309","","Gaza","200","OK","true","","noopener noreferrer","Absolute","//body/div/div/div[@id='site-root']/div/main/div/div/div/div[@class='HT5ybB']/div/div/div/section/div[2]/div/div/div/div/div/div/div[2]/div[@id='content-wrapper']/div[@class='ZL4A4N']/div[@class='HcBlwg']/div[1]/div/div/article/div/footer/div/div/section[@class='JJ6Vcq']/nav/ul/li[2]/a","Navigation","HTML"
"Hyperlink","https://www.lifeusa.org/post/who-will-watch-over-the-orphans-of-gaza","https://www.lifeusa.org/no/tags/gaza-1","962309","","Gaza","200","OK","true","","noopener noreferrer","Absolute","//body/div/div/div[@id='site-root']/div/main/div/div/div/div[@class='HT5ybB']/div/div/div/section/div[2]/div/div/div/div/div/div/div[2]/div[@id='content-wrapper']/div[@class='ZL4A4N']/div[@class='HcBlwg']/div[1]/div/div/article/div/footer/div/div/section[@class='JJ6Vcq']/nav/ul/li[1]/a","Navigation","HTML"
"Hyperlink","https://www.lifeusa.org/post/aiding-in-gaza-s-shelter-crisis","https://www.lifeusa.org/no/tags/gaza-1","962309","","Gaza","200","OK","true","","noopener noreferrer","Absolute","//body/div/div/div[@id='site-root']/div/main/div/div/div/div[@class='HT5ybB']/div/div/div/section/div[2]/div/div/div/div/div/div/div[2]/div[@id='content-wrapper']/div[@class='ZL4A4N']/div[@class='HcBlwg']/div[1]/div/div/article/div/footer/div/div/section[@class='JJ6Vcq']/nav/ul/li[2]/a","Navigation","HTML"
"Hyperlink","https://www.lifeusa.org/post/how-your-donations-are-reaching-gaza-s-desperate-families-despite-all-odds","https://www.lifeusa.org/no/tags/gaza-1","962309","","Gaza","200","OK","true","","noopener noreferrer","Absolute","//body/div/div/div[@id='site-root']/div/main/div/div/div/div[@class='HT5ybB']/div/div/div/section/div[2]/div/div/div/div/div/div/div[2]/div[@id='content-wrapper']/div[@class='ZL4A4N']/div[@class='HcBlwg']/div[1]/div/div/article/div/footer/div/div/section[@class='JJ6Vcq']/nav/ul/li[3]/a","Navigation","HTML"
"HTML Canonical","https://www.lifeusa.org/no/tags/gaza-1","https://www.lifeusa.org/no/tags/gaza-1","962309","","","200","OK","true","","","Absolute","//head/link[1]","Head","HTML"
"Hyperlink","https://www.lifeusa.org/post/life-distributes-water-tanks-to-families-in-the-gaza-strip","https://www.lifeusa.org/no/tags/water-tanks","883464","","Water Tanks","200","OK","true","","noopener noreferrer","Absolute","//body/div/div/div[@id='site-root']/div/main/div/div/div/div[@class='HT5ybB']/div/div/div/section/div[2]/div/div/div/div/div/div/div[2]/div[@id='content-wrapper']/div[@class='ZL4A4N']/div[@class='HcBlwg']/div[1]/div/div/article/div/footer/div/div/section[@class='JJ6Vcq']/nav/ul/li[3]/a","Navigation","HTML"
"HTML Canonical","https://www.lifeusa.org/no/tags/water-tanks","https://www.lifeusa.org/no/tags/water-tanks","883464","","","200","OK","true","","","Absolute","//head/link[1]","Head","HTML"
"Hyperlink","https://www.lifeusa.org/post/making-houses-into-homes","https://www.lifeusa.org/no/tags/community-development","929882","","community development","200","OK","true","","noopener noreferrer","Absolute","//body/div/div/div[@id='site-root']/div/main/div/div/div/div[@class='HT5ybB']/div/div/div/section/div[2]/div/div/div/div/div/div/div[2]/div[@id='content-wrapper']/div[@class='ZL4A4N']/div[@class='HcBlwg']/div[1]/div/div/article/div/footer/div/div/section[@class='JJ6Vcq']/nav/ul/li[1]/a","Navigation","HTML"
"Hyperlink","https://www.lifeusa.org/post/the-leading-causes-of-orphans-today","https://www.lifeusa.org/no/tags/community-development","929882","","community development","200","OK","true","","noopener noreferrer","Absolute","//body/div/div/div[@id='site-root']/div/main/div/div/div/div[@class='HT5ybB']/div/div/div/section/div[2]/div/div/div/div/div/div/div[2]/div[@id='content-wrapper']/div[@class='ZL4A4N']/div[@class='HcBlwg']/div[1]/div/div/article/div/footer/div/div/section[@class='JJ6Vcq']/nav/ul/li[1]/a","Navigation","HTML"
"Hyperlink","https://www.lifeusa.org/post/life-s-education-initiatives-in-syria-generate-positive-outcomes-in-enrollment-and-graduation-rate-t","https://www.lifeusa.org/no/tags/community-development","929882","","community development","200","OK","true","","noopener noreferrer","Absolute","//body/div/div/div[@id='site-root']/div/main/div/div/div/div[@class='HT5ybB']/div/div/div/section/div[2]/div/div/div/div/div/div/div[2]/div[@id='content-wrapper']/div[@class='ZL4A4N']/div[@class='HcBlwg']/div[1]/div/div/article/div/footer/div/div/section[@class='JJ6Vcq']/nav/ul/li[1]/a","Navigation","HTML"
"Hyperlink","https://www.lifeusa.org/post/why-giving-makes-you-wealthier","https://www.lifeusa.org/no/tags/community-development","929882","","community development","200","OK","true","","noopener noreferrer","Absolute","//body/div/div/div[@id='site-root']/div/main/div/div/div/div[@class='HT5ybB']/div/div/div/section/div[2]/div/div/div/div/div/div/div[2]/div[@id='content-wrapper']/div[@class='ZL4A4N']/div[@class='HcBlwg']/div[1]/div/div/article/div/footer/div/div/section[@class='JJ6Vcq']/nav/ul/li[1]/a","Navigation","HTML"
"Hyperlink","https://www.lifeusa.org/post/sports-field-rehabilitation-in-iraq","https://www.lifeusa.org/no/tags/community-development","929882","","community development","200","OK","true","","noopener noreferrer","Absolute","//body/div/div/div[@id='site-root']/div/main/div/div/div/div[@class='HT5ybB']/div/div/div/section/div[2]/div/div/div/div/div/div/div[2]/div[@id='content-wrapper']/div[@class='ZL4A4N']/div[@class='HcBlwg']/div[1]/div/div/article/div/footer/div/div/section[@class='JJ6Vcq']/nav/ul/li[1]/a","Navigation","HTML"
"Hyperlink","https://www.lifeusa.org/post/furniture-for-new-horizon-s-ministries","https://www.lifeusa.org/no/tags/community-development","929882","","community development","200","OK","true","","noopener noreferrer","Absolute","//body/div/div/div[@id='site-root']/div/main/div/div/div/div[@class='HT5ybB']/div/div/div/section/div[2]/div/div/div/div/div/div/div[2]/div[@id='content-wrapper']/div[@class='ZL4A4N']/div[@class='HcBlwg']/div[1]/div/div/article/div/footer/div/div/section[@class='JJ6Vcq']/nav/ul/li[1]/a","Navigation","HTML"
"Hyperlink","https://www.lifeusa.org/post/be-the-light-this-thanksgiving","https://www.lifeusa.org/no/tags/community-development","929882","","community development","200","OK","true","","noopener noreferrer","Absolute","//body/div/div/div[@id='site-root']/div/main/div/div/div/div[@class='HT5ybB']/div/div/div/section/div[2]/div/div/div/div/div/div/div[2]/div[@id='content-wrapper']/div[@class='ZL4A4N']/div[@class='HcBlwg']/div[1]/div/div/article/div/footer/div/div/section[@class='JJ6Vcq']/nav/ul/li[2]/a","Navigation","HTML"
"HTML Canonical","https://www.lifeusa.org/no/tags/community-development","https://www.lifeusa.org/no/tags/community-development","929882","","","200","OK","true","","","Absolute","//head/link[1]","Head","HTML"
"Hyperlink","https://www.lifeusa.org/post/food-packages-maryland","https://www.lifeusa.org/no/tags/food-baskets","958447","","Food Baskets","200","OK","true","","noopener noreferrer","Absolute","//body/div/div/div[@id='site-root']/div/main/div/div/div/div[@class='HT5ybB']/div/div/div/section/div[2]/div/div/div/div/div/div/div[2]/div[@id='content-wrapper']/div[@class='ZL4A4N']/div[@class='HcBlwg']/div[1]/div/div/article/div/footer/div/div/section[@class='JJ6Vcq']/nav/ul/li[1]/a","Navigation","HTML"
"Hyperlink","https://www.lifeusa.org/post/food-baskets-in-bangladesh","https://www.lifeusa.org/no/tags/food-baskets","958447","","Food Baskets","200","OK","true","","noopener noreferrer","Absolute","//body/div/div/div[@id='site-root']/div/main/div/div/div/div[@class='HT5ybB']/div/div/div/section/div[2]/div/div/div/div/div/div/div[2]/div[@id='content-wrapper']/div[@class='ZL4A4N']/div[@class='HcBlwg']/div[1]/div/div/article/div/footer/div/div/section[@class='JJ6Vcq']/nav/ul/li[1]/a","Navigation","HTML"
"Hyperlink","https://www.lifeusa.org/post/the-story-of-resilience-and-hope-life-brings-joy-to-al-islah-village-in-iraq","https://www.lifeusa.org/no/tags/food-baskets","958447","","Food Baskets","200","OK","true","","noopener noreferrer","Absolute","//body/div/div/div[@id='site-root']/div/main/div/div/div/div[@class='HT5ybB']/div/div/div/section/div[2]/div/div/div/div/div/div/div[2]/div[@id='content-wrapper']/div[@class='ZL4A4N']/div[@class='HcBlwg']/div[1]/div/div/article/div/footer/div/div/section[@class='JJ6Vcq']/nav/ul/li[1]/a","Navigation","HTML"
"Hyperlink","https://www.lifeusa.org/post/life-distributes-ramadan-food-baskets-in-lebanon","https://www.lifeusa.org/no/tags/food-baskets","958447","","Food Baskets","200","OK","true","","noopener noreferrer","Absolute","//body/div/div/div[@id='site-root']/div/main/div/div/div/div[@class='HT5ybB']/div/div/div/section/div[2]/div/div/div/div/div/div/div[2]/div[@id='content-wrapper']/div[@class='ZL4A4N']/div[@class='HcBlwg']/div[1]/div/div/article/div/footer/div/div/section[@class='JJ6Vcq']/nav/ul/li[1]/a","Navigation","HTML"
"Hyperlink","https://www.lifeusa.org/post/discovering-ramadan-2024-fasting-charity-and-spiritual-nourishment","https://www.lifeusa.org/no/tags/food-baskets","958447","","Food Baskets","200","OK","true","","noopener noreferrer","Absolute","//body/div/div/div[@id='site-root']/div/main/div/div/div/div[@class='HT5ybB']/div/div/div/section/div[2]/div/div/div/div/div/div/div[2]/div[@id='content-wrapper']/div[@class='ZL4A4N']/div[@class='HcBlwg']/div[1]/div/div/article/div/footer/div/div/section[@class='JJ6Vcq']/nav/ul/li[1]/a","Navigation","HTML"
"Hyperlink","https://www.lifeusa.org/post/united-against-hunger-life-for-relief-and-development-s-life-global-expansion-is-set-to-feed-mill","https://www.lifeusa.org/no/tags/food-baskets","958447","","Food Baskets","200","OK","true","","noopener noreferrer","Absolute","//body/div/div/div[@id='site-root']/div/main/div/div/div/div[@class='HT5ybB']/div/div/div/section/div[2]/div/div/div/div/div/div/div[2]/div[@id='content-wrapper']/div[@class='ZL4A4N']/div[@class='HcBlwg']/div[1]/div/div/article/div/footer/div/div/section[@class='JJ6Vcq']/nav/ul/li[1]/a","Navigation","HTML"
"Hyperlink","https://www.lifeusa.org/post/life-distributes-ramadan-food-baskets-in-the-horn-of-africa","https://www.lifeusa.org/no/tags/food-baskets","958447","","Food Baskets","200","OK","true","","noopener noreferrer","Absolute","//body/div/div/div[@id='site-root']/div/main/div/div/div/div[@class='HT5ybB']/div/div/div/section/div[2]/div/div/div/div/div/div/div[2]/div[@id='content-wrapper']/div[@class='ZL4A4N']/div[@class='HcBlwg']/div[1]/div/div/article/div/footer/div/div/section[@class='JJ6Vcq']/nav/ul/li[1]/a","Navigation","HTML"
"Hyperlink","https://www.lifeusa.org/post/life-distributes-food-baskets-during-ramadan-in-bosnia","https://www.lifeusa.org/no/tags/food-baskets","958447","","Food Baskets","200","OK","true","","noopener noreferrer","Absolute","//body/div/div/div[@id='site-root']/div/main/div/div/div/div[@class='HT5ybB']/div/div/div/section/div[2]/div/div/div/div/div/div/div[2]/div[@id='content-wrapper']/div[@class='ZL4A4N']/div[@class='HcBlwg']/div[1]/div/div/article/div/footer/div/div/section[@class='JJ6Vcq']/nav/ul/li[1]/a","Navigation","HTML"
"Hyperlink","https://www.lifeusa.org/post/life-distributes-ramadan-food-baskets-in-haiti","https://www.lifeusa.org/no/tags/food-baskets","958447","","Food Baskets","200","OK","true","","noopener noreferrer","Absolute","//body/div/div/div[@id='site-root']/div/main/div/div/div/div[@class='HT5ybB']/div/div/div/section/div[2]/div/div/div/div/div/div/div[2]/div[@id='content-wrapper']/div[@class='ZL4A4N']/div[@class='HcBlwg']/div[1]/div/div/article/div/footer/div/div/section[@class='JJ6Vcq']/nav/ul/li[1]/a","Navigation","HTML"
"Hyperlink","https://www.lifeusa.org/post/life-provides-food-baskets-to-orphans-in-iraq","https://www.lifeusa.org/no/tags/food-baskets","958447","","Food Baskets","200","OK","true","","noopener noreferrer","Absolute","//body/div/div/div[@id='site-root']/div/main/div/div/div/div[@class='HT5ybB']/div/div/div/section/div[2]/div/div/div/div/div/div/div[2]/div[@id='content-wrapper']/div[@class='ZL4A4N']/div[@class='HcBlwg']/div[1]/div/div/article/div/footer/div/div/section[@class='JJ6Vcq']/nav/ul/li[1]/a","Navigation","HTML"
"Hyperlink","https://www.lifeusa.org/post/how-your-donations-are-reaching-gaza-s-desperate-families-despite-all-odds","https://www.lifeusa.org/no/tags/food-baskets","958447","","Food Baskets","200","OK","true","","noopener noreferrer","Absolute","//body/div/div/div[@id='site-root']/div/main/div/div/div/div[@class='HT5ybB']/div/div/div/section/div[2]/div/div/div/div/div/div/div[2]/div[@id='content-wrapper']/div[@class='ZL4A4N']/div[@class='HcBlwg']/div[1]/div/div/article/div/footer/div/div/section[@class='JJ6Vcq']/nav/ul/li[2]/a","Navigation","HTML"
"HTML Canonical","https://www.lifeusa.org/no/tags/food-baskets","https://www.lifeusa.org/no/tags/food-baskets","958447","","","200","OK","true","","","Absolute","//head/link[1]","Head","HTML"
"Hyperlink","https://www.lifeusa.org/post/queen-elizabeth-ii-a-lifetime-of-charity","https://www.lifeusa.org/no/tags/queen-elizabeth","883273","","Queen Elizabeth","200","OK","true","","noopener noreferrer","Absolute","//body/div/div/div[@id='site-root']/div/main/div/div/div/div[@class='HT5ybB']/div/div/div/section/div[2]/div/div/div/div/div/div/div[2]/div[@id='content-wrapper']/div[@class='ZL4A4N']/div[@class='HcBlwg']/div[1]/div/div/article/div/footer/div/div/section[@class='JJ6Vcq']/nav/ul/li[3]/a","Navigation","HTML"
"HTML Canonical","https://www.lifeusa.org/no/tags/queen-elizabeth","https://www.lifeusa.org/no/tags/queen-elizabeth","883273","","","200","OK","true","","","Absolute","//head/link[1]","Head","HTML"
"Hyperlink","https://www.lifeusa.org/post/a-summer-of-forest-fires","https://www.lifeusa.org/no/tags/fire","882521","","Fire","200","OK","true","","noopener noreferrer","Absolute","//body/div/div/div[@id='site-root']/div/main/div/div/div/div[@class='HT5ybB']/div/div/div/section/div[2]/div/div/div/div/div/div/div[2]/div[@id='content-wrapper']/div[@class='ZL4A4N']/div[@class='HcBlwg']/div[1]/div/div/article/div/footer/div/div/section[@class='JJ6Vcq']/nav/ul/li[3]/a","Navigation","HTML"
"HTML Canonical","https://www.lifeusa.org/no/tags/fire","https://www.lifeusa.org/no/tags/fire","882521","","","200","OK","true","","","Absolute","//head/link[1]","Head","HTML"
"Hyperlink","https://www.lifeusa.org/post/a-summer-of-forest-fires","https://www.lifeusa.org/no/tags/forest-fire","882499","","Forest Fire","200","OK","true","","noopener noreferrer","Absolute","//body/div/div/div[@id='site-root']/div/main/div/div/div/div[@class='HT5ybB']/div/div/div/section/div[2]/div/div/div/div/div/div/div[2]/div[@id='content-wrapper']/div[@class='ZL4A4N']/div[@class='HcBlwg']/div[1]/div/div/article/div/footer/div/div/section[@class='JJ6Vcq']/nav/ul/li[4]/a","Navigation","HTML"
"HTML Canonical","https://www.lifeusa.org/no/tags/forest-fire","https://www.lifeusa.org/no/tags/forest-fire","882499","","","200","OK","true","","","Absolute","//head/link[1]","Head","HTML"
"Hyperlink","https://www.lifeusa.org/post/the-biggest-charitable-contributions-in-the-u-s-2023","https://www.lifeusa.org/no/tags/amazon","879476","","amazon","200","OK","true","","noopener noreferrer","Absolute","//body/div/div/div[@id='site-root']/div/main/div/div/div/div[@class='HT5ybB']/div/div/div/section/div[2]/div/div/div/div/div/div/div[2]/div[@id='content-wrapper']/div[@class='ZL4A4N']/div[@class='HcBlwg']/div[1]/div/div/article/div/footer/div/div/section[@class='JJ6Vcq']/nav/ul/li[4]/a","Navigation","HTML"
"HTML Canonical","https://www.lifeusa.org/no/tags/amazon","https://www.lifeusa.org/no/tags/amazon","879476","","","200","OK","true","","","Absolute","//head/link[1]","Head","HTML"
"Hyperlink","https://www.lifeusa.org/post/the-biggest-charitable-contributions-in-the-u-s-2023","https://www.lifeusa.org/no/tags/jeff-bezos","883153","","jeff bezos","200","OK","true","","noopener noreferrer","Absolute","//body/div/div/div[@id='site-root']/div/main/div/div/div/div[@class='HT5ybB']/div/div/div/section/div[2]/div/div/div/div/div/div/div[2]/div[@id='content-wrapper']/div[@class='ZL4A4N']/div[@class='HcBlwg']/div[1]/div/div/article/div/footer/div/div/section[@class='JJ6Vcq']/nav/ul/li[2]/a","Navigation","HTML"
"HTML Canonical","https://www.lifeusa.org/no/tags/jeff-bezos","https://www.lifeusa.org/no/tags/jeff-bezos","883153","","","200","OK","true","","","Absolute","//head/link[1]","Head","HTML"
"Hyperlink","https://www.lifeusa.org/post/the-biggest-charitable-contributions-in-the-u-s-2023","https://www.lifeusa.org/no/tags/bill-gates","883249","","bill gates","200","OK","true","","noopener noreferrer","Absolute","//body/div/div/div[@id='site-root']/div/main/div/div/div/div[@class='HT5ybB']/div/div/div/section/div[2]/div/div/div/div/div/div/div[2]/div[@id='content-wrapper']/div[@class='ZL4A4N']/div[@class='HcBlwg']/div[1]/div/div/article/div/footer/div/div/section[@class='JJ6Vcq']/nav/ul/li[3]/a","Navigation","HTML"
"HTML Canonical","https://www.lifeusa.org/no/tags/bill-gates","https://www.lifeusa.org/no/tags/bill-gates","883249","","","200","OK","true","","","Absolute","//head/link[1]","Head","HTML"
"Hyperlink","https://www.lifeusa.org/post/refugee-asylum-seeker-immigrant-and-migrant-what-s-the-difference","https://www.lifeusa.org/no/tags/refugee-assistance","907388","","Refugee Assistance","200","OK","true","","noopener noreferrer","Absolute","//body/div/div/div[@id='site-root']/div/main/div/div/div/div[@class='HT5ybB']/div/div/div/section/div[2]/div/div/div/div/div/div/div[2]/div[@id='content-wrapper']/div[@class='ZL4A4N']/div[@class='HcBlwg']/div[1]/div/div/article/div/footer/div/div/section[@class='JJ6Vcq']/nav/ul/li[2]/a","Navigation","HTML"
"Hyperlink","https://www.lifeusa.org/post/it-s-okay-to-cry-the-ukrainian-refugee-mental-health-crisis","https://www.lifeusa.org/no/tags/refugee-assistance","907388","","Refugee Assistance","200","OK","true","","noopener noreferrer","Absolute","//body/div/div/div[@id='site-root']/div/main/div/div/div/div[@class='HT5ybB']/div/div/div/section/div[2]/div/div/div/div/div/div/div[2]/div[@id='content-wrapper']/div[@class='ZL4A4N']/div[@class='HcBlwg']/div[1]/div/div/article/div/footer/div/div/section[@class='JJ6Vcq']/nav/ul/li[2]/a","Navigation","HTML"
"Hyperlink","https://www.lifeusa.org/post/3-inspiring-ways-to-give-back-to-refugees-this-year","https://www.lifeusa.org/no/tags/refugee-assistance","907388","","Refugee Assistance","200","OK","true","","noopener noreferrer","Absolute","//body/div/div/div[@id='site-root']/div/main/div/div/div/div[@class='HT5ybB']/div/div/div/section/div[2]/div/div/div/div/div/div/div[2]/div[@id='content-wrapper']/div[@class='ZL4A4N']/div[@class='HcBlwg']/div[1]/div/div/article/div/footer/div/div/section[@class='JJ6Vcq']/nav/ul/li[2]/a","Navigation","HTML"
"Hyperlink","https://www.lifeusa.org/post/life-promotes-integrative-healthcare-for-rohingya-refugees-with-the-launch-of-vital-eye-care-clinic","https://www.lifeusa.org/no/tags/refugee-assistance","907388","","Refugee Assistance","200","OK","true","","noopener noreferrer","Absolute","//body/div/div/div[@id='site-root']/div/main/div/div/div/div[@class='HT5ybB']/div/div/div/section/div[2]/div/div/div/div/div/div/div[2]/div[@id='content-wrapper']/div[@class='ZL4A4N']/div[@class='HcBlwg']/div[1]/div/div/article/div/footer/div/div/section[@class='JJ6Vcq']/nav/ul/li[2]/a","Navigation","HTML"
"HTML Canonical","https://www.lifeusa.org/no/tags/refugee-assistance","https://www.lifeusa.org/no/tags/refugee-assistance","907388","","","200","OK","true","","","Absolute","//head/link[1]","Head","HTML"
"Hyperlink","https://www.lifeusa.org/post/life-provides-backpacks-to-foster-youth-in-the-united-states","https://www.lifeusa.org/no/tags/back-to-school","913867","","back to school","200","OK","true","","noopener noreferrer","Absolute","//body/div/div/div[@id='site-root']/div/main/div/div/div/div[@class='HT5ybB']/div/div/div/section/div[2]/div/div/div/div/div/div/div[2]/div[@id='content-wrapper']/div[@class='ZL4A4N']/div[@class='HcBlwg']/div[1]/div/div/article/div/footer/div/div/section[@class='JJ6Vcq']/nav/ul/li[2]/a","Navigation","HTML"
"Hyperlink","https://www.lifeusa.org/post/back-to-school-in-kenya","https://www.lifeusa.org/no/tags/back-to-school","913867","","back to school","200","OK","true","","noopener noreferrer","Absolute","//body/div/div/div[@id='site-root']/div/main/div/div/div/div[@class='HT5ybB']/div/div/div/section/div[2]/div/div/div/div/div/div/div[2]/div[@id='content-wrapper']/div[@class='ZL4A4N']/div[@class='HcBlwg']/div[1]/div/div/article/div/footer/div/div/section[@class='JJ6Vcq']/nav/ul/li[1]/a","Navigation","HTML"
"Hyperlink","https://www.lifeusa.org/post/back-to-school-project-haiti","https://www.lifeusa.org/no/tags/back-to-school","913867","","back to school","200","OK","true","","noopener noreferrer","Absolute","//body/div/div/div[@id='site-root']/div/main/div/div/div/div[@class='HT5ybB']/div/div/div/section/div[2]/div/div/div/div/div/div/div[2]/div[@id='content-wrapper']/div[@class='ZL4A4N']/div[@class='HcBlwg']/div[1]/div/div/article/div/footer/div/div/section[@class='JJ6Vcq']/nav/ul/li[1]/a","Navigation","HTML"
"Hyperlink","https://www.lifeusa.org/post/back-to-school-iraq","https://www.lifeusa.org/no/tags/back-to-school","913867","","back to school","200","OK","true","","noopener noreferrer","Absolute","//body/div/div/div[@id='site-root']/div/main/div/div/div/div[@class='HT5ybB']/div/div/div/section/div[2]/div/div/div/div/div/div/div[2]/div[@id='content-wrapper']/div[@class='ZL4A4N']/div[@class='HcBlwg']/div[1]/div/div/article/div/footer/div/div/section[@class='JJ6Vcq']/nav/ul/li[1]/a","Navigation","HTML"
"Hyperlink","https://www.lifeusa.org/post/be-the-light-this-thanksgiving","https://www.lifeusa.org/no/tags/back-to-school","913867","","back to school","200","OK","true","","noopener noreferrer","Absolute","//body/div/div/div[@id='site-root']/div/main/div/div/div/div[@class='HT5ybB']/div/div/div/section/div[2]/div/div/div/div/div/div/div[2]/div[@id='content-wrapper']/div[@class='ZL4A4N']/div[@class='HcBlwg']/div[1]/div/div/article/div/footer/div/div/section[@class='JJ6Vcq']/nav/ul/li[3]/a","Navigation","HTML"
"HTML Canonical","https://www.lifeusa.org/no/tags/back-to-school","https://www.lifeusa.org/no/tags/back-to-school","913867","","","200","OK","true","","","Absolute","//head/link[1]","Head","HTML"
"Hyperlink","https://www.lifeusa.org/post/hearing-the-call-southwest-florida","https://www.lifeusa.org/no/tags/florida","890702","","Florida","200","OK","true","","noopener noreferrer","Absolute","//body/div/div/div[@id='site-root']/div/main/div/div/div/div[@class='HT5ybB']/div/div/div/section/div[2]/div/div/div/div/div/div/div[2]/div[@id='content-wrapper']/div[@class='ZL4A4N']/div[@class='HcBlwg']/div[1]/div/div/article/div/footer/div/div/section[@class='JJ6Vcq']/nav/ul/li[3]/a","Navigation","HTML"
"Hyperlink","https://www.lifeusa.org/post/what-to-expect-and-how-to-prepare-for-hurricane-ian","https://www.lifeusa.org/no/tags/florida","890702","","Florida","200","OK","true","","noopener noreferrer","Absolute","//body/div/div/div[@id='site-root']/div/main/div/div/div/div[@class='HT5ybB']/div/div/div/section/div[2]/div/div/div/div/div/div/div[2]/div[@id='content-wrapper']/div[@class='ZL4A4N']/div[@class='HcBlwg']/div[1]/div/div/article/div/footer/div/div/section[@class='JJ6Vcq']/nav/ul/li[2]/a","Navigation","HTML"
"HTML Canonical","https://www.lifeusa.org/no/tags/florida","https://www.lifeusa.org/no/tags/florida","890702","","","200","OK","true","","","Absolute","//head/link[1]","Head","HTML"
"Hyperlink","https://www.lifeusa.org/post/life-hears-the-call-in-colorado","https://www.lifeusa.org/no/tags/hearing-aids","914149","","hearing aids","200","OK","true","","noopener noreferrer","Absolute","//body/div/div/div[@id='site-root']/div/main/div/div/div/div[@class='HT5ybB']/div/div/div/section/div[2]/div/div/div/div/div/div/div[2]/div[@id='content-wrapper']/div[@class='ZL4A4N']/div[@class='HcBlwg']/div[1]/div/div/article/div/footer/div/div/section[@class='JJ6Vcq']/nav/ul/li[2]/a","Navigation","HTML"
"Hyperlink","https://www.lifeusa.org/post/hearing-the-call-southwest-florida","https://www.lifeusa.org/no/tags/hearing-aids","914149","","hearing aids","200","OK","true","","noopener noreferrer","Absolute","//body/div/div/div[@id='site-root']/div/main/div/div/div/div[@class='HT5ybB']/div/div/div/section/div[2]/div/div/div/div/div/div/div[2]/div[@id='content-wrapper']/div[@class='ZL4A4N']/div[@class='HcBlwg']/div[1]/div/div/article/div/footer/div/div/section[@class='JJ6Vcq']/nav/ul/li[2]/a","Navigation","HTML"
"Hyperlink","https://www.lifeusa.org/post/hearing-for-the-first-time-in-years","https://www.lifeusa.org/no/tags/hearing-aids","914149","","hearing aids","200","OK","true","","noopener noreferrer","Absolute","//body/div/div/div[@id='site-root']/div/main/div/div/div/div[@class='HT5ybB']/div/div/div/section/div[2]/div/div/div/div/div/div/div[2]/div[@id='content-wrapper']/div[@class='ZL4A4N']/div[@class='HcBlwg']/div[1]/div/div/article/div/footer/div/div/section[@class='JJ6Vcq']/nav/ul/li[1]/a","Navigation","HTML"
"Hyperlink","https://www.lifeusa.org/post/hearing-aids-colorado","https://www.lifeusa.org/no/tags/hearing-aids","914149","","hearing aids","200","OK","true","","noopener noreferrer","Absolute","//body/div/div/div[@id='site-root']/div/main/div/div/div/div[@class='HT5ybB']/div/div/div/section/div[2]/div/div/div/div/div/div/div[2]/div[@id='content-wrapper']/div[@class='ZL4A4N']/div[@class='HcBlwg']/div[1]/div/div/article/div/footer/div/div/section[@class='JJ6Vcq']/nav/ul/li[1]/a","Navigation","HTML"
"Hyperlink","https://www.lifeusa.org/post/hearing-the-call-louisiana","https://www.lifeusa.org/no/tags/hearing-aids","914149","","hearing aids","200","OK","true","","noopener noreferrer","Absolute","//body/div/div/div[@id='site-root']/div/main/div/div/div/div[@class='HT5ybB']/div/div/div/section/div[2]/div/div/div/div/div/div/div[2]/div[@id='content-wrapper']/div[@class='ZL4A4N']/div[@class='HcBlwg']/div[1]/div/div/article/div/footer/div/div/section[@class='JJ6Vcq']/nav/ul/li/a","Navigation","HTML"
"HTML Canonical","https://www.lifeusa.org/no/tags/hearing-aids","https://www.lifeusa.org/no/tags/hearing-aids","914149","","","200","OK","true","","","Absolute","//head/link[1]","Head","HTML"
"Hyperlink","https://www.lifeusa.org/post/life-distributes-fresh-meat-in-texas","https://www.lifeusa.org/no/tags/texas","891085","","texas","200","OK","true","","noopener noreferrer","Absolute","//body/div/div/div[@id='site-root']/div/main/div/div/div/div[@class='HT5ybB']/div/div/div/section/div[2]/div/div/div/div/div/div/div[2]/div[@id='content-wrapper']/div[@class='ZL4A4N']/div[@class='HcBlwg']/div[1]/div/div/article/div/footer/div/div/section[@class='JJ6Vcq']/nav/ul/li[2]/a","Navigation","HTML"
"Hyperlink","https://www.lifeusa.org/post/life-provides-backpacks-to-foster-youth-in-the-united-states","https://www.lifeusa.org/no/tags/texas","891085","","texas","200","OK","true","","noopener noreferrer","Absolute","//body/div/div/div[@id='site-root']/div/main/div/div/div/div[@class='HT5ybB']/div/div/div/section/div[2]/div/div/div/div/div/div/div[2]/div[@id='content-wrapper']/div[@class='ZL4A4N']/div[@class='HcBlwg']/div[1]/div/div/article/div/footer/div/div/section[@class='JJ6Vcq']/nav/ul/li[3]/a","Navigation","HTML"
"HTML Canonical","https://www.lifeusa.org/no/tags/texas","https://www.lifeusa.org/no/tags/texas","891085","","","200","OK","true","","","Absolute","//head/link[1]","Head","HTML"
"Hyperlink","https://www.lifeusa.org/post/life-promotes-integrative-healthcare-for-rohingya-refugees-with-the-launch-of-vital-eye-care-clinic","https://www.lifeusa.org/no/tags/rohingya","884091","","Rohingya","200","OK","true","","noopener noreferrer","Absolute","//body/div/div/div[@id='site-root']/div/main/div/div/div/div[@class='HT5ybB']/div/div/div/section/div[2]/div/div/div/div/div/div/div[2]/div[@id='content-wrapper']/div[@class='ZL4A4N']/div[@class='HcBlwg']/div[1]/div/div/article/div/footer/div/div/section[@class='JJ6Vcq']/nav/ul/li[5]/a","Navigation","HTML"
"HTML Canonical","https://www.lifeusa.org/no/tags/rohingya","https://www.lifeusa.org/no/tags/rohingya","884091","","","200","OK","true","","","Absolute","//head/link[1]","Head","HTML"
"Hyperlink","https://www.lifeusa.org/post/life-promotes-integrative-healthcare-for-rohingya-refugees-with-the-launch-of-vital-eye-care-clinic","https://www.lifeusa.org/no/tags/health","883811","","Health","200","OK","true","","noopener noreferrer","Absolute","//body/div/div/div[@id='site-root']/div/main/div/div/div/div[@class='HT5ybB']/div/div/div/section/div[2]/div/div/div/div/div/div/div[2]/div[@id='content-wrapper']/div[@class='ZL4A4N']/div[@class='HcBlwg']/div[1]/div/div/article/div/footer/div/div/section[@class='JJ6Vcq']/nav/ul/li[3]/a","Navigation","HTML"
"HTML Canonical","https://www.lifeusa.org/no/tags/health","https://www.lifeusa.org/no/tags/health","883811","","","200","OK","true","","","Absolute","//head/link[1]","Head","HTML"
"Hyperlink","https://www.lifeusa.org/post/life-promotes-integrative-healthcare-for-rohingya-refugees-with-the-launch-of-vital-eye-care-clinic","https://www.lifeusa.org/no/tags/bangladesh-1","883855","","Bangladesh","200","OK","true","","noopener noreferrer","Absolute","//body/div/div/div[@id='site-root']/div/main/div/div/div/div[@class='HT5ybB']/div/div/div/section/div[2]/div/div/div/div/div/div/div[2]/div[@id='content-wrapper']/div[@class='ZL4A4N']/div[@class='HcBlwg']/div[1]/div/div/article/div/footer/div/div/section[@class='JJ6Vcq']/nav/ul/li[4]/a","Navigation","HTML"
"HTML Canonical","https://www.lifeusa.org/no/tags/bangladesh-1","https://www.lifeusa.org/no/tags/bangladesh-1","883855","","","200","OK","true","","","Absolute","//head/link[1]","Head","HTML"
"Hyperlink","https://www.lifeusa.org/post/life-s-education-initiatives-in-syria-generate-positive-outcomes-in-enrollment-and-graduation-rate-t","https://www.lifeusa.org/no/tags/education","891559","","Education","200","OK","true","","noopener noreferrer","Absolute","//body/div/div/div[@id='site-root']/div/main/div/div/div/div[@class='HT5ybB']/div/div/div/section/div[2]/div/div/div/div/div/div/div[2]/div[@id='content-wrapper']/div[@class='ZL4A4N']/div[@class='HcBlwg']/div[1]/div/div/article/div/footer/div/div/section[@class='JJ6Vcq']/nav/ul/li[3]/a","Navigation","HTML"
"Hyperlink","https://www.lifeusa.org/post/education-is-emancipation-empowering-women-today","https://www.lifeusa.org/no/tags/education","891559","","Education","200","OK","true","","noopener noreferrer","Absolute","//body/div/div/div[@id='site-root']/div/main/div/div/div/div[@class='HT5ybB']/div/div/div/section/div[2]/div/div/div/div/div/div/div[2]/div[@id='content-wrapper']/div[@class='ZL4A4N']/div[@class='HcBlwg']/div[1]/div/div/article/div/footer/div/div/section[@class='JJ6Vcq']/nav/ul/li[1]/a","Navigation","HTML"
"HTML Canonical","https://www.lifeusa.org/no/tags/education","https://www.lifeusa.org/no/tags/education","891559","","","200","OK","true","","","Absolute","//head/link[1]","Head","HTML"
"Hyperlink","https://www.lifeusa.org/post/life-for-relief-and-development-life-ambulance-and-distributed-aid-save-countless-lives-after-airs","https://www.lifeusa.org/no/tags/life-for-relief-and-development-usa","884330","","Life for Relief and Development USA","200","OK","true","","noopener noreferrer","Absolute","//body/div/div/div[@id='site-root']/div/main/div/div/div/div[@class='HT5ybB']/div/div/div/section/div[2]/div/div/div/div/div/div/div[2]/div[@id='content-wrapper']/div[@class='ZL4A4N']/div[@class='HcBlwg']/div[1]/div/div/article/div/footer/div/div/section[@class='JJ6Vcq']/nav/ul/li[4]/a","Navigation","HTML"
"HTML Canonical","https://www.lifeusa.org/no/tags/life-for-relief-and-development-usa","https://www.lifeusa.org/no/tags/life-for-relief-and-development-usa","884330","","","200","OK","true","","","Absolute","//head/link[1]","Head","HTML"
"Hyperlink","https://www.lifeusa.org/post/what-causes-earthquakes-and-how-they-affect-people","https://www.lifeusa.org/no/tags/turkey","891510","","Turkey","200","OK","true","","noopener noreferrer","Absolute","//body/div/div/div[@id='site-root']/div/main/div/div/div/div[@class='HT5ybB']/div/div/div/section/div[2]/div/div/div/div/div/div/div[2]/div[@id='content-wrapper']/div[@class='ZL4A4N']/div[@class='HcBlwg']/div[1]/div/div/article/div/footer/div/div/section[@class='JJ6Vcq']/nav/ul/li[4]/a","Navigation","HTML"
"Hyperlink","https://www.lifeusa.org/post/no-assistance-in-their-time-of-need","https://www.lifeusa.org/no/tags/turkey","891510","","Turkey","200","OK","true","","noopener noreferrer","Absolute","//body/div/div/div[@id='site-root']/div/main/div/div/div/div[@class='HT5ybB']/div/div/div/section/div[2]/div/div/div/div/div/div/div[2]/div[@id='content-wrapper']/div[@class='ZL4A4N']/div[@class='HcBlwg']/div[1]/div/div/article/div/footer/div/div/section[@class='JJ6Vcq']/nav/ul/li[4]/a","Navigation","HTML"
"HTML Canonical","https://www.lifeusa.org/no/tags/turkey","https://www.lifeusa.org/no/tags/turkey","891510","","","200","OK","true","","","Absolute","//head/link[1]","Head","HTML"
"Hyperlink","https://www.lifeusa.org/post/life-for-relief-and-development-life-ambulance-and-distributed-aid-save-countless-lives-after-airs","https://www.lifeusa.org/no/tags/jordan","899400","","jordan","200","OK","true","","noopener noreferrer","Absolute","//body/div/div/div[@id='site-root']/div/main/div/div/div/div[@class='HT5ybB']/div/div/div/section/div[2]/div/div/div/div/div/div/div[2]/div[@id='content-wrapper']/div[@class='ZL4A4N']/div[@class='HcBlwg']/div[1]/div/div/article/div/footer/div/div/section[@class='JJ6Vcq']/nav/ul/li[3]/a","Navigation","HTML"
"Hyperlink","https://www.lifeusa.org/post/life-distributes-udhiyah-meat-in-jordan","https://www.lifeusa.org/no/tags/jordan","899400","","jordan","200","OK","true","","noopener noreferrer","Absolute","//body/div/div/div[@id='site-root']/div/main/div/div/div/div[@class='HT5ybB']/div/div/div/section/div[2]/div/div/div/div/div/div/div[2]/div[@id='content-wrapper']/div[@class='ZL4A4N']/div[@class='HcBlwg']/div[1]/div/div/article/div/footer/div/div/section[@class='JJ6Vcq']/nav/ul/li[2]/a","Navigation","HTML"
"Hyperlink","https://www.lifeusa.org/post/life-s-orphan-sponsorship-program-in-lebanon-and-jordan","https://www.lifeusa.org/no/tags/jordan","899400","","jordan","200","OK","true","","noopener noreferrer","Absolute","//body/div/div/div[@id='site-root']/div/main/div/div/div/div[@class='HT5ybB']/div/div/div/section/div[2]/div/div/div/div/div/div/div[2]/div[@id='content-wrapper']/div[@class='ZL4A4N']/div[@class='HcBlwg']/div[1]/div/div/article/div/footer/div/div/section[@class='JJ6Vcq']/nav/ul/li[1]/a","Navigation","HTML"
"HTML Canonical","https://www.lifeusa.org/no/tags/jordan","https://www.lifeusa.org/no/tags/jordan","899400","","","200","OK","true","","","Absolute","//head/link[1]","Head","HTML"
"Hyperlink","https://www.lifeusa.org/post/creating-beautiful-tomorrows-in-orphans-today","https://www.lifeusa.org/no/tags/orphan","890334","","orphan","200","OK","true","","noopener noreferrer","Absolute","//body/div/div/div[@id='site-root']/div/main/div/div/div/div[@class='HT5ybB']/div/div/div/section/div[2]/div/div/div/div/div/div/div[2]/div[@id='content-wrapper']/div[@class='ZL4A4N']/div[@class='HcBlwg']/div[1]/div/div/article/div/footer/div/div/section[@class='JJ6Vcq']/nav/ul/li/a","Navigation","HTML"
"Hyperlink","https://www.lifeusa.org/post/life-s-orphan-sponsorship-program-in-lebanon-and-jordan","https://www.lifeusa.org/no/tags/orphan","890334","","orphan","200","OK","true","","noopener noreferrer","Absolute","//body/div/div/div[@id='site-root']/div/main/div/div/div/div[@class='HT5ybB']/div/div/div/section/div[2]/div/div/div/div/div/div/div[2]/div[@id='content-wrapper']/div[@class='ZL4A4N']/div[@class='HcBlwg']/div[1]/div/div/article/div/footer/div/div/section[@class='JJ6Vcq']/nav/ul/li[3]/a","Navigation","HTML"
"HTML Canonical","https://www.lifeusa.org/no/tags/orphan","https://www.lifeusa.org/no/tags/orphan","890334","","","200","OK","true","","","Absolute","//head/link[1]","Head","HTML"
"Hyperlink","https://www.lifeusa.org/post/be-the-light-this-thanksgiving","https://www.lifeusa.org/no/tags/thanksgiving","882971","","Thanksgiving","200","OK","true","","noopener noreferrer","Absolute","//body/div/div/div[@id='site-root']/div/main/div/div/div/div[@class='HT5ybB']/div/div/div/section/div[2]/div/div/div/div/div/div/div[2]/div[@id='content-wrapper']/div[@class='ZL4A4N']/div[@class='HcBlwg']/div[1]/div/div/article/div/footer/div/div/section[@class='JJ6Vcq']/nav/ul/li[4]/a","Navigation","HTML"
"HTML Canonical","https://www.lifeusa.org/no/tags/thanksgiving","https://www.lifeusa.org/no/tags/thanksgiving","882971","","","200","OK","true","","","Absolute","//head/link[1]","Head","HTML"
"Hyperlink","https://www.lifeusa.org/post/stuck-between-burning-fire-and-freezing-ice","https://www.lifeusa.org/no/tags/winter-warmth","882964","","Winter Warmth","200","OK","true","","noopener noreferrer","Absolute","//body/div/div/div[@id='site-root']/div/main/div/div/div/div[@class='HT5ybB']/div/div/div/section/div[2]/div/div/div/div/div/div/div[2]/div[@id='content-wrapper']/div[@class='ZL4A4N']/div[@class='HcBlwg']/div[1]/div/div/article/div/footer/div/div/section[@class='JJ6Vcq']/nav/ul/li[2]/a","Navigation","HTML"
"HTML Canonical","https://www.lifeusa.org/no/tags/winter-warmth","https://www.lifeusa.org/no/tags/winter-warmth","882964","","","200","OK","true","","","Absolute","//head/link[1]","Head","HTML"
"Hyperlink","https://www.lifeusa.org/post/eastern-africa-is-on-fire","https://www.lifeusa.org/no/tags/somalia-1","883079","","Somalia","200","OK","true","","noopener noreferrer","Absolute","//body/div/div/div[@id='site-root']/div/main/div/div/div/div[@class='HT5ybB']/div/div/div/section/div[2]/div/div/div/div/div/div/div[2]/div[@id='content-wrapper']/div[@class='ZL4A4N']/div[@class='HcBlwg']/div[1]/div/div/article/div/footer/div/div/section[@class='JJ6Vcq']/nav/ul/li[2]/a","Navigation","HTML"
"HTML Canonical","https://www.lifeusa.org/no/tags/somalia-1","https://www.lifeusa.org/no/tags/somalia-1","883079","","","200","OK","true","","","Absolute","//head/link[1]","Head","HTML"
"Hyperlink","https://www.lifeusa.org/post/life-distributes-udhiyah-meat-in-afghanistan","https://www.lifeusa.org/no/tags/seasonal-projects","883142","","seasonal projects","200","OK","true","","noopener noreferrer","Absolute","//body/div/div/div[@id='site-root']/div/main/div/div/div/div[@class='HT5ybB']/div/div/div/section/div[2]/div/div/div/div/div/div/div[2]/div[@id='content-wrapper']/div[@class='ZL4A4N']/div[@class='HcBlwg']/div[1]/div/div/article/div/footer/div/div/section[@class='JJ6Vcq']/nav/ul/li[3]/a","Navigation","HTML"
"HTML Canonical","https://www.lifeusa.org/no/tags/seasonal-projects","https://www.lifeusa.org/no/tags/seasonal-projects","883142","","","200","OK","true","","","Absolute","//head/link[1]","Head","HTML"
"Hyperlink","https://www.lifeusa.org/post/what-to-expect-and-how-to-prepare-for-hurricane-ian","https://www.lifeusa.org/no/tags/hurricane-ian","883092","","Hurricane Ian","200","OK","true","","noopener noreferrer","Absolute","//body/div/div/div[@id='site-root']/div/main/div/div/div/div[@class='HT5ybB']/div/div/div/section/div[2]/div/div/div/div/div/div/div[2]/div[@id='content-wrapper']/div[@class='ZL4A4N']/div[@class='HcBlwg']/div[1]/div/div/article/div/footer/div/div/section[@class='JJ6Vcq']/nav/ul/li[4]/a","Navigation","HTML"
"HTML Canonical","https://www.lifeusa.org/no/tags/hurricane-ian","https://www.lifeusa.org/no/tags/hurricane-ian","883092","","","200","OK","true","","","Absolute","//head/link[1]","Head","HTML"
"Hyperlink","https://www.lifeusa.org/post/what-to-expect-and-how-to-prepare-for-hurricane-ian","https://www.lifeusa.org/no/tags/hurricane","883251","","Hurricane","200","OK","true","","noopener noreferrer","Absolute","//body/div/div/div[@id='site-root']/div/main/div/div/div/div[@class='HT5ybB']/div/div/div/section/div[2]/div/div/div/div/div/div/div[2]/div[@id='content-wrapper']/div[@class='ZL4A4N']/div[@class='HcBlwg']/div[1]/div/div/article/div/footer/div/div/section[@class='JJ6Vcq']/nav/ul/li[3]/a","Navigation","HTML"
"HTML Canonical","https://www.lifeusa.org/no/tags/hurricane","https://www.lifeusa.org/no/tags/hurricane","883251","","","200","OK","true","","","Absolute","//head/link[1]","Head","HTML"
"Hyperlink","https://www.lifeusa.org/post/why-giving-makes-you-wealthier","https://www.lifeusa.org/no/tags/charity-builds-wealth","882009","","Charity Builds Wealth","200","OK","true","","noopener noreferrer","Absolute","//body/div/div/div[@id='site-root']/div/main/div/div/div/div[@class='HT5ybB']/div/div/div/section/div[2]/div/div/div/div/div/div/div[2]/div[@id='content-wrapper']/div[@class='ZL4A4N']/div[@class='HcBlwg']/div[1]/div/div/article/div/footer/div/div/section[@class='JJ6Vcq']/nav/ul/li[2]/a","Navigation","HTML"
"HTML Canonical","https://www.lifeusa.org/no/tags/charity-builds-wealth","https://www.lifeusa.org/no/tags/charity-builds-wealth","882009","","","200","OK","true","","","Absolute","//head/link[1]","Head","HTML"
"Hyperlink","https://www.lifeusa.org/post/sports-field-rehabilitation-in-iraq","https://www.lifeusa.org/no/tags/iraq-1","882834","","Iraq","200","OK","true","","noopener noreferrer","Absolute","//body/div/div/div[@id='site-root']/div/main/div/div/div/div[@class='HT5ybB']/div/div/div/section/div[2]/div/div/div/div/div/div/div[2]/div[@id='content-wrapper']/div[@class='ZL4A4N']/div[@class='HcBlwg']/div[1]/div/div/article/div/footer/div/div/section[@class='JJ6Vcq']/nav/ul/li[2]/a","Navigation","HTML"
"HTML Canonical","https://www.lifeusa.org/no/tags/iraq-1","https://www.lifeusa.org/no/tags/iraq-1","882834","","","200","OK","true","","","Absolute","//head/link[1]","Head","HTML"
"Hyperlink","https://www.lifeusa.org/post/furniture-for-new-horizon-s-ministries","https://www.lifeusa.org/no/tags/furniture","882667","","furniture","200","OK","true","","noopener noreferrer","Absolute","//body/div/div/div[@id='site-root']/div/main/div/div/div/div[@class='HT5ybB']/div/div/div/section/div[2]/div/div/div/div/div/div/div[2]/div[@id='content-wrapper']/div[@class='ZL4A4N']/div[@class='HcBlwg']/div[1]/div/div/article/div/footer/div/div/section[@class='JJ6Vcq']/nav/ul/li[2]/a","Navigation","HTML"
"HTML Canonical","https://www.lifeusa.org/no/tags/furniture","https://www.lifeusa.org/no/tags/furniture","882667","","","200","OK","true","","","Absolute","//head/link[1]","Head","HTML"
"Hyperlink","https://www.lifeusa.org/post/unprecedented-flooding-in-libya-a-call-for-global-solidarity-and-action","https://www.lifeusa.org/no/tags/libya","879521","","Libya","200","OK","true","","noopener noreferrer","Absolute","//body/div/div/div[@id='site-root']/div/main/div/div/div/div[@class='HT5ybB']/div/div/div/section/div[2]/div/div/div/div/div/div/div[2]/div[@id='content-wrapper']/div[@class='ZL4A4N']/div[@class='HcBlwg']/div[1]/div/div/article/div/footer/div/div/section[@class='JJ6Vcq']/nav/ul/li[2]/a","Navigation","HTML"
"HTML Canonical","https://www.lifeusa.org/no/tags/libya","https://www.lifeusa.org/no/tags/libya","879521","","","200","OK","true","","","Absolute","//head/link[1]","Head","HTML"
"Hyperlink","https://www.lifeusa.org/post/life-distributes-ramadan-food-baskets-in-the-horn-of-africa","https://www.lifeusa.org/no/tags/ethiopia","891260","","ethiopia","200","OK","true","","noopener noreferrer","Absolute","//body/div/div/div[@id='site-root']/div/main/div/div/div/div[@class='HT5ybB']/div/div/div/section/div[2]/div/div/div/div/div/div/div[2]/div[@id='content-wrapper']/div[@class='ZL4A4N']/div[@class='HcBlwg']/div[1]/div/div/article/div/footer/div/div/section[@class='JJ6Vcq']/nav/ul/li[4]/a","Navigation","HTML"
"Hyperlink","https://www.lifeusa.org/post/life-distributes-fresh-meat-in-ethiopia","https://www.lifeusa.org/no/tags/ethiopia","891260","","ethiopia","200","OK","true","","noopener noreferrer","Absolute","//body/div/div/div[@id='site-root']/div/main/div/div/div/div[@class='HT5ybB']/div/div/div/section/div[2]/div/div/div/div/div/div/div[2]/div[@id='content-wrapper']/div[@class='ZL4A4N']/div[@class='HcBlwg']/div[1]/div/div/article/div/footer/div/div/section[@class='JJ6Vcq']/nav/ul/li[2]/a","Navigation","HTML"
"HTML Canonical","https://www.lifeusa.org/no/tags/ethiopia","https://www.lifeusa.org/no/tags/ethiopia","891260","","","200","OK","true","","","Absolute","//head/link[1]","Head","HTML"
"Hyperlink","https://www.lifeusa.org/post/life-distributes-ramadan-food-baskets-in-the-horn-of-africa","https://www.lifeusa.org/no/tags/sudan","890236","","sudan","200","OK","true","","noopener noreferrer","Absolute","//body/div/div/div[@id='site-root']/div/main/div/div/div/div[@class='HT5ybB']/div/div/div/section/div[2]/div/div/div/div/div/div/div[2]/div[@id='content-wrapper']/div[@class='ZL4A4N']/div[@class='HcBlwg']/div[1]/div/div/article/div/footer/div/div/section[@class='JJ6Vcq']/nav/ul/li[7]/a","Navigation","HTML"
"Hyperlink","https://www.lifeusa.org/post/life-distributes-fresh-meat-in-sudan","https://www.lifeusa.org/no/tags/sudan","890236","","sudan","200","OK","true","","noopener noreferrer","Absolute","//body/div/div/div[@id='site-root']/div/main/div/div/div/div[@class='HT5ybB']/div/div/div/section/div[2]/div/div/div/div/div/div/div[2]/div[@id='content-wrapper']/div[@class='ZL4A4N']/div[@class='HcBlwg']/div[1]/div/div/article/div/footer/div/div/section[@class='JJ6Vcq']/nav/ul/li[2]/a","Navigation","HTML"
"HTML Canonical","https://www.lifeusa.org/no/tags/sudan","https://www.lifeusa.org/no/tags/sudan","890236","","","200","OK","true","","","Absolute","//head/link[1]","Head","HTML"
"Hyperlink","https://www.lifeusa.org/post/life-distributes-food-baskets-during-ramadan-in-bosnia","https://www.lifeusa.org/no/tags/bosnia","883026","","Bosnia","200","OK","true","","noopener noreferrer","Absolute","//body/div/div/div[@id='site-root']/div/main/div/div/div/div[@class='HT5ybB']/div/div/div/section/div[2]/div/div/div/div/div/div/div[2]/div[@id='content-wrapper']/div[@class='ZL4A4N']/div[@class='HcBlwg']/div[1]/div/div/article/div/footer/div/div/section[@class='JJ6Vcq']/nav/ul/li[3]/a","Navigation","HTML"
"HTML Canonical","https://www.lifeusa.org/no/tags/bosnia","https://www.lifeusa.org/no/tags/bosnia","883026","","","200","OK","true","","","Absolute","//head/link[1]","Head","HTML"
"Hyperlink","https://www.lifeusa.org/post/life-distributes-ramadan-food-baskets-in-the-horn-of-africa","https://www.lifeusa.org/no/tags/uganda","883166","","uganda","200","OK","true","","noopener noreferrer","Absolute","//body/div/div/div[@id='site-root']/div/main/div/div/div/div[@class='HT5ybB']/div/div/div/section/div[2]/div/div/div/div/div/div/div[2]/div[@id='content-wrapper']/div[@class='ZL4A4N']/div[@class='HcBlwg']/div[1]/div/div/article/div/footer/div/div/section[@class='JJ6Vcq']/nav/ul/li[10]/a","Navigation","HTML"
"HTML Canonical","https://www.lifeusa.org/no/tags/uganda","https://www.lifeusa.org/no/tags/uganda","883166","","","200","OK","true","","","Absolute","//head/link[1]","Head","HTML"
"Hyperlink","https://www.lifeusa.org/post/life-distributes-ramadan-food-baskets-in-the-horn-of-africa","https://www.lifeusa.org/no/tags/djibouti","890937","","djibouti","200","OK","true","","noopener noreferrer","Absolute","//body/div/div/div[@id='site-root']/div/main/div/div/div/div[@class='HT5ybB']/div/div/div/section/div[2]/div/div/div/div/div/div/div[2]/div[@id='content-wrapper']/div[@class='ZL4A4N']/div[@class='HcBlwg']/div[1]/div/div/article/div/footer/div/div/section[@class='JJ6Vcq']/nav/ul/li[3]/a","Navigation","HTML"
"Hyperlink","https://www.lifeusa.org/post/life-distributes-fresh-meat-in-djibouti","https://www.lifeusa.org/no/tags/djibouti","890937","","djibouti","200","OK","true","","noopener noreferrer","Absolute","//body/div/div/div[@id='site-root']/div/main/div/div/div/div[@class='HT5ybB']/div/div/div/section/div[2]/div/div/div/div/div/div/div[2]/div[@id='content-wrapper']/div[@class='ZL4A4N']/div[@class='HcBlwg']/div[1]/div/div/article/div/footer/div/div/section[@class='JJ6Vcq']/nav/ul/li[2]/a","Navigation","HTML"
"HTML Canonical","https://www.lifeusa.org/no/tags/djibouti","https://www.lifeusa.org/no/tags/djibouti","890937","","","200","OK","true","","","Absolute","//head/link[1]","Head","HTML"
"Hyperlink","https://www.lifeusa.org/post/life-distributes-ramadan-food-baskets-in-the-horn-of-africa","https://www.lifeusa.org/no/tags/south-sudan","883657","","south sudan","200","OK","true","","noopener noreferrer","Absolute","//body/div/div/div[@id='site-root']/div/main/div/div/div/div[@class='HT5ybB']/div/div/div/section/div[2]/div/div/div/div/div/div/div[2]/div[@id='content-wrapper']/div[@class='ZL4A4N']/div[@class='HcBlwg']/div[1]/div/div/article/div/footer/div/div/section[@class='JJ6Vcq']/nav/ul/li[9]/a","Navigation","HTML"
"HTML Canonical","https://www.lifeusa.org/no/tags/south-sudan","https://www.lifeusa.org/no/tags/south-sudan","883657","","","200","OK","true","","","Absolute","//head/link[1]","Head","HTML"
"Hyperlink","https://www.lifeusa.org/post/life-distributes-ramadan-food-baskets-in-the-horn-of-africa","https://www.lifeusa.org/no/tags/somalia","891167","","somalia","200","OK","true","","noopener noreferrer","Absolute","//body/div/div/div[@id='site-root']/div/main/div/div/div/div[@class='HT5ybB']/div/div/div/section/div[2]/div/div/div/div/div/div/div[2]/div[@id='content-wrapper']/div[@class='ZL4A4N']/div[@class='HcBlwg']/div[1]/div/div/article/div/footer/div/div/section[@class='JJ6Vcq']/nav/ul/li[6]/a","Navigation","HTML"
"Hyperlink","https://www.lifeusa.org/post/life-distributes-udhiyah-meat-in-somalia","https://www.lifeusa.org/no/tags/somalia","891167","","somalia","200","OK","true","","noopener noreferrer","Absolute","//body/div/div/div[@id='site-root']/div/main/div/div/div/div[@class='HT5ybB']/div/div/div/section/div[2]/div/div/div/div/div/div/div[2]/div[@id='content-wrapper']/div[@class='ZL4A4N']/div[@class='HcBlwg']/div[1]/div/div/article/div/footer/div/div/section[@class='JJ6Vcq']/nav/ul/li[2]/a","Navigation","HTML"
"HTML Canonical","https://www.lifeusa.org/no/tags/somalia","https://www.lifeusa.org/no/tags/somalia","891167","","","200","OK","true","","","Absolute","//head/link[1]","Head","HTML"
"Hyperlink","https://www.lifeusa.org/post/life-distributes-ramadan-food-baskets-in-the-horn-of-africa","https://www.lifeusa.org/no/tags/eritrea","883366","","eritrea","200","OK","true","","noopener noreferrer","Absolute","//body/div/div/div[@id='site-root']/div/main/div/div/div/div[@class='HT5ybB']/div/div/div/section/div[2]/div/div/div/div/div/div/div[2]/div[@id='content-wrapper']/div[@class='ZL4A4N']/div[@class='HcBlwg']/div[1]/div/div/article/div/footer/div/div/section[@class='JJ6Vcq']/nav/ul/li[8]/a","Navigation","HTML"
"HTML Canonical","https://www.lifeusa.org/no/tags/eritrea","https://www.lifeusa.org/no/tags/eritrea","883366","","","200","OK","true","","","Absolute","//head/link[1]","Head","HTML"
"Hyperlink","https://www.lifeusa.org/post/the-story-of-resilience-and-hope-life-brings-joy-to-al-islah-village-in-iraq","https://www.lifeusa.org/no/tags/ramadan","948962","","ramadan","200","OK","true","","noopener noreferrer","Absolute","//body/div/div/div[@id='site-root']/div/main/div/div/div/div[@class='HT5ybB']/div/div/div/section/div[2]/div/div/div/div/div/div/div[2]/div[@id='content-wrapper']/div[@class='ZL4A4N']/div[@class='HcBlwg']/div[1]/div/div/article/div/footer/div/div/section[@class='JJ6Vcq']/nav/ul/li[2]/a","Navigation","HTML"
"Hyperlink","https://www.lifeusa.org/post/life-distributes-ramadan-food-baskets-in-lebanon","https://www.lifeusa.org/no/tags/ramadan","948962","","ramadan","200","OK","true","","noopener noreferrer","Absolute","//body/div/div/div[@id='site-root']/div/main/div/div/div/div[@class='HT5ybB']/div/div/div/section/div[2]/div/div/div/div/div/div/div[2]/div[@id='content-wrapper']/div[@class='ZL4A4N']/div[@class='HcBlwg']/div[1]/div/div/article/div/footer/div/div/section[@class='JJ6Vcq']/nav/ul/li[2]/a","Navigation","HTML"
"Hyperlink","https://www.lifeusa.org/post/discovering-ramadan-2024-fasting-charity-and-spiritual-nourishment","https://www.lifeusa.org/no/tags/ramadan","948962","","ramadan","200","OK","true","","noopener noreferrer","Absolute","//body/div/div/div[@id='site-root']/div/main/div/div/div/div[@class='HT5ybB']/div/div/div/section/div[2]/div/div/div/div/div/div/div[2]/div[@id='content-wrapper']/div[@class='ZL4A4N']/div[@class='HcBlwg']/div[1]/div/div/article/div/footer/div/div/section[@class='JJ6Vcq']/nav/ul/li[2]/a","Navigation","HTML"
"Hyperlink","https://www.lifeusa.org/post/united-against-hunger-life-for-relief-and-development-s-life-global-expansion-is-set-to-feed-mill","https://www.lifeusa.org/no/tags/ramadan","948962","","ramadan","200","OK","true","","noopener noreferrer","Absolute","//body/div/div/div[@id='site-root']/div/main/div/div/div/div[@class='HT5ybB']/div/div/div/section/div[2]/div/div/div/div/div/div/div[2]/div[@id='content-wrapper']/div[@class='ZL4A4N']/div[@class='HcBlwg']/div[1]/div/div/article/div/footer/div/div/section[@class='JJ6Vcq']/nav/ul/li[2]/a","Navigation","HTML"
"Hyperlink","https://www.lifeusa.org/post/life-distributes-ramadan-food-baskets-in-the-horn-of-africa","https://www.lifeusa.org/no/tags/ramadan","948962","","ramadan","200","OK","true","","noopener noreferrer","Absolute","//body/div/div/div[@id='site-root']/div/main/div/div/div/div[@class='HT5ybB']/div/div/div/section/div[2]/div/div/div/div/div/div/div[2]/div[@id='content-wrapper']/div[@class='ZL4A4N']/div[@class='HcBlwg']/div[1]/div/div/article/div/footer/div/div/section[@class='JJ6Vcq']/nav/ul/li[2]/a","Navigation","HTML"
"Hyperlink","https://www.lifeusa.org/post/life-distributes-food-baskets-during-ramadan-in-bosnia","https://www.lifeusa.org/no/tags/ramadan","948962","","ramadan","200","OK","true","","noopener noreferrer","Absolute","//body/div/div/div[@id='site-root']/div/main/div/div/div/div[@class='HT5ybB']/div/div/div/section/div[2]/div/div/div/div/div/div/div[2]/div[@id='content-wrapper']/div[@class='ZL4A4N']/div[@class='HcBlwg']/div[1]/div/div/article/div/footer/div/div/section[@class='JJ6Vcq']/nav/ul/li[2]/a","Navigation","HTML"
"Hyperlink","https://www.lifeusa.org/post/life-distributes-ramadan-food-baskets-in-haiti","https://www.lifeusa.org/no/tags/ramadan","948962","","ramadan","200","OK","true","","noopener noreferrer","Absolute","//body/div/div/div[@id='site-root']/div/main/div/div/div/div[@class='HT5ybB']/div/div/div/section/div[2]/div/div/div/div/div/div/div[2]/div[@id='content-wrapper']/div[@class='ZL4A4N']/div[@class='HcBlwg']/div[1]/div/div/article/div/footer/div/div/section[@class='JJ6Vcq']/nav/ul/li[2]/a","Navigation","HTML"
"Hyperlink","https://www.lifeusa.org/post/when-zakat-islamic-charity-almost-eradicated-poverty","https://www.lifeusa.org/no/tags/ramadan","948962","","ramadan","200","OK","true","","noopener noreferrer","Absolute","//body/div/div/div[@id='site-root']/div/main/div/div/div/div[@class='HT5ybB']/div/div/div/section/div[2]/div/div/div/div/div/div/div[2]/div[@id='content-wrapper']/div[@class='ZL4A4N']/div[@class='HcBlwg']/div[1]/div/div/article/div/footer/div/div/section[@class='JJ6Vcq']/nav/ul/li[1]/a","Navigation","HTML"
"Hyperlink","https://www.lifeusa.org/post/life-distributes-ramadan-meals-in-mali","https://www.lifeusa.org/no/tags/ramadan","948962","","ramadan","200","OK","true","","noopener noreferrer","Absolute","//body/div/div/div[@id='site-root']/div/main/div/div/div/div[@class='HT5ybB']/div/div/div/section/div[2]/div/div/div/div/div/div/div[2]/div[@id='content-wrapper']/div[@class='ZL4A4N']/div[@class='HcBlwg']/div[1]/div/div/article/div/footer/div/div/section[@class='JJ6Vcq']/nav/ul/li[1]/a","Navigation","HTML"
"Hyperlink","https://www.lifeusa.org/post/life-distributes-ramadan-food-baskets-yemen","https://www.lifeusa.org/no/tags/ramadan","948962","","ramadan","200","OK","true","","noopener noreferrer","Absolute","//body/div/div/div[@id='site-root']/div/main/div/div/div/div[@class='HT5ybB']/div/div/div/section/div[2]/div/div/div/div/div/div/div[2]/div[@id='content-wrapper']/div[@class='ZL4A4N']/div[@class='HcBlwg']/div[1]/div/div/article/div/footer/div/div/section[@class='JJ6Vcq']/nav/ul/li[1]/a","Navigation","HTML"
"HTML Canonical","https://www.lifeusa.org/no/tags/ramadan","https://www.lifeusa.org/no/tags/ramadan","948962","","","200","OK","true","","","Absolute","//head/link[1]","Head","HTML"
"Hyperlink","https://www.lifeusa.org/post/food-baskets-in-bangladesh","https://www.lifeusa.org/no/tags/bangladesh","890850","","bangladesh","200","OK","true","","noopener noreferrer","Absolute","//body/div/div/div[@id='site-root']/div/main/div/div/div/div[@class='HT5ybB']/div/div/div/section/div[2]/div/div/div/div/div/div/div[2]/div[@id='content-wrapper']/div[@class='ZL4A4N']/div[@class='HcBlwg']/div[1]/div/div/article/div/footer/div/div/section[@class='JJ6Vcq']/nav/ul/li[2]/a","Navigation","HTML"
"Hyperlink","https://www.lifeusa.org/post/winter-blankets-bangladesh","https://www.lifeusa.org/no/tags/bangladesh","890850","","bangladesh","200","OK","true","","noopener noreferrer","Absolute","//body/div/div/div[@id='site-root']/div/main/div/div/div/div[@class='HT5ybB']/div/div/div/section/div[2]/div/div/div/div/div/div/div[2]/div[@id='content-wrapper']/div[@class='ZL4A4N']/div[@class='HcBlwg']/div[1]/div/div/article/div/footer/div/div/section[@class='JJ6Vcq']/nav/ul/li[1]/a","Navigation","HTML"
"HTML Canonical","https://www.lifeusa.org/no/tags/bangladesh","https://www.lifeusa.org/no/tags/bangladesh","890850","","","200","OK","true","","","Absolute","//head/link[1]","Head","HTML"
"Hyperlink","https://www.lifeusa.org/post/back-to-school-iraq","https://www.lifeusa.org/no/tags/iraq","887349","","iraq","200","OK","true","","noopener noreferrer","Absolute","//body/div/div/div[@id='site-root']/div/main/div/div/div/div[@class='HT5ybB']/div/div/div/section/div[2]/div/div/div/div/div/div/div[2]/div[@id='content-wrapper']/div[@class='ZL4A4N']/div[@class='HcBlwg']/div[1]/div/div/article/div/footer/div/div/section[@class='JJ6Vcq']/nav/ul/li[2]/a","Navigation","HTML"
"Hyperlink","https://www.lifeusa.org/post/life-provides-food-baskets-to-orphans-in-iraq","https://www.lifeusa.org/no/tags/iraq","887349","","iraq","200","OK","true","","noopener noreferrer","Absolute","//body/div/div/div[@id='site-root']/div/main/div/div/div/div[@class='HT5ybB']/div/div/div/section/div[2]/div/div/div/div/div/div/div[2]/div[@id='content-wrapper']/div[@class='ZL4A4N']/div[@class='HcBlwg']/div[1]/div/div/article/div/footer/div/div/section[@class='JJ6Vcq']/nav/ul/li[2]/a","Navigation","HTML"
"HTML Canonical","https://www.lifeusa.org/no/tags/iraq","https://www.lifeusa.org/no/tags/iraq","887349","","","200","OK","true","","","Absolute","//head/link[1]","Head","HTML"
"Hyperlink","https://www.lifeusa.org/post/back-to-school-project-haiti","https://www.lifeusa.org/no/tags/haiti","888244","","haiti","200","OK","true","","noopener noreferrer","Absolute","//body/div/div/div[@id='site-root']/div/main/div/div/div/div[@class='HT5ybB']/div/div/div/section/div[2]/div/div/div/div/div/div/div[2]/div[@id='content-wrapper']/div[@class='ZL4A4N']/div[@class='HcBlwg']/div[1]/div/div/article/div/footer/div/div/section[@class='JJ6Vcq']/nav/ul/li[2]/a","Navigation","HTML"
"Hyperlink","https://www.lifeusa.org/post/life-distributes-ramadan-food-baskets-in-haiti","https://www.lifeusa.org/no/tags/haiti","888244","","haiti","200","OK","true","","noopener noreferrer","Absolute","//body/div/div/div[@id='site-root']/div/main/div/div/div/div[@class='HT5ybB']/div/div/div/section/div[2]/div/div/div/div/div/div/div[2]/div[@id='content-wrapper']/div[@class='ZL4A4N']/div[@class='HcBlwg']/div[1]/div/div/article/div/footer/div/div/section[@class='JJ6Vcq']/nav/ul/li[3]/a","Navigation","HTML"
"HTML Canonical","https://www.lifeusa.org/no/tags/haiti","https://www.lifeusa.org/no/tags/haiti","888244","","","200","OK","true","","","Absolute","//head/link[1]","Head","HTML"
"Hyperlink","https://www.lifeusa.org/post/back-to-school-in-kenya","https://www.lifeusa.org/no/tags/kenya","890767","","kenya","200","OK","true","","noopener noreferrer","Absolute","//body/div/div/div[@id='site-root']/div/main/div/div/div/div[@class='HT5ybB']/div/div/div/section/div[2]/div/div/div/div/div/div/div[2]/div[@id='content-wrapper']/div[@class='ZL4A4N']/div[@class='HcBlwg']/div[1]/div/div/article/div/footer/div/div/section[@class='JJ6Vcq']/nav/ul/li[2]/a","Navigation","HTML"
"Hyperlink","https://www.lifeusa.org/post/life-distributes-ramadan-food-baskets-in-the-horn-of-africa","https://www.lifeusa.org/no/tags/kenya","890767","","kenya","200","OK","true","","noopener noreferrer","Absolute","//body/div/div/div[@id='site-root']/div/main/div/div/div/div[@class='HT5ybB']/div/div/div/section/div[2]/div/div/div/div/div/div/div[2]/div[@id='content-wrapper']/div[@class='ZL4A4N']/div[@class='HcBlwg']/div[1]/div/div/article/div/footer/div/div/section[@class='JJ6Vcq']/nav/ul/li[5]/a","Navigation","HTML"
"HTML Canonical","https://www.lifeusa.org/no/tags/kenya","https://www.lifeusa.org/no/tags/kenya","890767","","","200","OK","true","","","Absolute","//head/link[1]","Head","HTML"
"Hyperlink","https://www.lifeusa.org/post/education-is-emancipation-empowering-women-today","https://www.lifeusa.org/no/tags/national-women-s-month","883180","","National Women's Month","200","OK","true","","noopener noreferrer","Absolute","//body/div/div/div[@id='site-root']/div/main/div/div/div/div[@class='HT5ybB']/div/div/div/section/div[2]/div/div/div/div/div/div/div[2]/div[@id='content-wrapper']/div[@class='ZL4A4N']/div[@class='HcBlwg']/div[1]/div/div/article/div/footer/div/div/section[@class='JJ6Vcq']/nav/ul/li[2]/a","Navigation","HTML"
"HTML Canonical","https://www.lifeusa.org/no/tags/national-women-s-month","https://www.lifeusa.org/no/tags/national-women-s-month","883180","","","200","OK","true","","","Absolute","//head/link[1]","Head","HTML"
"Hyperlink","https://www.lifeusa.org/post/life-s-orphan-sponsorship-program-in-lebanon-and-jordan","https://www.lifeusa.org/no/tags/lebanon","891632","","lebanon","200","OK","true","","noopener noreferrer","Absolute","//body/div/div/div[@id='site-root']/div/main/div/div/div/div[@class='HT5ybB']/div/div/div/section/div[2]/div/div/div/div/div/div/div[2]/div[@id='content-wrapper']/div[@class='ZL4A4N']/div[@class='HcBlwg']/div[1]/div/div/article/div/footer/div/div/section[@class='JJ6Vcq']/nav/ul/li[2]/a","Navigation","HTML"
"Hyperlink","https://www.lifeusa.org/post/life-distributes-ramadan-food-baskets-in-lebanon","https://www.lifeusa.org/no/tags/lebanon","891632","","lebanon","200","OK","true","","noopener noreferrer","Absolute","//body/div/div/div[@id='site-root']/div/main/div/div/div/div[@class='HT5ybB']/div/div/div/section/div[2]/div/div/div/div/div/div/div[2]/div[@id='content-wrapper']/div[@class='ZL4A4N']/div[@class='HcBlwg']/div[1]/div/div/article/div/footer/div/div/section[@class='JJ6Vcq']/nav/ul/li[3]/a","Navigation","HTML"
"HTML Canonical","https://www.lifeusa.org/no/tags/lebanon","https://www.lifeusa.org/no/tags/lebanon","891632","","","200","OK","true","","","Absolute","//head/link[1]","Head","HTML"
"Hyperlink","https://www.lifeusa.org/post/life-distributes-udhiyah-meat-in-jordan","https://www.lifeusa.org/no/tags/share","882732","","share","200","OK","true","","noopener noreferrer","Absolute","//body/div/div/div[@id='site-root']/div/main/div/div/div/div[@class='HT5ybB']/div/div/div/section/div[2]/div/div/div/div/div/div/div[2]/div[@id='content-wrapper']/div[@class='ZL4A4N']/div[@class='HcBlwg']/div[1]/div/div/article/div/footer/div/div/section[@class='JJ6Vcq']/nav/ul/li[3]/a","Navigation","HTML"
"HTML Canonical","https://www.lifeusa.org/no/tags/share","https://www.lifeusa.org/no/tags/share","882732","","","200","OK","true","","","Absolute","//head/link[1]","Head","HTML"
"Hyperlink","https://www.lifeusa.org/post/life-distributes-udhiyah-meat-in-jordan","https://www.lifeusa.org/no/tags/udhiyah","952571","","udhiyah","200","OK","true","","noopener noreferrer","Absolute","//body/div/div/div[@id='site-root']/div/main/div/div/div/div[@class='HT5ybB']/div/div/div/section/div[2]/div/div/div/div/div/div/div[2]/div[@id='content-wrapper']/div[@class='ZL4A4N']/div[@class='HcBlwg']/div[1]/div/div/article/div/footer/div/div/section[@class='JJ6Vcq']/nav/ul/li[1]/a","Navigation","HTML"
"Hyperlink","https://www.lifeusa.org/post/life-distributes-udhiyah-meat-in-afghanistan","https://www.lifeusa.org/no/tags/udhiyah","952571","","udhiyah","200","OK","true","","noopener noreferrer","Absolute","//body/div/div/div[@id='site-root']/div/main/div/div/div/div[@class='HT5ybB']/div/div/div/section/div[2]/div/div/div/div/div/div/div[2]/div[@id='content-wrapper']/div[@class='ZL4A4N']/div[@class='HcBlwg']/div[1]/div/div/article/div/footer/div/div/section[@class='JJ6Vcq']/nav/ul/li[1]/a","Navigation","HTML"
"Hyperlink","https://www.lifeusa.org/post/pakistan-fresh-meat-distribution-and-orphan-eid-party","https://www.lifeusa.org/no/tags/udhiyah","952571","","udhiyah","200","OK","true","","noopener noreferrer","Absolute","//body/div/div/div[@id='site-root']/div/main/div/div/div/div[@class='HT5ybB']/div/div/div/section/div[2]/div/div/div/div/div/div/div[2]/div[@id='content-wrapper']/div[@class='ZL4A4N']/div[@class='HcBlwg']/div[1]/div/div/article/div/footer/div/div/section[@class='JJ6Vcq']/nav/ul/li[1]/a","Navigation","HTML"
"Hyperlink","https://www.lifeusa.org/post/life-distributes-udhiyah-meat-in-egypt","https://www.lifeusa.org/no/tags/udhiyah","952571","","udhiyah","200","OK","true","","noopener noreferrer","Absolute","//body/div/div/div[@id='site-root']/div/main/div/div/div/div[@class='HT5ybB']/div/div/div/section/div[2]/div/div/div/div/div/div/div[2]/div[@id='content-wrapper']/div[@class='ZL4A4N']/div[@class='HcBlwg']/div[1]/div/div/article/div/footer/div/div/section[@class='JJ6Vcq']/nav/ul/li[1]/a","Navigation","HTML"
"Hyperlink","https://www.lifeusa.org/post/life-distributes-fresh-meat-in-bosnia-and-herzegovina","https://www.lifeusa.org/no/tags/udhiyah","952571","","udhiyah","200","OK","true","","noopener noreferrer","Absolute","//body/div/div/div[@id='site-root']/div/main/div/div/div/div[@class='HT5ybB']/div/div/div/section/div[2]/div/div/div/div/div/div/div[2]/div[@id='content-wrapper']/div[@class='ZL4A4N']/div[@class='HcBlwg']/div[1]/div/div/article/div/footer/div/div/section[@class='JJ6Vcq']/nav/ul/li[1]/a","Navigation","HTML"
"Hyperlink","https://www.lifeusa.org/post/life-distributes-fresh-meat-in-syria","https://www.lifeusa.org/no/tags/udhiyah","952571","","udhiyah","200","OK","true","","noopener noreferrer","Absolute","//body/div/div/div[@id='site-root']/div/main/div/div/div/div[@class='HT5ybB']/div/div/div/section/div[2]/div/div/div/div/div/div/div[2]/div[@id='content-wrapper']/div[@class='ZL4A4N']/div[@class='HcBlwg']/div[1]/div/div/article/div/footer/div/div/section[@class='JJ6Vcq']/nav/ul/li[1]/a","Navigation","HTML"
"Hyperlink","https://www.lifeusa.org/post/life-distributes-udhiyah-meat-in-somalia","https://www.lifeusa.org/no/tags/udhiyah","952571","","udhiyah","200","OK","true","","noopener noreferrer","Absolute","//body/div/div/div[@id='site-root']/div/main/div/div/div/div[@class='HT5ybB']/div/div/div/section/div[2]/div/div/div/div/div/div/div[2]/div[@id='content-wrapper']/div[@class='ZL4A4N']/div[@class='HcBlwg']/div[1]/div/div/article/div/footer/div/div/section[@class='JJ6Vcq']/nav/ul/li[1]/a","Navigation","HTML"
"Hyperlink","https://www.lifeusa.org/post/life-distributes-fresh-meat-in-sudan","https://www.lifeusa.org/no/tags/udhiyah","952571","","udhiyah","200","OK","true","","noopener noreferrer","Absolute","//body/div/div/div[@id='site-root']/div/main/div/div/div/div[@class='HT5ybB']/div/div/div/section/div[2]/div/div/div/div/div/div/div[2]/div[@id='content-wrapper']/div[@class='ZL4A4N']/div[@class='HcBlwg']/div[1]/div/div/article/div/footer/div/div/section[@class='JJ6Vcq']/nav/ul/li[1]/a","Navigation","HTML"
"Hyperlink","https://www.lifeusa.org/post/life-distributes-fresh-meat-in-djibouti","https://www.lifeusa.org/no/tags/udhiyah","952571","","udhiyah","200","OK","true","","noopener noreferrer","Absolute","//body/div/div/div[@id='site-root']/div/main/div/div/div/div[@class='HT5ybB']/div/div/div/section/div[2]/div/div/div/div/div/div/div[2]/div[@id='content-wrapper']/div[@class='ZL4A4N']/div[@class='HcBlwg']/div[1]/div/div/article/div/footer/div/div/section[@class='JJ6Vcq']/nav/ul/li[1]/a","Navigation","HTML"
"Hyperlink","https://www.lifeusa.org/post/life-distributes-fresh-meat-in-ethiopia","https://www.lifeusa.org/no/tags/udhiyah","952571","","udhiyah","200","OK","true","","noopener noreferrer","Absolute","//body/div/div/div[@id='site-root']/div/main/div/div/div/div[@class='HT5ybB']/div/div/div/section/div[2]/div/div/div/div/div/div/div[2]/div[@id='content-wrapper']/div[@class='ZL4A4N']/div[@class='HcBlwg']/div[1]/div/div/article/div/footer/div/div/section[@class='JJ6Vcq']/nav/ul/li[1]/a","Navigation","HTML"
"HTML Canonical","https://www.lifeusa.org/no/tags/udhiyah","https://www.lifeusa.org/no/tags/udhiyah","952571","","","200","OK","true","","","Absolute","//head/link[1]","Head","HTML"
"Hyperlink","https://www.lifeusa.org/post/life-distributes-ramadan-food-baskets-yemen","https://www.lifeusa.org/no/tags/yemen","879545","","yemen","200","OK","true","","noopener noreferrer","Absolute","//body/div/div/div[@id='site-root']/div/main/div/div/div/div[@class='HT5ybB']/div/div/div/section/div[2]/div/div/div/div/div/div/div[2]/div[@id='content-wrapper']/div[@class='ZL4A4N']/div[@class='HcBlwg']/div[1]/div/div/article/div/footer/div/div/section[@class='JJ6Vcq']/nav/ul/li[2]/a","Navigation","HTML"
"HTML Canonical","https://www.lifeusa.org/no/tags/yemen","https://www.lifeusa.org/no/tags/yemen","879545","","","200","OK","true","","","Absolute","//head/link[1]","Head","HTML"
"Hyperlink","https://www.lifeusa.org/post/life-distributes-fresh-meat-in-bosnia-and-herzegovina","https://www.lifeusa.org/no/tags/bosnia-1","882799","","bosnia","200","OK","true","","noopener noreferrer","Absolute","//body/div/div/div[@id='site-root']/div/main/div/div/div/div[@class='HT5ybB']/div/div/div/section/div[2]/div/div/div/div/div/div/div[2]/div[@id='content-wrapper']/div[@class='ZL4A4N']/div[@class='HcBlwg']/div[1]/div/div/article/div/footer/div/div/section[@class='JJ6Vcq']/nav/ul/li[2]/a","Navigation","HTML"
"HTML Canonical","https://www.lifeusa.org/no/tags/bosnia-1","https://www.lifeusa.org/no/tags/bosnia-1","882799","","","200","OK","true","","","Absolute","//head/link[1]","Head","HTML"
"Hyperlink","https://www.lifeusa.org/post/life-distributes-fresh-meat-in-syria","https://www.lifeusa.org/no/tags/syria","882706","","syria","200","OK","true","","noopener noreferrer","Absolute","//body/div/div/div[@id='site-root']/div/main/div/div/div/div[@class='HT5ybB']/div/div/div/section/div[2]/div/div/div/div/div/div/div[2]/div[@id='content-wrapper']/div[@class='ZL4A4N']/div[@class='HcBlwg']/div[1]/div/div/article/div/footer/div/div/section[@class='JJ6Vcq']/nav/ul/li[2]/a","Navigation","HTML"
"HTML Canonical","https://www.lifeusa.org/no/tags/syria","https://www.lifeusa.org/no/tags/syria","882706","","","200","OK","true","","","Absolute","//head/link[1]","Head","HTML"
"Hyperlink","https://www.lifeusa.org/post/life-distributes-udhiyah-meat-in-egypt","https://www.lifeusa.org/no/tags/egypt","882488","","egypt","200","OK","true","","noopener noreferrer","Absolute","//body/div/div/div[@id='site-root']/div/main/div/div/div/div[@class='HT5ybB']/div/div/div/section/div[2]/div/div/div/div/div/div/div[2]/div[@id='content-wrapper']/div[@class='ZL4A4N']/div[@class='HcBlwg']/div[1]/div/div/article/div/footer/div/div/section[@class='JJ6Vcq']/nav/ul/li[2]/a","Navigation","HTML"
"HTML Canonical","https://www.lifeusa.org/no/tags/egypt","https://www.lifeusa.org/no/tags/egypt","882488","","","200","OK","true","","","Absolute","//head/link[1]","Head","HTML"
"Hyperlink","https://www.lifeusa.org/post/life-distributes-fresh-meat-in-bosnia-and-herzegovina","https://www.lifeusa.org/no/tags/herzegovina","883257","","herzegovina","200","OK","true","","noopener noreferrer","Absolute","//body/div/div/div[@id='site-root']/div/main/div/div/div/div[@class='HT5ybB']/div/div/div/section/div[2]/div/div/div/div/div/div/div[2]/div[@id='content-wrapper']/div[@class='ZL4A4N']/div[@class='HcBlwg']/div[1]/div/div/article/div/footer/div/div/section[@class='JJ6Vcq']/nav/ul/li[3]/a","Navigation","HTML"
"HTML Canonical","https://www.lifeusa.org/no/tags/herzegovina","https://www.lifeusa.org/no/tags/herzegovina","883257","","","200","OK","true","","","Absolute","//head/link[1]","Head","HTML"
"Hyperlink","https://www.lifeusa.org/post/pakistan-fresh-meat-distribution-and-orphan-eid-party","https://www.lifeusa.org/no/tags/fresh-meat","883023","","Fresh Meat","200","OK","true","","noopener noreferrer","Absolute","//body/div/div/div[@id='site-root']/div/main/div/div/div/div[@class='HT5ybB']/div/div/div/section/div[2]/div/div/div/div/div/div/div[2]/div[@id='content-wrapper']/div[@class='ZL4A4N']/div[@class='HcBlwg']/div[1]/div/div/article/div/footer/div/div/section[@class='JJ6Vcq']/nav/ul/li[3]/a","Navigation","HTML"
"HTML Canonical","https://www.lifeusa.org/no/tags/fresh-meat","https://www.lifeusa.org/no/tags/fresh-meat","883023","","","200","OK","true","","","Absolute","//head/link[1]","Head","HTML"
"Hyperlink","https://www.lifeusa.org/post/pakistan-fresh-meat-distribution-and-orphan-eid-party","https://www.lifeusa.org/no/tags/pakistan-1","883145","","Pakistan","200","OK","true","","noopener noreferrer","Absolute","//body/div/div/div[@id='site-root']/div/main/div/div/div/div[@class='HT5ybB']/div/div/div/section/div[2]/div/div/div/div/div/div/div[2]/div[@id='content-wrapper']/div[@class='ZL4A4N']/div[@class='HcBlwg']/div[1]/div/div/article/div/footer/div/div/section[@class='JJ6Vcq']/nav/ul/li[2]/a","Navigation","HTML"
"HTML Canonical","https://www.lifeusa.org/no/tags/pakistan-1","https://www.lifeusa.org/no/tags/pakistan-1","883145","","","200","OK","true","","","Absolute","//head/link[1]","Head","HTML"
"Hyperlink","https://www.lifeusa.org/post/pakistan-fresh-meat-distribution-and-orphan-eid-party","https://www.lifeusa.org/no/tags/eid","883168","","Eid","200","OK","true","","noopener noreferrer","Absolute","//body/div/div/div[@id='site-root']/div/main/div/div/div/div[@class='HT5ybB']/div/div/div/section/div[2]/div/div/div/div/div/div/div[2]/div[@id='content-wrapper']/div[@class='ZL4A4N']/div[@class='HcBlwg']/div[1]/div/div/article/div/footer/div/div/section[@class='JJ6Vcq']/nav/ul/li[5]/a","Navigation","HTML"
"HTML Canonical","https://www.lifeusa.org/no/tags/eid","https://www.lifeusa.org/no/tags/eid","883168","","","200","OK","true","","","Absolute","//head/link[1]","Head","HTML"
"Hyperlink","https://www.lifeusa.org/post/pakistan-fresh-meat-distribution-and-orphan-eid-party","https://www.lifeusa.org/no/tags/orphan-1","883156","","Orphan","200","OK","true","","noopener noreferrer","Absolute","//body/div/div/div[@id='site-root']/div/main/div/div/div/div[@class='HT5ybB']/div/div/div/section/div[2]/div/div/div/div/div/div/div[2]/div[@id='content-wrapper']/div[@class='ZL4A4N']/div[@class='HcBlwg']/div[1]/div/div/article/div/footer/div/div/section[@class='JJ6Vcq']/nav/ul/li[4]/a","Navigation","HTML"
"HTML Canonical","https://www.lifeusa.org/no/tags/orphan-1","https://www.lifeusa.org/no/tags/orphan-1","883156","","","200","OK","true","","","Absolute","//head/link[1]","Head","HTML"
"Hyperlink","https://www.lifeusa.org/post/life-distributes-ramadan-meals-in-mali","https://www.lifeusa.org/no/tags/mali","879484","","mali","200","OK","true","","noopener noreferrer","Absolute","//body/div/div/div[@id='site-root']/div/main/div/div/div/div[@class='HT5ybB']/div/div/div/section/div[2]/div/div/div/div/div/div/div[2]/div[@id='content-wrapper']/div[@class='ZL4A4N']/div[@class='HcBlwg']/div[1]/div/div/article/div/footer/div/div/section[@class='JJ6Vcq']/nav/ul/li[2]/a","Navigation","HTML"
"HTML Canonical","https://www.lifeusa.org/no/tags/mali","https://www.lifeusa.org/no/tags/mali","879484","","","200","OK","true","","","Absolute","//head/link[1]","Head","HTML"
"Hyperlink","https://www.lifeusa.org/post/when-zakat-islamic-charity-almost-eradicated-poverty","https://www.lifeusa.org/no/tags/zakat","882164","","Zakat","200","OK","true","","noopener noreferrer","Absolute","//body/div/div/div[@id='site-root']/div/main/div/div/div/div[@class='HT5ybB']/div/div/div/section/div[2]/div/div/div/div/div/div/div[2]/div[@id='content-wrapper']/div[@class='ZL4A4N']/div[@class='HcBlwg']/div[1]/div/div/article/div/footer/div/div/section[@class='JJ6Vcq']/nav/ul/li[2]/a","Navigation","HTML"
"HTML Canonical","https://www.lifeusa.org/no/tags/zakat","https://www.lifeusa.org/no/tags/zakat","882164","","","200","OK","true","","","Absolute","//head/link[1]","Head","HTML"
"Hyperlink","https://www.lifeusa.org/post/winter-blankets-bangladesh","https://www.lifeusa.org/no/tags/winter","883091","","winter","200","OK","true","","noopener noreferrer","Absolute","//body/div/div/div[@id='site-root']/div/main/div/div/div/div[@class='HT5ybB']/div/div/div/section/div[2]/div/div/div/div/div/div/div[2]/div[@id='content-wrapper']/div[@class='ZL4A4N']/div[@class='HcBlwg']/div[1]/div/div/article/div/footer/div/div/section[@class='JJ6Vcq']/nav/ul/li[2]/a","Navigation","HTML"
"HTML Canonical","https://www.lifeusa.org/no/tags/winter","https://www.lifeusa.org/no/tags/winter","883091","","","200","OK","true","","","Absolute","//head/link[1]","Head","HTML"
