"Source","Destination","Alt Text"
"https://www.lifeusa.org/","https://static.wixstatic.com/media/11062b_2533d1d4c31245408717d17b946bc8d8~mv2.png/v1/fill/w_28,h_28,al_c,q_85,usm_0.66_1.00_0.01,enc_avif,quality_auto/11062b_2533d1d4c31245408717d17b946bc8d8~mv2.png",""
"https://www.lifeusa.org/get-involved","https://static.wixstatic.com/media/11062b_2533d1d4c31245408717d17b946bc8d8~mv2.png/v1/fill/w_28,h_28,al_c,q_85,usm_0.66_1.00_0.01,enc_avif,quality_auto/11062b_2533d1d4c31245408717d17b946bc8d8~mv2.png",""
"https://www.lifeusa.org/about","https://static.wixstatic.com/media/11062b_2533d1d4c31245408717d17b946bc8d8~mv2.png/v1/fill/w_28,h_28,al_c,q_85,usm_0.66_1.00_0.01,enc_avif,quality_auto/11062b_2533d1d4c31245408717d17b946bc8d8~mv2.png",""
"https://www.lifeusa.org/financial-reports","https://static.wixstatic.com/media/11062b_2533d1d4c31245408717d17b946bc8d8~mv2.png/v1/fill/w_28,h_28,al_c,q_85,usm_0.66_1.00_0.01,enc_avif,quality_auto/11062b_2533d1d4c31245408717d17b946bc8d8~mv2.png",""
"https://www.lifeusa.org/post/the-global-environmental-crisis-water-climate-and-life-s-impact","https://static.wixstatic.com/media/11062b_2533d1d4c31245408717d17b946bc8d8~mv2.png/v1/fill/w_28,h_28,al_c,q_85,usm_0.66_1.00_0.01,enc_avif,quality_auto/11062b_2533d1d4c31245408717d17b946bc8d8~mv2.png",""
"https://www.lifeusa.org/board-members","https://static.wixstatic.com/media/11062b_2533d1d4c31245408717d17b946bc8d8~mv2.png/v1/fill/w_28,h_28,al_c,q_85,usm_0.66_1.00_0.01,enc_avif,quality_auto/11062b_2533d1d4c31245408717d17b946bc8d8~mv2.png",""
"https://www.lifeusa.org/annualreports","https://static.wixstatic.com/media/11062b_2533d1d4c31245408717d17b946bc8d8~mv2.png/v1/fill/w_28,h_28,al_c,q_85,usm_0.66_1.00_0.01,enc_avif,quality_auto/11062b_2533d1d4c31245408717d17b946bc8d8~mv2.png",""
"https://www.lifeusa.org/blogs","https://static.wixstatic.com/media/11062b_2533d1d4c31245408717d17b946bc8d8~mv2.png/v1/fill/w_28,h_28,al_c,q_85,usm_0.66_1.00_0.01,enc_avif,quality_auto/11062b_2533d1d4c31245408717d17b946bc8d8~mv2.png",""
"https://www.lifeusa.org/lebanon-emergency-relief","https://static.wixstatic.com/media/11062b_2533d1d4c31245408717d17b946bc8d8~mv2.png/v1/fill/w_28,h_28,al_c,q_85,usm_0.66_1.00_0.01,enc_avif,quality_auto/11062b_2533d1d4c31245408717d17b946bc8d8~mv2.png",""
"https://www.lifeusa.org/post/eid-al-adha-a-celebration-of-unity","https://static.wixstatic.com/media/11062b_2533d1d4c31245408717d17b946bc8d8~mv2.png/v1/fill/w_28,h_28,al_c,q_85,usm_0.66_1.00_0.01,enc_avif,quality_auto/11062b_2533d1d4c31245408717d17b946bc8d8~mv2.png",""
"https://www.lifeusa.org/media","https://static.wixstatic.com/media/11062b_2533d1d4c31245408717d17b946bc8d8~mv2.png/v1/fill/w_28,h_28,al_c,q_85,usm_0.66_1.00_0.01,enc_avif,quality_auto/11062b_2533d1d4c31245408717d17b946bc8d8~mv2.png",""
"https://www.lifeusa.org/privacy-policy","https://static.wixstatic.com/media/11062b_2533d1d4c31245408717d17b946bc8d8~mv2.png/v1/fill/w_28,h_28,al_c,q_85,usm_0.66_1.00_0.01,enc_avif,quality_auto/11062b_2533d1d4c31245408717d17b946bc8d8~mv2.png",""
"https://www.lifeusa.org/waystogive","https://static.wixstatic.com/media/11062b_2533d1d4c31245408717d17b946bc8d8~mv2.png/v1/fill/w_28,h_28,al_c,q_85,usm_0.66_1.00_0.01,enc_avif,quality_auto/11062b_2533d1d4c31245408717d17b946bc8d8~mv2.png",""
"https://www.lifeusa.org/programs","https://static.wixstatic.com/media/11062b_2533d1d4c31245408717d17b946bc8d8~mv2.png/v1/fill/w_28,h_28,al_c,q_85,usm_0.66_1.00_0.01,enc_avif,quality_auto/11062b_2533d1d4c31245408717d17b946bc8d8~mv2.png",""
"https://www.lifeusa.org/post/the-world-keeps-making-more-plastic-and-the-cost-is-human","https://static.wixstatic.com/media/11062b_2533d1d4c31245408717d17b946bc8d8~mv2.png/v1/fill/w_28,h_28,al_c,q_85,usm_0.66_1.00_0.01,enc_avif,quality_auto/11062b_2533d1d4c31245408717d17b946bc8d8~mv2.png",""
"https://www.lifeusa.org/post/children-in-crisis-the-psychological-toll-of-violence","https://static.wixstatic.com/media/11062b_2533d1d4c31245408717d17b946bc8d8~mv2.png/v1/fill/w_28,h_28,al_c,q_85,usm_0.66_1.00_0.01,enc_avif,quality_auto/11062b_2533d1d4c31245408717d17b946bc8d8~mv2.png",""
"https://www.lifeusa.org/volunteer","https://static.wixstatic.com/media/11062b_2533d1d4c31245408717d17b946bc8d8~mv2.png/v1/fill/w_28,h_28,al_c,q_85,usm_0.66_1.00_0.01,enc_avif,quality_auto/11062b_2533d1d4c31245408717d17b946bc8d8~mv2.png",""
"https://www.lifeusa.org/careers","https://static.wixstatic.com/media/11062b_2533d1d4c31245408717d17b946bc8d8~mv2.png/v1/fill/w_28,h_28,al_c,q_85,usm_0.66_1.00_0.01,enc_avif,quality_auto/11062b_2533d1d4c31245408717d17b946bc8d8~mv2.png",""
"https://www.lifeusa.org/fundraising","https://static.wixstatic.com/media/11062b_2533d1d4c31245408717d17b946bc8d8~mv2.png/v1/fill/w_28,h_28,al_c,q_85,usm_0.66_1.00_0.01,enc_avif,quality_auto/11062b_2533d1d4c31245408717d17b946bc8d8~mv2.png",""
"https://www.lifeusa.org/doublethedonation","https://static.wixstatic.com/media/11062b_2533d1d4c31245408717d17b946bc8d8~mv2.png/v1/fill/w_28,h_28,al_c,q_85,usm_0.66_1.00_0.01,enc_avif,quality_auto/11062b_2533d1d4c31245408717d17b946bc8d8~mv2.png",""
"https://www.lifeusa.org/no","https://static.wixstatic.com/media/11062b_2533d1d4c31245408717d17b946bc8d8~mv2.png/v1/fill/w_28,h_28,al_c,q_85,usm_0.66_1.00_0.01,enc_avif,quality_auto/11062b_2533d1d4c31245408717d17b946bc8d8~mv2.png",""
"https://www.lifeusa.org/no/categories/life-blog","https://static.wixstatic.com/media/11062b_2533d1d4c31245408717d17b946bc8d8~mv2.png/v1/fill/w_28,h_28,al_c,q_85,usm_0.66_1.00_0.01,enc_avif,quality_auto/11062b_2533d1d4c31245408717d17b946bc8d8~mv2.png",""
"https://www.lifeusa.org/no/categories/giving-charity","https://static.wixstatic.com/media/11062b_2533d1d4c31245408717d17b946bc8d8~mv2.png/v1/fill/w_28,h_28,al_c,q_85,usm_0.66_1.00_0.01,enc_avif,quality_auto/11062b_2533d1d4c31245408717d17b946bc8d8~mv2.png",""
"https://www.lifeusa.org/no/categories/reports","https://static.wixstatic.com/media/11062b_2533d1d4c31245408717d17b946bc8d8~mv2.png/v1/fill/w_28,h_28,al_c,q_85,usm_0.66_1.00_0.01,enc_avif,quality_auto/11062b_2533d1d4c31245408717d17b946bc8d8~mv2.png",""
"https://www.lifeusa.org/no/categories/tax-write-off","https://static.wixstatic.com/media/11062b_2533d1d4c31245408717d17b946bc8d8~mv2.png/v1/fill/w_28,h_28,al_c,q_85,usm_0.66_1.00_0.01,enc_avif,quality_auto/11062b_2533d1d4c31245408717d17b946bc8d8~mv2.png",""
"https://www.lifeusa.org/no/categories/philosophy","https://static.wixstatic.com/media/11062b_2533d1d4c31245408717d17b946bc8d8~mv2.png/v1/fill/w_28,h_28,al_c,q_85,usm_0.66_1.00_0.01,enc_avif,quality_auto/11062b_2533d1d4c31245408717d17b946bc8d8~mv2.png",""
"https://www.lifeusa.org/post/women-s-empowerment-the-key-to-solving-world-hunger","https://static.wixstatic.com/media/11062b_2533d1d4c31245408717d17b946bc8d8~mv2.png/v1/fill/w_28,h_28,al_c,q_85,usm_0.66_1.00_0.01,enc_avif,quality_auto/11062b_2533d1d4c31245408717d17b946bc8d8~mv2.png",""
"https://www.lifeusa.org/no/categories/purpose","https://static.wixstatic.com/media/11062b_2533d1d4c31245408717d17b946bc8d8~mv2.png/v1/fill/w_28,h_28,al_c,q_85,usm_0.66_1.00_0.01,enc_avif,quality_auto/11062b_2533d1d4c31245408717d17b946bc8d8~mv2.png",""
"https://www.lifeusa.org/post/one-dollar-can-change-someone-s-life","https://static.wixstatic.com/media/11062b_2533d1d4c31245408717d17b946bc8d8~mv2.png/v1/fill/w_28,h_28,al_c,q_85,usm_0.66_1.00_0.01,enc_avif,quality_auto/11062b_2533d1d4c31245408717d17b946bc8d8~mv2.png",""
"https://www.lifeusa.org/post/afghanistan-s-earthquake-stories-of-survival-and-relief","https://static.wixstatic.com/media/11062b_2533d1d4c31245408717d17b946bc8d8~mv2.png/v1/fill/w_28,h_28,al_c,q_85,usm_0.66_1.00_0.01,enc_avif,quality_auto/11062b_2533d1d4c31245408717d17b946bc8d8~mv2.png",""
"https://www.lifeusa.org/post/why-one-gift-means-the-world-to-an-orphaned-child","https://static.wixstatic.com/media/11062b_2533d1d4c31245408717d17b946bc8d8~mv2.png/v1/fill/w_28,h_28,al_c,q_85,usm_0.66_1.00_0.01,enc_avif,quality_auto/11062b_2533d1d4c31245408717d17b946bc8d8~mv2.png",""
"https://www.lifeusa.org/post/children-forced-to-sleep-in-cars-and-on-the-streets-as-over-800-000-are-displaced-in-lebanon","https://static.wixstatic.com/media/11062b_2533d1d4c31245408717d17b946bc8d8~mv2.png/v1/fill/w_28,h_28,al_c,q_85,usm_0.66_1.00_0.01,enc_avif,quality_auto/11062b_2533d1d4c31245408717d17b946bc8d8~mv2.png",""
"https://www.lifeusa.org/post/remembering-judge-frank-caprio-a-judge-who-redefined-leadership-through-compassion","https://static.wixstatic.com/media/11062b_2533d1d4c31245408717d17b946bc8d8~mv2.png/v1/fill/w_28,h_28,al_c,q_85,usm_0.66_1.00_0.01,enc_avif,quality_auto/11062b_2533d1d4c31245408717d17b946bc8d8~mv2.png",""
"https://www.lifeusa.org/post/over-6-5-hungry-in-somalia-why-your-giving-matters-now-more-than-ever","https://static.wixstatic.com/media/11062b_2533d1d4c31245408717d17b946bc8d8~mv2.png/v1/fill/w_28,h_28,al_c,q_85,usm_0.66_1.00_0.01,enc_avif,quality_auto/11062b_2533d1d4c31245408717d17b946bc8d8~mv2.png",""
"https://www.lifeusa.org/post/starvation-in-gaza-why-the-world-must-act-now-before-thousands-more-die","https://static.wixstatic.com/media/11062b_2533d1d4c31245408717d17b946bc8d8~mv2.png/v1/fill/w_28,h_28,al_c,q_85,usm_0.66_1.00_0.01,enc_avif,quality_auto/11062b_2533d1d4c31245408717d17b946bc8d8~mv2.png",""
"https://www.lifeusa.org/post/latest-cuts-to-humanitarian-aid-leave-millions-without-hope","https://static.wixstatic.com/media/11062b_2533d1d4c31245408717d17b946bc8d8~mv2.png/v1/fill/w_28,h_28,al_c,q_85,usm_0.66_1.00_0.01,enc_avif,quality_auto/11062b_2533d1d4c31245408717d17b946bc8d8~mv2.png",""
"https://www.lifeusa.org/legacy","https://static.wixstatic.com/media/11062b_2533d1d4c31245408717d17b946bc8d8~mv2.png/v1/fill/w_28,h_28,al_c,q_85,usm_0.66_1.00_0.01,enc_avif,quality_auto/11062b_2533d1d4c31245408717d17b946bc8d8~mv2.png",""
"https://www.lifeusa.org/copy-of-freewill-landing-page","https://static.wixstatic.com/media/11062b_2533d1d4c31245408717d17b946bc8d8~mv2.png/v1/fill/w_28,h_28,al_c,q_85,usm_0.66_1.00_0.01,enc_avif,quality_auto/11062b_2533d1d4c31245408717d17b946bc8d8~mv2.png",""
"https://www.lifeusa.org/newsletters","https://static.wixstatic.com/media/11062b_2533d1d4c31245408717d17b946bc8d8~mv2.png/v1/fill/w_28,h_28,al_c,q_85,usm_0.66_1.00_0.01,enc_avif,quality_auto/11062b_2533d1d4c31245408717d17b946bc8d8~mv2.png",""
"https://www.lifeusa.org/news","https://static.wixstatic.com/media/11062b_2533d1d4c31245408717d17b946bc8d8~mv2.png/v1/fill/w_28,h_28,al_c,q_85,usm_0.66_1.00_0.01,enc_avif,quality_auto/11062b_2533d1d4c31245408717d17b946bc8d8~mv2.png",""
"https://www.lifeusa.org/press","https://static.wixstatic.com/media/11062b_2533d1d4c31245408717d17b946bc8d8~mv2.png/v1/fill/w_28,h_28,al_c,q_85,usm_0.66_1.00_0.01,enc_avif,quality_auto/11062b_2533d1d4c31245408717d17b946bc8d8~mv2.png",""
"https://www.lifeusa.org/post/building-a-better-world-for-33-years","https://static.wixstatic.com/media/11062b_2533d1d4c31245408717d17b946bc8d8~mv2.png/v1/fill/w_28,h_28,al_c,q_85,usm_0.66_1.00_0.01,enc_avif,quality_auto/11062b_2533d1d4c31245408717d17b946bc8d8~mv2.png",""
"https://www.lifeusa.org/post/write-your-will-for-free-and-let-the-good-you-do-today-last-forever","https://static.wixstatic.com/media/11062b_2533d1d4c31245408717d17b946bc8d8~mv2.png/v1/fill/w_28,h_28,al_c,q_85,usm_0.66_1.00_0.01,enc_avif,quality_auto/11062b_2533d1d4c31245408717d17b946bc8d8~mv2.png",""
"https://www.lifeusa.org/post/charitable-giving-an-advantage-we-never-saw-coming-from-the-one-big-beautiful-bill-act","https://static.wixstatic.com/media/11062b_2533d1d4c31245408717d17b946bc8d8~mv2.png/v1/fill/w_28,h_28,al_c,q_85,usm_0.66_1.00_0.01,enc_avif,quality_auto/11062b_2533d1d4c31245408717d17b946bc8d8~mv2.png",""
"https://www.lifeusa.org/post/double-or-triple-your-donation-without-spending-more-through-life-for-relief-and-development-life","https://static.wixstatic.com/media/11062b_2533d1d4c31245408717d17b946bc8d8~mv2.png/v1/fill/w_28,h_28,al_c,q_85,usm_0.66_1.00_0.01,enc_avif,quality_auto/11062b_2533d1d4c31245408717d17b946bc8d8~mv2.png",""
"https://www.lifeusa.org/post/winter-flooding-in-gaza-leaves-families-cold-and-exhausted","https://static.wixstatic.com/media/11062b_2533d1d4c31245408717d17b946bc8d8~mv2.png/v1/fill/w_28,h_28,al_c,q_85,usm_0.66_1.00_0.01,enc_avif,quality_auto/11062b_2533d1d4c31245408717d17b946bc8d8~mv2.png",""
"https://www.lifeusa.org/post/school-supplies-could-be-the-key-to-ending-poverty","https://static.wixstatic.com/media/11062b_2533d1d4c31245408717d17b946bc8d8~mv2.png/v1/fill/w_28,h_28,al_c,q_85,usm_0.66_1.00_0.01,enc_avif,quality_auto/11062b_2533d1d4c31245408717d17b946bc8d8~mv2.png",""
"https://www.lifeusa.org/post/cold-kills-5-million-a-year-life-s-winter-aid-helps-prevent-this-tragedy","https://static.wixstatic.com/media/11062b_2533d1d4c31245408717d17b946bc8d8~mv2.png/v1/fill/w_28,h_28,al_c,q_85,usm_0.66_1.00_0.01,enc_avif,quality_auto/11062b_2533d1d4c31245408717d17b946bc8d8~mv2.png",""
"https://www.lifeusa.org/post/give-the-smart-way-stop-paying-taxes-on-stocks-and-receive-a-big-tax-deduction","https://static.wixstatic.com/media/11062b_2533d1d4c31245408717d17b946bc8d8~mv2.png/v1/fill/w_28,h_28,al_c,q_85,usm_0.66_1.00_0.01,enc_avif,quality_auto/11062b_2533d1d4c31245408717d17b946bc8d8~mv2.png",""
"https://www.lifeusa.org/post/health-for-all-how-life-is-closing-the-global-healthcare-gap","https://static.wixstatic.com/media/11062b_2533d1d4c31245408717d17b946bc8d8~mv2.png/v1/fill/w_28,h_28,al_c,q_85,usm_0.66_1.00_0.01,enc_avif,quality_auto/11062b_2533d1d4c31245408717d17b946bc8d8~mv2.png",""
"https://www.lifeusa.org/post/recognizing-everyday-leaders-and-heros-this-father-s-day-2025","https://static.wixstatic.com/media/11062b_2533d1d4c31245408717d17b946bc8d8~mv2.png/v1/fill/w_28,h_28,al_c,q_85,usm_0.66_1.00_0.01,enc_avif,quality_auto/11062b_2533d1d4c31245408717d17b946bc8d8~mv2.png",""
"https://www.lifeusa.org/post/she-was-buried-underground-for-13-years-then-she-heard-the-ocean","https://static.wixstatic.com/media/11062b_2533d1d4c31245408717d17b946bc8d8~mv2.png/v1/fill/w_28,h_28,al_c,q_85,usm_0.66_1.00_0.01,enc_avif,quality_auto/11062b_2533d1d4c31245408717d17b946bc8d8~mv2.png",""
"https://www.lifeusa.org/post/when-the-guadalupe-river-roared-texas-tested-with-devastation-and-loss","https://static.wixstatic.com/media/11062b_2533d1d4c31245408717d17b946bc8d8~mv2.png/v1/fill/w_28,h_28,al_c,q_85,usm_0.66_1.00_0.01,enc_avif,quality_auto/11062b_2533d1d4c31245408717d17b946bc8d8~mv2.png",""
"https://www.lifeusa.org/post/the-hidden-price-tag-of-fast-fashion-and-how-life-is-offering-sustainable-solutions-you-can-support","https://static.wixstatic.com/media/11062b_2533d1d4c31245408717d17b946bc8d8~mv2.png/v1/fill/w_28,h_28,al_c,q_85,usm_0.66_1.00_0.01,enc_avif,quality_auto/11062b_2533d1d4c31245408717d17b946bc8d8~mv2.png",""
"https://www.lifeusa.org/post/ramadan-a-place-for-everyone","https://static.wixstatic.com/media/11062b_2533d1d4c31245408717d17b946bc8d8~mv2.png/v1/fill/w_28,h_28,al_c,q_85,usm_0.66_1.00_0.01,enc_avif,quality_auto/11062b_2533d1d4c31245408717d17b946bc8d8~mv2.png",""
"https://www.lifeusa.org/post/a-step-by-step-guide-on-how-to-participate-in-ramadan","https://static.wixstatic.com/media/11062b_2533d1d4c31245408717d17b946bc8d8~mv2.png/v1/fill/w_28,h_28,al_c,q_85,usm_0.66_1.00_0.01,enc_avif,quality_auto/11062b_2533d1d4c31245408717d17b946bc8d8~mv2.png",""
"https://www.lifeusa.org/post/sick-kids-with-no-medicine-in-sight-how-life-is-restoring-healthcare-access-in-africa","https://static.wixstatic.com/media/11062b_2533d1d4c31245408717d17b946bc8d8~mv2.png/v1/fill/w_28,h_28,al_c,q_85,usm_0.66_1.00_0.01,enc_avif,quality_auto/11062b_2533d1d4c31245408717d17b946bc8d8~mv2.png",""
"https://www.lifeusa.org/post/as-middle-east-tensions-rise-families-face-uncertainty-and-compassion-matters-more","https://static.wixstatic.com/media/11062b_2533d1d4c31245408717d17b946bc8d8~mv2.png/v1/fill/w_28,h_28,al_c,q_85,usm_0.66_1.00_0.01,enc_avif,quality_auto/11062b_2533d1d4c31245408717d17b946bc8d8~mv2.png",""
"https://www.lifeusa.org/post/millions-hungry-and-displaced-why-the-sudan-crisis-requires-immediate-action","https://static.wixstatic.com/media/11062b_2533d1d4c31245408717d17b946bc8d8~mv2.png/v1/fill/w_28,h_28,al_c,q_85,usm_0.66_1.00_0.01,enc_avif,quality_auto/11062b_2533d1d4c31245408717d17b946bc8d8~mv2.png",""
"https://www.lifeusa.org/post/maximize-your-tax-write-off-with-charitable-giving-apps","https://static.wixstatic.com/media/11062b_2533d1d4c31245408717d17b946bc8d8~mv2.png/v1/fill/w_28,h_28,al_c,q_85,usm_0.66_1.00_0.01,enc_avif,quality_auto/11062b_2533d1d4c31245408717d17b946bc8d8~mv2.png",""
"https://www.lifeusa.org/post/when-life-becomes-art-finding-flow-purpose-and-the-joy-of-giving","https://static.wixstatic.com/media/11062b_2533d1d4c31245408717d17b946bc8d8~mv2.png/v1/fill/w_28,h_28,al_c,q_85,usm_0.66_1.00_0.01,enc_avif,quality_auto/11062b_2533d1d4c31245408717d17b946bc8d8~mv2.png",""
"https://www.lifeusa.org/post/how-violence-and-war-affect-children-worldwide-and-how-you-can-help","https://static.wixstatic.com/media/11062b_2533d1d4c31245408717d17b946bc8d8~mv2.png/v1/fill/w_28,h_28,al_c,q_85,usm_0.66_1.00_0.01,enc_avif,quality_auto/11062b_2533d1d4c31245408717d17b946bc8d8~mv2.png",""
"https://www.lifeusa.org/post/what-happens-when-you-can-t-see-in-a-refugee-camp","https://static.wixstatic.com/media/11062b_2533d1d4c31245408717d17b946bc8d8~mv2.png/v1/fill/w_28,h_28,al_c,q_85,usm_0.66_1.00_0.01,enc_avif,quality_auto/11062b_2533d1d4c31245408717d17b946bc8d8~mv2.png",""
"https://www.lifeusa.org/post/the-challenges-humanitarian-organizations-face-after-conflict-ends","https://static.wixstatic.com/media/11062b_2533d1d4c31245408717d17b946bc8d8~mv2.png/v1/fill/w_28,h_28,al_c,q_85,usm_0.66_1.00_0.01,enc_avif,quality_auto/11062b_2533d1d4c31245408717d17b946bc8d8~mv2.png",""
"https://www.lifeusa.org/post/the-power-of-listening-and-how-to-harness-it","https://static.wixstatic.com/media/11062b_2533d1d4c31245408717d17b946bc8d8~mv2.png/v1/fill/w_28,h_28,al_c,q_85,usm_0.66_1.00_0.01,enc_avif,quality_auto/11062b_2533d1d4c31245408717d17b946bc8d8~mv2.png",""
"https://www.lifeusa.org/post/monsoon-flood-in-northern-pakistan-takes-everything-from-villagers-life-usa-helps-families-rebuild","https://static.wixstatic.com/media/11062b_2533d1d4c31245408717d17b946bc8d8~mv2.png/v1/fill/w_28,h_28,al_c,q_85,usm_0.66_1.00_0.01,enc_avif,quality_auto/11062b_2533d1d4c31245408717d17b946bc8d8~mv2.png",""
"https://www.lifeusa.org/post/life-s-orphan-sponsorships-keep-children-warm-and-in-school-during-the-winter-months-in-pakistan","https://static.wixstatic.com/media/11062b_2533d1d4c31245408717d17b946bc8d8~mv2.png/v1/fill/w_28,h_28,al_c,q_85,usm_0.66_1.00_0.01,enc_avif,quality_auto/11062b_2533d1d4c31245408717d17b946bc8d8~mv2.png",""
"https://www.lifeusa.org/post/life-supports-mothers-and-orphans-in-gaza-with-critical-baby-formula-and-other-essentials","https://static.wixstatic.com/media/11062b_2533d1d4c31245408717d17b946bc8d8~mv2.png/v1/fill/w_28,h_28,al_c,q_85,usm_0.66_1.00_0.01,enc_avif,quality_auto/11062b_2533d1d4c31245408717d17b946bc8d8~mv2.png",""
"https://www.lifeusa.org/post/hope-returns-to-the-classroom-through-life-for-relief-and-development-life-s-orphan-sponsorship-in","https://static.wixstatic.com/media/11062b_2533d1d4c31245408717d17b946bc8d8~mv2.png/v1/fill/w_28,h_28,al_c,q_85,usm_0.66_1.00_0.01,enc_avif,quality_auto/11062b_2533d1d4c31245408717d17b946bc8d8~mv2.png",""
"https://www.lifeusa.org/post/with-life-water-wells-comes-a-renewed-stability-and-health-for-1-800-people-in-niger","https://static.wixstatic.com/media/11062b_2533d1d4c31245408717d17b946bc8d8~mv2.png/v1/fill/w_28,h_28,al_c,q_85,usm_0.66_1.00_0.01,enc_avif,quality_auto/11062b_2533d1d4c31245408717d17b946bc8d8~mv2.png",""
"https://www.lifeusa.org/post/in-a-tanzanian-village-water-finally-flows-close-to-home","https://static.wixstatic.com/media/11062b_2533d1d4c31245408717d17b946bc8d8~mv2.png/v1/fill/w_28,h_28,al_c,q_85,usm_0.66_1.00_0.01,enc_avif,quality_auto/11062b_2533d1d4c31245408717d17b946bc8d8~mv2.png",""
"https://www.lifeusa.org/post/life-continues-saving-lives-in-gaza-as-emergency-food-and-water-relief-reaches-thousands","https://static.wixstatic.com/media/11062b_2533d1d4c31245408717d17b946bc8d8~mv2.png/v1/fill/w_28,h_28,al_c,q_85,usm_0.66_1.00_0.01,enc_avif,quality_auto/11062b_2533d1d4c31245408717d17b946bc8d8~mv2.png",""
"https://www.lifeusa.org/post/life-supporting-orphans-families-gaza","https://static.wixstatic.com/media/11062b_2533d1d4c31245408717d17b946bc8d8~mv2.png/v1/fill/w_28,h_28,al_c,q_85,usm_0.66_1.00_0.01,enc_avif,quality_auto/11062b_2533d1d4c31245408717d17b946bc8d8~mv2.png",""
"https://www.lifeusa.org/post/fighting-hunger-in-somalia-life-for-relief-and-development-life-s-food-distribution-reaches-displ","https://static.wixstatic.com/media/11062b_2533d1d4c31245408717d17b946bc8d8~mv2.png/v1/fill/w_28,h_28,al_c,q_85,usm_0.66_1.00_0.01,enc_avif,quality_auto/11062b_2533d1d4c31245408717d17b946bc8d8~mv2.png",""
"https://www.lifeusa.org/post/life-for-relief-and-development-life-usa-restores-shelter-and-safety-for-8-050-displaced-individua","https://static.wixstatic.com/media/11062b_2533d1d4c31245408717d17b946bc8d8~mv2.png/v1/fill/w_28,h_28,al_c,q_85,usm_0.66_1.00_0.01,enc_avif,quality_auto/11062b_2533d1d4c31245408717d17b946bc8d8~mv2.png",""
"https://www.lifeusa.org/post/new-solar-powered-water-wells-bring-clean-water-to-3-300-people-in-pakistan","https://static.wixstatic.com/media/11062b_2533d1d4c31245408717d17b946bc8d8~mv2.png/v1/fill/w_28,h_28,al_c,q_85,usm_0.66_1.00_0.01,enc_avif,quality_auto/11062b_2533d1d4c31245408717d17b946bc8d8~mv2.png",""
"https://www.lifeusa.org/post/life-provides-medical-student-scholarships-in-the-west-bank","https://static.wixstatic.com/media/11062b_2533d1d4c31245408717d17b946bc8d8~mv2.png/v1/fill/w_28,h_28,al_c,q_85,usm_0.66_1.00_0.01,enc_avif,quality_auto/11062b_2533d1d4c31245408717d17b946bc8d8~mv2.png",""
"https://www.lifeusa.org/post/life-for-relief-and-development-protects-5-000-children-from-harsh-winter-conditions-in-gaza","https://static.wixstatic.com/media/11062b_2533d1d4c31245408717d17b946bc8d8~mv2.png/v1/fill/w_28,h_28,al_c,q_85,usm_0.66_1.00_0.01,enc_avif,quality_auto/11062b_2533d1d4c31245408717d17b946bc8d8~mv2.png",""
"https://www.lifeusa.org/post/life-for-relief-and-development-sustains-higher-education-in-syria","https://static.wixstatic.com/media/11062b_2533d1d4c31245408717d17b946bc8d8~mv2.png/v1/fill/w_28,h_28,al_c,q_85,usm_0.66_1.00_0.01,enc_avif,quality_auto/11062b_2533d1d4c31245408717d17b946bc8d8~mv2.png",""
"https://www.lifeusa.org/post/over-1-000-orphans-across-jordan-uplifted-through-life-sponsorship-program","https://static.wixstatic.com/media/11062b_2533d1d4c31245408717d17b946bc8d8~mv2.png/v1/fill/w_28,h_28,al_c,q_85,usm_0.66_1.00_0.01,enc_avif,quality_auto/11062b_2533d1d4c31245408717d17b946bc8d8~mv2.png",""
"https://www.lifeusa.org/post/life-for-relief-and-development-life-delivers-emergency-food-and-water-assistance-in-gaza-through","https://static.wixstatic.com/media/11062b_2533d1d4c31245408717d17b946bc8d8~mv2.png/v1/fill/w_28,h_28,al_c,q_85,usm_0.66_1.00_0.01,enc_avif,quality_auto/11062b_2533d1d4c31245408717d17b946bc8d8~mv2.png",""
"https://www.lifeusa.org/post/water-stops-being-a-daily-worry-for-two-communities-in-nepal","https://static.wixstatic.com/media/11062b_2533d1d4c31245408717d17b946bc8d8~mv2.png/v1/fill/w_28,h_28,al_c,q_85,usm_0.66_1.00_0.01,enc_avif,quality_auto/11062b_2533d1d4c31245408717d17b946bc8d8~mv2.png",""
"https://www.lifeusa.org/no/tags/chicago","https://static.wixstatic.com/media/11062b_2533d1d4c31245408717d17b946bc8d8~mv2.png/v1/fill/w_28,h_28,al_c,q_85,usm_0.66_1.00_0.01,enc_avif,quality_auto/11062b_2533d1d4c31245408717d17b946bc8d8~mv2.png",""
"https://www.lifeusa.org/no/tags/usa","https://static.wixstatic.com/media/11062b_2533d1d4c31245408717d17b946bc8d8~mv2.png/v1/fill/w_28,h_28,al_c,q_85,usm_0.66_1.00_0.01,enc_avif,quality_auto/11062b_2533d1d4c31245408717d17b946bc8d8~mv2.png",""
"https://www.lifeusa.org/no/tags/philanthropy","https://static.wixstatic.com/media/11062b_2533d1d4c31245408717d17b946bc8d8~mv2.png/v1/fill/w_28,h_28,al_c,q_85,usm_0.66_1.00_0.01,enc_avif,quality_auto/11062b_2533d1d4c31245408717d17b946bc8d8~mv2.png",""
"https://www.lifeusa.org/no/tags/canada","https://static.wixstatic.com/media/11062b_2533d1d4c31245408717d17b946bc8d8~mv2.png/v1/fill/w_28,h_28,al_c,q_85,usm_0.66_1.00_0.01,enc_avif,quality_auto/11062b_2533d1d4c31245408717d17b946bc8d8~mv2.png",""
"https://www.lifeusa.org/no/hashtags/butterflyeffect","https://static.wixstatic.com/media/11062b_2533d1d4c31245408717d17b946bc8d8~mv2.png/v1/fill/w_28,h_28,al_c,q_85,usm_0.66_1.00_0.01,enc_avif,quality_auto/11062b_2533d1d4c31245408717d17b946bc8d8~mv2.png",""
"https://www.lifeusa.org/no/tags/life-blog","https://static.wixstatic.com/media/11062b_2533d1d4c31245408717d17b946bc8d8~mv2.png/v1/fill/w_28,h_28,al_c,q_85,usm_0.66_1.00_0.01,enc_avif,quality_auto/11062b_2533d1d4c31245408717d17b946bc8d8~mv2.png",""
"https://www.lifeusa.org/no/tags/england","https://static.wixstatic.com/media/11062b_2533d1d4c31245408717d17b946bc8d8~mv2.png/v1/fill/w_28,h_28,al_c,q_85,usm_0.66_1.00_0.01,enc_avif,quality_auto/11062b_2533d1d4c31245408717d17b946bc8d8~mv2.png",""
"https://www.lifeusa.org/no/tags/colorado","https://static.wixstatic.com/media/11062b_2533d1d4c31245408717d17b946bc8d8~mv2.png/v1/fill/w_28,h_28,al_c,q_85,usm_0.66_1.00_0.01,enc_avif,quality_auto/11062b_2533d1d4c31245408717d17b946bc8d8~mv2.png",""
"https://www.lifeusa.org/no/tags/charity","https://static.wixstatic.com/media/11062b_2533d1d4c31245408717d17b946bc8d8~mv2.png/v1/fill/w_28,h_28,al_c,q_85,usm_0.66_1.00_0.01,enc_avif,quality_auto/11062b_2533d1d4c31245408717d17b946bc8d8~mv2.png",""
"https://www.lifeusa.org/no/tags/maryland","https://static.wixstatic.com/media/11062b_2533d1d4c31245408717d17b946bc8d8~mv2.png/v1/fill/w_28,h_28,al_c,q_85,usm_0.66_1.00_0.01,enc_avif,quality_auto/11062b_2533d1d4c31245408717d17b946bc8d8~mv2.png",""
"https://www.lifeusa.org/no/tags/nyc","https://static.wixstatic.com/media/11062b_2533d1d4c31245408717d17b946bc8d8~mv2.png/v1/fill/w_28,h_28,al_c,q_85,usm_0.66_1.00_0.01,enc_avif,quality_auto/11062b_2533d1d4c31245408717d17b946bc8d8~mv2.png",""
"https://www.lifeusa.org/ukrainerelief","https://static.wixstatic.com/media/11062b_2533d1d4c31245408717d17b946bc8d8~mv2.png/v1/fill/w_28,h_28,al_c,q_85,usm_0.66_1.00_0.01,enc_avif,quality_auto/11062b_2533d1d4c31245408717d17b946bc8d8~mv2.png",""
"https://www.lifeusa.org/post/clean-water-restored-through-life-for-relief-and-development-life-s-water-well-projects-in-sierra","https://static.wixstatic.com/media/11062b_2533d1d4c31245408717d17b946bc8d8~mv2.png/v1/fill/w_28,h_28,al_c,q_85,usm_0.66_1.00_0.01,enc_avif,quality_auto/11062b_2533d1d4c31245408717d17b946bc8d8~mv2.png",""
"https://www.lifeusa.org/post/clean-water-new-possibilities-through-life-for-relief-and-development-life-s-water-well-projects","https://static.wixstatic.com/media/11062b_2533d1d4c31245408717d17b946bc8d8~mv2.png/v1/fill/w_28,h_28,al_c,q_85,usm_0.66_1.00_0.01,enc_avif,quality_auto/11062b_2533d1d4c31245408717d17b946bc8d8~mv2.png",""
"https://www.lifeusa.org/post/life-for-relief-and-development-life-s-orphan-sponsorship-supports-152-children-in-indonesia","https://static.wixstatic.com/media/11062b_2533d1d4c31245408717d17b946bc8d8~mv2.png/v1/fill/w_28,h_28,al_c,q_85,usm_0.66_1.00_0.01,enc_avif,quality_auto/11062b_2533d1d4c31245408717d17b946bc8d8~mv2.png",""
"https://www.lifeusa.org/post/clean-water-for-students-as-life-for-relief-and-development-life-installs-solar-water-wells-in-pak","https://static.wixstatic.com/media/11062b_2533d1d4c31245408717d17b946bc8d8~mv2.png/v1/fill/w_28,h_28,al_c,q_85,usm_0.66_1.00_0.01,enc_avif,quality_auto/11062b_2533d1d4c31245408717d17b946bc8d8~mv2.png",""
"https://www.lifeusa.org/post/life-builds-five-clean-water-projects-across-two-regions-in-myanmar","https://static.wixstatic.com/media/11062b_2533d1d4c31245408717d17b946bc8d8~mv2.png/v1/fill/w_28,h_28,al_c,q_85,usm_0.66_1.00_0.01,enc_avif,quality_auto/11062b_2533d1d4c31245408717d17b946bc8d8~mv2.png",""
"https://www.lifeusa.org/winterrelief","https://static.wixstatic.com/media/11062b_2533d1d4c31245408717d17b946bc8d8~mv2.png/v1/fill/w_28,h_28,al_c,q_85,usm_0.66_1.00_0.01,enc_avif,quality_auto/11062b_2533d1d4c31245408717d17b946bc8d8~mv2.png",""
"https://www.lifeusa.org/sudan-emergency-relief","https://static.wixstatic.com/media/11062b_2533d1d4c31245408717d17b946bc8d8~mv2.png/v1/fill/w_28,h_28,al_c,q_85,usm_0.66_1.00_0.01,enc_avif,quality_auto/11062b_2533d1d4c31245408717d17b946bc8d8~mv2.png",""
"https://www.lifeusa.org/no/tags/ukraine","https://static.wixstatic.com/media/11062b_2533d1d4c31245408717d17b946bc8d8~mv2.png/v1/fill/w_28,h_28,al_c,q_85,usm_0.66_1.00_0.01,enc_avif,quality_auto/11062b_2533d1d4c31245408717d17b946bc8d8~mv2.png",""
"https://www.lifeusa.org/no/tags/orphans","https://static.wixstatic.com/media/11062b_2533d1d4c31245408717d17b946bc8d8~mv2.png/v1/fill/w_28,h_28,al_c,q_85,usm_0.66_1.00_0.01,enc_avif,quality_auto/11062b_2533d1d4c31245408717d17b946bc8d8~mv2.png",""
"https://www.lifeusa.org/no/tags/palestine","https://static.wixstatic.com/media/11062b_2533d1d4c31245408717d17b946bc8d8~mv2.png/v1/fill/w_28,h_28,al_c,q_85,usm_0.66_1.00_0.01,enc_avif,quality_auto/11062b_2533d1d4c31245408717d17b946bc8d8~mv2.png",""
"https://www.lifeusa.org/no/tags/orphan-sponsorship","https://static.wixstatic.com/media/11062b_2533d1d4c31245408717d17b946bc8d8~mv2.png/v1/fill/w_28,h_28,al_c,q_85,usm_0.66_1.00_0.01,enc_avif,quality_auto/11062b_2533d1d4c31245408717d17b946bc8d8~mv2.png",""
"https://www.lifeusa.org/no/tags/syria-1","https://static.wixstatic.com/media/11062b_2533d1d4c31245408717d17b946bc8d8~mv2.png/v1/fill/w_28,h_28,al_c,q_85,usm_0.66_1.00_0.01,enc_avif,quality_auto/11062b_2533d1d4c31245408717d17b946bc8d8~mv2.png",""
"https://www.lifeusa.org/no/tags/war","https://static.wixstatic.com/media/11062b_2533d1d4c31245408717d17b946bc8d8~mv2.png/v1/fill/w_28,h_28,al_c,q_85,usm_0.66_1.00_0.01,enc_avif,quality_auto/11062b_2533d1d4c31245408717d17b946bc8d8~mv2.png",""
"https://www.lifeusa.org/no/tags/children","https://static.wixstatic.com/media/11062b_2533d1d4c31245408717d17b946bc8d8~mv2.png/v1/fill/w_28,h_28,al_c,q_85,usm_0.66_1.00_0.01,enc_avif,quality_auto/11062b_2533d1d4c31245408717d17b946bc8d8~mv2.png",""
"https://www.lifeusa.org/no/tags/refugee","https://static.wixstatic.com/media/11062b_2533d1d4c31245408717d17b946bc8d8~mv2.png/v1/fill/w_28,h_28,al_c,q_85,usm_0.66_1.00_0.01,enc_avif,quality_auto/11062b_2533d1d4c31245408717d17b946bc8d8~mv2.png",""
"https://www.lifeusa.org/post/life-hears-the-call-in-colorado","https://static.wixstatic.com/media/11062b_2533d1d4c31245408717d17b946bc8d8~mv2.png/v1/fill/w_28,h_28,al_c,q_85,usm_0.66_1.00_0.01,enc_avif,quality_auto/11062b_2533d1d4c31245408717d17b946bc8d8~mv2.png",""
"https://www.lifeusa.org/post/life-distributes-fresh-meat-in-texas","https://static.wixstatic.com/media/11062b_2533d1d4c31245408717d17b946bc8d8~mv2.png/v1/fill/w_28,h_28,al_c,q_85,usm_0.66_1.00_0.01,enc_avif,quality_auto/11062b_2533d1d4c31245408717d17b946bc8d8~mv2.png",""
"https://www.lifeusa.org/post/hearing-the-call-southwest-florida","https://static.wixstatic.com/media/11062b_2533d1d4c31245408717d17b946bc8d8~mv2.png/v1/fill/w_28,h_28,al_c,q_85,usm_0.66_1.00_0.01,enc_avif,quality_auto/11062b_2533d1d4c31245408717d17b946bc8d8~mv2.png",""
"https://www.lifeusa.org/post/life-provides-backpacks-to-foster-youth-in-the-united-states","https://static.wixstatic.com/media/11062b_2533d1d4c31245408717d17b946bc8d8~mv2.png/v1/fill/w_28,h_28,al_c,q_85,usm_0.66_1.00_0.01,enc_avif,quality_auto/11062b_2533d1d4c31245408717d17b946bc8d8~mv2.png",""
"https://www.lifeusa.org/post/refugee-asylum-seeker-immigrant-and-migrant-what-s-the-difference","https://static.wixstatic.com/media/11062b_2533d1d4c31245408717d17b946bc8d8~mv2.png/v1/fill/w_28,h_28,al_c,q_85,usm_0.66_1.00_0.01,enc_avif,quality_auto/11062b_2533d1d4c31245408717d17b946bc8d8~mv2.png",""
"https://www.lifeusa.org/post/the-biggest-charitable-contributions-in-the-u-s-2023","https://static.wixstatic.com/media/11062b_2533d1d4c31245408717d17b946bc8d8~mv2.png/v1/fill/w_28,h_28,al_c,q_85,usm_0.66_1.00_0.01,enc_avif,quality_auto/11062b_2533d1d4c31245408717d17b946bc8d8~mv2.png",""
"https://www.lifeusa.org/post/a-summer-of-forest-fires","https://static.wixstatic.com/media/11062b_2533d1d4c31245408717d17b946bc8d8~mv2.png/v1/fill/w_28,h_28,al_c,q_85,usm_0.66_1.00_0.01,enc_avif,quality_auto/11062b_2533d1d4c31245408717d17b946bc8d8~mv2.png",""
"https://www.lifeusa.org/post/queen-elizabeth-ii-a-lifetime-of-charity","https://static.wixstatic.com/media/11062b_2533d1d4c31245408717d17b946bc8d8~mv2.png/v1/fill/w_28,h_28,al_c,q_85,usm_0.66_1.00_0.01,enc_avif,quality_auto/11062b_2533d1d4c31245408717d17b946bc8d8~mv2.png",""
"https://www.lifeusa.org/post/food-packages-maryland","https://static.wixstatic.com/media/11062b_2533d1d4c31245408717d17b946bc8d8~mv2.png/v1/fill/w_28,h_28,al_c,q_85,usm_0.66_1.00_0.01,enc_avif,quality_auto/11062b_2533d1d4c31245408717d17b946bc8d8~mv2.png",""
"https://www.lifeusa.org/post/making-houses-into-homes","https://static.wixstatic.com/media/11062b_2533d1d4c31245408717d17b946bc8d8~mv2.png/v1/fill/w_28,h_28,al_c,q_85,usm_0.66_1.00_0.01,enc_avif,quality_auto/11062b_2533d1d4c31245408717d17b946bc8d8~mv2.png",""
"https://www.lifeusa.org/post/hearing-for-the-first-time-in-years","https://static.wixstatic.com/media/11062b_2533d1d4c31245408717d17b946bc8d8~mv2.png/v1/fill/w_28,h_28,al_c,q_85,usm_0.66_1.00_0.01,enc_avif,quality_auto/11062b_2533d1d4c31245408717d17b946bc8d8~mv2.png",""
"https://www.lifeusa.org/post/hearing-aids-colorado","https://static.wixstatic.com/media/11062b_2533d1d4c31245408717d17b946bc8d8~mv2.png/v1/fill/w_28,h_28,al_c,q_85,usm_0.66_1.00_0.01,enc_avif,quality_auto/11062b_2533d1d4c31245408717d17b946bc8d8~mv2.png",""
"https://www.lifeusa.org/gaza","https://static.wixstatic.com/media/11062b_2533d1d4c31245408717d17b946bc8d8~mv2.png/v1/fill/w_28,h_28,al_c,q_85,usm_0.66_1.00_0.01,enc_avif,quality_auto/11062b_2533d1d4c31245408717d17b946bc8d8~mv2.png",""
"https://www.lifeusa.org/post/life-distributes-water-tanks-to-families-in-the-gaza-strip","https://static.wixstatic.com/media/11062b_2533d1d4c31245408717d17b946bc8d8~mv2.png/v1/fill/w_28,h_28,al_c,q_85,usm_0.66_1.00_0.01,enc_avif,quality_auto/11062b_2533d1d4c31245408717d17b946bc8d8~mv2.png",""
"https://www.lifeusa.org/no/tags/syria","https://static.wixstatic.com/media/11062b_2533d1d4c31245408717d17b946bc8d8~mv2.png/v1/fill/w_28,h_28,al_c,q_85,usm_0.66_1.00_0.01,enc_avif,quality_auto/11062b_2533d1d4c31245408717d17b946bc8d8~mv2.png",""
"https://www.lifeusa.org/post/the-crucial-role-of-humanitarian-organizations-in-conflict-zones","https://static.wixstatic.com/media/11062b_2533d1d4c31245408717d17b946bc8d8~mv2.png/v1/fill/w_28,h_28,al_c,q_85,usm_0.66_1.00_0.01,enc_avif,quality_auto/11062b_2533d1d4c31245408717d17b946bc8d8~mv2.png",""
"https://www.lifeusa.org/post/life-continues-to-provide-emergency-aid-in-gaza","https://static.wixstatic.com/media/11062b_2533d1d4c31245408717d17b946bc8d8~mv2.png/v1/fill/w_28,h_28,al_c,q_85,usm_0.66_1.00_0.01,enc_avif,quality_auto/11062b_2533d1d4c31245408717d17b946bc8d8~mv2.png",""
"https://www.lifeusa.org/post/the-world-in-crisis-supporting-from-the-sidelines","https://static.wixstatic.com/media/11062b_2533d1d4c31245408717d17b946bc8d8~mv2.png/v1/fill/w_28,h_28,al_c,q_85,usm_0.66_1.00_0.01,enc_avif,quality_auto/11062b_2533d1d4c31245408717d17b946bc8d8~mv2.png",""
"https://www.lifeusa.org/post/it-s-okay-to-cry-the-ukrainian-refugee-mental-health-crisis","https://static.wixstatic.com/media/11062b_2533d1d4c31245408717d17b946bc8d8~mv2.png/v1/fill/w_28,h_28,al_c,q_85,usm_0.66_1.00_0.01,enc_avif,quality_auto/11062b_2533d1d4c31245408717d17b946bc8d8~mv2.png",""
"https://www.lifeusa.org/post/walk-532-59-miles-in-the-shoes-of-a-ukrainian-refugee","https://static.wixstatic.com/media/11062b_2533d1d4c31245408717d17b946bc8d8~mv2.png/v1/fill/w_28,h_28,al_c,q_85,usm_0.66_1.00_0.01,enc_avif,quality_auto/11062b_2533d1d4c31245408717d17b946bc8d8~mv2.png",""
"https://www.lifeusa.org/post/let-them-play-life-gives-every-child-a-chance-to-be-a-child-at-the-global-orphan-eid-parties","https://static.wixstatic.com/media/11062b_2533d1d4c31245408717d17b946bc8d8~mv2.png/v1/fill/w_28,h_28,al_c,q_85,usm_0.66_1.00_0.01,enc_avif,quality_auto/11062b_2533d1d4c31245408717d17b946bc8d8~mv2.png",""
"https://www.lifeusa.org/post/life-provides-emergency-relief-to-gaza","https://static.wixstatic.com/media/11062b_2533d1d4c31245408717d17b946bc8d8~mv2.png/v1/fill/w_28,h_28,al_c,q_85,usm_0.66_1.00_0.01,enc_avif,quality_auto/11062b_2533d1d4c31245408717d17b946bc8d8~mv2.png",""
"https://www.lifeusa.org/post/a-4-year-old-s-bravery-in-gaza-ahmad-s-story","https://static.wixstatic.com/media/11062b_2533d1d4c31245408717d17b946bc8d8~mv2.png/v1/fill/w_28,h_28,al_c,q_85,usm_0.66_1.00_0.01,enc_avif,quality_auto/11062b_2533d1d4c31245408717d17b946bc8d8~mv2.png",""
"https://www.lifeusa.org/post/life-provides-emergency-relief-to-gaza-1","https://static.wixstatic.com/media/11062b_2533d1d4c31245408717d17b946bc8d8~mv2.png/v1/fill/w_28,h_28,al_c,q_85,usm_0.66_1.00_0.01,enc_avif,quality_auto/11062b_2533d1d4c31245408717d17b946bc8d8~mv2.png",""
"https://www.lifeusa.org/post/gaza-s-daily-bread-life-provides-relief-to-innocent-civilians","https://static.wixstatic.com/media/11062b_2533d1d4c31245408717d17b946bc8d8~mv2.png/v1/fill/w_28,h_28,al_c,q_85,usm_0.66_1.00_0.01,enc_avif,quality_auto/11062b_2533d1d4c31245408717d17b946bc8d8~mv2.png",""
"https://www.lifeusa.org/post/who-will-watch-over-the-orphans-of-gaza","https://static.wixstatic.com/media/11062b_2533d1d4c31245408717d17b946bc8d8~mv2.png/v1/fill/w_28,h_28,al_c,q_85,usm_0.66_1.00_0.01,enc_avif,quality_auto/11062b_2533d1d4c31245408717d17b946bc8d8~mv2.png",""
"https://www.lifeusa.org/post/aiding-in-gaza-s-shelter-crisis","https://static.wixstatic.com/media/11062b_2533d1d4c31245408717d17b946bc8d8~mv2.png/v1/fill/w_28,h_28,al_c,q_85,usm_0.66_1.00_0.01,enc_avif,quality_auto/11062b_2533d1d4c31245408717d17b946bc8d8~mv2.png",""
"https://www.lifeusa.org/post/the-leading-causes-of-orphans-today","https://static.wixstatic.com/media/11062b_2533d1d4c31245408717d17b946bc8d8~mv2.png/v1/fill/w_28,h_28,al_c,q_85,usm_0.66_1.00_0.01,enc_avif,quality_auto/11062b_2533d1d4c31245408717d17b946bc8d8~mv2.png",""
"https://www.lifeusa.org/post/life-for-relief-and-development-life-ambulance-and-distributed-aid-save-countless-lives-after-airs","https://static.wixstatic.com/media/11062b_2533d1d4c31245408717d17b946bc8d8~mv2.png/v1/fill/w_28,h_28,al_c,q_85,usm_0.66_1.00_0.01,enc_avif,quality_auto/11062b_2533d1d4c31245408717d17b946bc8d8~mv2.png",""
"https://www.lifeusa.org/post/what-causes-earthquakes-and-how-they-affect-people","https://static.wixstatic.com/media/11062b_2533d1d4c31245408717d17b946bc8d8~mv2.png/v1/fill/w_28,h_28,al_c,q_85,usm_0.66_1.00_0.01,enc_avif,quality_auto/11062b_2533d1d4c31245408717d17b946bc8d8~mv2.png",""
"https://www.lifeusa.org/post/no-assistance-in-their-time-of-need","https://static.wixstatic.com/media/11062b_2533d1d4c31245408717d17b946bc8d8~mv2.png/v1/fill/w_28,h_28,al_c,q_85,usm_0.66_1.00_0.01,enc_avif,quality_auto/11062b_2533d1d4c31245408717d17b946bc8d8~mv2.png",""
"https://www.lifeusa.org/post/life-s-education-initiatives-in-syria-generate-positive-outcomes-in-enrollment-and-graduation-rate-t","https://static.wixstatic.com/media/11062b_2533d1d4c31245408717d17b946bc8d8~mv2.png/v1/fill/w_28,h_28,al_c,q_85,usm_0.66_1.00_0.01,enc_avif,quality_auto/11062b_2533d1d4c31245408717d17b946bc8d8~mv2.png",""
"https://www.lifeusa.org/post/3-inspiring-ways-to-give-back-to-refugees-this-year","https://static.wixstatic.com/media/11062b_2533d1d4c31245408717d17b946bc8d8~mv2.png/v1/fill/w_28,h_28,al_c,q_85,usm_0.66_1.00_0.01,enc_avif,quality_auto/11062b_2533d1d4c31245408717d17b946bc8d8~mv2.png",""
"https://www.lifeusa.org/post/life-promotes-integrative-healthcare-for-rohingya-refugees-with-the-launch-of-vital-eye-care-clinic","https://static.wixstatic.com/media/11062b_2533d1d4c31245408717d17b946bc8d8~mv2.png/v1/fill/w_28,h_28,al_c,q_85,usm_0.66_1.00_0.01,enc_avif,quality_auto/11062b_2533d1d4c31245408717d17b946bc8d8~mv2.png",""
"https://www.lifeusa.org/no/tags/mental-health","https://static.wixstatic.com/media/11062b_2533d1d4c31245408717d17b946bc8d8~mv2.png/v1/fill/w_28,h_28,al_c,q_85,usm_0.66_1.00_0.01,enc_avif,quality_auto/11062b_2533d1d4c31245408717d17b946bc8d8~mv2.png",""
"https://www.lifeusa.org/no/tags/afghanistan","https://static.wixstatic.com/media/11062b_2533d1d4c31245408717d17b946bc8d8~mv2.png/v1/fill/w_28,h_28,al_c,q_85,usm_0.66_1.00_0.01,enc_avif,quality_auto/11062b_2533d1d4c31245408717d17b946bc8d8~mv2.png",""
"https://www.lifeusa.org/no/tags/earthquake","https://static.wixstatic.com/media/11062b_2533d1d4c31245408717d17b946bc8d8~mv2.png/v1/fill/w_28,h_28,al_c,q_85,usm_0.66_1.00_0.01,enc_avif,quality_auto/11062b_2533d1d4c31245408717d17b946bc8d8~mv2.png",""
"https://www.lifeusa.org/no/tags/emergency-relief","https://static.wixstatic.com/media/11062b_2533d1d4c31245408717d17b946bc8d8~mv2.png/v1/fill/w_28,h_28,al_c,q_85,usm_0.66_1.00_0.01,enc_avif,quality_auto/11062b_2533d1d4c31245408717d17b946bc8d8~mv2.png",""
"https://www.lifeusa.org/no/tags/gaza-1","https://static.wixstatic.com/media/11062b_2533d1d4c31245408717d17b946bc8d8~mv2.png/v1/fill/w_28,h_28,al_c,q_85,usm_0.66_1.00_0.01,enc_avif,quality_auto/11062b_2533d1d4c31245408717d17b946bc8d8~mv2.png",""
"https://www.lifeusa.org/no/tags/water-tanks","https://static.wixstatic.com/media/11062b_2533d1d4c31245408717d17b946bc8d8~mv2.png/v1/fill/w_28,h_28,al_c,q_85,usm_0.66_1.00_0.01,enc_avif,quality_auto/11062b_2533d1d4c31245408717d17b946bc8d8~mv2.png",""
"https://www.lifeusa.org/no/tags/community-development","https://static.wixstatic.com/media/11062b_2533d1d4c31245408717d17b946bc8d8~mv2.png/v1/fill/w_28,h_28,al_c,q_85,usm_0.66_1.00_0.01,enc_avif,quality_auto/11062b_2533d1d4c31245408717d17b946bc8d8~mv2.png",""
"https://www.lifeusa.org/no/tags/food-baskets","https://static.wixstatic.com/media/11062b_2533d1d4c31245408717d17b946bc8d8~mv2.png/v1/fill/w_28,h_28,al_c,q_85,usm_0.66_1.00_0.01,enc_avif,quality_auto/11062b_2533d1d4c31245408717d17b946bc8d8~mv2.png",""
"https://www.lifeusa.org/no/tags/queen-elizabeth","https://static.wixstatic.com/media/11062b_2533d1d4c31245408717d17b946bc8d8~mv2.png/v1/fill/w_28,h_28,al_c,q_85,usm_0.66_1.00_0.01,enc_avif,quality_auto/11062b_2533d1d4c31245408717d17b946bc8d8~mv2.png",""
"https://www.lifeusa.org/no/tags/fire","https://static.wixstatic.com/media/11062b_2533d1d4c31245408717d17b946bc8d8~mv2.png/v1/fill/w_28,h_28,al_c,q_85,usm_0.66_1.00_0.01,enc_avif,quality_auto/11062b_2533d1d4c31245408717d17b946bc8d8~mv2.png",""
"https://www.lifeusa.org/no/tags/forest-fire","https://static.wixstatic.com/media/11062b_2533d1d4c31245408717d17b946bc8d8~mv2.png/v1/fill/w_28,h_28,al_c,q_85,usm_0.66_1.00_0.01,enc_avif,quality_auto/11062b_2533d1d4c31245408717d17b946bc8d8~mv2.png",""
"https://www.lifeusa.org/no/tags/amazon","https://static.wixstatic.com/media/11062b_2533d1d4c31245408717d17b946bc8d8~mv2.png/v1/fill/w_28,h_28,al_c,q_85,usm_0.66_1.00_0.01,enc_avif,quality_auto/11062b_2533d1d4c31245408717d17b946bc8d8~mv2.png",""
"https://www.lifeusa.org/no/tags/jeff-bezos","https://static.wixstatic.com/media/11062b_2533d1d4c31245408717d17b946bc8d8~mv2.png/v1/fill/w_28,h_28,al_c,q_85,usm_0.66_1.00_0.01,enc_avif,quality_auto/11062b_2533d1d4c31245408717d17b946bc8d8~mv2.png",""
"https://www.lifeusa.org/no/tags/bill-gates","https://static.wixstatic.com/media/11062b_2533d1d4c31245408717d17b946bc8d8~mv2.png/v1/fill/w_28,h_28,al_c,q_85,usm_0.66_1.00_0.01,enc_avif,quality_auto/11062b_2533d1d4c31245408717d17b946bc8d8~mv2.png",""
"https://www.lifeusa.org/no/tags/refugee-assistance","https://static.wixstatic.com/media/11062b_2533d1d4c31245408717d17b946bc8d8~mv2.png/v1/fill/w_28,h_28,al_c,q_85,usm_0.66_1.00_0.01,enc_avif,quality_auto/11062b_2533d1d4c31245408717d17b946bc8d8~mv2.png",""
"https://www.lifeusa.org/no/tags/back-to-school","https://static.wixstatic.com/media/11062b_2533d1d4c31245408717d17b946bc8d8~mv2.png/v1/fill/w_28,h_28,al_c,q_85,usm_0.66_1.00_0.01,enc_avif,quality_auto/11062b_2533d1d4c31245408717d17b946bc8d8~mv2.png",""
"https://www.lifeusa.org/no/tags/florida","https://static.wixstatic.com/media/11062b_2533d1d4c31245408717d17b946bc8d8~mv2.png/v1/fill/w_28,h_28,al_c,q_85,usm_0.66_1.00_0.01,enc_avif,quality_auto/11062b_2533d1d4c31245408717d17b946bc8d8~mv2.png",""
"https://www.lifeusa.org/no/tags/hearing-aids","https://static.wixstatic.com/media/11062b_2533d1d4c31245408717d17b946bc8d8~mv2.png/v1/fill/w_28,h_28,al_c,q_85,usm_0.66_1.00_0.01,enc_avif,quality_auto/11062b_2533d1d4c31245408717d17b946bc8d8~mv2.png",""
"https://www.lifeusa.org/no/tags/texas","https://static.wixstatic.com/media/11062b_2533d1d4c31245408717d17b946bc8d8~mv2.png/v1/fill/w_28,h_28,al_c,q_85,usm_0.66_1.00_0.01,enc_avif,quality_auto/11062b_2533d1d4c31245408717d17b946bc8d8~mv2.png",""
"https://www.lifeusa.org/no/tags/rohingya","https://static.wixstatic.com/media/11062b_2533d1d4c31245408717d17b946bc8d8~mv2.png/v1/fill/w_28,h_28,al_c,q_85,usm_0.66_1.00_0.01,enc_avif,quality_auto/11062b_2533d1d4c31245408717d17b946bc8d8~mv2.png",""
"https://www.lifeusa.org/no/tags/health","https://static.wixstatic.com/media/11062b_2533d1d4c31245408717d17b946bc8d8~mv2.png/v1/fill/w_28,h_28,al_c,q_85,usm_0.66_1.00_0.01,enc_avif,quality_auto/11062b_2533d1d4c31245408717d17b946bc8d8~mv2.png",""
"https://www.lifeusa.org/no/tags/bangladesh-1","https://static.wixstatic.com/media/11062b_2533d1d4c31245408717d17b946bc8d8~mv2.png/v1/fill/w_28,h_28,al_c,q_85,usm_0.66_1.00_0.01,enc_avif,quality_auto/11062b_2533d1d4c31245408717d17b946bc8d8~mv2.png",""
"https://www.lifeusa.org/no/tags/education","https://static.wixstatic.com/media/11062b_2533d1d4c31245408717d17b946bc8d8~mv2.png/v1/fill/w_28,h_28,al_c,q_85,usm_0.66_1.00_0.01,enc_avif,quality_auto/11062b_2533d1d4c31245408717d17b946bc8d8~mv2.png",""
"https://www.lifeusa.org/no/tags/life-for-relief-and-development-usa","https://static.wixstatic.com/media/11062b_2533d1d4c31245408717d17b946bc8d8~mv2.png/v1/fill/w_28,h_28,al_c,q_85,usm_0.66_1.00_0.01,enc_avif,quality_auto/11062b_2533d1d4c31245408717d17b946bc8d8~mv2.png",""
"https://www.lifeusa.org/no/tags/turkey","https://static.wixstatic.com/media/11062b_2533d1d4c31245408717d17b946bc8d8~mv2.png/v1/fill/w_28,h_28,al_c,q_85,usm_0.66_1.00_0.01,enc_avif,quality_auto/11062b_2533d1d4c31245408717d17b946bc8d8~mv2.png",""
"https://www.lifeusa.org/no/tags/jordan","https://static.wixstatic.com/media/11062b_2533d1d4c31245408717d17b946bc8d8~mv2.png/v1/fill/w_28,h_28,al_c,q_85,usm_0.66_1.00_0.01,enc_avif,quality_auto/11062b_2533d1d4c31245408717d17b946bc8d8~mv2.png",""
"https://www.lifeusa.org/post/creating-beautiful-tomorrows-in-orphans-today","https://static.wixstatic.com/media/11062b_2533d1d4c31245408717d17b946bc8d8~mv2.png/v1/fill/w_28,h_28,al_c,q_85,usm_0.66_1.00_0.01,enc_avif,quality_auto/11062b_2533d1d4c31245408717d17b946bc8d8~mv2.png",""
"https://www.lifeusa.org/post/life-distributes-udhiyah-meat-in-jordan","https://static.wixstatic.com/media/11062b_2533d1d4c31245408717d17b946bc8d8~mv2.png/v1/fill/w_28,h_28,al_c,q_85,usm_0.66_1.00_0.01,enc_avif,quality_auto/11062b_2533d1d4c31245408717d17b946bc8d8~mv2.png",""
"https://www.lifeusa.org/post/life-s-orphan-sponsorship-program-in-lebanon-and-jordan","https://static.wixstatic.com/media/11062b_2533d1d4c31245408717d17b946bc8d8~mv2.png/v1/fill/w_28,h_28,al_c,q_85,usm_0.66_1.00_0.01,enc_avif,quality_auto/11062b_2533d1d4c31245408717d17b946bc8d8~mv2.png",""
"https://www.lifeusa.org/post/education-is-emancipation-empowering-women-today","https://static.wixstatic.com/media/11062b_2533d1d4c31245408717d17b946bc8d8~mv2.png/v1/fill/w_28,h_28,al_c,q_85,usm_0.66_1.00_0.01,enc_avif,quality_auto/11062b_2533d1d4c31245408717d17b946bc8d8~mv2.png",""
"https://www.lifeusa.org/no/tags/orphan","https://static.wixstatic.com/media/11062b_2533d1d4c31245408717d17b946bc8d8~mv2.png/v1/fill/w_28,h_28,al_c,q_85,usm_0.66_1.00_0.01,enc_avif,quality_auto/11062b_2533d1d4c31245408717d17b946bc8d8~mv2.png",""
"https://www.lifeusa.org/post/hearing-the-call-louisiana","https://static.wixstatic.com/media/11062b_2533d1d4c31245408717d17b946bc8d8~mv2.png/v1/fill/w_28,h_28,al_c,q_85,usm_0.66_1.00_0.01,enc_avif,quality_auto/11062b_2533d1d4c31245408717d17b946bc8d8~mv2.png",""
"https://www.lifeusa.org/post/back-to-school-in-kenya","https://static.wixstatic.com/media/11062b_2533d1d4c31245408717d17b946bc8d8~mv2.png/v1/fill/w_28,h_28,al_c,q_85,usm_0.66_1.00_0.01,enc_avif,quality_auto/11062b_2533d1d4c31245408717d17b946bc8d8~mv2.png",""
"https://www.lifeusa.org/post/back-to-school-project-haiti","https://static.wixstatic.com/media/11062b_2533d1d4c31245408717d17b946bc8d8~mv2.png/v1/fill/w_28,h_28,al_c,q_85,usm_0.66_1.00_0.01,enc_avif,quality_auto/11062b_2533d1d4c31245408717d17b946bc8d8~mv2.png",""
"https://www.lifeusa.org/post/back-to-school-iraq","https://static.wixstatic.com/media/11062b_2533d1d4c31245408717d17b946bc8d8~mv2.png/v1/fill/w_28,h_28,al_c,q_85,usm_0.66_1.00_0.01,enc_avif,quality_auto/11062b_2533d1d4c31245408717d17b946bc8d8~mv2.png",""
"https://www.lifeusa.org/post/food-baskets-in-bangladesh","https://static.wixstatic.com/media/11062b_2533d1d4c31245408717d17b946bc8d8~mv2.png/v1/fill/w_28,h_28,al_c,q_85,usm_0.66_1.00_0.01,enc_avif,quality_auto/11062b_2533d1d4c31245408717d17b946bc8d8~mv2.png",""
"https://www.lifeusa.org/post/the-story-of-resilience-and-hope-life-brings-joy-to-al-islah-village-in-iraq","https://static.wixstatic.com/media/11062b_2533d1d4c31245408717d17b946bc8d8~mv2.png/v1/fill/w_28,h_28,al_c,q_85,usm_0.66_1.00_0.01,enc_avif,quality_auto/11062b_2533d1d4c31245408717d17b946bc8d8~mv2.png",""
"https://www.lifeusa.org/post/life-distributes-ramadan-food-baskets-in-lebanon","https://static.wixstatic.com/media/11062b_2533d1d4c31245408717d17b946bc8d8~mv2.png/v1/fill/w_28,h_28,al_c,q_85,usm_0.66_1.00_0.01,enc_avif,quality_auto/11062b_2533d1d4c31245408717d17b946bc8d8~mv2.png",""
"https://www.lifeusa.org/post/discovering-ramadan-2024-fasting-charity-and-spiritual-nourishment","https://static.wixstatic.com/media/11062b_2533d1d4c31245408717d17b946bc8d8~mv2.png/v1/fill/w_28,h_28,al_c,q_85,usm_0.66_1.00_0.01,enc_avif,quality_auto/11062b_2533d1d4c31245408717d17b946bc8d8~mv2.png",""
"https://www.lifeusa.org/post/united-against-hunger-life-for-relief-and-development-s-life-global-expansion-is-set-to-feed-mill","https://static.wixstatic.com/media/11062b_2533d1d4c31245408717d17b946bc8d8~mv2.png/v1/fill/w_28,h_28,al_c,q_85,usm_0.66_1.00_0.01,enc_avif,quality_auto/11062b_2533d1d4c31245408717d17b946bc8d8~mv2.png",""
"https://www.lifeusa.org/post/life-distributes-ramadan-food-baskets-in-the-horn-of-africa","https://static.wixstatic.com/media/11062b_2533d1d4c31245408717d17b946bc8d8~mv2.png/v1/fill/w_28,h_28,al_c,q_85,usm_0.66_1.00_0.01,enc_avif,quality_auto/11062b_2533d1d4c31245408717d17b946bc8d8~mv2.png",""
"https://www.lifeusa.org/post/life-distributes-food-baskets-during-ramadan-in-bosnia","https://static.wixstatic.com/media/11062b_2533d1d4c31245408717d17b946bc8d8~mv2.png/v1/fill/w_28,h_28,al_c,q_85,usm_0.66_1.00_0.01,enc_avif,quality_auto/11062b_2533d1d4c31245408717d17b946bc8d8~mv2.png",""
"https://www.lifeusa.org/post/life-distributes-ramadan-food-baskets-in-haiti","https://static.wixstatic.com/media/11062b_2533d1d4c31245408717d17b946bc8d8~mv2.png/v1/fill/w_28,h_28,al_c,q_85,usm_0.66_1.00_0.01,enc_avif,quality_auto/11062b_2533d1d4c31245408717d17b946bc8d8~mv2.png",""
"https://www.lifeusa.org/post/life-provides-food-baskets-to-orphans-in-iraq","https://static.wixstatic.com/media/11062b_2533d1d4c31245408717d17b946bc8d8~mv2.png/v1/fill/w_28,h_28,al_c,q_85,usm_0.66_1.00_0.01,enc_avif,quality_auto/11062b_2533d1d4c31245408717d17b946bc8d8~mv2.png",""
"https://www.lifeusa.org/post/why-giving-makes-you-wealthier","https://static.wixstatic.com/media/11062b_2533d1d4c31245408717d17b946bc8d8~mv2.png/v1/fill/w_28,h_28,al_c,q_85,usm_0.66_1.00_0.01,enc_avif,quality_auto/11062b_2533d1d4c31245408717d17b946bc8d8~mv2.png",""
"https://www.lifeusa.org/post/sports-field-rehabilitation-in-iraq","https://static.wixstatic.com/media/11062b_2533d1d4c31245408717d17b946bc8d8~mv2.png/v1/fill/w_28,h_28,al_c,q_85,usm_0.66_1.00_0.01,enc_avif,quality_auto/11062b_2533d1d4c31245408717d17b946bc8d8~mv2.png",""
"https://www.lifeusa.org/post/furniture-for-new-horizon-s-ministries","https://static.wixstatic.com/media/11062b_2533d1d4c31245408717d17b946bc8d8~mv2.png/v1/fill/w_28,h_28,al_c,q_85,usm_0.66_1.00_0.01,enc_avif,quality_auto/11062b_2533d1d4c31245408717d17b946bc8d8~mv2.png",""
"https://www.lifeusa.org/post/unprecedented-flooding-in-libya-a-call-for-global-solidarity-and-action","https://static.wixstatic.com/media/11062b_2533d1d4c31245408717d17b946bc8d8~mv2.png/v1/fill/w_28,h_28,al_c,q_85,usm_0.66_1.00_0.01,enc_avif,quality_auto/11062b_2533d1d4c31245408717d17b946bc8d8~mv2.png",""
"https://www.lifeusa.org/post/how-your-donations-are-reaching-gaza-s-desperate-families-despite-all-odds","https://static.wixstatic.com/media/11062b_2533d1d4c31245408717d17b946bc8d8~mv2.png/v1/fill/w_28,h_28,al_c,q_85,usm_0.66_1.00_0.01,enc_avif,quality_auto/11062b_2533d1d4c31245408717d17b946bc8d8~mv2.png",""
"https://www.lifeusa.org/post/what-to-expect-and-how-to-prepare-for-hurricane-ian","https://static.wixstatic.com/media/11062b_2533d1d4c31245408717d17b946bc8d8~mv2.png/v1/fill/w_28,h_28,al_c,q_85,usm_0.66_1.00_0.01,enc_avif,quality_auto/11062b_2533d1d4c31245408717d17b946bc8d8~mv2.png",""
"https://www.lifeusa.org/post/eastern-africa-is-on-fire","https://static.wixstatic.com/media/11062b_2533d1d4c31245408717d17b946bc8d8~mv2.png/v1/fill/w_28,h_28,al_c,q_85,usm_0.66_1.00_0.01,enc_avif,quality_auto/11062b_2533d1d4c31245408717d17b946bc8d8~mv2.png",""
"https://www.lifeusa.org/post/stuck-between-burning-fire-and-freezing-ice","https://static.wixstatic.com/media/11062b_2533d1d4c31245408717d17b946bc8d8~mv2.png/v1/fill/w_28,h_28,al_c,q_85,usm_0.66_1.00_0.01,enc_avif,quality_auto/11062b_2533d1d4c31245408717d17b946bc8d8~mv2.png",""
"https://www.lifeusa.org/post/be-the-light-this-thanksgiving","https://static.wixstatic.com/media/11062b_2533d1d4c31245408717d17b946bc8d8~mv2.png/v1/fill/w_28,h_28,al_c,q_85,usm_0.66_1.00_0.01,enc_avif,quality_auto/11062b_2533d1d4c31245408717d17b946bc8d8~mv2.png",""
"https://www.lifeusa.org/post/behind-the-label-refugee","https://static.wixstatic.com/media/11062b_2533d1d4c31245408717d17b946bc8d8~mv2.png/v1/fill/w_28,h_28,al_c,q_85,usm_0.66_1.00_0.01,enc_avif,quality_auto/11062b_2533d1d4c31245408717d17b946bc8d8~mv2.png",""
"https://www.lifeusa.org/no/tags/thanksgiving","https://static.wixstatic.com/media/11062b_2533d1d4c31245408717d17b946bc8d8~mv2.png/v1/fill/w_28,h_28,al_c,q_85,usm_0.66_1.00_0.01,enc_avif,quality_auto/11062b_2533d1d4c31245408717d17b946bc8d8~mv2.png",""
"https://www.lifeusa.org/no/tags/winter-warmth","https://static.wixstatic.com/media/11062b_2533d1d4c31245408717d17b946bc8d8~mv2.png/v1/fill/w_28,h_28,al_c,q_85,usm_0.66_1.00_0.01,enc_avif,quality_auto/11062b_2533d1d4c31245408717d17b946bc8d8~mv2.png",""
"https://www.lifeusa.org/post/life-distributes-udhiyah-meat-in-afghanistan","https://static.wixstatic.com/media/11062b_2533d1d4c31245408717d17b946bc8d8~mv2.png/v1/fill/w_28,h_28,al_c,q_85,usm_0.66_1.00_0.01,enc_avif,quality_auto/11062b_2533d1d4c31245408717d17b946bc8d8~mv2.png",""
"https://www.lifeusa.org/no/tags/somalia-1","https://static.wixstatic.com/media/11062b_2533d1d4c31245408717d17b946bc8d8~mv2.png/v1/fill/w_28,h_28,al_c,q_85,usm_0.66_1.00_0.01,enc_avif,quality_auto/11062b_2533d1d4c31245408717d17b946bc8d8~mv2.png",""
"https://www.lifeusa.org/no/tags/seasonal-projects","https://static.wixstatic.com/media/11062b_2533d1d4c31245408717d17b946bc8d8~mv2.png/v1/fill/w_28,h_28,al_c,q_85,usm_0.66_1.00_0.01,enc_avif,quality_auto/11062b_2533d1d4c31245408717d17b946bc8d8~mv2.png",""
"https://www.lifeusa.org/no/tags/hurricane-ian","https://static.wixstatic.com/media/11062b_2533d1d4c31245408717d17b946bc8d8~mv2.png/v1/fill/w_28,h_28,al_c,q_85,usm_0.66_1.00_0.01,enc_avif,quality_auto/11062b_2533d1d4c31245408717d17b946bc8d8~mv2.png",""
"https://www.lifeusa.org/no/tags/hurricane","https://static.wixstatic.com/media/11062b_2533d1d4c31245408717d17b946bc8d8~mv2.png/v1/fill/w_28,h_28,al_c,q_85,usm_0.66_1.00_0.01,enc_avif,quality_auto/11062b_2533d1d4c31245408717d17b946bc8d8~mv2.png",""
"https://www.lifeusa.org/no/tags/charity-builds-wealth","https://static.wixstatic.com/media/11062b_2533d1d4c31245408717d17b946bc8d8~mv2.png/v1/fill/w_28,h_28,al_c,q_85,usm_0.66_1.00_0.01,enc_avif,quality_auto/11062b_2533d1d4c31245408717d17b946bc8d8~mv2.png",""
"https://www.lifeusa.org/no/tags/iraq-1","https://static.wixstatic.com/media/11062b_2533d1d4c31245408717d17b946bc8d8~mv2.png/v1/fill/w_28,h_28,al_c,q_85,usm_0.66_1.00_0.01,enc_avif,quality_auto/11062b_2533d1d4c31245408717d17b946bc8d8~mv2.png",""
"https://www.lifeusa.org/no/tags/furniture","https://static.wixstatic.com/media/11062b_2533d1d4c31245408717d17b946bc8d8~mv2.png/v1/fill/w_28,h_28,al_c,q_85,usm_0.66_1.00_0.01,enc_avif,quality_auto/11062b_2533d1d4c31245408717d17b946bc8d8~mv2.png",""
"https://www.lifeusa.org/no/tags/libya","https://static.wixstatic.com/media/11062b_2533d1d4c31245408717d17b946bc8d8~mv2.png/v1/fill/w_28,h_28,al_c,q_85,usm_0.66_1.00_0.01,enc_avif,quality_auto/11062b_2533d1d4c31245408717d17b946bc8d8~mv2.png",""
"https://www.lifeusa.org/no/tags/ethiopia","https://static.wixstatic.com/media/11062b_2533d1d4c31245408717d17b946bc8d8~mv2.png/v1/fill/w_28,h_28,al_c,q_85,usm_0.66_1.00_0.01,enc_avif,quality_auto/11062b_2533d1d4c31245408717d17b946bc8d8~mv2.png",""
"https://www.lifeusa.org/no/tags/sudan","https://static.wixstatic.com/media/11062b_2533d1d4c31245408717d17b946bc8d8~mv2.png/v1/fill/w_28,h_28,al_c,q_85,usm_0.66_1.00_0.01,enc_avif,quality_auto/11062b_2533d1d4c31245408717d17b946bc8d8~mv2.png",""
"https://www.lifeusa.org/no/tags/bosnia","https://static.wixstatic.com/media/11062b_2533d1d4c31245408717d17b946bc8d8~mv2.png/v1/fill/w_28,h_28,al_c,q_85,usm_0.66_1.00_0.01,enc_avif,quality_auto/11062b_2533d1d4c31245408717d17b946bc8d8~mv2.png",""
"https://www.lifeusa.org/no/tags/uganda","https://static.wixstatic.com/media/11062b_2533d1d4c31245408717d17b946bc8d8~mv2.png/v1/fill/w_28,h_28,al_c,q_85,usm_0.66_1.00_0.01,enc_avif,quality_auto/11062b_2533d1d4c31245408717d17b946bc8d8~mv2.png",""
"https://www.lifeusa.org/no/tags/djibouti","https://static.wixstatic.com/media/11062b_2533d1d4c31245408717d17b946bc8d8~mv2.png/v1/fill/w_28,h_28,al_c,q_85,usm_0.66_1.00_0.01,enc_avif,quality_auto/11062b_2533d1d4c31245408717d17b946bc8d8~mv2.png",""
"https://www.lifeusa.org/no/tags/south-sudan","https://static.wixstatic.com/media/11062b_2533d1d4c31245408717d17b946bc8d8~mv2.png/v1/fill/w_28,h_28,al_c,q_85,usm_0.66_1.00_0.01,enc_avif,quality_auto/11062b_2533d1d4c31245408717d17b946bc8d8~mv2.png",""
"https://www.lifeusa.org/no/tags/somalia","https://static.wixstatic.com/media/11062b_2533d1d4c31245408717d17b946bc8d8~mv2.png/v1/fill/w_28,h_28,al_c,q_85,usm_0.66_1.00_0.01,enc_avif,quality_auto/11062b_2533d1d4c31245408717d17b946bc8d8~mv2.png",""
"https://www.lifeusa.org/no/tags/eritrea","https://static.wixstatic.com/media/11062b_2533d1d4c31245408717d17b946bc8d8~mv2.png/v1/fill/w_28,h_28,al_c,q_85,usm_0.66_1.00_0.01,enc_avif,quality_auto/11062b_2533d1d4c31245408717d17b946bc8d8~mv2.png",""
"https://www.lifeusa.org/no/tags/ramadan","https://static.wixstatic.com/media/11062b_2533d1d4c31245408717d17b946bc8d8~mv2.png/v1/fill/w_28,h_28,al_c,q_85,usm_0.66_1.00_0.01,enc_avif,quality_auto/11062b_2533d1d4c31245408717d17b946bc8d8~mv2.png",""
"https://www.lifeusa.org/no/tags/bangladesh","https://static.wixstatic.com/media/11062b_2533d1d4c31245408717d17b946bc8d8~mv2.png/v1/fill/w_28,h_28,al_c,q_85,usm_0.66_1.00_0.01,enc_avif,quality_auto/11062b_2533d1d4c31245408717d17b946bc8d8~mv2.png",""
"https://www.lifeusa.org/no/tags/iraq","https://static.wixstatic.com/media/11062b_2533d1d4c31245408717d17b946bc8d8~mv2.png/v1/fill/w_28,h_28,al_c,q_85,usm_0.66_1.00_0.01,enc_avif,quality_auto/11062b_2533d1d4c31245408717d17b946bc8d8~mv2.png",""
"https://www.lifeusa.org/no/tags/haiti","https://static.wixstatic.com/media/11062b_2533d1d4c31245408717d17b946bc8d8~mv2.png/v1/fill/w_28,h_28,al_c,q_85,usm_0.66_1.00_0.01,enc_avif,quality_auto/11062b_2533d1d4c31245408717d17b946bc8d8~mv2.png",""
"https://www.lifeusa.org/no/tags/kenya","https://static.wixstatic.com/media/11062b_2533d1d4c31245408717d17b946bc8d8~mv2.png/v1/fill/w_28,h_28,al_c,q_85,usm_0.66_1.00_0.01,enc_avif,quality_auto/11062b_2533d1d4c31245408717d17b946bc8d8~mv2.png",""
"https://www.lifeusa.org/no/tags/national-women-s-month","https://static.wixstatic.com/media/11062b_2533d1d4c31245408717d17b946bc8d8~mv2.png/v1/fill/w_28,h_28,al_c,q_85,usm_0.66_1.00_0.01,enc_avif,quality_auto/11062b_2533d1d4c31245408717d17b946bc8d8~mv2.png",""
"https://www.lifeusa.org/no/tags/lebanon","https://static.wixstatic.com/media/11062b_2533d1d4c31245408717d17b946bc8d8~mv2.png/v1/fill/w_28,h_28,al_c,q_85,usm_0.66_1.00_0.01,enc_avif,quality_auto/11062b_2533d1d4c31245408717d17b946bc8d8~mv2.png",""
"https://www.lifeusa.org/no/tags/share","https://static.wixstatic.com/media/11062b_2533d1d4c31245408717d17b946bc8d8~mv2.png/v1/fill/w_28,h_28,al_c,q_85,usm_0.66_1.00_0.01,enc_avif,quality_auto/11062b_2533d1d4c31245408717d17b946bc8d8~mv2.png",""
"https://www.lifeusa.org/no/tags/udhiyah","https://static.wixstatic.com/media/11062b_2533d1d4c31245408717d17b946bc8d8~mv2.png/v1/fill/w_28,h_28,al_c,q_85,usm_0.66_1.00_0.01,enc_avif,quality_auto/11062b_2533d1d4c31245408717d17b946bc8d8~mv2.png",""
"https://www.lifeusa.org/post/winter-blankets-bangladesh","https://static.wixstatic.com/media/11062b_2533d1d4c31245408717d17b946bc8d8~mv2.png/v1/fill/w_28,h_28,al_c,q_85,usm_0.66_1.00_0.01,enc_avif,quality_auto/11062b_2533d1d4c31245408717d17b946bc8d8~mv2.png",""
"https://www.lifeusa.org/post/when-zakat-islamic-charity-almost-eradicated-poverty","https://static.wixstatic.com/media/11062b_2533d1d4c31245408717d17b946bc8d8~mv2.png/v1/fill/w_28,h_28,al_c,q_85,usm_0.66_1.00_0.01,enc_avif,quality_auto/11062b_2533d1d4c31245408717d17b946bc8d8~mv2.png",""
"https://www.lifeusa.org/post/life-distributes-ramadan-meals-in-mali","https://static.wixstatic.com/media/11062b_2533d1d4c31245408717d17b946bc8d8~mv2.png/v1/fill/w_28,h_28,al_c,q_85,usm_0.66_1.00_0.01,enc_avif,quality_auto/11062b_2533d1d4c31245408717d17b946bc8d8~mv2.png",""
"https://www.lifeusa.org/post/pakistan-fresh-meat-distribution-and-orphan-eid-party","https://static.wixstatic.com/media/11062b_2533d1d4c31245408717d17b946bc8d8~mv2.png/v1/fill/w_28,h_28,al_c,q_85,usm_0.66_1.00_0.01,enc_avif,quality_auto/11062b_2533d1d4c31245408717d17b946bc8d8~mv2.png",""
"https://www.lifeusa.org/post/life-distributes-udhiyah-meat-in-egypt","https://static.wixstatic.com/media/11062b_2533d1d4c31245408717d17b946bc8d8~mv2.png/v1/fill/w_28,h_28,al_c,q_85,usm_0.66_1.00_0.01,enc_avif,quality_auto/11062b_2533d1d4c31245408717d17b946bc8d8~mv2.png",""
"https://www.lifeusa.org/post/life-distributes-fresh-meat-in-bosnia-and-herzegovina","https://static.wixstatic.com/media/11062b_2533d1d4c31245408717d17b946bc8d8~mv2.png/v1/fill/w_28,h_28,al_c,q_85,usm_0.66_1.00_0.01,enc_avif,quality_auto/11062b_2533d1d4c31245408717d17b946bc8d8~mv2.png",""
"https://www.lifeusa.org/post/life-distributes-fresh-meat-in-syria","https://static.wixstatic.com/media/11062b_2533d1d4c31245408717d17b946bc8d8~mv2.png/v1/fill/w_28,h_28,al_c,q_85,usm_0.66_1.00_0.01,enc_avif,quality_auto/11062b_2533d1d4c31245408717d17b946bc8d8~mv2.png",""
"https://www.lifeusa.org/post/life-distributes-ramadan-food-baskets-yemen","https://static.wixstatic.com/media/11062b_2533d1d4c31245408717d17b946bc8d8~mv2.png/v1/fill/w_28,h_28,al_c,q_85,usm_0.66_1.00_0.01,enc_avif,quality_auto/11062b_2533d1d4c31245408717d17b946bc8d8~mv2.png",""
"https://www.lifeusa.org/post/life-distributes-udhiyah-meat-in-somalia","https://static.wixstatic.com/media/11062b_2533d1d4c31245408717d17b946bc8d8~mv2.png/v1/fill/w_28,h_28,al_c,q_85,usm_0.66_1.00_0.01,enc_avif,quality_auto/11062b_2533d1d4c31245408717d17b946bc8d8~mv2.png",""
"https://www.lifeusa.org/post/life-distributes-fresh-meat-in-sudan","https://static.wixstatic.com/media/11062b_2533d1d4c31245408717d17b946bc8d8~mv2.png/v1/fill/w_28,h_28,al_c,q_85,usm_0.66_1.00_0.01,enc_avif,quality_auto/11062b_2533d1d4c31245408717d17b946bc8d8~mv2.png",""
"https://www.lifeusa.org/post/life-distributes-fresh-meat-in-djibouti","https://static.wixstatic.com/media/11062b_2533d1d4c31245408717d17b946bc8d8~mv2.png/v1/fill/w_28,h_28,al_c,q_85,usm_0.66_1.00_0.01,enc_avif,quality_auto/11062b_2533d1d4c31245408717d17b946bc8d8~mv2.png",""
"https://www.lifeusa.org/post/life-distributes-fresh-meat-in-ethiopia","https://static.wixstatic.com/media/11062b_2533d1d4c31245408717d17b946bc8d8~mv2.png/v1/fill/w_28,h_28,al_c,q_85,usm_0.66_1.00_0.01,enc_avif,quality_auto/11062b_2533d1d4c31245408717d17b946bc8d8~mv2.png",""
"https://www.lifeusa.org/no/tags/yemen","https://static.wixstatic.com/media/11062b_2533d1d4c31245408717d17b946bc8d8~mv2.png/v1/fill/w_28,h_28,al_c,q_85,usm_0.66_1.00_0.01,enc_avif,quality_auto/11062b_2533d1d4c31245408717d17b946bc8d8~mv2.png",""
"https://www.lifeusa.org/no/tags/bosnia-1","https://static.wixstatic.com/media/11062b_2533d1d4c31245408717d17b946bc8d8~mv2.png/v1/fill/w_28,h_28,al_c,q_85,usm_0.66_1.00_0.01,enc_avif,quality_auto/11062b_2533d1d4c31245408717d17b946bc8d8~mv2.png",""
"https://www.lifeusa.org/no/tags/egypt","https://static.wixstatic.com/media/11062b_2533d1d4c31245408717d17b946bc8d8~mv2.png/v1/fill/w_28,h_28,al_c,q_85,usm_0.66_1.00_0.01,enc_avif,quality_auto/11062b_2533d1d4c31245408717d17b946bc8d8~mv2.png",""
"https://www.lifeusa.org/post/what-is-udhiyah-qurbani-in-islam","https://static.wixstatic.com/media/11062b_2533d1d4c31245408717d17b946bc8d8~mv2.png/v1/fill/w_28,h_28,al_c,q_85,usm_0.66_1.00_0.01,enc_avif,quality_auto/11062b_2533d1d4c31245408717d17b946bc8d8~mv2.png",""
"https://www.lifeusa.org/no/tags/herzegovina","https://static.wixstatic.com/media/11062b_2533d1d4c31245408717d17b946bc8d8~mv2.png/v1/fill/w_28,h_28,al_c,q_85,usm_0.66_1.00_0.01,enc_avif,quality_auto/11062b_2533d1d4c31245408717d17b946bc8d8~mv2.png",""
"https://www.lifeusa.org/no/tags/fresh-meat","https://static.wixstatic.com/media/11062b_2533d1d4c31245408717d17b946bc8d8~mv2.png/v1/fill/w_28,h_28,al_c,q_85,usm_0.66_1.00_0.01,enc_avif,quality_auto/11062b_2533d1d4c31245408717d17b946bc8d8~mv2.png",""
"https://www.lifeusa.org/no/tags/pakistan-1","https://static.wixstatic.com/media/11062b_2533d1d4c31245408717d17b946bc8d8~mv2.png/v1/fill/w_28,h_28,al_c,q_85,usm_0.66_1.00_0.01,enc_avif,quality_auto/11062b_2533d1d4c31245408717d17b946bc8d8~mv2.png",""
"https://www.lifeusa.org/no/tags/eid","https://static.wixstatic.com/media/11062b_2533d1d4c31245408717d17b946bc8d8~mv2.png/v1/fill/w_28,h_28,al_c,q_85,usm_0.66_1.00_0.01,enc_avif,quality_auto/11062b_2533d1d4c31245408717d17b946bc8d8~mv2.png",""
"https://www.lifeusa.org/no/tags/orphan-1","https://static.wixstatic.com/media/11062b_2533d1d4c31245408717d17b946bc8d8~mv2.png/v1/fill/w_28,h_28,al_c,q_85,usm_0.66_1.00_0.01,enc_avif,quality_auto/11062b_2533d1d4c31245408717d17b946bc8d8~mv2.png",""
"https://www.lifeusa.org/no/tags/mali","https://static.wixstatic.com/media/11062b_2533d1d4c31245408717d17b946bc8d8~mv2.png/v1/fill/w_28,h_28,al_c,q_85,usm_0.66_1.00_0.01,enc_avif,quality_auto/11062b_2533d1d4c31245408717d17b946bc8d8~mv2.png",""
"https://www.lifeusa.org/no/tags/zakat","https://static.wixstatic.com/media/11062b_2533d1d4c31245408717d17b946bc8d8~mv2.png/v1/fill/w_28,h_28,al_c,q_85,usm_0.66_1.00_0.01,enc_avif,quality_auto/11062b_2533d1d4c31245408717d17b946bc8d8~mv2.png",""
"https://www.lifeusa.org/no/tags/winter","https://static.wixstatic.com/media/11062b_2533d1d4c31245408717d17b946bc8d8~mv2.png/v1/fill/w_28,h_28,al_c,q_85,usm_0.66_1.00_0.01,enc_avif,quality_auto/11062b_2533d1d4c31245408717d17b946bc8d8~mv2.png",""
"https://www.lifeusa.org/","https://static.wixstatic.com/media/6df904_74b4e8dbe01e481a88cfd919b95e94eb~mv2.png/v1/fill/w_147,h_260,q_90,enc_avif,quality_auto/6df904_74b4e8dbe01e481a88cfd919b95e94eb~mv2.png",""
"https://www.lifeusa.org/","https://static.wixstatic.com/media/6df904_0e30dd1ccef144578f2192e6a122b2c8~mv2.png/v1/fill/w_147,h_260,q_90,enc_avif,quality_auto/6df904_0e30dd1ccef144578f2192e6a122b2c8~mv2.png",""
"https://www.lifeusa.org/","https://static.wixstatic.com/media/6df904_1a8d057726e3438c8b4a3f1312f00b60~mv2.png/v1/fill/w_980,h_217,al_c,q_85,usm_0.66_1.00_0.01,enc_avif,quality_auto/6df904_1a8d057726e3438c8b4a3f1312f00b60~mv2.png",""
"https://www.lifeusa.org/","https://static.wixstatic.com/media/11062b_f4e3e7f537ff4762a1914aa14e3e36b9~mv2.png/v1/fill/w_28,h_28,al_c,q_85,usm_0.66_1.00_0.01,enc_avif,quality_auto/11062b_f4e3e7f537ff4762a1914aa14e3e36b9~mv2.png",""
"https://www.lifeusa.org/get-involved","https://static.wixstatic.com/media/11062b_f4e3e7f537ff4762a1914aa14e3e36b9~mv2.png/v1/fill/w_28,h_28,al_c,q_85,usm_0.66_1.00_0.01,enc_avif,quality_auto/11062b_f4e3e7f537ff4762a1914aa14e3e36b9~mv2.png",""
"https://www.lifeusa.org/about","https://static.wixstatic.com/media/11062b_f4e3e7f537ff4762a1914aa14e3e36b9~mv2.png/v1/fill/w_28,h_28,al_c,q_85,usm_0.66_1.00_0.01,enc_avif,quality_auto/11062b_f4e3e7f537ff4762a1914aa14e3e36b9~mv2.png",""
"https://www.lifeusa.org/financial-reports","https://static.wixstatic.com/media/11062b_f4e3e7f537ff4762a1914aa14e3e36b9~mv2.png/v1/fill/w_28,h_28,al_c,q_85,usm_0.66_1.00_0.01,enc_avif,quality_auto/11062b_f4e3e7f537ff4762a1914aa14e3e36b9~mv2.png",""
"https://www.lifeusa.org/post/the-global-environmental-crisis-water-climate-and-life-s-impact","https://static.wixstatic.com/media/11062b_f4e3e7f537ff4762a1914aa14e3e36b9~mv2.png/v1/fill/w_28,h_28,al_c,q_85,usm_0.66_1.00_0.01,enc_avif,quality_auto/11062b_f4e3e7f537ff4762a1914aa14e3e36b9~mv2.png",""
"https://www.lifeusa.org/board-members","https://static.wixstatic.com/media/11062b_f4e3e7f537ff4762a1914aa14e3e36b9~mv2.png/v1/fill/w_28,h_28,al_c,q_85,usm_0.66_1.00_0.01,enc_avif,quality_auto/11062b_f4e3e7f537ff4762a1914aa14e3e36b9~mv2.png",""
"https://www.lifeusa.org/annualreports","https://static.wixstatic.com/media/11062b_f4e3e7f537ff4762a1914aa14e3e36b9~mv2.png/v1/fill/w_28,h_28,al_c,q_85,usm_0.66_1.00_0.01,enc_avif,quality_auto/11062b_f4e3e7f537ff4762a1914aa14e3e36b9~mv2.png",""
"https://www.lifeusa.org/blogs","https://static.wixstatic.com/media/11062b_f4e3e7f537ff4762a1914aa14e3e36b9~mv2.png/v1/fill/w_28,h_28,al_c,q_85,usm_0.66_1.00_0.01,enc_avif,quality_auto/11062b_f4e3e7f537ff4762a1914aa14e3e36b9~mv2.png",""
"https://www.lifeusa.org/lebanon-emergency-relief","https://static.wixstatic.com/media/11062b_f4e3e7f537ff4762a1914aa14e3e36b9~mv2.png/v1/fill/w_28,h_28,al_c,q_85,usm_0.66_1.00_0.01,enc_avif,quality_auto/11062b_f4e3e7f537ff4762a1914aa14e3e36b9~mv2.png",""
"https://www.lifeusa.org/post/eid-al-adha-a-celebration-of-unity","https://static.wixstatic.com/media/11062b_f4e3e7f537ff4762a1914aa14e3e36b9~mv2.png/v1/fill/w_28,h_28,al_c,q_85,usm_0.66_1.00_0.01,enc_avif,quality_auto/11062b_f4e3e7f537ff4762a1914aa14e3e36b9~mv2.png",""
"https://www.lifeusa.org/media","https://static.wixstatic.com/media/11062b_f4e3e7f537ff4762a1914aa14e3e36b9~mv2.png/v1/fill/w_28,h_28,al_c,q_85,usm_0.66_1.00_0.01,enc_avif,quality_auto/11062b_f4e3e7f537ff4762a1914aa14e3e36b9~mv2.png",""
"https://www.lifeusa.org/privacy-policy","https://static.wixstatic.com/media/11062b_f4e3e7f537ff4762a1914aa14e3e36b9~mv2.png/v1/fill/w_28,h_28,al_c,q_85,usm_0.66_1.00_0.01,enc_avif,quality_auto/11062b_f4e3e7f537ff4762a1914aa14e3e36b9~mv2.png",""
"https://www.lifeusa.org/waystogive","https://static.wixstatic.com/media/11062b_f4e3e7f537ff4762a1914aa14e3e36b9~mv2.png/v1/fill/w_28,h_28,al_c,q_85,usm_0.66_1.00_0.01,enc_avif,quality_auto/11062b_f4e3e7f537ff4762a1914aa14e3e36b9~mv2.png",""
"https://www.lifeusa.org/programs","https://static.wixstatic.com/media/11062b_f4e3e7f537ff4762a1914aa14e3e36b9~mv2.png/v1/fill/w_28,h_28,al_c,q_85,usm_0.66_1.00_0.01,enc_avif,quality_auto/11062b_f4e3e7f537ff4762a1914aa14e3e36b9~mv2.png",""
"https://www.lifeusa.org/post/the-world-keeps-making-more-plastic-and-the-cost-is-human","https://static.wixstatic.com/media/11062b_f4e3e7f537ff4762a1914aa14e3e36b9~mv2.png/v1/fill/w_28,h_28,al_c,q_85,usm_0.66_1.00_0.01,enc_avif,quality_auto/11062b_f4e3e7f537ff4762a1914aa14e3e36b9~mv2.png",""
"https://www.lifeusa.org/post/children-in-crisis-the-psychological-toll-of-violence","https://static.wixstatic.com/media/11062b_f4e3e7f537ff4762a1914aa14e3e36b9~mv2.png/v1/fill/w_28,h_28,al_c,q_85,usm_0.66_1.00_0.01,enc_avif,quality_auto/11062b_f4e3e7f537ff4762a1914aa14e3e36b9~mv2.png",""
"https://www.lifeusa.org/volunteer","https://static.wixstatic.com/media/11062b_f4e3e7f537ff4762a1914aa14e3e36b9~mv2.png/v1/fill/w_28,h_28,al_c,q_85,usm_0.66_1.00_0.01,enc_avif,quality_auto/11062b_f4e3e7f537ff4762a1914aa14e3e36b9~mv2.png",""
"https://www.lifeusa.org/careers","https://static.wixstatic.com/media/11062b_f4e3e7f537ff4762a1914aa14e3e36b9~mv2.png/v1/fill/w_28,h_28,al_c,q_85,usm_0.66_1.00_0.01,enc_avif,quality_auto/11062b_f4e3e7f537ff4762a1914aa14e3e36b9~mv2.png",""
"https://www.lifeusa.org/fundraising","https://static.wixstatic.com/media/11062b_f4e3e7f537ff4762a1914aa14e3e36b9~mv2.png/v1/fill/w_28,h_28,al_c,q_85,usm_0.66_1.00_0.01,enc_avif,quality_auto/11062b_f4e3e7f537ff4762a1914aa14e3e36b9~mv2.png",""
"https://www.lifeusa.org/doublethedonation","https://static.wixstatic.com/media/11062b_f4e3e7f537ff4762a1914aa14e3e36b9~mv2.png/v1/fill/w_28,h_28,al_c,q_85,usm_0.66_1.00_0.01,enc_avif,quality_auto/11062b_f4e3e7f537ff4762a1914aa14e3e36b9~mv2.png",""
"https://www.lifeusa.org/no","https://static.wixstatic.com/media/11062b_f4e3e7f537ff4762a1914aa14e3e36b9~mv2.png/v1/fill/w_28,h_28,al_c,q_85,usm_0.66_1.00_0.01,enc_avif,quality_auto/11062b_f4e3e7f537ff4762a1914aa14e3e36b9~mv2.png",""
"https://www.lifeusa.org/no/categories/life-blog","https://static.wixstatic.com/media/11062b_f4e3e7f537ff4762a1914aa14e3e36b9~mv2.png/v1/fill/w_28,h_28,al_c,q_85,usm_0.66_1.00_0.01,enc_avif,quality_auto/11062b_f4e3e7f537ff4762a1914aa14e3e36b9~mv2.png",""
"https://www.lifeusa.org/no/categories/giving-charity","https://static.wixstatic.com/media/11062b_f4e3e7f537ff4762a1914aa14e3e36b9~mv2.png/v1/fill/w_28,h_28,al_c,q_85,usm_0.66_1.00_0.01,enc_avif,quality_auto/11062b_f4e3e7f537ff4762a1914aa14e3e36b9~mv2.png",""
"https://www.lifeusa.org/no/categories/reports","https://static.wixstatic.com/media/11062b_f4e3e7f537ff4762a1914aa14e3e36b9~mv2.png/v1/fill/w_28,h_28,al_c,q_85,usm_0.66_1.00_0.01,enc_avif,quality_auto/11062b_f4e3e7f537ff4762a1914aa14e3e36b9~mv2.png",""
"https://www.lifeusa.org/no/categories/tax-write-off","https://static.wixstatic.com/media/11062b_f4e3e7f537ff4762a1914aa14e3e36b9~mv2.png/v1/fill/w_28,h_28,al_c,q_85,usm_0.66_1.00_0.01,enc_avif,quality_auto/11062b_f4e3e7f537ff4762a1914aa14e3e36b9~mv2.png",""
"https://www.lifeusa.org/no/categories/philosophy","https://static.wixstatic.com/media/11062b_f4e3e7f537ff4762a1914aa14e3e36b9~mv2.png/v1/fill/w_28,h_28,al_c,q_85,usm_0.66_1.00_0.01,enc_avif,quality_auto/11062b_f4e3e7f537ff4762a1914aa14e3e36b9~mv2.png",""
"https://www.lifeusa.org/post/women-s-empowerment-the-key-to-solving-world-hunger","https://static.wixstatic.com/media/11062b_f4e3e7f537ff4762a1914aa14e3e36b9~mv2.png/v1/fill/w_28,h_28,al_c,q_85,usm_0.66_1.00_0.01,enc_avif,quality_auto/11062b_f4e3e7f537ff4762a1914aa14e3e36b9~mv2.png",""
"https://www.lifeusa.org/no/categories/purpose","https://static.wixstatic.com/media/11062b_f4e3e7f537ff4762a1914aa14e3e36b9~mv2.png/v1/fill/w_28,h_28,al_c,q_85,usm_0.66_1.00_0.01,enc_avif,quality_auto/11062b_f4e3e7f537ff4762a1914aa14e3e36b9~mv2.png",""
"https://www.lifeusa.org/post/one-dollar-can-change-someone-s-life","https://static.wixstatic.com/media/11062b_f4e3e7f537ff4762a1914aa14e3e36b9~mv2.png/v1/fill/w_28,h_28,al_c,q_85,usm_0.66_1.00_0.01,enc_avif,quality_auto/11062b_f4e3e7f537ff4762a1914aa14e3e36b9~mv2.png",""
"https://www.lifeusa.org/post/afghanistan-s-earthquake-stories-of-survival-and-relief","https://static.wixstatic.com/media/11062b_f4e3e7f537ff4762a1914aa14e3e36b9~mv2.png/v1/fill/w_28,h_28,al_c,q_85,usm_0.66_1.00_0.01,enc_avif,quality_auto/11062b_f4e3e7f537ff4762a1914aa14e3e36b9~mv2.png",""
"https://www.lifeusa.org/post/why-one-gift-means-the-world-to-an-orphaned-child","https://static.wixstatic.com/media/11062b_f4e3e7f537ff4762a1914aa14e3e36b9~mv2.png/v1/fill/w_28,h_28,al_c,q_85,usm_0.66_1.00_0.01,enc_avif,quality_auto/11062b_f4e3e7f537ff4762a1914aa14e3e36b9~mv2.png",""
"https://www.lifeusa.org/post/children-forced-to-sleep-in-cars-and-on-the-streets-as-over-800-000-are-displaced-in-lebanon","https://static.wixstatic.com/media/11062b_f4e3e7f537ff4762a1914aa14e3e36b9~mv2.png/v1/fill/w_28,h_28,al_c,q_85,usm_0.66_1.00_0.01,enc_avif,quality_auto/11062b_f4e3e7f537ff4762a1914aa14e3e36b9~mv2.png",""
"https://www.lifeusa.org/post/remembering-judge-frank-caprio-a-judge-who-redefined-leadership-through-compassion","https://static.wixstatic.com/media/11062b_f4e3e7f537ff4762a1914aa14e3e36b9~mv2.png/v1/fill/w_28,h_28,al_c,q_85,usm_0.66_1.00_0.01,enc_avif,quality_auto/11062b_f4e3e7f537ff4762a1914aa14e3e36b9~mv2.png",""
"https://www.lifeusa.org/post/over-6-5-hungry-in-somalia-why-your-giving-matters-now-more-than-ever","https://static.wixstatic.com/media/11062b_f4e3e7f537ff4762a1914aa14e3e36b9~mv2.png/v1/fill/w_28,h_28,al_c,q_85,usm_0.66_1.00_0.01,enc_avif,quality_auto/11062b_f4e3e7f537ff4762a1914aa14e3e36b9~mv2.png",""
"https://www.lifeusa.org/post/starvation-in-gaza-why-the-world-must-act-now-before-thousands-more-die","https://static.wixstatic.com/media/11062b_f4e3e7f537ff4762a1914aa14e3e36b9~mv2.png/v1/fill/w_28,h_28,al_c,q_85,usm_0.66_1.00_0.01,enc_avif,quality_auto/11062b_f4e3e7f537ff4762a1914aa14e3e36b9~mv2.png",""
"https://www.lifeusa.org/post/latest-cuts-to-humanitarian-aid-leave-millions-without-hope","https://static.wixstatic.com/media/11062b_f4e3e7f537ff4762a1914aa14e3e36b9~mv2.png/v1/fill/w_28,h_28,al_c,q_85,usm_0.66_1.00_0.01,enc_avif,quality_auto/11062b_f4e3e7f537ff4762a1914aa14e3e36b9~mv2.png",""
"https://www.lifeusa.org/legacy","https://static.wixstatic.com/media/11062b_f4e3e7f537ff4762a1914aa14e3e36b9~mv2.png/v1/fill/w_28,h_28,al_c,q_85,usm_0.66_1.00_0.01,enc_avif,quality_auto/11062b_f4e3e7f537ff4762a1914aa14e3e36b9~mv2.png",""
"https://www.lifeusa.org/copy-of-freewill-landing-page","https://static.wixstatic.com/media/11062b_f4e3e7f537ff4762a1914aa14e3e36b9~mv2.png/v1/fill/w_28,h_28,al_c,q_85,usm_0.66_1.00_0.01,enc_avif,quality_auto/11062b_f4e3e7f537ff4762a1914aa14e3e36b9~mv2.png",""
"https://www.lifeusa.org/newsletters","https://static.wixstatic.com/media/11062b_f4e3e7f537ff4762a1914aa14e3e36b9~mv2.png/v1/fill/w_28,h_28,al_c,q_85,usm_0.66_1.00_0.01,enc_avif,quality_auto/11062b_f4e3e7f537ff4762a1914aa14e3e36b9~mv2.png",""
"https://www.lifeusa.org/news","https://static.wixstatic.com/media/11062b_f4e3e7f537ff4762a1914aa14e3e36b9~mv2.png/v1/fill/w_28,h_28,al_c,q_85,usm_0.66_1.00_0.01,enc_avif,quality_auto/11062b_f4e3e7f537ff4762a1914aa14e3e36b9~mv2.png",""
"https://www.lifeusa.org/press","https://static.wixstatic.com/media/11062b_f4e3e7f537ff4762a1914aa14e3e36b9~mv2.png/v1/fill/w_28,h_28,al_c,q_85,usm_0.66_1.00_0.01,enc_avif,quality_auto/11062b_f4e3e7f537ff4762a1914aa14e3e36b9~mv2.png",""
"https://www.lifeusa.org/post/building-a-better-world-for-33-years","https://static.wixstatic.com/media/11062b_f4e3e7f537ff4762a1914aa14e3e36b9~mv2.png/v1/fill/w_28,h_28,al_c,q_85,usm_0.66_1.00_0.01,enc_avif,quality_auto/11062b_f4e3e7f537ff4762a1914aa14e3e36b9~mv2.png",""
"https://www.lifeusa.org/post/write-your-will-for-free-and-let-the-good-you-do-today-last-forever","https://static.wixstatic.com/media/11062b_f4e3e7f537ff4762a1914aa14e3e36b9~mv2.png/v1/fill/w_28,h_28,al_c,q_85,usm_0.66_1.00_0.01,enc_avif,quality_auto/11062b_f4e3e7f537ff4762a1914aa14e3e36b9~mv2.png",""
"https://www.lifeusa.org/post/charitable-giving-an-advantage-we-never-saw-coming-from-the-one-big-beautiful-bill-act","https://static.wixstatic.com/media/11062b_f4e3e7f537ff4762a1914aa14e3e36b9~mv2.png/v1/fill/w_28,h_28,al_c,q_85,usm_0.66_1.00_0.01,enc_avif,quality_auto/11062b_f4e3e7f537ff4762a1914aa14e3e36b9~mv2.png",""
"https://www.lifeusa.org/post/double-or-triple-your-donation-without-spending-more-through-life-for-relief-and-development-life","https://static.wixstatic.com/media/11062b_f4e3e7f537ff4762a1914aa14e3e36b9~mv2.png/v1/fill/w_28,h_28,al_c,q_85,usm_0.66_1.00_0.01,enc_avif,quality_auto/11062b_f4e3e7f537ff4762a1914aa14e3e36b9~mv2.png",""
"https://www.lifeusa.org/post/winter-flooding-in-gaza-leaves-families-cold-and-exhausted","https://static.wixstatic.com/media/11062b_f4e3e7f537ff4762a1914aa14e3e36b9~mv2.png/v1/fill/w_28,h_28,al_c,q_85,usm_0.66_1.00_0.01,enc_avif,quality_auto/11062b_f4e3e7f537ff4762a1914aa14e3e36b9~mv2.png",""
"https://www.lifeusa.org/post/school-supplies-could-be-the-key-to-ending-poverty","https://static.wixstatic.com/media/11062b_f4e3e7f537ff4762a1914aa14e3e36b9~mv2.png/v1/fill/w_28,h_28,al_c,q_85,usm_0.66_1.00_0.01,enc_avif,quality_auto/11062b_f4e3e7f537ff4762a1914aa14e3e36b9~mv2.png",""
"https://www.lifeusa.org/post/cold-kills-5-million-a-year-life-s-winter-aid-helps-prevent-this-tragedy","https://static.wixstatic.com/media/11062b_f4e3e7f537ff4762a1914aa14e3e36b9~mv2.png/v1/fill/w_28,h_28,al_c,q_85,usm_0.66_1.00_0.01,enc_avif,quality_auto/11062b_f4e3e7f537ff4762a1914aa14e3e36b9~mv2.png",""
"https://www.lifeusa.org/post/give-the-smart-way-stop-paying-taxes-on-stocks-and-receive-a-big-tax-deduction","https://static.wixstatic.com/media/11062b_f4e3e7f537ff4762a1914aa14e3e36b9~mv2.png/v1/fill/w_28,h_28,al_c,q_85,usm_0.66_1.00_0.01,enc_avif,quality_auto/11062b_f4e3e7f537ff4762a1914aa14e3e36b9~mv2.png",""
"https://www.lifeusa.org/post/health-for-all-how-life-is-closing-the-global-healthcare-gap","https://static.wixstatic.com/media/11062b_f4e3e7f537ff4762a1914aa14e3e36b9~mv2.png/v1/fill/w_28,h_28,al_c,q_85,usm_0.66_1.00_0.01,enc_avif,quality_auto/11062b_f4e3e7f537ff4762a1914aa14e3e36b9~mv2.png",""
"https://www.lifeusa.org/post/recognizing-everyday-leaders-and-heros-this-father-s-day-2025","https://static.wixstatic.com/media/11062b_f4e3e7f537ff4762a1914aa14e3e36b9~mv2.png/v1/fill/w_28,h_28,al_c,q_85,usm_0.66_1.00_0.01,enc_avif,quality_auto/11062b_f4e3e7f537ff4762a1914aa14e3e36b9~mv2.png",""
"https://www.lifeusa.org/post/she-was-buried-underground-for-13-years-then-she-heard-the-ocean","https://static.wixstatic.com/media/11062b_f4e3e7f537ff4762a1914aa14e3e36b9~mv2.png/v1/fill/w_28,h_28,al_c,q_85,usm_0.66_1.00_0.01,enc_avif,quality_auto/11062b_f4e3e7f537ff4762a1914aa14e3e36b9~mv2.png",""
"https://www.lifeusa.org/post/when-the-guadalupe-river-roared-texas-tested-with-devastation-and-loss","https://static.wixstatic.com/media/11062b_f4e3e7f537ff4762a1914aa14e3e36b9~mv2.png/v1/fill/w_28,h_28,al_c,q_85,usm_0.66_1.00_0.01,enc_avif,quality_auto/11062b_f4e3e7f537ff4762a1914aa14e3e36b9~mv2.png",""
"https://www.lifeusa.org/post/the-hidden-price-tag-of-fast-fashion-and-how-life-is-offering-sustainable-solutions-you-can-support","https://static.wixstatic.com/media/11062b_f4e3e7f537ff4762a1914aa14e3e36b9~mv2.png/v1/fill/w_28,h_28,al_c,q_85,usm_0.66_1.00_0.01,enc_avif,quality_auto/11062b_f4e3e7f537ff4762a1914aa14e3e36b9~mv2.png",""
"https://www.lifeusa.org/post/ramadan-a-place-for-everyone","https://static.wixstatic.com/media/11062b_f4e3e7f537ff4762a1914aa14e3e36b9~mv2.png/v1/fill/w_28,h_28,al_c,q_85,usm_0.66_1.00_0.01,enc_avif,quality_auto/11062b_f4e3e7f537ff4762a1914aa14e3e36b9~mv2.png",""
"https://www.lifeusa.org/post/a-step-by-step-guide-on-how-to-participate-in-ramadan","https://static.wixstatic.com/media/11062b_f4e3e7f537ff4762a1914aa14e3e36b9~mv2.png/v1/fill/w_28,h_28,al_c,q_85,usm_0.66_1.00_0.01,enc_avif,quality_auto/11062b_f4e3e7f537ff4762a1914aa14e3e36b9~mv2.png",""
"https://www.lifeusa.org/post/sick-kids-with-no-medicine-in-sight-how-life-is-restoring-healthcare-access-in-africa","https://static.wixstatic.com/media/11062b_f4e3e7f537ff4762a1914aa14e3e36b9~mv2.png/v1/fill/w_28,h_28,al_c,q_85,usm_0.66_1.00_0.01,enc_avif,quality_auto/11062b_f4e3e7f537ff4762a1914aa14e3e36b9~mv2.png",""
"https://www.lifeusa.org/post/as-middle-east-tensions-rise-families-face-uncertainty-and-compassion-matters-more","https://static.wixstatic.com/media/11062b_f4e3e7f537ff4762a1914aa14e3e36b9~mv2.png/v1/fill/w_28,h_28,al_c,q_85,usm_0.66_1.00_0.01,enc_avif,quality_auto/11062b_f4e3e7f537ff4762a1914aa14e3e36b9~mv2.png",""
"https://www.lifeusa.org/post/millions-hungry-and-displaced-why-the-sudan-crisis-requires-immediate-action","https://static.wixstatic.com/media/11062b_f4e3e7f537ff4762a1914aa14e3e36b9~mv2.png/v1/fill/w_28,h_28,al_c,q_85,usm_0.66_1.00_0.01,enc_avif,quality_auto/11062b_f4e3e7f537ff4762a1914aa14e3e36b9~mv2.png",""
"https://www.lifeusa.org/post/maximize-your-tax-write-off-with-charitable-giving-apps","https://static.wixstatic.com/media/11062b_f4e3e7f537ff4762a1914aa14e3e36b9~mv2.png/v1/fill/w_28,h_28,al_c,q_85,usm_0.66_1.00_0.01,enc_avif,quality_auto/11062b_f4e3e7f537ff4762a1914aa14e3e36b9~mv2.png",""
"https://www.lifeusa.org/post/when-life-becomes-art-finding-flow-purpose-and-the-joy-of-giving","https://static.wixstatic.com/media/11062b_f4e3e7f537ff4762a1914aa14e3e36b9~mv2.png/v1/fill/w_28,h_28,al_c,q_85,usm_0.66_1.00_0.01,enc_avif,quality_auto/11062b_f4e3e7f537ff4762a1914aa14e3e36b9~mv2.png",""
"https://www.lifeusa.org/post/how-violence-and-war-affect-children-worldwide-and-how-you-can-help","https://static.wixstatic.com/media/11062b_f4e3e7f537ff4762a1914aa14e3e36b9~mv2.png/v1/fill/w_28,h_28,al_c,q_85,usm_0.66_1.00_0.01,enc_avif,quality_auto/11062b_f4e3e7f537ff4762a1914aa14e3e36b9~mv2.png",""
"https://www.lifeusa.org/post/what-happens-when-you-can-t-see-in-a-refugee-camp","https://static.wixstatic.com/media/11062b_f4e3e7f537ff4762a1914aa14e3e36b9~mv2.png/v1/fill/w_28,h_28,al_c,q_85,usm_0.66_1.00_0.01,enc_avif,quality_auto/11062b_f4e3e7f537ff4762a1914aa14e3e36b9~mv2.png",""
"https://www.lifeusa.org/post/the-challenges-humanitarian-organizations-face-after-conflict-ends","https://static.wixstatic.com/media/11062b_f4e3e7f537ff4762a1914aa14e3e36b9~mv2.png/v1/fill/w_28,h_28,al_c,q_85,usm_0.66_1.00_0.01,enc_avif,quality_auto/11062b_f4e3e7f537ff4762a1914aa14e3e36b9~mv2.png",""
"https://www.lifeusa.org/post/the-power-of-listening-and-how-to-harness-it","https://static.wixstatic.com/media/11062b_f4e3e7f537ff4762a1914aa14e3e36b9~mv2.png/v1/fill/w_28,h_28,al_c,q_85,usm_0.66_1.00_0.01,enc_avif,quality_auto/11062b_f4e3e7f537ff4762a1914aa14e3e36b9~mv2.png",""
"https://www.lifeusa.org/post/monsoon-flood-in-northern-pakistan-takes-everything-from-villagers-life-usa-helps-families-rebuild","https://static.wixstatic.com/media/11062b_f4e3e7f537ff4762a1914aa14e3e36b9~mv2.png/v1/fill/w_28,h_28,al_c,q_85,usm_0.66_1.00_0.01,enc_avif,quality_auto/11062b_f4e3e7f537ff4762a1914aa14e3e36b9~mv2.png",""
"https://www.lifeusa.org/post/life-s-orphan-sponsorships-keep-children-warm-and-in-school-during-the-winter-months-in-pakistan","https://static.wixstatic.com/media/11062b_f4e3e7f537ff4762a1914aa14e3e36b9~mv2.png/v1/fill/w_28,h_28,al_c,q_85,usm_0.66_1.00_0.01,enc_avif,quality_auto/11062b_f4e3e7f537ff4762a1914aa14e3e36b9~mv2.png",""
"https://www.lifeusa.org/post/life-supports-mothers-and-orphans-in-gaza-with-critical-baby-formula-and-other-essentials","https://static.wixstatic.com/media/11062b_f4e3e7f537ff4762a1914aa14e3e36b9~mv2.png/v1/fill/w_28,h_28,al_c,q_85,usm_0.66_1.00_0.01,enc_avif,quality_auto/11062b_f4e3e7f537ff4762a1914aa14e3e36b9~mv2.png",""
"https://www.lifeusa.org/post/hope-returns-to-the-classroom-through-life-for-relief-and-development-life-s-orphan-sponsorship-in","https://static.wixstatic.com/media/11062b_f4e3e7f537ff4762a1914aa14e3e36b9~mv2.png/v1/fill/w_28,h_28,al_c,q_85,usm_0.66_1.00_0.01,enc_avif,quality_auto/11062b_f4e3e7f537ff4762a1914aa14e3e36b9~mv2.png",""
"https://www.lifeusa.org/post/with-life-water-wells-comes-a-renewed-stability-and-health-for-1-800-people-in-niger","https://static.wixstatic.com/media/11062b_f4e3e7f537ff4762a1914aa14e3e36b9~mv2.png/v1/fill/w_28,h_28,al_c,q_85,usm_0.66_1.00_0.01,enc_avif,quality_auto/11062b_f4e3e7f537ff4762a1914aa14e3e36b9~mv2.png",""
"https://www.lifeusa.org/post/in-a-tanzanian-village-water-finally-flows-close-to-home","https://static.wixstatic.com/media/11062b_f4e3e7f537ff4762a1914aa14e3e36b9~mv2.png/v1/fill/w_28,h_28,al_c,q_85,usm_0.66_1.00_0.01,enc_avif,quality_auto/11062b_f4e3e7f537ff4762a1914aa14e3e36b9~mv2.png",""
"https://www.lifeusa.org/post/life-continues-saving-lives-in-gaza-as-emergency-food-and-water-relief-reaches-thousands","https://static.wixstatic.com/media/11062b_f4e3e7f537ff4762a1914aa14e3e36b9~mv2.png/v1/fill/w_28,h_28,al_c,q_85,usm_0.66_1.00_0.01,enc_avif,quality_auto/11062b_f4e3e7f537ff4762a1914aa14e3e36b9~mv2.png",""
"https://www.lifeusa.org/post/life-supporting-orphans-families-gaza","https://static.wixstatic.com/media/11062b_f4e3e7f537ff4762a1914aa14e3e36b9~mv2.png/v1/fill/w_28,h_28,al_c,q_85,usm_0.66_1.00_0.01,enc_avif,quality_auto/11062b_f4e3e7f537ff4762a1914aa14e3e36b9~mv2.png",""
"https://www.lifeusa.org/post/fighting-hunger-in-somalia-life-for-relief-and-development-life-s-food-distribution-reaches-displ","https://static.wixstatic.com/media/11062b_f4e3e7f537ff4762a1914aa14e3e36b9~mv2.png/v1/fill/w_28,h_28,al_c,q_85,usm_0.66_1.00_0.01,enc_avif,quality_auto/11062b_f4e3e7f537ff4762a1914aa14e3e36b9~mv2.png",""
"https://www.lifeusa.org/post/life-for-relief-and-development-life-usa-restores-shelter-and-safety-for-8-050-displaced-individua","https://static.wixstatic.com/media/11062b_f4e3e7f537ff4762a1914aa14e3e36b9~mv2.png/v1/fill/w_28,h_28,al_c,q_85,usm_0.66_1.00_0.01,enc_avif,quality_auto/11062b_f4e3e7f537ff4762a1914aa14e3e36b9~mv2.png",""
"https://www.lifeusa.org/post/new-solar-powered-water-wells-bring-clean-water-to-3-300-people-in-pakistan","https://static.wixstatic.com/media/11062b_f4e3e7f537ff4762a1914aa14e3e36b9~mv2.png/v1/fill/w_28,h_28,al_c,q_85,usm_0.66_1.00_0.01,enc_avif,quality_auto/11062b_f4e3e7f537ff4762a1914aa14e3e36b9~mv2.png",""
"https://www.lifeusa.org/post/life-provides-medical-student-scholarships-in-the-west-bank","https://static.wixstatic.com/media/11062b_f4e3e7f537ff4762a1914aa14e3e36b9~mv2.png/v1/fill/w_28,h_28,al_c,q_85,usm_0.66_1.00_0.01,enc_avif,quality_auto/11062b_f4e3e7f537ff4762a1914aa14e3e36b9~mv2.png",""
"https://www.lifeusa.org/post/life-for-relief-and-development-protects-5-000-children-from-harsh-winter-conditions-in-gaza","https://static.wixstatic.com/media/11062b_f4e3e7f537ff4762a1914aa14e3e36b9~mv2.png/v1/fill/w_28,h_28,al_c,q_85,usm_0.66_1.00_0.01,enc_avif,quality_auto/11062b_f4e3e7f537ff4762a1914aa14e3e36b9~mv2.png",""
"https://www.lifeusa.org/post/life-for-relief-and-development-sustains-higher-education-in-syria","https://static.wixstatic.com/media/11062b_f4e3e7f537ff4762a1914aa14e3e36b9~mv2.png/v1/fill/w_28,h_28,al_c,q_85,usm_0.66_1.00_0.01,enc_avif,quality_auto/11062b_f4e3e7f537ff4762a1914aa14e3e36b9~mv2.png",""
"https://www.lifeusa.org/post/over-1-000-orphans-across-jordan-uplifted-through-life-sponsorship-program","https://static.wixstatic.com/media/11062b_f4e3e7f537ff4762a1914aa14e3e36b9~mv2.png/v1/fill/w_28,h_28,al_c,q_85,usm_0.66_1.00_0.01,enc_avif,quality_auto/11062b_f4e3e7f537ff4762a1914aa14e3e36b9~mv2.png",""
"https://www.lifeusa.org/post/life-for-relief-and-development-life-delivers-emergency-food-and-water-assistance-in-gaza-through","https://static.wixstatic.com/media/11062b_f4e3e7f537ff4762a1914aa14e3e36b9~mv2.png/v1/fill/w_28,h_28,al_c,q_85,usm_0.66_1.00_0.01,enc_avif,quality_auto/11062b_f4e3e7f537ff4762a1914aa14e3e36b9~mv2.png",""
"https://www.lifeusa.org/post/water-stops-being-a-daily-worry-for-two-communities-in-nepal","https://static.wixstatic.com/media/11062b_f4e3e7f537ff4762a1914aa14e3e36b9~mv2.png/v1/fill/w_28,h_28,al_c,q_85,usm_0.66_1.00_0.01,enc_avif,quality_auto/11062b_f4e3e7f537ff4762a1914aa14e3e36b9~mv2.png",""
"https://www.lifeusa.org/no/tags/chicago","https://static.wixstatic.com/media/11062b_f4e3e7f537ff4762a1914aa14e3e36b9~mv2.png/v1/fill/w_28,h_28,al_c,q_85,usm_0.66_1.00_0.01,enc_avif,quality_auto/11062b_f4e3e7f537ff4762a1914aa14e3e36b9~mv2.png",""
"https://www.lifeusa.org/no/tags/usa","https://static.wixstatic.com/media/11062b_f4e3e7f537ff4762a1914aa14e3e36b9~mv2.png/v1/fill/w_28,h_28,al_c,q_85,usm_0.66_1.00_0.01,enc_avif,quality_auto/11062b_f4e3e7f537ff4762a1914aa14e3e36b9~mv2.png",""
"https://www.lifeusa.org/no/tags/philanthropy","https://static.wixstatic.com/media/11062b_f4e3e7f537ff4762a1914aa14e3e36b9~mv2.png/v1/fill/w_28,h_28,al_c,q_85,usm_0.66_1.00_0.01,enc_avif,quality_auto/11062b_f4e3e7f537ff4762a1914aa14e3e36b9~mv2.png",""
"https://www.lifeusa.org/no/tags/canada","https://static.wixstatic.com/media/11062b_f4e3e7f537ff4762a1914aa14e3e36b9~mv2.png/v1/fill/w_28,h_28,al_c,q_85,usm_0.66_1.00_0.01,enc_avif,quality_auto/11062b_f4e3e7f537ff4762a1914aa14e3e36b9~mv2.png",""
"https://www.lifeusa.org/no/hashtags/butterflyeffect","https://static.wixstatic.com/media/11062b_f4e3e7f537ff4762a1914aa14e3e36b9~mv2.png/v1/fill/w_28,h_28,al_c,q_85,usm_0.66_1.00_0.01,enc_avif,quality_auto/11062b_f4e3e7f537ff4762a1914aa14e3e36b9~mv2.png",""
"https://www.lifeusa.org/no/tags/life-blog","https://static.wixstatic.com/media/11062b_f4e3e7f537ff4762a1914aa14e3e36b9~mv2.png/v1/fill/w_28,h_28,al_c,q_85,usm_0.66_1.00_0.01,enc_avif,quality_auto/11062b_f4e3e7f537ff4762a1914aa14e3e36b9~mv2.png",""
"https://www.lifeusa.org/no/tags/england","https://static.wixstatic.com/media/11062b_f4e3e7f537ff4762a1914aa14e3e36b9~mv2.png/v1/fill/w_28,h_28,al_c,q_85,usm_0.66_1.00_0.01,enc_avif,quality_auto/11062b_f4e3e7f537ff4762a1914aa14e3e36b9~mv2.png",""
"https://www.lifeusa.org/no/tags/colorado","https://static.wixstatic.com/media/11062b_f4e3e7f537ff4762a1914aa14e3e36b9~mv2.png/v1/fill/w_28,h_28,al_c,q_85,usm_0.66_1.00_0.01,enc_avif,quality_auto/11062b_f4e3e7f537ff4762a1914aa14e3e36b9~mv2.png",""
"https://www.lifeusa.org/no/tags/charity","https://static.wixstatic.com/media/11062b_f4e3e7f537ff4762a1914aa14e3e36b9~mv2.png/v1/fill/w_28,h_28,al_c,q_85,usm_0.66_1.00_0.01,enc_avif,quality_auto/11062b_f4e3e7f537ff4762a1914aa14e3e36b9~mv2.png",""
"https://www.lifeusa.org/no/tags/maryland","https://static.wixstatic.com/media/11062b_f4e3e7f537ff4762a1914aa14e3e36b9~mv2.png/v1/fill/w_28,h_28,al_c,q_85,usm_0.66_1.00_0.01,enc_avif,quality_auto/11062b_f4e3e7f537ff4762a1914aa14e3e36b9~mv2.png",""
"https://www.lifeusa.org/no/tags/nyc","https://static.wixstatic.com/media/11062b_f4e3e7f537ff4762a1914aa14e3e36b9~mv2.png/v1/fill/w_28,h_28,al_c,q_85,usm_0.66_1.00_0.01,enc_avif,quality_auto/11062b_f4e3e7f537ff4762a1914aa14e3e36b9~mv2.png",""
"https://www.lifeusa.org/ukrainerelief","https://static.wixstatic.com/media/11062b_f4e3e7f537ff4762a1914aa14e3e36b9~mv2.png/v1/fill/w_28,h_28,al_c,q_85,usm_0.66_1.00_0.01,enc_avif,quality_auto/11062b_f4e3e7f537ff4762a1914aa14e3e36b9~mv2.png",""
"https://www.lifeusa.org/post/clean-water-restored-through-life-for-relief-and-development-life-s-water-well-projects-in-sierra","https://static.wixstatic.com/media/11062b_f4e3e7f537ff4762a1914aa14e3e36b9~mv2.png/v1/fill/w_28,h_28,al_c,q_85,usm_0.66_1.00_0.01,enc_avif,quality_auto/11062b_f4e3e7f537ff4762a1914aa14e3e36b9~mv2.png",""
"https://www.lifeusa.org/post/clean-water-new-possibilities-through-life-for-relief-and-development-life-s-water-well-projects","https://static.wixstatic.com/media/11062b_f4e3e7f537ff4762a1914aa14e3e36b9~mv2.png/v1/fill/w_28,h_28,al_c,q_85,usm_0.66_1.00_0.01,enc_avif,quality_auto/11062b_f4e3e7f537ff4762a1914aa14e3e36b9~mv2.png",""
"https://www.lifeusa.org/post/life-for-relief-and-development-life-s-orphan-sponsorship-supports-152-children-in-indonesia","https://static.wixstatic.com/media/11062b_f4e3e7f537ff4762a1914aa14e3e36b9~mv2.png/v1/fill/w_28,h_28,al_c,q_85,usm_0.66_1.00_0.01,enc_avif,quality_auto/11062b_f4e3e7f537ff4762a1914aa14e3e36b9~mv2.png",""
"https://www.lifeusa.org/post/clean-water-for-students-as-life-for-relief-and-development-life-installs-solar-water-wells-in-pak","https://static.wixstatic.com/media/11062b_f4e3e7f537ff4762a1914aa14e3e36b9~mv2.png/v1/fill/w_28,h_28,al_c,q_85,usm_0.66_1.00_0.01,enc_avif,quality_auto/11062b_f4e3e7f537ff4762a1914aa14e3e36b9~mv2.png",""
"https://www.lifeusa.org/post/life-builds-five-clean-water-projects-across-two-regions-in-myanmar","https://static.wixstatic.com/media/11062b_f4e3e7f537ff4762a1914aa14e3e36b9~mv2.png/v1/fill/w_28,h_28,al_c,q_85,usm_0.66_1.00_0.01,enc_avif,quality_auto/11062b_f4e3e7f537ff4762a1914aa14e3e36b9~mv2.png",""
"https://www.lifeusa.org/winterrelief","https://static.wixstatic.com/media/11062b_f4e3e7f537ff4762a1914aa14e3e36b9~mv2.png/v1/fill/w_28,h_28,al_c,q_85,usm_0.66_1.00_0.01,enc_avif,quality_auto/11062b_f4e3e7f537ff4762a1914aa14e3e36b9~mv2.png",""
"https://www.lifeusa.org/sudan-emergency-relief","https://static.wixstatic.com/media/11062b_f4e3e7f537ff4762a1914aa14e3e36b9~mv2.png/v1/fill/w_28,h_28,al_c,q_85,usm_0.66_1.00_0.01,enc_avif,quality_auto/11062b_f4e3e7f537ff4762a1914aa14e3e36b9~mv2.png",""
"https://www.lifeusa.org/no/tags/ukraine","https://static.wixstatic.com/media/11062b_f4e3e7f537ff4762a1914aa14e3e36b9~mv2.png/v1/fill/w_28,h_28,al_c,q_85,usm_0.66_1.00_0.01,enc_avif,quality_auto/11062b_f4e3e7f537ff4762a1914aa14e3e36b9~mv2.png",""
"https://www.lifeusa.org/no/tags/orphans","https://static.wixstatic.com/media/11062b_f4e3e7f537ff4762a1914aa14e3e36b9~mv2.png/v1/fill/w_28,h_28,al_c,q_85,usm_0.66_1.00_0.01,enc_avif,quality_auto/11062b_f4e3e7f537ff4762a1914aa14e3e36b9~mv2.png",""
"https://www.lifeusa.org/no/tags/palestine","https://static.wixstatic.com/media/11062b_f4e3e7f537ff4762a1914aa14e3e36b9~mv2.png/v1/fill/w_28,h_28,al_c,q_85,usm_0.66_1.00_0.01,enc_avif,quality_auto/11062b_f4e3e7f537ff4762a1914aa14e3e36b9~mv2.png",""
"https://www.lifeusa.org/no/tags/orphan-sponsorship","https://static.wixstatic.com/media/11062b_f4e3e7f537ff4762a1914aa14e3e36b9~mv2.png/v1/fill/w_28,h_28,al_c,q_85,usm_0.66_1.00_0.01,enc_avif,quality_auto/11062b_f4e3e7f537ff4762a1914aa14e3e36b9~mv2.png",""
"https://www.lifeusa.org/no/tags/syria-1","https://static.wixstatic.com/media/11062b_f4e3e7f537ff4762a1914aa14e3e36b9~mv2.png/v1/fill/w_28,h_28,al_c,q_85,usm_0.66_1.00_0.01,enc_avif,quality_auto/11062b_f4e3e7f537ff4762a1914aa14e3e36b9~mv2.png",""
"https://www.lifeusa.org/no/tags/war","https://static.wixstatic.com/media/11062b_f4e3e7f537ff4762a1914aa14e3e36b9~mv2.png/v1/fill/w_28,h_28,al_c,q_85,usm_0.66_1.00_0.01,enc_avif,quality_auto/11062b_f4e3e7f537ff4762a1914aa14e3e36b9~mv2.png",""
"https://www.lifeusa.org/no/tags/children","https://static.wixstatic.com/media/11062b_f4e3e7f537ff4762a1914aa14e3e36b9~mv2.png/v1/fill/w_28,h_28,al_c,q_85,usm_0.66_1.00_0.01,enc_avif,quality_auto/11062b_f4e3e7f537ff4762a1914aa14e3e36b9~mv2.png",""
"https://www.lifeusa.org/no/tags/refugee","https://static.wixstatic.com/media/11062b_f4e3e7f537ff4762a1914aa14e3e36b9~mv2.png/v1/fill/w_28,h_28,al_c,q_85,usm_0.66_1.00_0.01,enc_avif,quality_auto/11062b_f4e3e7f537ff4762a1914aa14e3e36b9~mv2.png",""
"https://www.lifeusa.org/post/life-hears-the-call-in-colorado","https://static.wixstatic.com/media/11062b_f4e3e7f537ff4762a1914aa14e3e36b9~mv2.png/v1/fill/w_28,h_28,al_c,q_85,usm_0.66_1.00_0.01,enc_avif,quality_auto/11062b_f4e3e7f537ff4762a1914aa14e3e36b9~mv2.png",""
"https://www.lifeusa.org/post/life-distributes-fresh-meat-in-texas","https://static.wixstatic.com/media/11062b_f4e3e7f537ff4762a1914aa14e3e36b9~mv2.png/v1/fill/w_28,h_28,al_c,q_85,usm_0.66_1.00_0.01,enc_avif,quality_auto/11062b_f4e3e7f537ff4762a1914aa14e3e36b9~mv2.png",""
"https://www.lifeusa.org/post/hearing-the-call-southwest-florida","https://static.wixstatic.com/media/11062b_f4e3e7f537ff4762a1914aa14e3e36b9~mv2.png/v1/fill/w_28,h_28,al_c,q_85,usm_0.66_1.00_0.01,enc_avif,quality_auto/11062b_f4e3e7f537ff4762a1914aa14e3e36b9~mv2.png",""
"https://www.lifeusa.org/post/life-provides-backpacks-to-foster-youth-in-the-united-states","https://static.wixstatic.com/media/11062b_f4e3e7f537ff4762a1914aa14e3e36b9~mv2.png/v1/fill/w_28,h_28,al_c,q_85,usm_0.66_1.00_0.01,enc_avif,quality_auto/11062b_f4e3e7f537ff4762a1914aa14e3e36b9~mv2.png",""
"https://www.lifeusa.org/post/refugee-asylum-seeker-immigrant-and-migrant-what-s-the-difference","https://static.wixstatic.com/media/11062b_f4e3e7f537ff4762a1914aa14e3e36b9~mv2.png/v1/fill/w_28,h_28,al_c,q_85,usm_0.66_1.00_0.01,enc_avif,quality_auto/11062b_f4e3e7f537ff4762a1914aa14e3e36b9~mv2.png",""
"https://www.lifeusa.org/post/the-biggest-charitable-contributions-in-the-u-s-2023","https://static.wixstatic.com/media/11062b_f4e3e7f537ff4762a1914aa14e3e36b9~mv2.png/v1/fill/w_28,h_28,al_c,q_85,usm_0.66_1.00_0.01,enc_avif,quality_auto/11062b_f4e3e7f537ff4762a1914aa14e3e36b9~mv2.png",""
"https://www.lifeusa.org/post/a-summer-of-forest-fires","https://static.wixstatic.com/media/11062b_f4e3e7f537ff4762a1914aa14e3e36b9~mv2.png/v1/fill/w_28,h_28,al_c,q_85,usm_0.66_1.00_0.01,enc_avif,quality_auto/11062b_f4e3e7f537ff4762a1914aa14e3e36b9~mv2.png",""
"https://www.lifeusa.org/post/queen-elizabeth-ii-a-lifetime-of-charity","https://static.wixstatic.com/media/11062b_f4e3e7f537ff4762a1914aa14e3e36b9~mv2.png/v1/fill/w_28,h_28,al_c,q_85,usm_0.66_1.00_0.01,enc_avif,quality_auto/11062b_f4e3e7f537ff4762a1914aa14e3e36b9~mv2.png",""
"https://www.lifeusa.org/post/food-packages-maryland","https://static.wixstatic.com/media/11062b_f4e3e7f537ff4762a1914aa14e3e36b9~mv2.png/v1/fill/w_28,h_28,al_c,q_85,usm_0.66_1.00_0.01,enc_avif,quality_auto/11062b_f4e3e7f537ff4762a1914aa14e3e36b9~mv2.png",""
"https://www.lifeusa.org/post/making-houses-into-homes","https://static.wixstatic.com/media/11062b_f4e3e7f537ff4762a1914aa14e3e36b9~mv2.png/v1/fill/w_28,h_28,al_c,q_85,usm_0.66_1.00_0.01,enc_avif,quality_auto/11062b_f4e3e7f537ff4762a1914aa14e3e36b9~mv2.png",""
"https://www.lifeusa.org/post/hearing-for-the-first-time-in-years","https://static.wixstatic.com/media/11062b_f4e3e7f537ff4762a1914aa14e3e36b9~mv2.png/v1/fill/w_28,h_28,al_c,q_85,usm_0.66_1.00_0.01,enc_avif,quality_auto/11062b_f4e3e7f537ff4762a1914aa14e3e36b9~mv2.png",""
"https://www.lifeusa.org/post/hearing-aids-colorado","https://static.wixstatic.com/media/11062b_f4e3e7f537ff4762a1914aa14e3e36b9~mv2.png/v1/fill/w_28,h_28,al_c,q_85,usm_0.66_1.00_0.01,enc_avif,quality_auto/11062b_f4e3e7f537ff4762a1914aa14e3e36b9~mv2.png",""
"https://www.lifeusa.org/gaza","https://static.wixstatic.com/media/11062b_f4e3e7f537ff4762a1914aa14e3e36b9~mv2.png/v1/fill/w_28,h_28,al_c,q_85,usm_0.66_1.00_0.01,enc_avif,quality_auto/11062b_f4e3e7f537ff4762a1914aa14e3e36b9~mv2.png",""
"https://www.lifeusa.org/post/life-distributes-water-tanks-to-families-in-the-gaza-strip","https://static.wixstatic.com/media/11062b_f4e3e7f537ff4762a1914aa14e3e36b9~mv2.png/v1/fill/w_28,h_28,al_c,q_85,usm_0.66_1.00_0.01,enc_avif,quality_auto/11062b_f4e3e7f537ff4762a1914aa14e3e36b9~mv2.png",""
"https://www.lifeusa.org/no/tags/syria","https://static.wixstatic.com/media/11062b_f4e3e7f537ff4762a1914aa14e3e36b9~mv2.png/v1/fill/w_28,h_28,al_c,q_85,usm_0.66_1.00_0.01,enc_avif,quality_auto/11062b_f4e3e7f537ff4762a1914aa14e3e36b9~mv2.png",""
"https://www.lifeusa.org/post/the-crucial-role-of-humanitarian-organizations-in-conflict-zones","https://static.wixstatic.com/media/11062b_f4e3e7f537ff4762a1914aa14e3e36b9~mv2.png/v1/fill/w_28,h_28,al_c,q_85,usm_0.66_1.00_0.01,enc_avif,quality_auto/11062b_f4e3e7f537ff4762a1914aa14e3e36b9~mv2.png",""
"https://www.lifeusa.org/post/life-continues-to-provide-emergency-aid-in-gaza","https://static.wixstatic.com/media/11062b_f4e3e7f537ff4762a1914aa14e3e36b9~mv2.png/v1/fill/w_28,h_28,al_c,q_85,usm_0.66_1.00_0.01,enc_avif,quality_auto/11062b_f4e3e7f537ff4762a1914aa14e3e36b9~mv2.png",""
"https://www.lifeusa.org/post/the-world-in-crisis-supporting-from-the-sidelines","https://static.wixstatic.com/media/11062b_f4e3e7f537ff4762a1914aa14e3e36b9~mv2.png/v1/fill/w_28,h_28,al_c,q_85,usm_0.66_1.00_0.01,enc_avif,quality_auto/11062b_f4e3e7f537ff4762a1914aa14e3e36b9~mv2.png",""
"https://www.lifeusa.org/post/it-s-okay-to-cry-the-ukrainian-refugee-mental-health-crisis","https://static.wixstatic.com/media/11062b_f4e3e7f537ff4762a1914aa14e3e36b9~mv2.png/v1/fill/w_28,h_28,al_c,q_85,usm_0.66_1.00_0.01,enc_avif,quality_auto/11062b_f4e3e7f537ff4762a1914aa14e3e36b9~mv2.png",""
"https://www.lifeusa.org/post/walk-532-59-miles-in-the-shoes-of-a-ukrainian-refugee","https://static.wixstatic.com/media/11062b_f4e3e7f537ff4762a1914aa14e3e36b9~mv2.png/v1/fill/w_28,h_28,al_c,q_85,usm_0.66_1.00_0.01,enc_avif,quality_auto/11062b_f4e3e7f537ff4762a1914aa14e3e36b9~mv2.png",""
"https://www.lifeusa.org/post/let-them-play-life-gives-every-child-a-chance-to-be-a-child-at-the-global-orphan-eid-parties","https://static.wixstatic.com/media/11062b_f4e3e7f537ff4762a1914aa14e3e36b9~mv2.png/v1/fill/w_28,h_28,al_c,q_85,usm_0.66_1.00_0.01,enc_avif,quality_auto/11062b_f4e3e7f537ff4762a1914aa14e3e36b9~mv2.png",""
"https://www.lifeusa.org/post/life-provides-emergency-relief-to-gaza","https://static.wixstatic.com/media/11062b_f4e3e7f537ff4762a1914aa14e3e36b9~mv2.png/v1/fill/w_28,h_28,al_c,q_85,usm_0.66_1.00_0.01,enc_avif,quality_auto/11062b_f4e3e7f537ff4762a1914aa14e3e36b9~mv2.png",""
"https://www.lifeusa.org/post/a-4-year-old-s-bravery-in-gaza-ahmad-s-story","https://static.wixstatic.com/media/11062b_f4e3e7f537ff4762a1914aa14e3e36b9~mv2.png/v1/fill/w_28,h_28,al_c,q_85,usm_0.66_1.00_0.01,enc_avif,quality_auto/11062b_f4e3e7f537ff4762a1914aa14e3e36b9~mv2.png",""
"https://www.lifeusa.org/post/life-provides-emergency-relief-to-gaza-1","https://static.wixstatic.com/media/11062b_f4e3e7f537ff4762a1914aa14e3e36b9~mv2.png/v1/fill/w_28,h_28,al_c,q_85,usm_0.66_1.00_0.01,enc_avif,quality_auto/11062b_f4e3e7f537ff4762a1914aa14e3e36b9~mv2.png",""
"https://www.lifeusa.org/post/gaza-s-daily-bread-life-provides-relief-to-innocent-civilians","https://static.wixstatic.com/media/11062b_f4e3e7f537ff4762a1914aa14e3e36b9~mv2.png/v1/fill/w_28,h_28,al_c,q_85,usm_0.66_1.00_0.01,enc_avif,quality_auto/11062b_f4e3e7f537ff4762a1914aa14e3e36b9~mv2.png",""
"https://www.lifeusa.org/post/who-will-watch-over-the-orphans-of-gaza","https://static.wixstatic.com/media/11062b_f4e3e7f537ff4762a1914aa14e3e36b9~mv2.png/v1/fill/w_28,h_28,al_c,q_85,usm_0.66_1.00_0.01,enc_avif,quality_auto/11062b_f4e3e7f537ff4762a1914aa14e3e36b9~mv2.png",""
"https://www.lifeusa.org/post/aiding-in-gaza-s-shelter-crisis","https://static.wixstatic.com/media/11062b_f4e3e7f537ff4762a1914aa14e3e36b9~mv2.png/v1/fill/w_28,h_28,al_c,q_85,usm_0.66_1.00_0.01,enc_avif,quality_auto/11062b_f4e3e7f537ff4762a1914aa14e3e36b9~mv2.png",""
"https://www.lifeusa.org/post/the-leading-causes-of-orphans-today","https://static.wixstatic.com/media/11062b_f4e3e7f537ff4762a1914aa14e3e36b9~mv2.png/v1/fill/w_28,h_28,al_c,q_85,usm_0.66_1.00_0.01,enc_avif,quality_auto/11062b_f4e3e7f537ff4762a1914aa14e3e36b9~mv2.png",""
"https://www.lifeusa.org/post/life-for-relief-and-development-life-ambulance-and-distributed-aid-save-countless-lives-after-airs","https://static.wixstatic.com/media/11062b_f4e3e7f537ff4762a1914aa14e3e36b9~mv2.png/v1/fill/w_28,h_28,al_c,q_85,usm_0.66_1.00_0.01,enc_avif,quality_auto/11062b_f4e3e7f537ff4762a1914aa14e3e36b9~mv2.png",""
"https://www.lifeusa.org/post/what-causes-earthquakes-and-how-they-affect-people","https://static.wixstatic.com/media/11062b_f4e3e7f537ff4762a1914aa14e3e36b9~mv2.png/v1/fill/w_28,h_28,al_c,q_85,usm_0.66_1.00_0.01,enc_avif,quality_auto/11062b_f4e3e7f537ff4762a1914aa14e3e36b9~mv2.png",""
"https://www.lifeusa.org/post/no-assistance-in-their-time-of-need","https://static.wixstatic.com/media/11062b_f4e3e7f537ff4762a1914aa14e3e36b9~mv2.png/v1/fill/w_28,h_28,al_c,q_85,usm_0.66_1.00_0.01,enc_avif,quality_auto/11062b_f4e3e7f537ff4762a1914aa14e3e36b9~mv2.png",""
"https://www.lifeusa.org/post/life-s-education-initiatives-in-syria-generate-positive-outcomes-in-enrollment-and-graduation-rate-t","https://static.wixstatic.com/media/11062b_f4e3e7f537ff4762a1914aa14e3e36b9~mv2.png/v1/fill/w_28,h_28,al_c,q_85,usm_0.66_1.00_0.01,enc_avif,quality_auto/11062b_f4e3e7f537ff4762a1914aa14e3e36b9~mv2.png",""
"https://www.lifeusa.org/post/3-inspiring-ways-to-give-back-to-refugees-this-year","https://static.wixstatic.com/media/11062b_f4e3e7f537ff4762a1914aa14e3e36b9~mv2.png/v1/fill/w_28,h_28,al_c,q_85,usm_0.66_1.00_0.01,enc_avif,quality_auto/11062b_f4e3e7f537ff4762a1914aa14e3e36b9~mv2.png",""
"https://www.lifeusa.org/post/life-promotes-integrative-healthcare-for-rohingya-refugees-with-the-launch-of-vital-eye-care-clinic","https://static.wixstatic.com/media/11062b_f4e3e7f537ff4762a1914aa14e3e36b9~mv2.png/v1/fill/w_28,h_28,al_c,q_85,usm_0.66_1.00_0.01,enc_avif,quality_auto/11062b_f4e3e7f537ff4762a1914aa14e3e36b9~mv2.png",""
"https://www.lifeusa.org/no/tags/mental-health","https://static.wixstatic.com/media/11062b_f4e3e7f537ff4762a1914aa14e3e36b9~mv2.png/v1/fill/w_28,h_28,al_c,q_85,usm_0.66_1.00_0.01,enc_avif,quality_auto/11062b_f4e3e7f537ff4762a1914aa14e3e36b9~mv2.png",""
"https://www.lifeusa.org/no/tags/afghanistan","https://static.wixstatic.com/media/11062b_f4e3e7f537ff4762a1914aa14e3e36b9~mv2.png/v1/fill/w_28,h_28,al_c,q_85,usm_0.66_1.00_0.01,enc_avif,quality_auto/11062b_f4e3e7f537ff4762a1914aa14e3e36b9~mv2.png",""
"https://www.lifeusa.org/no/tags/earthquake","https://static.wixstatic.com/media/11062b_f4e3e7f537ff4762a1914aa14e3e36b9~mv2.png/v1/fill/w_28,h_28,al_c,q_85,usm_0.66_1.00_0.01,enc_avif,quality_auto/11062b_f4e3e7f537ff4762a1914aa14e3e36b9~mv2.png",""
"https://www.lifeusa.org/no/tags/emergency-relief","https://static.wixstatic.com/media/11062b_f4e3e7f537ff4762a1914aa14e3e36b9~mv2.png/v1/fill/w_28,h_28,al_c,q_85,usm_0.66_1.00_0.01,enc_avif,quality_auto/11062b_f4e3e7f537ff4762a1914aa14e3e36b9~mv2.png",""
"https://www.lifeusa.org/no/tags/gaza-1","https://static.wixstatic.com/media/11062b_f4e3e7f537ff4762a1914aa14e3e36b9~mv2.png/v1/fill/w_28,h_28,al_c,q_85,usm_0.66_1.00_0.01,enc_avif,quality_auto/11062b_f4e3e7f537ff4762a1914aa14e3e36b9~mv2.png",""
"https://www.lifeusa.org/no/tags/water-tanks","https://static.wixstatic.com/media/11062b_f4e3e7f537ff4762a1914aa14e3e36b9~mv2.png/v1/fill/w_28,h_28,al_c,q_85,usm_0.66_1.00_0.01,enc_avif,quality_auto/11062b_f4e3e7f537ff4762a1914aa14e3e36b9~mv2.png",""
"https://www.lifeusa.org/no/tags/community-development","https://static.wixstatic.com/media/11062b_f4e3e7f537ff4762a1914aa14e3e36b9~mv2.png/v1/fill/w_28,h_28,al_c,q_85,usm_0.66_1.00_0.01,enc_avif,quality_auto/11062b_f4e3e7f537ff4762a1914aa14e3e36b9~mv2.png",""
"https://www.lifeusa.org/no/tags/food-baskets","https://static.wixstatic.com/media/11062b_f4e3e7f537ff4762a1914aa14e3e36b9~mv2.png/v1/fill/w_28,h_28,al_c,q_85,usm_0.66_1.00_0.01,enc_avif,quality_auto/11062b_f4e3e7f537ff4762a1914aa14e3e36b9~mv2.png",""
"https://www.lifeusa.org/no/tags/queen-elizabeth","https://static.wixstatic.com/media/11062b_f4e3e7f537ff4762a1914aa14e3e36b9~mv2.png/v1/fill/w_28,h_28,al_c,q_85,usm_0.66_1.00_0.01,enc_avif,quality_auto/11062b_f4e3e7f537ff4762a1914aa14e3e36b9~mv2.png",""
"https://www.lifeusa.org/no/tags/fire","https://static.wixstatic.com/media/11062b_f4e3e7f537ff4762a1914aa14e3e36b9~mv2.png/v1/fill/w_28,h_28,al_c,q_85,usm_0.66_1.00_0.01,enc_avif,quality_auto/11062b_f4e3e7f537ff4762a1914aa14e3e36b9~mv2.png",""
"https://www.lifeusa.org/no/tags/forest-fire","https://static.wixstatic.com/media/11062b_f4e3e7f537ff4762a1914aa14e3e36b9~mv2.png/v1/fill/w_28,h_28,al_c,q_85,usm_0.66_1.00_0.01,enc_avif,quality_auto/11062b_f4e3e7f537ff4762a1914aa14e3e36b9~mv2.png",""
"https://www.lifeusa.org/no/tags/amazon","https://static.wixstatic.com/media/11062b_f4e3e7f537ff4762a1914aa14e3e36b9~mv2.png/v1/fill/w_28,h_28,al_c,q_85,usm_0.66_1.00_0.01,enc_avif,quality_auto/11062b_f4e3e7f537ff4762a1914aa14e3e36b9~mv2.png",""
"https://www.lifeusa.org/no/tags/jeff-bezos","https://static.wixstatic.com/media/11062b_f4e3e7f537ff4762a1914aa14e3e36b9~mv2.png/v1/fill/w_28,h_28,al_c,q_85,usm_0.66_1.00_0.01,enc_avif,quality_auto/11062b_f4e3e7f537ff4762a1914aa14e3e36b9~mv2.png",""
"https://www.lifeusa.org/no/tags/bill-gates","https://static.wixstatic.com/media/11062b_f4e3e7f537ff4762a1914aa14e3e36b9~mv2.png/v1/fill/w_28,h_28,al_c,q_85,usm_0.66_1.00_0.01,enc_avif,quality_auto/11062b_f4e3e7f537ff4762a1914aa14e3e36b9~mv2.png",""
"https://www.lifeusa.org/no/tags/refugee-assistance","https://static.wixstatic.com/media/11062b_f4e3e7f537ff4762a1914aa14e3e36b9~mv2.png/v1/fill/w_28,h_28,al_c,q_85,usm_0.66_1.00_0.01,enc_avif,quality_auto/11062b_f4e3e7f537ff4762a1914aa14e3e36b9~mv2.png",""
"https://www.lifeusa.org/no/tags/back-to-school","https://static.wixstatic.com/media/11062b_f4e3e7f537ff4762a1914aa14e3e36b9~mv2.png/v1/fill/w_28,h_28,al_c,q_85,usm_0.66_1.00_0.01,enc_avif,quality_auto/11062b_f4e3e7f537ff4762a1914aa14e3e36b9~mv2.png",""
"https://www.lifeusa.org/no/tags/florida","https://static.wixstatic.com/media/11062b_f4e3e7f537ff4762a1914aa14e3e36b9~mv2.png/v1/fill/w_28,h_28,al_c,q_85,usm_0.66_1.00_0.01,enc_avif,quality_auto/11062b_f4e3e7f537ff4762a1914aa14e3e36b9~mv2.png",""
"https://www.lifeusa.org/no/tags/hearing-aids","https://static.wixstatic.com/media/11062b_f4e3e7f537ff4762a1914aa14e3e36b9~mv2.png/v1/fill/w_28,h_28,al_c,q_85,usm_0.66_1.00_0.01,enc_avif,quality_auto/11062b_f4e3e7f537ff4762a1914aa14e3e36b9~mv2.png",""
"https://www.lifeusa.org/no/tags/texas","https://static.wixstatic.com/media/11062b_f4e3e7f537ff4762a1914aa14e3e36b9~mv2.png/v1/fill/w_28,h_28,al_c,q_85,usm_0.66_1.00_0.01,enc_avif,quality_auto/11062b_f4e3e7f537ff4762a1914aa14e3e36b9~mv2.png",""
"https://www.lifeusa.org/no/tags/rohingya","https://static.wixstatic.com/media/11062b_f4e3e7f537ff4762a1914aa14e3e36b9~mv2.png/v1/fill/w_28,h_28,al_c,q_85,usm_0.66_1.00_0.01,enc_avif,quality_auto/11062b_f4e3e7f537ff4762a1914aa14e3e36b9~mv2.png",""
"https://www.lifeusa.org/no/tags/health","https://static.wixstatic.com/media/11062b_f4e3e7f537ff4762a1914aa14e3e36b9~mv2.png/v1/fill/w_28,h_28,al_c,q_85,usm_0.66_1.00_0.01,enc_avif,quality_auto/11062b_f4e3e7f537ff4762a1914aa14e3e36b9~mv2.png",""
"https://www.lifeusa.org/no/tags/bangladesh-1","https://static.wixstatic.com/media/11062b_f4e3e7f537ff4762a1914aa14e3e36b9~mv2.png/v1/fill/w_28,h_28,al_c,q_85,usm_0.66_1.00_0.01,enc_avif,quality_auto/11062b_f4e3e7f537ff4762a1914aa14e3e36b9~mv2.png",""
"https://www.lifeusa.org/no/tags/education","https://static.wixstatic.com/media/11062b_f4e3e7f537ff4762a1914aa14e3e36b9~mv2.png/v1/fill/w_28,h_28,al_c,q_85,usm_0.66_1.00_0.01,enc_avif,quality_auto/11062b_f4e3e7f537ff4762a1914aa14e3e36b9~mv2.png",""
"https://www.lifeusa.org/no/tags/life-for-relief-and-development-usa","https://static.wixstatic.com/media/11062b_f4e3e7f537ff4762a1914aa14e3e36b9~mv2.png/v1/fill/w_28,h_28,al_c,q_85,usm_0.66_1.00_0.01,enc_avif,quality_auto/11062b_f4e3e7f537ff4762a1914aa14e3e36b9~mv2.png",""
"https://www.lifeusa.org/no/tags/turkey","https://static.wixstatic.com/media/11062b_f4e3e7f537ff4762a1914aa14e3e36b9~mv2.png/v1/fill/w_28,h_28,al_c,q_85,usm_0.66_1.00_0.01,enc_avif,quality_auto/11062b_f4e3e7f537ff4762a1914aa14e3e36b9~mv2.png",""
"https://www.lifeusa.org/no/tags/jordan","https://static.wixstatic.com/media/11062b_f4e3e7f537ff4762a1914aa14e3e36b9~mv2.png/v1/fill/w_28,h_28,al_c,q_85,usm_0.66_1.00_0.01,enc_avif,quality_auto/11062b_f4e3e7f537ff4762a1914aa14e3e36b9~mv2.png",""
"https://www.lifeusa.org/post/creating-beautiful-tomorrows-in-orphans-today","https://static.wixstatic.com/media/11062b_f4e3e7f537ff4762a1914aa14e3e36b9~mv2.png/v1/fill/w_28,h_28,al_c,q_85,usm_0.66_1.00_0.01,enc_avif,quality_auto/11062b_f4e3e7f537ff4762a1914aa14e3e36b9~mv2.png",""
"https://www.lifeusa.org/post/life-distributes-udhiyah-meat-in-jordan","https://static.wixstatic.com/media/11062b_f4e3e7f537ff4762a1914aa14e3e36b9~mv2.png/v1/fill/w_28,h_28,al_c,q_85,usm_0.66_1.00_0.01,enc_avif,quality_auto/11062b_f4e3e7f537ff4762a1914aa14e3e36b9~mv2.png",""
"https://www.lifeusa.org/post/life-s-orphan-sponsorship-program-in-lebanon-and-jordan","https://static.wixstatic.com/media/11062b_f4e3e7f537ff4762a1914aa14e3e36b9~mv2.png/v1/fill/w_28,h_28,al_c,q_85,usm_0.66_1.00_0.01,enc_avif,quality_auto/11062b_f4e3e7f537ff4762a1914aa14e3e36b9~mv2.png",""
"https://www.lifeusa.org/post/education-is-emancipation-empowering-women-today","https://static.wixstatic.com/media/11062b_f4e3e7f537ff4762a1914aa14e3e36b9~mv2.png/v1/fill/w_28,h_28,al_c,q_85,usm_0.66_1.00_0.01,enc_avif,quality_auto/11062b_f4e3e7f537ff4762a1914aa14e3e36b9~mv2.png",""
"https://www.lifeusa.org/no/tags/orphan","https://static.wixstatic.com/media/11062b_f4e3e7f537ff4762a1914aa14e3e36b9~mv2.png/v1/fill/w_28,h_28,al_c,q_85,usm_0.66_1.00_0.01,enc_avif,quality_auto/11062b_f4e3e7f537ff4762a1914aa14e3e36b9~mv2.png",""
"https://www.lifeusa.org/post/hearing-the-call-louisiana","https://static.wixstatic.com/media/11062b_f4e3e7f537ff4762a1914aa14e3e36b9~mv2.png/v1/fill/w_28,h_28,al_c,q_85,usm_0.66_1.00_0.01,enc_avif,quality_auto/11062b_f4e3e7f537ff4762a1914aa14e3e36b9~mv2.png",""
"https://www.lifeusa.org/post/back-to-school-in-kenya","https://static.wixstatic.com/media/11062b_f4e3e7f537ff4762a1914aa14e3e36b9~mv2.png/v1/fill/w_28,h_28,al_c,q_85,usm_0.66_1.00_0.01,enc_avif,quality_auto/11062b_f4e3e7f537ff4762a1914aa14e3e36b9~mv2.png",""
"https://www.lifeusa.org/post/back-to-school-project-haiti","https://static.wixstatic.com/media/11062b_f4e3e7f537ff4762a1914aa14e3e36b9~mv2.png/v1/fill/w_28,h_28,al_c,q_85,usm_0.66_1.00_0.01,enc_avif,quality_auto/11062b_f4e3e7f537ff4762a1914aa14e3e36b9~mv2.png",""
"https://www.lifeusa.org/post/back-to-school-iraq","https://static.wixstatic.com/media/11062b_f4e3e7f537ff4762a1914aa14e3e36b9~mv2.png/v1/fill/w_28,h_28,al_c,q_85,usm_0.66_1.00_0.01,enc_avif,quality_auto/11062b_f4e3e7f537ff4762a1914aa14e3e36b9~mv2.png",""
"https://www.lifeusa.org/post/food-baskets-in-bangladesh","https://static.wixstatic.com/media/11062b_f4e3e7f537ff4762a1914aa14e3e36b9~mv2.png/v1/fill/w_28,h_28,al_c,q_85,usm_0.66_1.00_0.01,enc_avif,quality_auto/11062b_f4e3e7f537ff4762a1914aa14e3e36b9~mv2.png",""
"https://www.lifeusa.org/post/the-story-of-resilience-and-hope-life-brings-joy-to-al-islah-village-in-iraq","https://static.wixstatic.com/media/11062b_f4e3e7f537ff4762a1914aa14e3e36b9~mv2.png/v1/fill/w_28,h_28,al_c,q_85,usm_0.66_1.00_0.01,enc_avif,quality_auto/11062b_f4e3e7f537ff4762a1914aa14e3e36b9~mv2.png",""
"https://www.lifeusa.org/post/life-distributes-ramadan-food-baskets-in-lebanon","https://static.wixstatic.com/media/11062b_f4e3e7f537ff4762a1914aa14e3e36b9~mv2.png/v1/fill/w_28,h_28,al_c,q_85,usm_0.66_1.00_0.01,enc_avif,quality_auto/11062b_f4e3e7f537ff4762a1914aa14e3e36b9~mv2.png",""
"https://www.lifeusa.org/post/discovering-ramadan-2024-fasting-charity-and-spiritual-nourishment","https://static.wixstatic.com/media/11062b_f4e3e7f537ff4762a1914aa14e3e36b9~mv2.png/v1/fill/w_28,h_28,al_c,q_85,usm_0.66_1.00_0.01,enc_avif,quality_auto/11062b_f4e3e7f537ff4762a1914aa14e3e36b9~mv2.png",""
"https://www.lifeusa.org/post/united-against-hunger-life-for-relief-and-development-s-life-global-expansion-is-set-to-feed-mill","https://static.wixstatic.com/media/11062b_f4e3e7f537ff4762a1914aa14e3e36b9~mv2.png/v1/fill/w_28,h_28,al_c,q_85,usm_0.66_1.00_0.01,enc_avif,quality_auto/11062b_f4e3e7f537ff4762a1914aa14e3e36b9~mv2.png",""
"https://www.lifeusa.org/post/life-distributes-ramadan-food-baskets-in-the-horn-of-africa","https://static.wixstatic.com/media/11062b_f4e3e7f537ff4762a1914aa14e3e36b9~mv2.png/v1/fill/w_28,h_28,al_c,q_85,usm_0.66_1.00_0.01,enc_avif,quality_auto/11062b_f4e3e7f537ff4762a1914aa14e3e36b9~mv2.png",""
"https://www.lifeusa.org/post/life-distributes-food-baskets-during-ramadan-in-bosnia","https://static.wixstatic.com/media/11062b_f4e3e7f537ff4762a1914aa14e3e36b9~mv2.png/v1/fill/w_28,h_28,al_c,q_85,usm_0.66_1.00_0.01,enc_avif,quality_auto/11062b_f4e3e7f537ff4762a1914aa14e3e36b9~mv2.png",""
"https://www.lifeusa.org/post/life-distributes-ramadan-food-baskets-in-haiti","https://static.wixstatic.com/media/11062b_f4e3e7f537ff4762a1914aa14e3e36b9~mv2.png/v1/fill/w_28,h_28,al_c,q_85,usm_0.66_1.00_0.01,enc_avif,quality_auto/11062b_f4e3e7f537ff4762a1914aa14e3e36b9~mv2.png",""
"https://www.lifeusa.org/post/life-provides-food-baskets-to-orphans-in-iraq","https://static.wixstatic.com/media/11062b_f4e3e7f537ff4762a1914aa14e3e36b9~mv2.png/v1/fill/w_28,h_28,al_c,q_85,usm_0.66_1.00_0.01,enc_avif,quality_auto/11062b_f4e3e7f537ff4762a1914aa14e3e36b9~mv2.png",""
"https://www.lifeusa.org/post/why-giving-makes-you-wealthier","https://static.wixstatic.com/media/11062b_f4e3e7f537ff4762a1914aa14e3e36b9~mv2.png/v1/fill/w_28,h_28,al_c,q_85,usm_0.66_1.00_0.01,enc_avif,quality_auto/11062b_f4e3e7f537ff4762a1914aa14e3e36b9~mv2.png",""
"https://www.lifeusa.org/post/sports-field-rehabilitation-in-iraq","https://static.wixstatic.com/media/11062b_f4e3e7f537ff4762a1914aa14e3e36b9~mv2.png/v1/fill/w_28,h_28,al_c,q_85,usm_0.66_1.00_0.01,enc_avif,quality_auto/11062b_f4e3e7f537ff4762a1914aa14e3e36b9~mv2.png",""
"https://www.lifeusa.org/post/furniture-for-new-horizon-s-ministries","https://static.wixstatic.com/media/11062b_f4e3e7f537ff4762a1914aa14e3e36b9~mv2.png/v1/fill/w_28,h_28,al_c,q_85,usm_0.66_1.00_0.01,enc_avif,quality_auto/11062b_f4e3e7f537ff4762a1914aa14e3e36b9~mv2.png",""
"https://www.lifeusa.org/post/unprecedented-flooding-in-libya-a-call-for-global-solidarity-and-action","https://static.wixstatic.com/media/11062b_f4e3e7f537ff4762a1914aa14e3e36b9~mv2.png/v1/fill/w_28,h_28,al_c,q_85,usm_0.66_1.00_0.01,enc_avif,quality_auto/11062b_f4e3e7f537ff4762a1914aa14e3e36b9~mv2.png",""
"https://www.lifeusa.org/post/how-your-donations-are-reaching-gaza-s-desperate-families-despite-all-odds","https://static.wixstatic.com/media/11062b_f4e3e7f537ff4762a1914aa14e3e36b9~mv2.png/v1/fill/w_28,h_28,al_c,q_85,usm_0.66_1.00_0.01,enc_avif,quality_auto/11062b_f4e3e7f537ff4762a1914aa14e3e36b9~mv2.png",""
"https://www.lifeusa.org/post/what-to-expect-and-how-to-prepare-for-hurricane-ian","https://static.wixstatic.com/media/11062b_f4e3e7f537ff4762a1914aa14e3e36b9~mv2.png/v1/fill/w_28,h_28,al_c,q_85,usm_0.66_1.00_0.01,enc_avif,quality_auto/11062b_f4e3e7f537ff4762a1914aa14e3e36b9~mv2.png",""
"https://www.lifeusa.org/post/eastern-africa-is-on-fire","https://static.wixstatic.com/media/11062b_f4e3e7f537ff4762a1914aa14e3e36b9~mv2.png/v1/fill/w_28,h_28,al_c,q_85,usm_0.66_1.00_0.01,enc_avif,quality_auto/11062b_f4e3e7f537ff4762a1914aa14e3e36b9~mv2.png",""
"https://www.lifeusa.org/post/stuck-between-burning-fire-and-freezing-ice","https://static.wixstatic.com/media/11062b_f4e3e7f537ff4762a1914aa14e3e36b9~mv2.png/v1/fill/w_28,h_28,al_c,q_85,usm_0.66_1.00_0.01,enc_avif,quality_auto/11062b_f4e3e7f537ff4762a1914aa14e3e36b9~mv2.png",""
"https://www.lifeusa.org/post/be-the-light-this-thanksgiving","https://static.wixstatic.com/media/11062b_f4e3e7f537ff4762a1914aa14e3e36b9~mv2.png/v1/fill/w_28,h_28,al_c,q_85,usm_0.66_1.00_0.01,enc_avif,quality_auto/11062b_f4e3e7f537ff4762a1914aa14e3e36b9~mv2.png",""
"https://www.lifeusa.org/post/behind-the-label-refugee","https://static.wixstatic.com/media/11062b_f4e3e7f537ff4762a1914aa14e3e36b9~mv2.png/v1/fill/w_28,h_28,al_c,q_85,usm_0.66_1.00_0.01,enc_avif,quality_auto/11062b_f4e3e7f537ff4762a1914aa14e3e36b9~mv2.png",""
"https://www.lifeusa.org/no/tags/thanksgiving","https://static.wixstatic.com/media/11062b_f4e3e7f537ff4762a1914aa14e3e36b9~mv2.png/v1/fill/w_28,h_28,al_c,q_85,usm_0.66_1.00_0.01,enc_avif,quality_auto/11062b_f4e3e7f537ff4762a1914aa14e3e36b9~mv2.png",""
"https://www.lifeusa.org/no/tags/winter-warmth","https://static.wixstatic.com/media/11062b_f4e3e7f537ff4762a1914aa14e3e36b9~mv2.png/v1/fill/w_28,h_28,al_c,q_85,usm_0.66_1.00_0.01,enc_avif,quality_auto/11062b_f4e3e7f537ff4762a1914aa14e3e36b9~mv2.png",""
"https://www.lifeusa.org/post/life-distributes-udhiyah-meat-in-afghanistan","https://static.wixstatic.com/media/11062b_f4e3e7f537ff4762a1914aa14e3e36b9~mv2.png/v1/fill/w_28,h_28,al_c,q_85,usm_0.66_1.00_0.01,enc_avif,quality_auto/11062b_f4e3e7f537ff4762a1914aa14e3e36b9~mv2.png",""
"https://www.lifeusa.org/no/tags/somalia-1","https://static.wixstatic.com/media/11062b_f4e3e7f537ff4762a1914aa14e3e36b9~mv2.png/v1/fill/w_28,h_28,al_c,q_85,usm_0.66_1.00_0.01,enc_avif,quality_auto/11062b_f4e3e7f537ff4762a1914aa14e3e36b9~mv2.png",""
"https://www.lifeusa.org/no/tags/seasonal-projects","https://static.wixstatic.com/media/11062b_f4e3e7f537ff4762a1914aa14e3e36b9~mv2.png/v1/fill/w_28,h_28,al_c,q_85,usm_0.66_1.00_0.01,enc_avif,quality_auto/11062b_f4e3e7f537ff4762a1914aa14e3e36b9~mv2.png",""
"https://www.lifeusa.org/no/tags/hurricane-ian","https://static.wixstatic.com/media/11062b_f4e3e7f537ff4762a1914aa14e3e36b9~mv2.png/v1/fill/w_28,h_28,al_c,q_85,usm_0.66_1.00_0.01,enc_avif,quality_auto/11062b_f4e3e7f537ff4762a1914aa14e3e36b9~mv2.png",""
"https://www.lifeusa.org/no/tags/hurricane","https://static.wixstatic.com/media/11062b_f4e3e7f537ff4762a1914aa14e3e36b9~mv2.png/v1/fill/w_28,h_28,al_c,q_85,usm_0.66_1.00_0.01,enc_avif,quality_auto/11062b_f4e3e7f537ff4762a1914aa14e3e36b9~mv2.png",""
"https://www.lifeusa.org/no/tags/charity-builds-wealth","https://static.wixstatic.com/media/11062b_f4e3e7f537ff4762a1914aa14e3e36b9~mv2.png/v1/fill/w_28,h_28,al_c,q_85,usm_0.66_1.00_0.01,enc_avif,quality_auto/11062b_f4e3e7f537ff4762a1914aa14e3e36b9~mv2.png",""
"https://www.lifeusa.org/no/tags/iraq-1","https://static.wixstatic.com/media/11062b_f4e3e7f537ff4762a1914aa14e3e36b9~mv2.png/v1/fill/w_28,h_28,al_c,q_85,usm_0.66_1.00_0.01,enc_avif,quality_auto/11062b_f4e3e7f537ff4762a1914aa14e3e36b9~mv2.png",""
"https://www.lifeusa.org/no/tags/furniture","https://static.wixstatic.com/media/11062b_f4e3e7f537ff4762a1914aa14e3e36b9~mv2.png/v1/fill/w_28,h_28,al_c,q_85,usm_0.66_1.00_0.01,enc_avif,quality_auto/11062b_f4e3e7f537ff4762a1914aa14e3e36b9~mv2.png",""
"https://www.lifeusa.org/no/tags/libya","https://static.wixstatic.com/media/11062b_f4e3e7f537ff4762a1914aa14e3e36b9~mv2.png/v1/fill/w_28,h_28,al_c,q_85,usm_0.66_1.00_0.01,enc_avif,quality_auto/11062b_f4e3e7f537ff4762a1914aa14e3e36b9~mv2.png",""
"https://www.lifeusa.org/no/tags/ethiopia","https://static.wixstatic.com/media/11062b_f4e3e7f537ff4762a1914aa14e3e36b9~mv2.png/v1/fill/w_28,h_28,al_c,q_85,usm_0.66_1.00_0.01,enc_avif,quality_auto/11062b_f4e3e7f537ff4762a1914aa14e3e36b9~mv2.png",""
"https://www.lifeusa.org/no/tags/sudan","https://static.wixstatic.com/media/11062b_f4e3e7f537ff4762a1914aa14e3e36b9~mv2.png/v1/fill/w_28,h_28,al_c,q_85,usm_0.66_1.00_0.01,enc_avif,quality_auto/11062b_f4e3e7f537ff4762a1914aa14e3e36b9~mv2.png",""
"https://www.lifeusa.org/no/tags/bosnia","https://static.wixstatic.com/media/11062b_f4e3e7f537ff4762a1914aa14e3e36b9~mv2.png/v1/fill/w_28,h_28,al_c,q_85,usm_0.66_1.00_0.01,enc_avif,quality_auto/11062b_f4e3e7f537ff4762a1914aa14e3e36b9~mv2.png",""
"https://www.lifeusa.org/no/tags/uganda","https://static.wixstatic.com/media/11062b_f4e3e7f537ff4762a1914aa14e3e36b9~mv2.png/v1/fill/w_28,h_28,al_c,q_85,usm_0.66_1.00_0.01,enc_avif,quality_auto/11062b_f4e3e7f537ff4762a1914aa14e3e36b9~mv2.png",""
"https://www.lifeusa.org/no/tags/djibouti","https://static.wixstatic.com/media/11062b_f4e3e7f537ff4762a1914aa14e3e36b9~mv2.png/v1/fill/w_28,h_28,al_c,q_85,usm_0.66_1.00_0.01,enc_avif,quality_auto/11062b_f4e3e7f537ff4762a1914aa14e3e36b9~mv2.png",""
"https://www.lifeusa.org/no/tags/south-sudan","https://static.wixstatic.com/media/11062b_f4e3e7f537ff4762a1914aa14e3e36b9~mv2.png/v1/fill/w_28,h_28,al_c,q_85,usm_0.66_1.00_0.01,enc_avif,quality_auto/11062b_f4e3e7f537ff4762a1914aa14e3e36b9~mv2.png",""
"https://www.lifeusa.org/no/tags/somalia","https://static.wixstatic.com/media/11062b_f4e3e7f537ff4762a1914aa14e3e36b9~mv2.png/v1/fill/w_28,h_28,al_c,q_85,usm_0.66_1.00_0.01,enc_avif,quality_auto/11062b_f4e3e7f537ff4762a1914aa14e3e36b9~mv2.png",""
"https://www.lifeusa.org/no/tags/eritrea","https://static.wixstatic.com/media/11062b_f4e3e7f537ff4762a1914aa14e3e36b9~mv2.png/v1/fill/w_28,h_28,al_c,q_85,usm_0.66_1.00_0.01,enc_avif,quality_auto/11062b_f4e3e7f537ff4762a1914aa14e3e36b9~mv2.png",""
"https://www.lifeusa.org/no/tags/ramadan","https://static.wixstatic.com/media/11062b_f4e3e7f537ff4762a1914aa14e3e36b9~mv2.png/v1/fill/w_28,h_28,al_c,q_85,usm_0.66_1.00_0.01,enc_avif,quality_auto/11062b_f4e3e7f537ff4762a1914aa14e3e36b9~mv2.png",""
"https://www.lifeusa.org/no/tags/bangladesh","https://static.wixstatic.com/media/11062b_f4e3e7f537ff4762a1914aa14e3e36b9~mv2.png/v1/fill/w_28,h_28,al_c,q_85,usm_0.66_1.00_0.01,enc_avif,quality_auto/11062b_f4e3e7f537ff4762a1914aa14e3e36b9~mv2.png",""
"https://www.lifeusa.org/no/tags/iraq","https://static.wixstatic.com/media/11062b_f4e3e7f537ff4762a1914aa14e3e36b9~mv2.png/v1/fill/w_28,h_28,al_c,q_85,usm_0.66_1.00_0.01,enc_avif,quality_auto/11062b_f4e3e7f537ff4762a1914aa14e3e36b9~mv2.png",""
"https://www.lifeusa.org/no/tags/haiti","https://static.wixstatic.com/media/11062b_f4e3e7f537ff4762a1914aa14e3e36b9~mv2.png/v1/fill/w_28,h_28,al_c,q_85,usm_0.66_1.00_0.01,enc_avif,quality_auto/11062b_f4e3e7f537ff4762a1914aa14e3e36b9~mv2.png",""
"https://www.lifeusa.org/no/tags/kenya","https://static.wixstatic.com/media/11062b_f4e3e7f537ff4762a1914aa14e3e36b9~mv2.png/v1/fill/w_28,h_28,al_c,q_85,usm_0.66_1.00_0.01,enc_avif,quality_auto/11062b_f4e3e7f537ff4762a1914aa14e3e36b9~mv2.png",""
"https://www.lifeusa.org/no/tags/national-women-s-month","https://static.wixstatic.com/media/11062b_f4e3e7f537ff4762a1914aa14e3e36b9~mv2.png/v1/fill/w_28,h_28,al_c,q_85,usm_0.66_1.00_0.01,enc_avif,quality_auto/11062b_f4e3e7f537ff4762a1914aa14e3e36b9~mv2.png",""
"https://www.lifeusa.org/no/tags/lebanon","https://static.wixstatic.com/media/11062b_f4e3e7f537ff4762a1914aa14e3e36b9~mv2.png/v1/fill/w_28,h_28,al_c,q_85,usm_0.66_1.00_0.01,enc_avif,quality_auto/11062b_f4e3e7f537ff4762a1914aa14e3e36b9~mv2.png",""
"https://www.lifeusa.org/no/tags/share","https://static.wixstatic.com/media/11062b_f4e3e7f537ff4762a1914aa14e3e36b9~mv2.png/v1/fill/w_28,h_28,al_c,q_85,usm_0.66_1.00_0.01,enc_avif,quality_auto/11062b_f4e3e7f537ff4762a1914aa14e3e36b9~mv2.png",""
"https://www.lifeusa.org/no/tags/udhiyah","https://static.wixstatic.com/media/11062b_f4e3e7f537ff4762a1914aa14e3e36b9~mv2.png/v1/fill/w_28,h_28,al_c,q_85,usm_0.66_1.00_0.01,enc_avif,quality_auto/11062b_f4e3e7f537ff4762a1914aa14e3e36b9~mv2.png",""
"https://www.lifeusa.org/post/winter-blankets-bangladesh","https://static.wixstatic.com/media/11062b_f4e3e7f537ff4762a1914aa14e3e36b9~mv2.png/v1/fill/w_28,h_28,al_c,q_85,usm_0.66_1.00_0.01,enc_avif,quality_auto/11062b_f4e3e7f537ff4762a1914aa14e3e36b9~mv2.png",""
"https://www.lifeusa.org/post/when-zakat-islamic-charity-almost-eradicated-poverty","https://static.wixstatic.com/media/11062b_f4e3e7f537ff4762a1914aa14e3e36b9~mv2.png/v1/fill/w_28,h_28,al_c,q_85,usm_0.66_1.00_0.01,enc_avif,quality_auto/11062b_f4e3e7f537ff4762a1914aa14e3e36b9~mv2.png",""
"https://www.lifeusa.org/post/life-distributes-ramadan-meals-in-mali","https://static.wixstatic.com/media/11062b_f4e3e7f537ff4762a1914aa14e3e36b9~mv2.png/v1/fill/w_28,h_28,al_c,q_85,usm_0.66_1.00_0.01,enc_avif,quality_auto/11062b_f4e3e7f537ff4762a1914aa14e3e36b9~mv2.png",""
"https://www.lifeusa.org/post/pakistan-fresh-meat-distribution-and-orphan-eid-party","https://static.wixstatic.com/media/11062b_f4e3e7f537ff4762a1914aa14e3e36b9~mv2.png/v1/fill/w_28,h_28,al_c,q_85,usm_0.66_1.00_0.01,enc_avif,quality_auto/11062b_f4e3e7f537ff4762a1914aa14e3e36b9~mv2.png",""
"https://www.lifeusa.org/post/life-distributes-udhiyah-meat-in-egypt","https://static.wixstatic.com/media/11062b_f4e3e7f537ff4762a1914aa14e3e36b9~mv2.png/v1/fill/w_28,h_28,al_c,q_85,usm_0.66_1.00_0.01,enc_avif,quality_auto/11062b_f4e3e7f537ff4762a1914aa14e3e36b9~mv2.png",""
"https://www.lifeusa.org/post/life-distributes-fresh-meat-in-bosnia-and-herzegovina","https://static.wixstatic.com/media/11062b_f4e3e7f537ff4762a1914aa14e3e36b9~mv2.png/v1/fill/w_28,h_28,al_c,q_85,usm_0.66_1.00_0.01,enc_avif,quality_auto/11062b_f4e3e7f537ff4762a1914aa14e3e36b9~mv2.png",""
"https://www.lifeusa.org/post/life-distributes-fresh-meat-in-syria","https://static.wixstatic.com/media/11062b_f4e3e7f537ff4762a1914aa14e3e36b9~mv2.png/v1/fill/w_28,h_28,al_c,q_85,usm_0.66_1.00_0.01,enc_avif,quality_auto/11062b_f4e3e7f537ff4762a1914aa14e3e36b9~mv2.png",""
"https://www.lifeusa.org/post/life-distributes-ramadan-food-baskets-yemen","https://static.wixstatic.com/media/11062b_f4e3e7f537ff4762a1914aa14e3e36b9~mv2.png/v1/fill/w_28,h_28,al_c,q_85,usm_0.66_1.00_0.01,enc_avif,quality_auto/11062b_f4e3e7f537ff4762a1914aa14e3e36b9~mv2.png",""
"https://www.lifeusa.org/post/life-distributes-udhiyah-meat-in-somalia","https://static.wixstatic.com/media/11062b_f4e3e7f537ff4762a1914aa14e3e36b9~mv2.png/v1/fill/w_28,h_28,al_c,q_85,usm_0.66_1.00_0.01,enc_avif,quality_auto/11062b_f4e3e7f537ff4762a1914aa14e3e36b9~mv2.png",""
"https://www.lifeusa.org/post/life-distributes-fresh-meat-in-sudan","https://static.wixstatic.com/media/11062b_f4e3e7f537ff4762a1914aa14e3e36b9~mv2.png/v1/fill/w_28,h_28,al_c,q_85,usm_0.66_1.00_0.01,enc_avif,quality_auto/11062b_f4e3e7f537ff4762a1914aa14e3e36b9~mv2.png",""
"https://www.lifeusa.org/post/life-distributes-fresh-meat-in-djibouti","https://static.wixstatic.com/media/11062b_f4e3e7f537ff4762a1914aa14e3e36b9~mv2.png/v1/fill/w_28,h_28,al_c,q_85,usm_0.66_1.00_0.01,enc_avif,quality_auto/11062b_f4e3e7f537ff4762a1914aa14e3e36b9~mv2.png",""
"https://www.lifeusa.org/post/life-distributes-fresh-meat-in-ethiopia","https://static.wixstatic.com/media/11062b_f4e3e7f537ff4762a1914aa14e3e36b9~mv2.png/v1/fill/w_28,h_28,al_c,q_85,usm_0.66_1.00_0.01,enc_avif,quality_auto/11062b_f4e3e7f537ff4762a1914aa14e3e36b9~mv2.png",""
"https://www.lifeusa.org/no/tags/yemen","https://static.wixstatic.com/media/11062b_f4e3e7f537ff4762a1914aa14e3e36b9~mv2.png/v1/fill/w_28,h_28,al_c,q_85,usm_0.66_1.00_0.01,enc_avif,quality_auto/11062b_f4e3e7f537ff4762a1914aa14e3e36b9~mv2.png",""
"https://www.lifeusa.org/no/tags/bosnia-1","https://static.wixstatic.com/media/11062b_f4e3e7f537ff4762a1914aa14e3e36b9~mv2.png/v1/fill/w_28,h_28,al_c,q_85,usm_0.66_1.00_0.01,enc_avif,quality_auto/11062b_f4e3e7f537ff4762a1914aa14e3e36b9~mv2.png",""
"https://www.lifeusa.org/no/tags/egypt","https://static.wixstatic.com/media/11062b_f4e3e7f537ff4762a1914aa14e3e36b9~mv2.png/v1/fill/w_28,h_28,al_c,q_85,usm_0.66_1.00_0.01,enc_avif,quality_auto/11062b_f4e3e7f537ff4762a1914aa14e3e36b9~mv2.png",""
"https://www.lifeusa.org/post/what-is-udhiyah-qurbani-in-islam","https://static.wixstatic.com/media/11062b_f4e3e7f537ff4762a1914aa14e3e36b9~mv2.png/v1/fill/w_28,h_28,al_c,q_85,usm_0.66_1.00_0.01,enc_avif,quality_auto/11062b_f4e3e7f537ff4762a1914aa14e3e36b9~mv2.png",""
"https://www.lifeusa.org/no/tags/herzegovina","https://static.wixstatic.com/media/11062b_f4e3e7f537ff4762a1914aa14e3e36b9~mv2.png/v1/fill/w_28,h_28,al_c,q_85,usm_0.66_1.00_0.01,enc_avif,quality_auto/11062b_f4e3e7f537ff4762a1914aa14e3e36b9~mv2.png",""
"https://www.lifeusa.org/no/tags/fresh-meat","https://static.wixstatic.com/media/11062b_f4e3e7f537ff4762a1914aa14e3e36b9~mv2.png/v1/fill/w_28,h_28,al_c,q_85,usm_0.66_1.00_0.01,enc_avif,quality_auto/11062b_f4e3e7f537ff4762a1914aa14e3e36b9~mv2.png",""
"https://www.lifeusa.org/no/tags/pakistan-1","https://static.wixstatic.com/media/11062b_f4e3e7f537ff4762a1914aa14e3e36b9~mv2.png/v1/fill/w_28,h_28,al_c,q_85,usm_0.66_1.00_0.01,enc_avif,quality_auto/11062b_f4e3e7f537ff4762a1914aa14e3e36b9~mv2.png",""
"https://www.lifeusa.org/no/tags/eid","https://static.wixstatic.com/media/11062b_f4e3e7f537ff4762a1914aa14e3e36b9~mv2.png/v1/fill/w_28,h_28,al_c,q_85,usm_0.66_1.00_0.01,enc_avif,quality_auto/11062b_f4e3e7f537ff4762a1914aa14e3e36b9~mv2.png",""
"https://www.lifeusa.org/no/tags/orphan-1","https://static.wixstatic.com/media/11062b_f4e3e7f537ff4762a1914aa14e3e36b9~mv2.png/v1/fill/w_28,h_28,al_c,q_85,usm_0.66_1.00_0.01,enc_avif,quality_auto/11062b_f4e3e7f537ff4762a1914aa14e3e36b9~mv2.png",""
"https://www.lifeusa.org/no/tags/mali","https://static.wixstatic.com/media/11062b_f4e3e7f537ff4762a1914aa14e3e36b9~mv2.png/v1/fill/w_28,h_28,al_c,q_85,usm_0.66_1.00_0.01,enc_avif,quality_auto/11062b_f4e3e7f537ff4762a1914aa14e3e36b9~mv2.png",""
"https://www.lifeusa.org/no/tags/zakat","https://static.wixstatic.com/media/11062b_f4e3e7f537ff4762a1914aa14e3e36b9~mv2.png/v1/fill/w_28,h_28,al_c,q_85,usm_0.66_1.00_0.01,enc_avif,quality_auto/11062b_f4e3e7f537ff4762a1914aa14e3e36b9~mv2.png",""
"https://www.lifeusa.org/no/tags/winter","https://static.wixstatic.com/media/11062b_f4e3e7f537ff4762a1914aa14e3e36b9~mv2.png/v1/fill/w_28,h_28,al_c,q_85,usm_0.66_1.00_0.01,enc_avif,quality_auto/11062b_f4e3e7f537ff4762a1914aa14e3e36b9~mv2.png",""
"https://www.lifeusa.org/","https://static.wixstatic.com/media/6df904_56bae0daca894748954c5d479a52f0c8~mv2.png/v1/fill/w_980,h_217,al_c,q_85,usm_0.66_1.00_0.01,enc_avif,quality_auto/6df904_56bae0daca894748954c5d479a52f0c8~mv2.png",""
"https://www.lifeusa.org/","https://static.wixstatic.com/media/6df904_56bae0daca894748954c5d479a52f0c8~mv2.png/v1/fill/w_980,h_217,al_c,q_85,usm_0.66_1.00_0.01,enc_avif,quality_auto/6df904_56bae0daca894748954c5d479a52f0c8~mv2.png",""
"https://www.lifeusa.org/","https://static.wixstatic.com/media/6df904_b793d0c2e2764fafacc53740feaddc7e~mv2.jpg/v1/fill/w_495,h_508,al_c,q_80,enc_avif,quality_auto/6df904_b793d0c2e2764fafacc53740feaddc7e~mv2.jpg",""
"https://www.lifeusa.org/","https://static.wixstatic.com/media/6df904_b793d0c2e2764fafacc53740feaddc7e~mv2.jpg/v1/fill/w_495,h_508,al_c,q_80,enc_avif,quality_auto/6df904_b793d0c2e2764fafacc53740feaddc7e~mv2.jpg",""
"https://www.lifeusa.org/","https://static.wixstatic.com/media/6df904_56072279a592464c8eab54e908ba31d9~mv2.jpg/v1/fill/w_495,h_508,al_c,q_80,enc_avif,quality_auto/6df904_56072279a592464c8eab54e908ba31d9~mv2.jpg",""
"https://www.lifeusa.org/","https://static.wixstatic.com/media/6df904_56072279a592464c8eab54e908ba31d9~mv2.jpg/v1/fill/w_495,h_508,al_c,q_80,enc_avif,quality_auto/6df904_56072279a592464c8eab54e908ba31d9~mv2.jpg",""
"https://www.lifeusa.org/","https://static.wixstatic.com/media/6df904_e2ade14bcc314b7a9d7d05ec4426bb02~mv2.png/v1/fill/w_147,h_260,q_90,enc_avif,quality_auto/6df904_e2ade14bcc314b7a9d7d05ec4426bb02~mv2.png",""
"https://www.lifeusa.org/","https://static.wixstatic.com/media/6df904_5f47e8f8d7e4434888883330b7f7cb57~mv2.png/v1/fill/w_980,h_217,al_c,q_85,usm_0.66_1.00_0.01,enc_avif,quality_auto/6df904_5f47e8f8d7e4434888883330b7f7cb57~mv2.png",""
"https://www.lifeusa.org/","https://static.wixstatic.com/media/6df904_b89658f93f7d435b81bb92f57a906506~mv2.png/v1/fill/w_146,h_260,q_90,enc_avif,quality_auto/6df904_b89658f93f7d435b81bb92f57a906506~mv2.png",""
"https://www.lifeusa.org/","https://static.wixstatic.com/media/6df904_7d6faef668ef4455aa99979ab468c141~mv2.jpg/v1/fill/w_495,h_508,al_c,q_80,enc_avif,quality_auto/6df904_7d6faef668ef4455aa99979ab468c141~mv2.jpg",""
"https://www.lifeusa.org/","https://static.wixstatic.com/media/6df904_7d6faef668ef4455aa99979ab468c141~mv2.jpg/v1/fill/w_495,h_508,al_c,q_80,enc_avif,quality_auto/6df904_7d6faef668ef4455aa99979ab468c141~mv2.jpg",""
"https://www.lifeusa.org/","https://static.wixstatic.com/media/6df904_9fe524cf8526494c8a321c45252d2b29~mv2.jpg/v1/fill/w_495,h_508,al_c,q_80,enc_avif,quality_auto/6df904_9fe524cf8526494c8a321c45252d2b29~mv2.jpg",""
"https://www.lifeusa.org/","https://static.wixstatic.com/media/6df904_9fe524cf8526494c8a321c45252d2b29~mv2.jpg/v1/fill/w_495,h_508,al_c,q_80,enc_avif,quality_auto/6df904_9fe524cf8526494c8a321c45252d2b29~mv2.jpg",""
"https://www.lifeusa.org/","https://static.wixstatic.com/media/11062b_603340b7bcb14e7785c7b65b233cd9f9~mv2.png/v1/fill/w_28,h_28,al_c,q_85,usm_0.66_1.00_0.01,enc_avif,quality_auto/11062b_603340b7bcb14e7785c7b65b233cd9f9~mv2.png",""
"https://www.lifeusa.org/get-involved","https://static.wixstatic.com/media/11062b_603340b7bcb14e7785c7b65b233cd9f9~mv2.png/v1/fill/w_28,h_28,al_c,q_85,usm_0.66_1.00_0.01,enc_avif,quality_auto/11062b_603340b7bcb14e7785c7b65b233cd9f9~mv2.png",""
"https://www.lifeusa.org/about","https://static.wixstatic.com/media/11062b_603340b7bcb14e7785c7b65b233cd9f9~mv2.png/v1/fill/w_28,h_28,al_c,q_85,usm_0.66_1.00_0.01,enc_avif,quality_auto/11062b_603340b7bcb14e7785c7b65b233cd9f9~mv2.png",""
"https://www.lifeusa.org/financial-reports","https://static.wixstatic.com/media/11062b_603340b7bcb14e7785c7b65b233cd9f9~mv2.png/v1/fill/w_28,h_28,al_c,q_85,usm_0.66_1.00_0.01,enc_avif,quality_auto/11062b_603340b7bcb14e7785c7b65b233cd9f9~mv2.png",""
"https://www.lifeusa.org/post/the-global-environmental-crisis-water-climate-and-life-s-impact","https://static.wixstatic.com/media/11062b_603340b7bcb14e7785c7b65b233cd9f9~mv2.png/v1/fill/w_28,h_28,al_c,q_85,usm_0.66_1.00_0.01,enc_avif,quality_auto/11062b_603340b7bcb14e7785c7b65b233cd9f9~mv2.png",""
"https://www.lifeusa.org/board-members","https://static.wixstatic.com/media/11062b_603340b7bcb14e7785c7b65b233cd9f9~mv2.png/v1/fill/w_28,h_28,al_c,q_85,usm_0.66_1.00_0.01,enc_avif,quality_auto/11062b_603340b7bcb14e7785c7b65b233cd9f9~mv2.png",""
"https://www.lifeusa.org/annualreports","https://static.wixstatic.com/media/11062b_603340b7bcb14e7785c7b65b233cd9f9~mv2.png/v1/fill/w_28,h_28,al_c,q_85,usm_0.66_1.00_0.01,enc_avif,quality_auto/11062b_603340b7bcb14e7785c7b65b233cd9f9~mv2.png",""
"https://www.lifeusa.org/blogs","https://static.wixstatic.com/media/11062b_603340b7bcb14e7785c7b65b233cd9f9~mv2.png/v1/fill/w_28,h_28,al_c,q_85,usm_0.66_1.00_0.01,enc_avif,quality_auto/11062b_603340b7bcb14e7785c7b65b233cd9f9~mv2.png",""
"https://www.lifeusa.org/lebanon-emergency-relief","https://static.wixstatic.com/media/11062b_603340b7bcb14e7785c7b65b233cd9f9~mv2.png/v1/fill/w_28,h_28,al_c,q_85,usm_0.66_1.00_0.01,enc_avif,quality_auto/11062b_603340b7bcb14e7785c7b65b233cd9f9~mv2.png",""
"https://www.lifeusa.org/post/eid-al-adha-a-celebration-of-unity","https://static.wixstatic.com/media/11062b_603340b7bcb14e7785c7b65b233cd9f9~mv2.png/v1/fill/w_28,h_28,al_c,q_85,usm_0.66_1.00_0.01,enc_avif,quality_auto/11062b_603340b7bcb14e7785c7b65b233cd9f9~mv2.png",""
"https://www.lifeusa.org/media","https://static.wixstatic.com/media/11062b_603340b7bcb14e7785c7b65b233cd9f9~mv2.png/v1/fill/w_28,h_28,al_c,q_85,usm_0.66_1.00_0.01,enc_avif,quality_auto/11062b_603340b7bcb14e7785c7b65b233cd9f9~mv2.png",""
"https://www.lifeusa.org/privacy-policy","https://static.wixstatic.com/media/11062b_603340b7bcb14e7785c7b65b233cd9f9~mv2.png/v1/fill/w_28,h_28,al_c,q_85,usm_0.66_1.00_0.01,enc_avif,quality_auto/11062b_603340b7bcb14e7785c7b65b233cd9f9~mv2.png",""
"https://www.lifeusa.org/waystogive","https://static.wixstatic.com/media/11062b_603340b7bcb14e7785c7b65b233cd9f9~mv2.png/v1/fill/w_28,h_28,al_c,q_85,usm_0.66_1.00_0.01,enc_avif,quality_auto/11062b_603340b7bcb14e7785c7b65b233cd9f9~mv2.png",""
"https://www.lifeusa.org/programs","https://static.wixstatic.com/media/11062b_603340b7bcb14e7785c7b65b233cd9f9~mv2.png/v1/fill/w_28,h_28,al_c,q_85,usm_0.66_1.00_0.01,enc_avif,quality_auto/11062b_603340b7bcb14e7785c7b65b233cd9f9~mv2.png",""
"https://www.lifeusa.org/post/the-world-keeps-making-more-plastic-and-the-cost-is-human","https://static.wixstatic.com/media/11062b_603340b7bcb14e7785c7b65b233cd9f9~mv2.png/v1/fill/w_28,h_28,al_c,q_85,usm_0.66_1.00_0.01,enc_avif,quality_auto/11062b_603340b7bcb14e7785c7b65b233cd9f9~mv2.png",""
"https://www.lifeusa.org/post/children-in-crisis-the-psychological-toll-of-violence","https://static.wixstatic.com/media/11062b_603340b7bcb14e7785c7b65b233cd9f9~mv2.png/v1/fill/w_28,h_28,al_c,q_85,usm_0.66_1.00_0.01,enc_avif,quality_auto/11062b_603340b7bcb14e7785c7b65b233cd9f9~mv2.png",""
"https://www.lifeusa.org/volunteer","https://static.wixstatic.com/media/11062b_603340b7bcb14e7785c7b65b233cd9f9~mv2.png/v1/fill/w_28,h_28,al_c,q_85,usm_0.66_1.00_0.01,enc_avif,quality_auto/11062b_603340b7bcb14e7785c7b65b233cd9f9~mv2.png",""
"https://www.lifeusa.org/careers","https://static.wixstatic.com/media/11062b_603340b7bcb14e7785c7b65b233cd9f9~mv2.png/v1/fill/w_28,h_28,al_c,q_85,usm_0.66_1.00_0.01,enc_avif,quality_auto/11062b_603340b7bcb14e7785c7b65b233cd9f9~mv2.png",""
"https://www.lifeusa.org/fundraising","https://static.wixstatic.com/media/11062b_603340b7bcb14e7785c7b65b233cd9f9~mv2.png/v1/fill/w_28,h_28,al_c,q_85,usm_0.66_1.00_0.01,enc_avif,quality_auto/11062b_603340b7bcb14e7785c7b65b233cd9f9~mv2.png",""
"https://www.lifeusa.org/doublethedonation","https://static.wixstatic.com/media/11062b_603340b7bcb14e7785c7b65b233cd9f9~mv2.png/v1/fill/w_28,h_28,al_c,q_85,usm_0.66_1.00_0.01,enc_avif,quality_auto/11062b_603340b7bcb14e7785c7b65b233cd9f9~mv2.png",""
"https://www.lifeusa.org/no","https://static.wixstatic.com/media/11062b_603340b7bcb14e7785c7b65b233cd9f9~mv2.png/v1/fill/w_28,h_28,al_c,q_85,usm_0.66_1.00_0.01,enc_avif,quality_auto/11062b_603340b7bcb14e7785c7b65b233cd9f9~mv2.png",""
"https://www.lifeusa.org/no/categories/life-blog","https://static.wixstatic.com/media/11062b_603340b7bcb14e7785c7b65b233cd9f9~mv2.png/v1/fill/w_28,h_28,al_c,q_85,usm_0.66_1.00_0.01,enc_avif,quality_auto/11062b_603340b7bcb14e7785c7b65b233cd9f9~mv2.png",""
"https://www.lifeusa.org/no/categories/giving-charity","https://static.wixstatic.com/media/11062b_603340b7bcb14e7785c7b65b233cd9f9~mv2.png/v1/fill/w_28,h_28,al_c,q_85,usm_0.66_1.00_0.01,enc_avif,quality_auto/11062b_603340b7bcb14e7785c7b65b233cd9f9~mv2.png",""
"https://www.lifeusa.org/no/categories/reports","https://static.wixstatic.com/media/11062b_603340b7bcb14e7785c7b65b233cd9f9~mv2.png/v1/fill/w_28,h_28,al_c,q_85,usm_0.66_1.00_0.01,enc_avif,quality_auto/11062b_603340b7bcb14e7785c7b65b233cd9f9~mv2.png",""
"https://www.lifeusa.org/no/categories/tax-write-off","https://static.wixstatic.com/media/11062b_603340b7bcb14e7785c7b65b233cd9f9~mv2.png/v1/fill/w_28,h_28,al_c,q_85,usm_0.66_1.00_0.01,enc_avif,quality_auto/11062b_603340b7bcb14e7785c7b65b233cd9f9~mv2.png",""
"https://www.lifeusa.org/no/categories/philosophy","https://static.wixstatic.com/media/11062b_603340b7bcb14e7785c7b65b233cd9f9~mv2.png/v1/fill/w_28,h_28,al_c,q_85,usm_0.66_1.00_0.01,enc_avif,quality_auto/11062b_603340b7bcb14e7785c7b65b233cd9f9~mv2.png",""
"https://www.lifeusa.org/post/women-s-empowerment-the-key-to-solving-world-hunger","https://static.wixstatic.com/media/11062b_603340b7bcb14e7785c7b65b233cd9f9~mv2.png/v1/fill/w_28,h_28,al_c,q_85,usm_0.66_1.00_0.01,enc_avif,quality_auto/11062b_603340b7bcb14e7785c7b65b233cd9f9~mv2.png",""
"https://www.lifeusa.org/no/categories/purpose","https://static.wixstatic.com/media/11062b_603340b7bcb14e7785c7b65b233cd9f9~mv2.png/v1/fill/w_28,h_28,al_c,q_85,usm_0.66_1.00_0.01,enc_avif,quality_auto/11062b_603340b7bcb14e7785c7b65b233cd9f9~mv2.png",""
"https://www.lifeusa.org/post/one-dollar-can-change-someone-s-life","https://static.wixstatic.com/media/11062b_603340b7bcb14e7785c7b65b233cd9f9~mv2.png/v1/fill/w_28,h_28,al_c,q_85,usm_0.66_1.00_0.01,enc_avif,quality_auto/11062b_603340b7bcb14e7785c7b65b233cd9f9~mv2.png",""
"https://www.lifeusa.org/post/afghanistan-s-earthquake-stories-of-survival-and-relief","https://static.wixstatic.com/media/11062b_603340b7bcb14e7785c7b65b233cd9f9~mv2.png/v1/fill/w_28,h_28,al_c,q_85,usm_0.66_1.00_0.01,enc_avif,quality_auto/11062b_603340b7bcb14e7785c7b65b233cd9f9~mv2.png",""
"https://www.lifeusa.org/post/why-one-gift-means-the-world-to-an-orphaned-child","https://static.wixstatic.com/media/11062b_603340b7bcb14e7785c7b65b233cd9f9~mv2.png/v1/fill/w_28,h_28,al_c,q_85,usm_0.66_1.00_0.01,enc_avif,quality_auto/11062b_603340b7bcb14e7785c7b65b233cd9f9~mv2.png",""
"https://www.lifeusa.org/post/children-forced-to-sleep-in-cars-and-on-the-streets-as-over-800-000-are-displaced-in-lebanon","https://static.wixstatic.com/media/11062b_603340b7bcb14e7785c7b65b233cd9f9~mv2.png/v1/fill/w_28,h_28,al_c,q_85,usm_0.66_1.00_0.01,enc_avif,quality_auto/11062b_603340b7bcb14e7785c7b65b233cd9f9~mv2.png",""
"https://www.lifeusa.org/post/remembering-judge-frank-caprio-a-judge-who-redefined-leadership-through-compassion","https://static.wixstatic.com/media/11062b_603340b7bcb14e7785c7b65b233cd9f9~mv2.png/v1/fill/w_28,h_28,al_c,q_85,usm_0.66_1.00_0.01,enc_avif,quality_auto/11062b_603340b7bcb14e7785c7b65b233cd9f9~mv2.png",""
"https://www.lifeusa.org/post/over-6-5-hungry-in-somalia-why-your-giving-matters-now-more-than-ever","https://static.wixstatic.com/media/11062b_603340b7bcb14e7785c7b65b233cd9f9~mv2.png/v1/fill/w_28,h_28,al_c,q_85,usm_0.66_1.00_0.01,enc_avif,quality_auto/11062b_603340b7bcb14e7785c7b65b233cd9f9~mv2.png",""
"https://www.lifeusa.org/post/starvation-in-gaza-why-the-world-must-act-now-before-thousands-more-die","https://static.wixstatic.com/media/11062b_603340b7bcb14e7785c7b65b233cd9f9~mv2.png/v1/fill/w_28,h_28,al_c,q_85,usm_0.66_1.00_0.01,enc_avif,quality_auto/11062b_603340b7bcb14e7785c7b65b233cd9f9~mv2.png",""
"https://www.lifeusa.org/post/latest-cuts-to-humanitarian-aid-leave-millions-without-hope","https://static.wixstatic.com/media/11062b_603340b7bcb14e7785c7b65b233cd9f9~mv2.png/v1/fill/w_28,h_28,al_c,q_85,usm_0.66_1.00_0.01,enc_avif,quality_auto/11062b_603340b7bcb14e7785c7b65b233cd9f9~mv2.png",""
"https://www.lifeusa.org/legacy","https://static.wixstatic.com/media/11062b_603340b7bcb14e7785c7b65b233cd9f9~mv2.png/v1/fill/w_28,h_28,al_c,q_85,usm_0.66_1.00_0.01,enc_avif,quality_auto/11062b_603340b7bcb14e7785c7b65b233cd9f9~mv2.png",""
"https://www.lifeusa.org/copy-of-freewill-landing-page","https://static.wixstatic.com/media/11062b_603340b7bcb14e7785c7b65b233cd9f9~mv2.png/v1/fill/w_28,h_28,al_c,q_85,usm_0.66_1.00_0.01,enc_avif,quality_auto/11062b_603340b7bcb14e7785c7b65b233cd9f9~mv2.png",""
"https://www.lifeusa.org/newsletters","https://static.wixstatic.com/media/11062b_603340b7bcb14e7785c7b65b233cd9f9~mv2.png/v1/fill/w_28,h_28,al_c,q_85,usm_0.66_1.00_0.01,enc_avif,quality_auto/11062b_603340b7bcb14e7785c7b65b233cd9f9~mv2.png",""
"https://www.lifeusa.org/news","https://static.wixstatic.com/media/11062b_603340b7bcb14e7785c7b65b233cd9f9~mv2.png/v1/fill/w_28,h_28,al_c,q_85,usm_0.66_1.00_0.01,enc_avif,quality_auto/11062b_603340b7bcb14e7785c7b65b233cd9f9~mv2.png",""
"https://www.lifeusa.org/press","https://static.wixstatic.com/media/11062b_603340b7bcb14e7785c7b65b233cd9f9~mv2.png/v1/fill/w_28,h_28,al_c,q_85,usm_0.66_1.00_0.01,enc_avif,quality_auto/11062b_603340b7bcb14e7785c7b65b233cd9f9~mv2.png",""
"https://www.lifeusa.org/post/building-a-better-world-for-33-years","https://static.wixstatic.com/media/11062b_603340b7bcb14e7785c7b65b233cd9f9~mv2.png/v1/fill/w_28,h_28,al_c,q_85,usm_0.66_1.00_0.01,enc_avif,quality_auto/11062b_603340b7bcb14e7785c7b65b233cd9f9~mv2.png",""
"https://www.lifeusa.org/post/write-your-will-for-free-and-let-the-good-you-do-today-last-forever","https://static.wixstatic.com/media/11062b_603340b7bcb14e7785c7b65b233cd9f9~mv2.png/v1/fill/w_28,h_28,al_c,q_85,usm_0.66_1.00_0.01,enc_avif,quality_auto/11062b_603340b7bcb14e7785c7b65b233cd9f9~mv2.png",""
"https://www.lifeusa.org/post/charitable-giving-an-advantage-we-never-saw-coming-from-the-one-big-beautiful-bill-act","https://static.wixstatic.com/media/11062b_603340b7bcb14e7785c7b65b233cd9f9~mv2.png/v1/fill/w_28,h_28,al_c,q_85,usm_0.66_1.00_0.01,enc_avif,quality_auto/11062b_603340b7bcb14e7785c7b65b233cd9f9~mv2.png",""
"https://www.lifeusa.org/post/double-or-triple-your-donation-without-spending-more-through-life-for-relief-and-development-life","https://static.wixstatic.com/media/11062b_603340b7bcb14e7785c7b65b233cd9f9~mv2.png/v1/fill/w_28,h_28,al_c,q_85,usm_0.66_1.00_0.01,enc_avif,quality_auto/11062b_603340b7bcb14e7785c7b65b233cd9f9~mv2.png",""
"https://www.lifeusa.org/post/winter-flooding-in-gaza-leaves-families-cold-and-exhausted","https://static.wixstatic.com/media/11062b_603340b7bcb14e7785c7b65b233cd9f9~mv2.png/v1/fill/w_28,h_28,al_c,q_85,usm_0.66_1.00_0.01,enc_avif,quality_auto/11062b_603340b7bcb14e7785c7b65b233cd9f9~mv2.png",""
"https://www.lifeusa.org/post/school-supplies-could-be-the-key-to-ending-poverty","https://static.wixstatic.com/media/11062b_603340b7bcb14e7785c7b65b233cd9f9~mv2.png/v1/fill/w_28,h_28,al_c,q_85,usm_0.66_1.00_0.01,enc_avif,quality_auto/11062b_603340b7bcb14e7785c7b65b233cd9f9~mv2.png",""
"https://www.lifeusa.org/post/cold-kills-5-million-a-year-life-s-winter-aid-helps-prevent-this-tragedy","https://static.wixstatic.com/media/11062b_603340b7bcb14e7785c7b65b233cd9f9~mv2.png/v1/fill/w_28,h_28,al_c,q_85,usm_0.66_1.00_0.01,enc_avif,quality_auto/11062b_603340b7bcb14e7785c7b65b233cd9f9~mv2.png",""
"https://www.lifeusa.org/post/give-the-smart-way-stop-paying-taxes-on-stocks-and-receive-a-big-tax-deduction","https://static.wixstatic.com/media/11062b_603340b7bcb14e7785c7b65b233cd9f9~mv2.png/v1/fill/w_28,h_28,al_c,q_85,usm_0.66_1.00_0.01,enc_avif,quality_auto/11062b_603340b7bcb14e7785c7b65b233cd9f9~mv2.png",""
"https://www.lifeusa.org/post/health-for-all-how-life-is-closing-the-global-healthcare-gap","https://static.wixstatic.com/media/11062b_603340b7bcb14e7785c7b65b233cd9f9~mv2.png/v1/fill/w_28,h_28,al_c,q_85,usm_0.66_1.00_0.01,enc_avif,quality_auto/11062b_603340b7bcb14e7785c7b65b233cd9f9~mv2.png",""
"https://www.lifeusa.org/post/recognizing-everyday-leaders-and-heros-this-father-s-day-2025","https://static.wixstatic.com/media/11062b_603340b7bcb14e7785c7b65b233cd9f9~mv2.png/v1/fill/w_28,h_28,al_c,q_85,usm_0.66_1.00_0.01,enc_avif,quality_auto/11062b_603340b7bcb14e7785c7b65b233cd9f9~mv2.png",""
"https://www.lifeusa.org/post/she-was-buried-underground-for-13-years-then-she-heard-the-ocean","https://static.wixstatic.com/media/11062b_603340b7bcb14e7785c7b65b233cd9f9~mv2.png/v1/fill/w_28,h_28,al_c,q_85,usm_0.66_1.00_0.01,enc_avif,quality_auto/11062b_603340b7bcb14e7785c7b65b233cd9f9~mv2.png",""
"https://www.lifeusa.org/post/when-the-guadalupe-river-roared-texas-tested-with-devastation-and-loss","https://static.wixstatic.com/media/11062b_603340b7bcb14e7785c7b65b233cd9f9~mv2.png/v1/fill/w_28,h_28,al_c,q_85,usm_0.66_1.00_0.01,enc_avif,quality_auto/11062b_603340b7bcb14e7785c7b65b233cd9f9~mv2.png",""
"https://www.lifeusa.org/post/the-hidden-price-tag-of-fast-fashion-and-how-life-is-offering-sustainable-solutions-you-can-support","https://static.wixstatic.com/media/11062b_603340b7bcb14e7785c7b65b233cd9f9~mv2.png/v1/fill/w_28,h_28,al_c,q_85,usm_0.66_1.00_0.01,enc_avif,quality_auto/11062b_603340b7bcb14e7785c7b65b233cd9f9~mv2.png",""
"https://www.lifeusa.org/post/ramadan-a-place-for-everyone","https://static.wixstatic.com/media/11062b_603340b7bcb14e7785c7b65b233cd9f9~mv2.png/v1/fill/w_28,h_28,al_c,q_85,usm_0.66_1.00_0.01,enc_avif,quality_auto/11062b_603340b7bcb14e7785c7b65b233cd9f9~mv2.png",""
"https://www.lifeusa.org/post/a-step-by-step-guide-on-how-to-participate-in-ramadan","https://static.wixstatic.com/media/11062b_603340b7bcb14e7785c7b65b233cd9f9~mv2.png/v1/fill/w_28,h_28,al_c,q_85,usm_0.66_1.00_0.01,enc_avif,quality_auto/11062b_603340b7bcb14e7785c7b65b233cd9f9~mv2.png",""
"https://www.lifeusa.org/post/sick-kids-with-no-medicine-in-sight-how-life-is-restoring-healthcare-access-in-africa","https://static.wixstatic.com/media/11062b_603340b7bcb14e7785c7b65b233cd9f9~mv2.png/v1/fill/w_28,h_28,al_c,q_85,usm_0.66_1.00_0.01,enc_avif,quality_auto/11062b_603340b7bcb14e7785c7b65b233cd9f9~mv2.png",""
"https://www.lifeusa.org/post/as-middle-east-tensions-rise-families-face-uncertainty-and-compassion-matters-more","https://static.wixstatic.com/media/11062b_603340b7bcb14e7785c7b65b233cd9f9~mv2.png/v1/fill/w_28,h_28,al_c,q_85,usm_0.66_1.00_0.01,enc_avif,quality_auto/11062b_603340b7bcb14e7785c7b65b233cd9f9~mv2.png",""
"https://www.lifeusa.org/post/millions-hungry-and-displaced-why-the-sudan-crisis-requires-immediate-action","https://static.wixstatic.com/media/11062b_603340b7bcb14e7785c7b65b233cd9f9~mv2.png/v1/fill/w_28,h_28,al_c,q_85,usm_0.66_1.00_0.01,enc_avif,quality_auto/11062b_603340b7bcb14e7785c7b65b233cd9f9~mv2.png",""
"https://www.lifeusa.org/post/maximize-your-tax-write-off-with-charitable-giving-apps","https://static.wixstatic.com/media/11062b_603340b7bcb14e7785c7b65b233cd9f9~mv2.png/v1/fill/w_28,h_28,al_c,q_85,usm_0.66_1.00_0.01,enc_avif,quality_auto/11062b_603340b7bcb14e7785c7b65b233cd9f9~mv2.png",""
"https://www.lifeusa.org/post/when-life-becomes-art-finding-flow-purpose-and-the-joy-of-giving","https://static.wixstatic.com/media/11062b_603340b7bcb14e7785c7b65b233cd9f9~mv2.png/v1/fill/w_28,h_28,al_c,q_85,usm_0.66_1.00_0.01,enc_avif,quality_auto/11062b_603340b7bcb14e7785c7b65b233cd9f9~mv2.png",""
"https://www.lifeusa.org/post/how-violence-and-war-affect-children-worldwide-and-how-you-can-help","https://static.wixstatic.com/media/11062b_603340b7bcb14e7785c7b65b233cd9f9~mv2.png/v1/fill/w_28,h_28,al_c,q_85,usm_0.66_1.00_0.01,enc_avif,quality_auto/11062b_603340b7bcb14e7785c7b65b233cd9f9~mv2.png",""
"https://www.lifeusa.org/post/what-happens-when-you-can-t-see-in-a-refugee-camp","https://static.wixstatic.com/media/11062b_603340b7bcb14e7785c7b65b233cd9f9~mv2.png/v1/fill/w_28,h_28,al_c,q_85,usm_0.66_1.00_0.01,enc_avif,quality_auto/11062b_603340b7bcb14e7785c7b65b233cd9f9~mv2.png",""
"https://www.lifeusa.org/post/the-challenges-humanitarian-organizations-face-after-conflict-ends","https://static.wixstatic.com/media/11062b_603340b7bcb14e7785c7b65b233cd9f9~mv2.png/v1/fill/w_28,h_28,al_c,q_85,usm_0.66_1.00_0.01,enc_avif,quality_auto/11062b_603340b7bcb14e7785c7b65b233cd9f9~mv2.png",""
"https://www.lifeusa.org/post/the-power-of-listening-and-how-to-harness-it","https://static.wixstatic.com/media/11062b_603340b7bcb14e7785c7b65b233cd9f9~mv2.png/v1/fill/w_28,h_28,al_c,q_85,usm_0.66_1.00_0.01,enc_avif,quality_auto/11062b_603340b7bcb14e7785c7b65b233cd9f9~mv2.png",""
"https://www.lifeusa.org/post/monsoon-flood-in-northern-pakistan-takes-everything-from-villagers-life-usa-helps-families-rebuild","https://static.wixstatic.com/media/11062b_603340b7bcb14e7785c7b65b233cd9f9~mv2.png/v1/fill/w_28,h_28,al_c,q_85,usm_0.66_1.00_0.01,enc_avif,quality_auto/11062b_603340b7bcb14e7785c7b65b233cd9f9~mv2.png",""
"https://www.lifeusa.org/post/life-s-orphan-sponsorships-keep-children-warm-and-in-school-during-the-winter-months-in-pakistan","https://static.wixstatic.com/media/11062b_603340b7bcb14e7785c7b65b233cd9f9~mv2.png/v1/fill/w_28,h_28,al_c,q_85,usm_0.66_1.00_0.01,enc_avif,quality_auto/11062b_603340b7bcb14e7785c7b65b233cd9f9~mv2.png",""
"https://www.lifeusa.org/post/life-supports-mothers-and-orphans-in-gaza-with-critical-baby-formula-and-other-essentials","https://static.wixstatic.com/media/11062b_603340b7bcb14e7785c7b65b233cd9f9~mv2.png/v1/fill/w_28,h_28,al_c,q_85,usm_0.66_1.00_0.01,enc_avif,quality_auto/11062b_603340b7bcb14e7785c7b65b233cd9f9~mv2.png",""
"https://www.lifeusa.org/post/hope-returns-to-the-classroom-through-life-for-relief-and-development-life-s-orphan-sponsorship-in","https://static.wixstatic.com/media/11062b_603340b7bcb14e7785c7b65b233cd9f9~mv2.png/v1/fill/w_28,h_28,al_c,q_85,usm_0.66_1.00_0.01,enc_avif,quality_auto/11062b_603340b7bcb14e7785c7b65b233cd9f9~mv2.png",""
"https://www.lifeusa.org/post/with-life-water-wells-comes-a-renewed-stability-and-health-for-1-800-people-in-niger","https://static.wixstatic.com/media/11062b_603340b7bcb14e7785c7b65b233cd9f9~mv2.png/v1/fill/w_28,h_28,al_c,q_85,usm_0.66_1.00_0.01,enc_avif,quality_auto/11062b_603340b7bcb14e7785c7b65b233cd9f9~mv2.png",""
"https://www.lifeusa.org/post/in-a-tanzanian-village-water-finally-flows-close-to-home","https://static.wixstatic.com/media/11062b_603340b7bcb14e7785c7b65b233cd9f9~mv2.png/v1/fill/w_28,h_28,al_c,q_85,usm_0.66_1.00_0.01,enc_avif,quality_auto/11062b_603340b7bcb14e7785c7b65b233cd9f9~mv2.png",""
"https://www.lifeusa.org/post/life-continues-saving-lives-in-gaza-as-emergency-food-and-water-relief-reaches-thousands","https://static.wixstatic.com/media/11062b_603340b7bcb14e7785c7b65b233cd9f9~mv2.png/v1/fill/w_28,h_28,al_c,q_85,usm_0.66_1.00_0.01,enc_avif,quality_auto/11062b_603340b7bcb14e7785c7b65b233cd9f9~mv2.png",""
"https://www.lifeusa.org/post/life-supporting-orphans-families-gaza","https://static.wixstatic.com/media/11062b_603340b7bcb14e7785c7b65b233cd9f9~mv2.png/v1/fill/w_28,h_28,al_c,q_85,usm_0.66_1.00_0.01,enc_avif,quality_auto/11062b_603340b7bcb14e7785c7b65b233cd9f9~mv2.png",""
"https://www.lifeusa.org/post/fighting-hunger-in-somalia-life-for-relief-and-development-life-s-food-distribution-reaches-displ","https://static.wixstatic.com/media/11062b_603340b7bcb14e7785c7b65b233cd9f9~mv2.png/v1/fill/w_28,h_28,al_c,q_85,usm_0.66_1.00_0.01,enc_avif,quality_auto/11062b_603340b7bcb14e7785c7b65b233cd9f9~mv2.png",""
"https://www.lifeusa.org/post/life-for-relief-and-development-life-usa-restores-shelter-and-safety-for-8-050-displaced-individua","https://static.wixstatic.com/media/11062b_603340b7bcb14e7785c7b65b233cd9f9~mv2.png/v1/fill/w_28,h_28,al_c,q_85,usm_0.66_1.00_0.01,enc_avif,quality_auto/11062b_603340b7bcb14e7785c7b65b233cd9f9~mv2.png",""
"https://www.lifeusa.org/post/new-solar-powered-water-wells-bring-clean-water-to-3-300-people-in-pakistan","https://static.wixstatic.com/media/11062b_603340b7bcb14e7785c7b65b233cd9f9~mv2.png/v1/fill/w_28,h_28,al_c,q_85,usm_0.66_1.00_0.01,enc_avif,quality_auto/11062b_603340b7bcb14e7785c7b65b233cd9f9~mv2.png",""
"https://www.lifeusa.org/post/life-provides-medical-student-scholarships-in-the-west-bank","https://static.wixstatic.com/media/11062b_603340b7bcb14e7785c7b65b233cd9f9~mv2.png/v1/fill/w_28,h_28,al_c,q_85,usm_0.66_1.00_0.01,enc_avif,quality_auto/11062b_603340b7bcb14e7785c7b65b233cd9f9~mv2.png",""
"https://www.lifeusa.org/post/life-for-relief-and-development-protects-5-000-children-from-harsh-winter-conditions-in-gaza","https://static.wixstatic.com/media/11062b_603340b7bcb14e7785c7b65b233cd9f9~mv2.png/v1/fill/w_28,h_28,al_c,q_85,usm_0.66_1.00_0.01,enc_avif,quality_auto/11062b_603340b7bcb14e7785c7b65b233cd9f9~mv2.png",""
"https://www.lifeusa.org/post/life-for-relief-and-development-sustains-higher-education-in-syria","https://static.wixstatic.com/media/11062b_603340b7bcb14e7785c7b65b233cd9f9~mv2.png/v1/fill/w_28,h_28,al_c,q_85,usm_0.66_1.00_0.01,enc_avif,quality_auto/11062b_603340b7bcb14e7785c7b65b233cd9f9~mv2.png",""
"https://www.lifeusa.org/post/over-1-000-orphans-across-jordan-uplifted-through-life-sponsorship-program","https://static.wixstatic.com/media/11062b_603340b7bcb14e7785c7b65b233cd9f9~mv2.png/v1/fill/w_28,h_28,al_c,q_85,usm_0.66_1.00_0.01,enc_avif,quality_auto/11062b_603340b7bcb14e7785c7b65b233cd9f9~mv2.png",""
"https://www.lifeusa.org/post/life-for-relief-and-development-life-delivers-emergency-food-and-water-assistance-in-gaza-through","https://static.wixstatic.com/media/11062b_603340b7bcb14e7785c7b65b233cd9f9~mv2.png/v1/fill/w_28,h_28,al_c,q_85,usm_0.66_1.00_0.01,enc_avif,quality_auto/11062b_603340b7bcb14e7785c7b65b233cd9f9~mv2.png",""
"https://www.lifeusa.org/post/water-stops-being-a-daily-worry-for-two-communities-in-nepal","https://static.wixstatic.com/media/11062b_603340b7bcb14e7785c7b65b233cd9f9~mv2.png/v1/fill/w_28,h_28,al_c,q_85,usm_0.66_1.00_0.01,enc_avif,quality_auto/11062b_603340b7bcb14e7785c7b65b233cd9f9~mv2.png",""
"https://www.lifeusa.org/no/tags/chicago","https://static.wixstatic.com/media/11062b_603340b7bcb14e7785c7b65b233cd9f9~mv2.png/v1/fill/w_28,h_28,al_c,q_85,usm_0.66_1.00_0.01,enc_avif,quality_auto/11062b_603340b7bcb14e7785c7b65b233cd9f9~mv2.png",""
"https://www.lifeusa.org/no/tags/usa","https://static.wixstatic.com/media/11062b_603340b7bcb14e7785c7b65b233cd9f9~mv2.png/v1/fill/w_28,h_28,al_c,q_85,usm_0.66_1.00_0.01,enc_avif,quality_auto/11062b_603340b7bcb14e7785c7b65b233cd9f9~mv2.png",""
"https://www.lifeusa.org/no/tags/philanthropy","https://static.wixstatic.com/media/11062b_603340b7bcb14e7785c7b65b233cd9f9~mv2.png/v1/fill/w_28,h_28,al_c,q_85,usm_0.66_1.00_0.01,enc_avif,quality_auto/11062b_603340b7bcb14e7785c7b65b233cd9f9~mv2.png",""
"https://www.lifeusa.org/no/tags/canada","https://static.wixstatic.com/media/11062b_603340b7bcb14e7785c7b65b233cd9f9~mv2.png/v1/fill/w_28,h_28,al_c,q_85,usm_0.66_1.00_0.01,enc_avif,quality_auto/11062b_603340b7bcb14e7785c7b65b233cd9f9~mv2.png",""
"https://www.lifeusa.org/no/hashtags/butterflyeffect","https://static.wixstatic.com/media/11062b_603340b7bcb14e7785c7b65b233cd9f9~mv2.png/v1/fill/w_28,h_28,al_c,q_85,usm_0.66_1.00_0.01,enc_avif,quality_auto/11062b_603340b7bcb14e7785c7b65b233cd9f9~mv2.png",""
"https://www.lifeusa.org/no/tags/life-blog","https://static.wixstatic.com/media/11062b_603340b7bcb14e7785c7b65b233cd9f9~mv2.png/v1/fill/w_28,h_28,al_c,q_85,usm_0.66_1.00_0.01,enc_avif,quality_auto/11062b_603340b7bcb14e7785c7b65b233cd9f9~mv2.png",""
"https://www.lifeusa.org/no/tags/england","https://static.wixstatic.com/media/11062b_603340b7bcb14e7785c7b65b233cd9f9~mv2.png/v1/fill/w_28,h_28,al_c,q_85,usm_0.66_1.00_0.01,enc_avif,quality_auto/11062b_603340b7bcb14e7785c7b65b233cd9f9~mv2.png",""
"https://www.lifeusa.org/no/tags/colorado","https://static.wixstatic.com/media/11062b_603340b7bcb14e7785c7b65b233cd9f9~mv2.png/v1/fill/w_28,h_28,al_c,q_85,usm_0.66_1.00_0.01,enc_avif,quality_auto/11062b_603340b7bcb14e7785c7b65b233cd9f9~mv2.png",""
"https://www.lifeusa.org/no/tags/charity","https://static.wixstatic.com/media/11062b_603340b7bcb14e7785c7b65b233cd9f9~mv2.png/v1/fill/w_28,h_28,al_c,q_85,usm_0.66_1.00_0.01,enc_avif,quality_auto/11062b_603340b7bcb14e7785c7b65b233cd9f9~mv2.png",""
"https://www.lifeusa.org/no/tags/maryland","https://static.wixstatic.com/media/11062b_603340b7bcb14e7785c7b65b233cd9f9~mv2.png/v1/fill/w_28,h_28,al_c,q_85,usm_0.66_1.00_0.01,enc_avif,quality_auto/11062b_603340b7bcb14e7785c7b65b233cd9f9~mv2.png",""
"https://www.lifeusa.org/no/tags/nyc","https://static.wixstatic.com/media/11062b_603340b7bcb14e7785c7b65b233cd9f9~mv2.png/v1/fill/w_28,h_28,al_c,q_85,usm_0.66_1.00_0.01,enc_avif,quality_auto/11062b_603340b7bcb14e7785c7b65b233cd9f9~mv2.png",""
"https://www.lifeusa.org/ukrainerelief","https://static.wixstatic.com/media/11062b_603340b7bcb14e7785c7b65b233cd9f9~mv2.png/v1/fill/w_28,h_28,al_c,q_85,usm_0.66_1.00_0.01,enc_avif,quality_auto/11062b_603340b7bcb14e7785c7b65b233cd9f9~mv2.png",""
"https://www.lifeusa.org/post/clean-water-restored-through-life-for-relief-and-development-life-s-water-well-projects-in-sierra","https://static.wixstatic.com/media/11062b_603340b7bcb14e7785c7b65b233cd9f9~mv2.png/v1/fill/w_28,h_28,al_c,q_85,usm_0.66_1.00_0.01,enc_avif,quality_auto/11062b_603340b7bcb14e7785c7b65b233cd9f9~mv2.png",""
"https://www.lifeusa.org/post/clean-water-new-possibilities-through-life-for-relief-and-development-life-s-water-well-projects","https://static.wixstatic.com/media/11062b_603340b7bcb14e7785c7b65b233cd9f9~mv2.png/v1/fill/w_28,h_28,al_c,q_85,usm_0.66_1.00_0.01,enc_avif,quality_auto/11062b_603340b7bcb14e7785c7b65b233cd9f9~mv2.png",""
"https://www.lifeusa.org/post/life-for-relief-and-development-life-s-orphan-sponsorship-supports-152-children-in-indonesia","https://static.wixstatic.com/media/11062b_603340b7bcb14e7785c7b65b233cd9f9~mv2.png/v1/fill/w_28,h_28,al_c,q_85,usm_0.66_1.00_0.01,enc_avif,quality_auto/11062b_603340b7bcb14e7785c7b65b233cd9f9~mv2.png",""
"https://www.lifeusa.org/post/clean-water-for-students-as-life-for-relief-and-development-life-installs-solar-water-wells-in-pak","https://static.wixstatic.com/media/11062b_603340b7bcb14e7785c7b65b233cd9f9~mv2.png/v1/fill/w_28,h_28,al_c,q_85,usm_0.66_1.00_0.01,enc_avif,quality_auto/11062b_603340b7bcb14e7785c7b65b233cd9f9~mv2.png",""
"https://www.lifeusa.org/post/life-builds-five-clean-water-projects-across-two-regions-in-myanmar","https://static.wixstatic.com/media/11062b_603340b7bcb14e7785c7b65b233cd9f9~mv2.png/v1/fill/w_28,h_28,al_c,q_85,usm_0.66_1.00_0.01,enc_avif,quality_auto/11062b_603340b7bcb14e7785c7b65b233cd9f9~mv2.png",""
"https://www.lifeusa.org/winterrelief","https://static.wixstatic.com/media/11062b_603340b7bcb14e7785c7b65b233cd9f9~mv2.png/v1/fill/w_28,h_28,al_c,q_85,usm_0.66_1.00_0.01,enc_avif,quality_auto/11062b_603340b7bcb14e7785c7b65b233cd9f9~mv2.png",""
"https://www.lifeusa.org/sudan-emergency-relief","https://static.wixstatic.com/media/11062b_603340b7bcb14e7785c7b65b233cd9f9~mv2.png/v1/fill/w_28,h_28,al_c,q_85,usm_0.66_1.00_0.01,enc_avif,quality_auto/11062b_603340b7bcb14e7785c7b65b233cd9f9~mv2.png",""
"https://www.lifeusa.org/no/tags/ukraine","https://static.wixstatic.com/media/11062b_603340b7bcb14e7785c7b65b233cd9f9~mv2.png/v1/fill/w_28,h_28,al_c,q_85,usm_0.66_1.00_0.01,enc_avif,quality_auto/11062b_603340b7bcb14e7785c7b65b233cd9f9~mv2.png",""
"https://www.lifeusa.org/no/tags/orphans","https://static.wixstatic.com/media/11062b_603340b7bcb14e7785c7b65b233cd9f9~mv2.png/v1/fill/w_28,h_28,al_c,q_85,usm_0.66_1.00_0.01,enc_avif,quality_auto/11062b_603340b7bcb14e7785c7b65b233cd9f9~mv2.png",""
"https://www.lifeusa.org/no/tags/palestine","https://static.wixstatic.com/media/11062b_603340b7bcb14e7785c7b65b233cd9f9~mv2.png/v1/fill/w_28,h_28,al_c,q_85,usm_0.66_1.00_0.01,enc_avif,quality_auto/11062b_603340b7bcb14e7785c7b65b233cd9f9~mv2.png",""
"https://www.lifeusa.org/no/tags/orphan-sponsorship","https://static.wixstatic.com/media/11062b_603340b7bcb14e7785c7b65b233cd9f9~mv2.png/v1/fill/w_28,h_28,al_c,q_85,usm_0.66_1.00_0.01,enc_avif,quality_auto/11062b_603340b7bcb14e7785c7b65b233cd9f9~mv2.png",""
"https://www.lifeusa.org/no/tags/syria-1","https://static.wixstatic.com/media/11062b_603340b7bcb14e7785c7b65b233cd9f9~mv2.png/v1/fill/w_28,h_28,al_c,q_85,usm_0.66_1.00_0.01,enc_avif,quality_auto/11062b_603340b7bcb14e7785c7b65b233cd9f9~mv2.png",""
"https://www.lifeusa.org/no/tags/war","https://static.wixstatic.com/media/11062b_603340b7bcb14e7785c7b65b233cd9f9~mv2.png/v1/fill/w_28,h_28,al_c,q_85,usm_0.66_1.00_0.01,enc_avif,quality_auto/11062b_603340b7bcb14e7785c7b65b233cd9f9~mv2.png",""
"https://www.lifeusa.org/no/tags/children","https://static.wixstatic.com/media/11062b_603340b7bcb14e7785c7b65b233cd9f9~mv2.png/v1/fill/w_28,h_28,al_c,q_85,usm_0.66_1.00_0.01,enc_avif,quality_auto/11062b_603340b7bcb14e7785c7b65b233cd9f9~mv2.png",""
"https://www.lifeusa.org/no/tags/refugee","https://static.wixstatic.com/media/11062b_603340b7bcb14e7785c7b65b233cd9f9~mv2.png/v1/fill/w_28,h_28,al_c,q_85,usm_0.66_1.00_0.01,enc_avif,quality_auto/11062b_603340b7bcb14e7785c7b65b233cd9f9~mv2.png",""
"https://www.lifeusa.org/post/life-hears-the-call-in-colorado","https://static.wixstatic.com/media/11062b_603340b7bcb14e7785c7b65b233cd9f9~mv2.png/v1/fill/w_28,h_28,al_c,q_85,usm_0.66_1.00_0.01,enc_avif,quality_auto/11062b_603340b7bcb14e7785c7b65b233cd9f9~mv2.png",""
"https://www.lifeusa.org/post/life-distributes-fresh-meat-in-texas","https://static.wixstatic.com/media/11062b_603340b7bcb14e7785c7b65b233cd9f9~mv2.png/v1/fill/w_28,h_28,al_c,q_85,usm_0.66_1.00_0.01,enc_avif,quality_auto/11062b_603340b7bcb14e7785c7b65b233cd9f9~mv2.png",""
"https://www.lifeusa.org/post/hearing-the-call-southwest-florida","https://static.wixstatic.com/media/11062b_603340b7bcb14e7785c7b65b233cd9f9~mv2.png/v1/fill/w_28,h_28,al_c,q_85,usm_0.66_1.00_0.01,enc_avif,quality_auto/11062b_603340b7bcb14e7785c7b65b233cd9f9~mv2.png",""
"https://www.lifeusa.org/post/life-provides-backpacks-to-foster-youth-in-the-united-states","https://static.wixstatic.com/media/11062b_603340b7bcb14e7785c7b65b233cd9f9~mv2.png/v1/fill/w_28,h_28,al_c,q_85,usm_0.66_1.00_0.01,enc_avif,quality_auto/11062b_603340b7bcb14e7785c7b65b233cd9f9~mv2.png",""
"https://www.lifeusa.org/post/refugee-asylum-seeker-immigrant-and-migrant-what-s-the-difference","https://static.wixstatic.com/media/11062b_603340b7bcb14e7785c7b65b233cd9f9~mv2.png/v1/fill/w_28,h_28,al_c,q_85,usm_0.66_1.00_0.01,enc_avif,quality_auto/11062b_603340b7bcb14e7785c7b65b233cd9f9~mv2.png",""
"https://www.lifeusa.org/post/the-biggest-charitable-contributions-in-the-u-s-2023","https://static.wixstatic.com/media/11062b_603340b7bcb14e7785c7b65b233cd9f9~mv2.png/v1/fill/w_28,h_28,al_c,q_85,usm_0.66_1.00_0.01,enc_avif,quality_auto/11062b_603340b7bcb14e7785c7b65b233cd9f9~mv2.png",""
"https://www.lifeusa.org/post/a-summer-of-forest-fires","https://static.wixstatic.com/media/11062b_603340b7bcb14e7785c7b65b233cd9f9~mv2.png/v1/fill/w_28,h_28,al_c,q_85,usm_0.66_1.00_0.01,enc_avif,quality_auto/11062b_603340b7bcb14e7785c7b65b233cd9f9~mv2.png",""
"https://www.lifeusa.org/post/queen-elizabeth-ii-a-lifetime-of-charity","https://static.wixstatic.com/media/11062b_603340b7bcb14e7785c7b65b233cd9f9~mv2.png/v1/fill/w_28,h_28,al_c,q_85,usm_0.66_1.00_0.01,enc_avif,quality_auto/11062b_603340b7bcb14e7785c7b65b233cd9f9~mv2.png",""
"https://www.lifeusa.org/post/food-packages-maryland","https://static.wixstatic.com/media/11062b_603340b7bcb14e7785c7b65b233cd9f9~mv2.png/v1/fill/w_28,h_28,al_c,q_85,usm_0.66_1.00_0.01,enc_avif,quality_auto/11062b_603340b7bcb14e7785c7b65b233cd9f9~mv2.png",""
"https://www.lifeusa.org/post/making-houses-into-homes","https://static.wixstatic.com/media/11062b_603340b7bcb14e7785c7b65b233cd9f9~mv2.png/v1/fill/w_28,h_28,al_c,q_85,usm_0.66_1.00_0.01,enc_avif,quality_auto/11062b_603340b7bcb14e7785c7b65b233cd9f9~mv2.png",""
"https://www.lifeusa.org/post/hearing-for-the-first-time-in-years","https://static.wixstatic.com/media/11062b_603340b7bcb14e7785c7b65b233cd9f9~mv2.png/v1/fill/w_28,h_28,al_c,q_85,usm_0.66_1.00_0.01,enc_avif,quality_auto/11062b_603340b7bcb14e7785c7b65b233cd9f9~mv2.png",""
"https://www.lifeusa.org/post/hearing-aids-colorado","https://static.wixstatic.com/media/11062b_603340b7bcb14e7785c7b65b233cd9f9~mv2.png/v1/fill/w_28,h_28,al_c,q_85,usm_0.66_1.00_0.01,enc_avif,quality_auto/11062b_603340b7bcb14e7785c7b65b233cd9f9~mv2.png",""
"https://www.lifeusa.org/gaza","https://static.wixstatic.com/media/11062b_603340b7bcb14e7785c7b65b233cd9f9~mv2.png/v1/fill/w_28,h_28,al_c,q_85,usm_0.66_1.00_0.01,enc_avif,quality_auto/11062b_603340b7bcb14e7785c7b65b233cd9f9~mv2.png",""
"https://www.lifeusa.org/post/life-distributes-water-tanks-to-families-in-the-gaza-strip","https://static.wixstatic.com/media/11062b_603340b7bcb14e7785c7b65b233cd9f9~mv2.png/v1/fill/w_28,h_28,al_c,q_85,usm_0.66_1.00_0.01,enc_avif,quality_auto/11062b_603340b7bcb14e7785c7b65b233cd9f9~mv2.png",""
"https://www.lifeusa.org/no/tags/syria","https://static.wixstatic.com/media/11062b_603340b7bcb14e7785c7b65b233cd9f9~mv2.png/v1/fill/w_28,h_28,al_c,q_85,usm_0.66_1.00_0.01,enc_avif,quality_auto/11062b_603340b7bcb14e7785c7b65b233cd9f9~mv2.png",""
"https://www.lifeusa.org/post/the-crucial-role-of-humanitarian-organizations-in-conflict-zones","https://static.wixstatic.com/media/11062b_603340b7bcb14e7785c7b65b233cd9f9~mv2.png/v1/fill/w_28,h_28,al_c,q_85,usm_0.66_1.00_0.01,enc_avif,quality_auto/11062b_603340b7bcb14e7785c7b65b233cd9f9~mv2.png",""
"https://www.lifeusa.org/post/life-continues-to-provide-emergency-aid-in-gaza","https://static.wixstatic.com/media/11062b_603340b7bcb14e7785c7b65b233cd9f9~mv2.png/v1/fill/w_28,h_28,al_c,q_85,usm_0.66_1.00_0.01,enc_avif,quality_auto/11062b_603340b7bcb14e7785c7b65b233cd9f9~mv2.png",""
"https://www.lifeusa.org/post/the-world-in-crisis-supporting-from-the-sidelines","https://static.wixstatic.com/media/11062b_603340b7bcb14e7785c7b65b233cd9f9~mv2.png/v1/fill/w_28,h_28,al_c,q_85,usm_0.66_1.00_0.01,enc_avif,quality_auto/11062b_603340b7bcb14e7785c7b65b233cd9f9~mv2.png",""
"https://www.lifeusa.org/post/it-s-okay-to-cry-the-ukrainian-refugee-mental-health-crisis","https://static.wixstatic.com/media/11062b_603340b7bcb14e7785c7b65b233cd9f9~mv2.png/v1/fill/w_28,h_28,al_c,q_85,usm_0.66_1.00_0.01,enc_avif,quality_auto/11062b_603340b7bcb14e7785c7b65b233cd9f9~mv2.png",""
"https://www.lifeusa.org/post/walk-532-59-miles-in-the-shoes-of-a-ukrainian-refugee","https://static.wixstatic.com/media/11062b_603340b7bcb14e7785c7b65b233cd9f9~mv2.png/v1/fill/w_28,h_28,al_c,q_85,usm_0.66_1.00_0.01,enc_avif,quality_auto/11062b_603340b7bcb14e7785c7b65b233cd9f9~mv2.png",""
"https://www.lifeusa.org/post/let-them-play-life-gives-every-child-a-chance-to-be-a-child-at-the-global-orphan-eid-parties","https://static.wixstatic.com/media/11062b_603340b7bcb14e7785c7b65b233cd9f9~mv2.png/v1/fill/w_28,h_28,al_c,q_85,usm_0.66_1.00_0.01,enc_avif,quality_auto/11062b_603340b7bcb14e7785c7b65b233cd9f9~mv2.png",""
"https://www.lifeusa.org/post/life-provides-emergency-relief-to-gaza","https://static.wixstatic.com/media/11062b_603340b7bcb14e7785c7b65b233cd9f9~mv2.png/v1/fill/w_28,h_28,al_c,q_85,usm_0.66_1.00_0.01,enc_avif,quality_auto/11062b_603340b7bcb14e7785c7b65b233cd9f9~mv2.png",""
"https://www.lifeusa.org/post/a-4-year-old-s-bravery-in-gaza-ahmad-s-story","https://static.wixstatic.com/media/11062b_603340b7bcb14e7785c7b65b233cd9f9~mv2.png/v1/fill/w_28,h_28,al_c,q_85,usm_0.66_1.00_0.01,enc_avif,quality_auto/11062b_603340b7bcb14e7785c7b65b233cd9f9~mv2.png",""
"https://www.lifeusa.org/post/life-provides-emergency-relief-to-gaza-1","https://static.wixstatic.com/media/11062b_603340b7bcb14e7785c7b65b233cd9f9~mv2.png/v1/fill/w_28,h_28,al_c,q_85,usm_0.66_1.00_0.01,enc_avif,quality_auto/11062b_603340b7bcb14e7785c7b65b233cd9f9~mv2.png",""
"https://www.lifeusa.org/post/gaza-s-daily-bread-life-provides-relief-to-innocent-civilians","https://static.wixstatic.com/media/11062b_603340b7bcb14e7785c7b65b233cd9f9~mv2.png/v1/fill/w_28,h_28,al_c,q_85,usm_0.66_1.00_0.01,enc_avif,quality_auto/11062b_603340b7bcb14e7785c7b65b233cd9f9~mv2.png",""
"https://www.lifeusa.org/post/who-will-watch-over-the-orphans-of-gaza","https://static.wixstatic.com/media/11062b_603340b7bcb14e7785c7b65b233cd9f9~mv2.png/v1/fill/w_28,h_28,al_c,q_85,usm_0.66_1.00_0.01,enc_avif,quality_auto/11062b_603340b7bcb14e7785c7b65b233cd9f9~mv2.png",""
"https://www.lifeusa.org/post/aiding-in-gaza-s-shelter-crisis","https://static.wixstatic.com/media/11062b_603340b7bcb14e7785c7b65b233cd9f9~mv2.png/v1/fill/w_28,h_28,al_c,q_85,usm_0.66_1.00_0.01,enc_avif,quality_auto/11062b_603340b7bcb14e7785c7b65b233cd9f9~mv2.png",""
"https://www.lifeusa.org/post/the-leading-causes-of-orphans-today","https://static.wixstatic.com/media/11062b_603340b7bcb14e7785c7b65b233cd9f9~mv2.png/v1/fill/w_28,h_28,al_c,q_85,usm_0.66_1.00_0.01,enc_avif,quality_auto/11062b_603340b7bcb14e7785c7b65b233cd9f9~mv2.png",""
"https://www.lifeusa.org/post/life-for-relief-and-development-life-ambulance-and-distributed-aid-save-countless-lives-after-airs","https://static.wixstatic.com/media/11062b_603340b7bcb14e7785c7b65b233cd9f9~mv2.png/v1/fill/w_28,h_28,al_c,q_85,usm_0.66_1.00_0.01,enc_avif,quality_auto/11062b_603340b7bcb14e7785c7b65b233cd9f9~mv2.png",""
"https://www.lifeusa.org/post/what-causes-earthquakes-and-how-they-affect-people","https://static.wixstatic.com/media/11062b_603340b7bcb14e7785c7b65b233cd9f9~mv2.png/v1/fill/w_28,h_28,al_c,q_85,usm_0.66_1.00_0.01,enc_avif,quality_auto/11062b_603340b7bcb14e7785c7b65b233cd9f9~mv2.png",""
"https://www.lifeusa.org/post/no-assistance-in-their-time-of-need","https://static.wixstatic.com/media/11062b_603340b7bcb14e7785c7b65b233cd9f9~mv2.png/v1/fill/w_28,h_28,al_c,q_85,usm_0.66_1.00_0.01,enc_avif,quality_auto/11062b_603340b7bcb14e7785c7b65b233cd9f9~mv2.png",""
"https://www.lifeusa.org/post/life-s-education-initiatives-in-syria-generate-positive-outcomes-in-enrollment-and-graduation-rate-t","https://static.wixstatic.com/media/11062b_603340b7bcb14e7785c7b65b233cd9f9~mv2.png/v1/fill/w_28,h_28,al_c,q_85,usm_0.66_1.00_0.01,enc_avif,quality_auto/11062b_603340b7bcb14e7785c7b65b233cd9f9~mv2.png",""
"https://www.lifeusa.org/post/3-inspiring-ways-to-give-back-to-refugees-this-year","https://static.wixstatic.com/media/11062b_603340b7bcb14e7785c7b65b233cd9f9~mv2.png/v1/fill/w_28,h_28,al_c,q_85,usm_0.66_1.00_0.01,enc_avif,quality_auto/11062b_603340b7bcb14e7785c7b65b233cd9f9~mv2.png",""
"https://www.lifeusa.org/post/life-promotes-integrative-healthcare-for-rohingya-refugees-with-the-launch-of-vital-eye-care-clinic","https://static.wixstatic.com/media/11062b_603340b7bcb14e7785c7b65b233cd9f9~mv2.png/v1/fill/w_28,h_28,al_c,q_85,usm_0.66_1.00_0.01,enc_avif,quality_auto/11062b_603340b7bcb14e7785c7b65b233cd9f9~mv2.png",""
"https://www.lifeusa.org/no/tags/mental-health","https://static.wixstatic.com/media/11062b_603340b7bcb14e7785c7b65b233cd9f9~mv2.png/v1/fill/w_28,h_28,al_c,q_85,usm_0.66_1.00_0.01,enc_avif,quality_auto/11062b_603340b7bcb14e7785c7b65b233cd9f9~mv2.png",""
"https://www.lifeusa.org/no/tags/afghanistan","https://static.wixstatic.com/media/11062b_603340b7bcb14e7785c7b65b233cd9f9~mv2.png/v1/fill/w_28,h_28,al_c,q_85,usm_0.66_1.00_0.01,enc_avif,quality_auto/11062b_603340b7bcb14e7785c7b65b233cd9f9~mv2.png",""
"https://www.lifeusa.org/no/tags/earthquake","https://static.wixstatic.com/media/11062b_603340b7bcb14e7785c7b65b233cd9f9~mv2.png/v1/fill/w_28,h_28,al_c,q_85,usm_0.66_1.00_0.01,enc_avif,quality_auto/11062b_603340b7bcb14e7785c7b65b233cd9f9~mv2.png",""
"https://www.lifeusa.org/no/tags/emergency-relief","https://static.wixstatic.com/media/11062b_603340b7bcb14e7785c7b65b233cd9f9~mv2.png/v1/fill/w_28,h_28,al_c,q_85,usm_0.66_1.00_0.01,enc_avif,quality_auto/11062b_603340b7bcb14e7785c7b65b233cd9f9~mv2.png",""
"https://www.lifeusa.org/no/tags/gaza-1","https://static.wixstatic.com/media/11062b_603340b7bcb14e7785c7b65b233cd9f9~mv2.png/v1/fill/w_28,h_28,al_c,q_85,usm_0.66_1.00_0.01,enc_avif,quality_auto/11062b_603340b7bcb14e7785c7b65b233cd9f9~mv2.png",""
"https://www.lifeusa.org/no/tags/water-tanks","https://static.wixstatic.com/media/11062b_603340b7bcb14e7785c7b65b233cd9f9~mv2.png/v1/fill/w_28,h_28,al_c,q_85,usm_0.66_1.00_0.01,enc_avif,quality_auto/11062b_603340b7bcb14e7785c7b65b233cd9f9~mv2.png",""
"https://www.lifeusa.org/no/tags/community-development","https://static.wixstatic.com/media/11062b_603340b7bcb14e7785c7b65b233cd9f9~mv2.png/v1/fill/w_28,h_28,al_c,q_85,usm_0.66_1.00_0.01,enc_avif,quality_auto/11062b_603340b7bcb14e7785c7b65b233cd9f9~mv2.png",""
"https://www.lifeusa.org/no/tags/food-baskets","https://static.wixstatic.com/media/11062b_603340b7bcb14e7785c7b65b233cd9f9~mv2.png/v1/fill/w_28,h_28,al_c,q_85,usm_0.66_1.00_0.01,enc_avif,quality_auto/11062b_603340b7bcb14e7785c7b65b233cd9f9~mv2.png",""
"https://www.lifeusa.org/no/tags/queen-elizabeth","https://static.wixstatic.com/media/11062b_603340b7bcb14e7785c7b65b233cd9f9~mv2.png/v1/fill/w_28,h_28,al_c,q_85,usm_0.66_1.00_0.01,enc_avif,quality_auto/11062b_603340b7bcb14e7785c7b65b233cd9f9~mv2.png",""
"https://www.lifeusa.org/no/tags/fire","https://static.wixstatic.com/media/11062b_603340b7bcb14e7785c7b65b233cd9f9~mv2.png/v1/fill/w_28,h_28,al_c,q_85,usm_0.66_1.00_0.01,enc_avif,quality_auto/11062b_603340b7bcb14e7785c7b65b233cd9f9~mv2.png",""
"https://www.lifeusa.org/no/tags/forest-fire","https://static.wixstatic.com/media/11062b_603340b7bcb14e7785c7b65b233cd9f9~mv2.png/v1/fill/w_28,h_28,al_c,q_85,usm_0.66_1.00_0.01,enc_avif,quality_auto/11062b_603340b7bcb14e7785c7b65b233cd9f9~mv2.png",""
"https://www.lifeusa.org/no/tags/amazon","https://static.wixstatic.com/media/11062b_603340b7bcb14e7785c7b65b233cd9f9~mv2.png/v1/fill/w_28,h_28,al_c,q_85,usm_0.66_1.00_0.01,enc_avif,quality_auto/11062b_603340b7bcb14e7785c7b65b233cd9f9~mv2.png",""
"https://www.lifeusa.org/no/tags/jeff-bezos","https://static.wixstatic.com/media/11062b_603340b7bcb14e7785c7b65b233cd9f9~mv2.png/v1/fill/w_28,h_28,al_c,q_85,usm_0.66_1.00_0.01,enc_avif,quality_auto/11062b_603340b7bcb14e7785c7b65b233cd9f9~mv2.png",""
"https://www.lifeusa.org/no/tags/bill-gates","https://static.wixstatic.com/media/11062b_603340b7bcb14e7785c7b65b233cd9f9~mv2.png/v1/fill/w_28,h_28,al_c,q_85,usm_0.66_1.00_0.01,enc_avif,quality_auto/11062b_603340b7bcb14e7785c7b65b233cd9f9~mv2.png",""
"https://www.lifeusa.org/no/tags/refugee-assistance","https://static.wixstatic.com/media/11062b_603340b7bcb14e7785c7b65b233cd9f9~mv2.png/v1/fill/w_28,h_28,al_c,q_85,usm_0.66_1.00_0.01,enc_avif,quality_auto/11062b_603340b7bcb14e7785c7b65b233cd9f9~mv2.png",""
"https://www.lifeusa.org/no/tags/back-to-school","https://static.wixstatic.com/media/11062b_603340b7bcb14e7785c7b65b233cd9f9~mv2.png/v1/fill/w_28,h_28,al_c,q_85,usm_0.66_1.00_0.01,enc_avif,quality_auto/11062b_603340b7bcb14e7785c7b65b233cd9f9~mv2.png",""
"https://www.lifeusa.org/no/tags/florida","https://static.wixstatic.com/media/11062b_603340b7bcb14e7785c7b65b233cd9f9~mv2.png/v1/fill/w_28,h_28,al_c,q_85,usm_0.66_1.00_0.01,enc_avif,quality_auto/11062b_603340b7bcb14e7785c7b65b233cd9f9~mv2.png",""
"https://www.lifeusa.org/no/tags/hearing-aids","https://static.wixstatic.com/media/11062b_603340b7bcb14e7785c7b65b233cd9f9~mv2.png/v1/fill/w_28,h_28,al_c,q_85,usm_0.66_1.00_0.01,enc_avif,quality_auto/11062b_603340b7bcb14e7785c7b65b233cd9f9~mv2.png",""
"https://www.lifeusa.org/no/tags/texas","https://static.wixstatic.com/media/11062b_603340b7bcb14e7785c7b65b233cd9f9~mv2.png/v1/fill/w_28,h_28,al_c,q_85,usm_0.66_1.00_0.01,enc_avif,quality_auto/11062b_603340b7bcb14e7785c7b65b233cd9f9~mv2.png",""
"https://www.lifeusa.org/no/tags/rohingya","https://static.wixstatic.com/media/11062b_603340b7bcb14e7785c7b65b233cd9f9~mv2.png/v1/fill/w_28,h_28,al_c,q_85,usm_0.66_1.00_0.01,enc_avif,quality_auto/11062b_603340b7bcb14e7785c7b65b233cd9f9~mv2.png",""
"https://www.lifeusa.org/no/tags/health","https://static.wixstatic.com/media/11062b_603340b7bcb14e7785c7b65b233cd9f9~mv2.png/v1/fill/w_28,h_28,al_c,q_85,usm_0.66_1.00_0.01,enc_avif,quality_auto/11062b_603340b7bcb14e7785c7b65b233cd9f9~mv2.png",""
"https://www.lifeusa.org/no/tags/bangladesh-1","https://static.wixstatic.com/media/11062b_603340b7bcb14e7785c7b65b233cd9f9~mv2.png/v1/fill/w_28,h_28,al_c,q_85,usm_0.66_1.00_0.01,enc_avif,quality_auto/11062b_603340b7bcb14e7785c7b65b233cd9f9~mv2.png",""
"https://www.lifeusa.org/no/tags/education","https://static.wixstatic.com/media/11062b_603340b7bcb14e7785c7b65b233cd9f9~mv2.png/v1/fill/w_28,h_28,al_c,q_85,usm_0.66_1.00_0.01,enc_avif,quality_auto/11062b_603340b7bcb14e7785c7b65b233cd9f9~mv2.png",""
"https://www.lifeusa.org/no/tags/life-for-relief-and-development-usa","https://static.wixstatic.com/media/11062b_603340b7bcb14e7785c7b65b233cd9f9~mv2.png/v1/fill/w_28,h_28,al_c,q_85,usm_0.66_1.00_0.01,enc_avif,quality_auto/11062b_603340b7bcb14e7785c7b65b233cd9f9~mv2.png",""
"https://www.lifeusa.org/no/tags/turkey","https://static.wixstatic.com/media/11062b_603340b7bcb14e7785c7b65b233cd9f9~mv2.png/v1/fill/w_28,h_28,al_c,q_85,usm_0.66_1.00_0.01,enc_avif,quality_auto/11062b_603340b7bcb14e7785c7b65b233cd9f9~mv2.png",""
"https://www.lifeusa.org/no/tags/jordan","https://static.wixstatic.com/media/11062b_603340b7bcb14e7785c7b65b233cd9f9~mv2.png/v1/fill/w_28,h_28,al_c,q_85,usm_0.66_1.00_0.01,enc_avif,quality_auto/11062b_603340b7bcb14e7785c7b65b233cd9f9~mv2.png",""
"https://www.lifeusa.org/post/creating-beautiful-tomorrows-in-orphans-today","https://static.wixstatic.com/media/11062b_603340b7bcb14e7785c7b65b233cd9f9~mv2.png/v1/fill/w_28,h_28,al_c,q_85,usm_0.66_1.00_0.01,enc_avif,quality_auto/11062b_603340b7bcb14e7785c7b65b233cd9f9~mv2.png",""
"https://www.lifeusa.org/post/life-distributes-udhiyah-meat-in-jordan","https://static.wixstatic.com/media/11062b_603340b7bcb14e7785c7b65b233cd9f9~mv2.png/v1/fill/w_28,h_28,al_c,q_85,usm_0.66_1.00_0.01,enc_avif,quality_auto/11062b_603340b7bcb14e7785c7b65b233cd9f9~mv2.png",""
"https://www.lifeusa.org/post/life-s-orphan-sponsorship-program-in-lebanon-and-jordan","https://static.wixstatic.com/media/11062b_603340b7bcb14e7785c7b65b233cd9f9~mv2.png/v1/fill/w_28,h_28,al_c,q_85,usm_0.66_1.00_0.01,enc_avif,quality_auto/11062b_603340b7bcb14e7785c7b65b233cd9f9~mv2.png",""
"https://www.lifeusa.org/post/education-is-emancipation-empowering-women-today","https://static.wixstatic.com/media/11062b_603340b7bcb14e7785c7b65b233cd9f9~mv2.png/v1/fill/w_28,h_28,al_c,q_85,usm_0.66_1.00_0.01,enc_avif,quality_auto/11062b_603340b7bcb14e7785c7b65b233cd9f9~mv2.png",""
"https://www.lifeusa.org/no/tags/orphan","https://static.wixstatic.com/media/11062b_603340b7bcb14e7785c7b65b233cd9f9~mv2.png/v1/fill/w_28,h_28,al_c,q_85,usm_0.66_1.00_0.01,enc_avif,quality_auto/11062b_603340b7bcb14e7785c7b65b233cd9f9~mv2.png",""
"https://www.lifeusa.org/post/hearing-the-call-louisiana","https://static.wixstatic.com/media/11062b_603340b7bcb14e7785c7b65b233cd9f9~mv2.png/v1/fill/w_28,h_28,al_c,q_85,usm_0.66_1.00_0.01,enc_avif,quality_auto/11062b_603340b7bcb14e7785c7b65b233cd9f9~mv2.png",""
"https://www.lifeusa.org/post/back-to-school-in-kenya","https://static.wixstatic.com/media/11062b_603340b7bcb14e7785c7b65b233cd9f9~mv2.png/v1/fill/w_28,h_28,al_c,q_85,usm_0.66_1.00_0.01,enc_avif,quality_auto/11062b_603340b7bcb14e7785c7b65b233cd9f9~mv2.png",""
"https://www.lifeusa.org/post/back-to-school-project-haiti","https://static.wixstatic.com/media/11062b_603340b7bcb14e7785c7b65b233cd9f9~mv2.png/v1/fill/w_28,h_28,al_c,q_85,usm_0.66_1.00_0.01,enc_avif,quality_auto/11062b_603340b7bcb14e7785c7b65b233cd9f9~mv2.png",""
"https://www.lifeusa.org/post/back-to-school-iraq","https://static.wixstatic.com/media/11062b_603340b7bcb14e7785c7b65b233cd9f9~mv2.png/v1/fill/w_28,h_28,al_c,q_85,usm_0.66_1.00_0.01,enc_avif,quality_auto/11062b_603340b7bcb14e7785c7b65b233cd9f9~mv2.png",""
"https://www.lifeusa.org/post/food-baskets-in-bangladesh","https://static.wixstatic.com/media/11062b_603340b7bcb14e7785c7b65b233cd9f9~mv2.png/v1/fill/w_28,h_28,al_c,q_85,usm_0.66_1.00_0.01,enc_avif,quality_auto/11062b_603340b7bcb14e7785c7b65b233cd9f9~mv2.png",""
"https://www.lifeusa.org/post/the-story-of-resilience-and-hope-life-brings-joy-to-al-islah-village-in-iraq","https://static.wixstatic.com/media/11062b_603340b7bcb14e7785c7b65b233cd9f9~mv2.png/v1/fill/w_28,h_28,al_c,q_85,usm_0.66_1.00_0.01,enc_avif,quality_auto/11062b_603340b7bcb14e7785c7b65b233cd9f9~mv2.png",""
"https://www.lifeusa.org/post/life-distributes-ramadan-food-baskets-in-lebanon","https://static.wixstatic.com/media/11062b_603340b7bcb14e7785c7b65b233cd9f9~mv2.png/v1/fill/w_28,h_28,al_c,q_85,usm_0.66_1.00_0.01,enc_avif,quality_auto/11062b_603340b7bcb14e7785c7b65b233cd9f9~mv2.png",""
"https://www.lifeusa.org/post/discovering-ramadan-2024-fasting-charity-and-spiritual-nourishment","https://static.wixstatic.com/media/11062b_603340b7bcb14e7785c7b65b233cd9f9~mv2.png/v1/fill/w_28,h_28,al_c,q_85,usm_0.66_1.00_0.01,enc_avif,quality_auto/11062b_603340b7bcb14e7785c7b65b233cd9f9~mv2.png",""
"https://www.lifeusa.org/post/united-against-hunger-life-for-relief-and-development-s-life-global-expansion-is-set-to-feed-mill","https://static.wixstatic.com/media/11062b_603340b7bcb14e7785c7b65b233cd9f9~mv2.png/v1/fill/w_28,h_28,al_c,q_85,usm_0.66_1.00_0.01,enc_avif,quality_auto/11062b_603340b7bcb14e7785c7b65b233cd9f9~mv2.png",""
"https://www.lifeusa.org/post/life-distributes-ramadan-food-baskets-in-the-horn-of-africa","https://static.wixstatic.com/media/11062b_603340b7bcb14e7785c7b65b233cd9f9~mv2.png/v1/fill/w_28,h_28,al_c,q_85,usm_0.66_1.00_0.01,enc_avif,quality_auto/11062b_603340b7bcb14e7785c7b65b233cd9f9~mv2.png",""
"https://www.lifeusa.org/post/life-distributes-food-baskets-during-ramadan-in-bosnia","https://static.wixstatic.com/media/11062b_603340b7bcb14e7785c7b65b233cd9f9~mv2.png/v1/fill/w_28,h_28,al_c,q_85,usm_0.66_1.00_0.01,enc_avif,quality_auto/11062b_603340b7bcb14e7785c7b65b233cd9f9~mv2.png",""
"https://www.lifeusa.org/post/life-distributes-ramadan-food-baskets-in-haiti","https://static.wixstatic.com/media/11062b_603340b7bcb14e7785c7b65b233cd9f9~mv2.png/v1/fill/w_28,h_28,al_c,q_85,usm_0.66_1.00_0.01,enc_avif,quality_auto/11062b_603340b7bcb14e7785c7b65b233cd9f9~mv2.png",""
"https://www.lifeusa.org/post/life-provides-food-baskets-to-orphans-in-iraq","https://static.wixstatic.com/media/11062b_603340b7bcb14e7785c7b65b233cd9f9~mv2.png/v1/fill/w_28,h_28,al_c,q_85,usm_0.66_1.00_0.01,enc_avif,quality_auto/11062b_603340b7bcb14e7785c7b65b233cd9f9~mv2.png",""
"https://www.lifeusa.org/post/why-giving-makes-you-wealthier","https://static.wixstatic.com/media/11062b_603340b7bcb14e7785c7b65b233cd9f9~mv2.png/v1/fill/w_28,h_28,al_c,q_85,usm_0.66_1.00_0.01,enc_avif,quality_auto/11062b_603340b7bcb14e7785c7b65b233cd9f9~mv2.png",""
"https://www.lifeusa.org/post/sports-field-rehabilitation-in-iraq","https://static.wixstatic.com/media/11062b_603340b7bcb14e7785c7b65b233cd9f9~mv2.png/v1/fill/w_28,h_28,al_c,q_85,usm_0.66_1.00_0.01,enc_avif,quality_auto/11062b_603340b7bcb14e7785c7b65b233cd9f9~mv2.png",""
"https://www.lifeusa.org/post/furniture-for-new-horizon-s-ministries","https://static.wixstatic.com/media/11062b_603340b7bcb14e7785c7b65b233cd9f9~mv2.png/v1/fill/w_28,h_28,al_c,q_85,usm_0.66_1.00_0.01,enc_avif,quality_auto/11062b_603340b7bcb14e7785c7b65b233cd9f9~mv2.png",""
"https://www.lifeusa.org/post/unprecedented-flooding-in-libya-a-call-for-global-solidarity-and-action","https://static.wixstatic.com/media/11062b_603340b7bcb14e7785c7b65b233cd9f9~mv2.png/v1/fill/w_28,h_28,al_c,q_85,usm_0.66_1.00_0.01,enc_avif,quality_auto/11062b_603340b7bcb14e7785c7b65b233cd9f9~mv2.png",""
"https://www.lifeusa.org/post/how-your-donations-are-reaching-gaza-s-desperate-families-despite-all-odds","https://static.wixstatic.com/media/11062b_603340b7bcb14e7785c7b65b233cd9f9~mv2.png/v1/fill/w_28,h_28,al_c,q_85,usm_0.66_1.00_0.01,enc_avif,quality_auto/11062b_603340b7bcb14e7785c7b65b233cd9f9~mv2.png",""
"https://www.lifeusa.org/post/what-to-expect-and-how-to-prepare-for-hurricane-ian","https://static.wixstatic.com/media/11062b_603340b7bcb14e7785c7b65b233cd9f9~mv2.png/v1/fill/w_28,h_28,al_c,q_85,usm_0.66_1.00_0.01,enc_avif,quality_auto/11062b_603340b7bcb14e7785c7b65b233cd9f9~mv2.png",""
"https://www.lifeusa.org/post/eastern-africa-is-on-fire","https://static.wixstatic.com/media/11062b_603340b7bcb14e7785c7b65b233cd9f9~mv2.png/v1/fill/w_28,h_28,al_c,q_85,usm_0.66_1.00_0.01,enc_avif,quality_auto/11062b_603340b7bcb14e7785c7b65b233cd9f9~mv2.png",""
"https://www.lifeusa.org/post/stuck-between-burning-fire-and-freezing-ice","https://static.wixstatic.com/media/11062b_603340b7bcb14e7785c7b65b233cd9f9~mv2.png/v1/fill/w_28,h_28,al_c,q_85,usm_0.66_1.00_0.01,enc_avif,quality_auto/11062b_603340b7bcb14e7785c7b65b233cd9f9~mv2.png",""
"https://www.lifeusa.org/post/be-the-light-this-thanksgiving","https://static.wixstatic.com/media/11062b_603340b7bcb14e7785c7b65b233cd9f9~mv2.png/v1/fill/w_28,h_28,al_c,q_85,usm_0.66_1.00_0.01,enc_avif,quality_auto/11062b_603340b7bcb14e7785c7b65b233cd9f9~mv2.png",""
"https://www.lifeusa.org/post/behind-the-label-refugee","https://static.wixstatic.com/media/11062b_603340b7bcb14e7785c7b65b233cd9f9~mv2.png/v1/fill/w_28,h_28,al_c,q_85,usm_0.66_1.00_0.01,enc_avif,quality_auto/11062b_603340b7bcb14e7785c7b65b233cd9f9~mv2.png",""
"https://www.lifeusa.org/no/tags/thanksgiving","https://static.wixstatic.com/media/11062b_603340b7bcb14e7785c7b65b233cd9f9~mv2.png/v1/fill/w_28,h_28,al_c,q_85,usm_0.66_1.00_0.01,enc_avif,quality_auto/11062b_603340b7bcb14e7785c7b65b233cd9f9~mv2.png",""
"https://www.lifeusa.org/no/tags/winter-warmth","https://static.wixstatic.com/media/11062b_603340b7bcb14e7785c7b65b233cd9f9~mv2.png/v1/fill/w_28,h_28,al_c,q_85,usm_0.66_1.00_0.01,enc_avif,quality_auto/11062b_603340b7bcb14e7785c7b65b233cd9f9~mv2.png",""
"https://www.lifeusa.org/post/life-distributes-udhiyah-meat-in-afghanistan","https://static.wixstatic.com/media/11062b_603340b7bcb14e7785c7b65b233cd9f9~mv2.png/v1/fill/w_28,h_28,al_c,q_85,usm_0.66_1.00_0.01,enc_avif,quality_auto/11062b_603340b7bcb14e7785c7b65b233cd9f9~mv2.png",""
"https://www.lifeusa.org/no/tags/somalia-1","https://static.wixstatic.com/media/11062b_603340b7bcb14e7785c7b65b233cd9f9~mv2.png/v1/fill/w_28,h_28,al_c,q_85,usm_0.66_1.00_0.01,enc_avif,quality_auto/11062b_603340b7bcb14e7785c7b65b233cd9f9~mv2.png",""
"https://www.lifeusa.org/no/tags/seasonal-projects","https://static.wixstatic.com/media/11062b_603340b7bcb14e7785c7b65b233cd9f9~mv2.png/v1/fill/w_28,h_28,al_c,q_85,usm_0.66_1.00_0.01,enc_avif,quality_auto/11062b_603340b7bcb14e7785c7b65b233cd9f9~mv2.png",""
"https://www.lifeusa.org/no/tags/hurricane-ian","https://static.wixstatic.com/media/11062b_603340b7bcb14e7785c7b65b233cd9f9~mv2.png/v1/fill/w_28,h_28,al_c,q_85,usm_0.66_1.00_0.01,enc_avif,quality_auto/11062b_603340b7bcb14e7785c7b65b233cd9f9~mv2.png",""
"https://www.lifeusa.org/no/tags/hurricane","https://static.wixstatic.com/media/11062b_603340b7bcb14e7785c7b65b233cd9f9~mv2.png/v1/fill/w_28,h_28,al_c,q_85,usm_0.66_1.00_0.01,enc_avif,quality_auto/11062b_603340b7bcb14e7785c7b65b233cd9f9~mv2.png",""
"https://www.lifeusa.org/no/tags/charity-builds-wealth","https://static.wixstatic.com/media/11062b_603340b7bcb14e7785c7b65b233cd9f9~mv2.png/v1/fill/w_28,h_28,al_c,q_85,usm_0.66_1.00_0.01,enc_avif,quality_auto/11062b_603340b7bcb14e7785c7b65b233cd9f9~mv2.png",""
"https://www.lifeusa.org/no/tags/iraq-1","https://static.wixstatic.com/media/11062b_603340b7bcb14e7785c7b65b233cd9f9~mv2.png/v1/fill/w_28,h_28,al_c,q_85,usm_0.66_1.00_0.01,enc_avif,quality_auto/11062b_603340b7bcb14e7785c7b65b233cd9f9~mv2.png",""
"https://www.lifeusa.org/no/tags/furniture","https://static.wixstatic.com/media/11062b_603340b7bcb14e7785c7b65b233cd9f9~mv2.png/v1/fill/w_28,h_28,al_c,q_85,usm_0.66_1.00_0.01,enc_avif,quality_auto/11062b_603340b7bcb14e7785c7b65b233cd9f9~mv2.png",""
"https://www.lifeusa.org/no/tags/libya","https://static.wixstatic.com/media/11062b_603340b7bcb14e7785c7b65b233cd9f9~mv2.png/v1/fill/w_28,h_28,al_c,q_85,usm_0.66_1.00_0.01,enc_avif,quality_auto/11062b_603340b7bcb14e7785c7b65b233cd9f9~mv2.png",""
"https://www.lifeusa.org/no/tags/ethiopia","https://static.wixstatic.com/media/11062b_603340b7bcb14e7785c7b65b233cd9f9~mv2.png/v1/fill/w_28,h_28,al_c,q_85,usm_0.66_1.00_0.01,enc_avif,quality_auto/11062b_603340b7bcb14e7785c7b65b233cd9f9~mv2.png",""
"https://www.lifeusa.org/no/tags/sudan","https://static.wixstatic.com/media/11062b_603340b7bcb14e7785c7b65b233cd9f9~mv2.png/v1/fill/w_28,h_28,al_c,q_85,usm_0.66_1.00_0.01,enc_avif,quality_auto/11062b_603340b7bcb14e7785c7b65b233cd9f9~mv2.png",""
"https://www.lifeusa.org/no/tags/bosnia","https://static.wixstatic.com/media/11062b_603340b7bcb14e7785c7b65b233cd9f9~mv2.png/v1/fill/w_28,h_28,al_c,q_85,usm_0.66_1.00_0.01,enc_avif,quality_auto/11062b_603340b7bcb14e7785c7b65b233cd9f9~mv2.png",""
"https://www.lifeusa.org/no/tags/uganda","https://static.wixstatic.com/media/11062b_603340b7bcb14e7785c7b65b233cd9f9~mv2.png/v1/fill/w_28,h_28,al_c,q_85,usm_0.66_1.00_0.01,enc_avif,quality_auto/11062b_603340b7bcb14e7785c7b65b233cd9f9~mv2.png",""
"https://www.lifeusa.org/no/tags/djibouti","https://static.wixstatic.com/media/11062b_603340b7bcb14e7785c7b65b233cd9f9~mv2.png/v1/fill/w_28,h_28,al_c,q_85,usm_0.66_1.00_0.01,enc_avif,quality_auto/11062b_603340b7bcb14e7785c7b65b233cd9f9~mv2.png",""
"https://www.lifeusa.org/no/tags/south-sudan","https://static.wixstatic.com/media/11062b_603340b7bcb14e7785c7b65b233cd9f9~mv2.png/v1/fill/w_28,h_28,al_c,q_85,usm_0.66_1.00_0.01,enc_avif,quality_auto/11062b_603340b7bcb14e7785c7b65b233cd9f9~mv2.png",""
"https://www.lifeusa.org/no/tags/somalia","https://static.wixstatic.com/media/11062b_603340b7bcb14e7785c7b65b233cd9f9~mv2.png/v1/fill/w_28,h_28,al_c,q_85,usm_0.66_1.00_0.01,enc_avif,quality_auto/11062b_603340b7bcb14e7785c7b65b233cd9f9~mv2.png",""
"https://www.lifeusa.org/no/tags/eritrea","https://static.wixstatic.com/media/11062b_603340b7bcb14e7785c7b65b233cd9f9~mv2.png/v1/fill/w_28,h_28,al_c,q_85,usm_0.66_1.00_0.01,enc_avif,quality_auto/11062b_603340b7bcb14e7785c7b65b233cd9f9~mv2.png",""
"https://www.lifeusa.org/no/tags/ramadan","https://static.wixstatic.com/media/11062b_603340b7bcb14e7785c7b65b233cd9f9~mv2.png/v1/fill/w_28,h_28,al_c,q_85,usm_0.66_1.00_0.01,enc_avif,quality_auto/11062b_603340b7bcb14e7785c7b65b233cd9f9~mv2.png",""
"https://www.lifeusa.org/no/tags/bangladesh","https://static.wixstatic.com/media/11062b_603340b7bcb14e7785c7b65b233cd9f9~mv2.png/v1/fill/w_28,h_28,al_c,q_85,usm_0.66_1.00_0.01,enc_avif,quality_auto/11062b_603340b7bcb14e7785c7b65b233cd9f9~mv2.png",""
"https://www.lifeusa.org/no/tags/iraq","https://static.wixstatic.com/media/11062b_603340b7bcb14e7785c7b65b233cd9f9~mv2.png/v1/fill/w_28,h_28,al_c,q_85,usm_0.66_1.00_0.01,enc_avif,quality_auto/11062b_603340b7bcb14e7785c7b65b233cd9f9~mv2.png",""
"https://www.lifeusa.org/no/tags/haiti","https://static.wixstatic.com/media/11062b_603340b7bcb14e7785c7b65b233cd9f9~mv2.png/v1/fill/w_28,h_28,al_c,q_85,usm_0.66_1.00_0.01,enc_avif,quality_auto/11062b_603340b7bcb14e7785c7b65b233cd9f9~mv2.png",""
"https://www.lifeusa.org/no/tags/kenya","https://static.wixstatic.com/media/11062b_603340b7bcb14e7785c7b65b233cd9f9~mv2.png/v1/fill/w_28,h_28,al_c,q_85,usm_0.66_1.00_0.01,enc_avif,quality_auto/11062b_603340b7bcb14e7785c7b65b233cd9f9~mv2.png",""
"https://www.lifeusa.org/no/tags/national-women-s-month","https://static.wixstatic.com/media/11062b_603340b7bcb14e7785c7b65b233cd9f9~mv2.png/v1/fill/w_28,h_28,al_c,q_85,usm_0.66_1.00_0.01,enc_avif,quality_auto/11062b_603340b7bcb14e7785c7b65b233cd9f9~mv2.png",""
"https://www.lifeusa.org/no/tags/lebanon","https://static.wixstatic.com/media/11062b_603340b7bcb14e7785c7b65b233cd9f9~mv2.png/v1/fill/w_28,h_28,al_c,q_85,usm_0.66_1.00_0.01,enc_avif,quality_auto/11062b_603340b7bcb14e7785c7b65b233cd9f9~mv2.png",""
"https://www.lifeusa.org/no/tags/share","https://static.wixstatic.com/media/11062b_603340b7bcb14e7785c7b65b233cd9f9~mv2.png/v1/fill/w_28,h_28,al_c,q_85,usm_0.66_1.00_0.01,enc_avif,quality_auto/11062b_603340b7bcb14e7785c7b65b233cd9f9~mv2.png",""
"https://www.lifeusa.org/no/tags/udhiyah","https://static.wixstatic.com/media/11062b_603340b7bcb14e7785c7b65b233cd9f9~mv2.png/v1/fill/w_28,h_28,al_c,q_85,usm_0.66_1.00_0.01,enc_avif,quality_auto/11062b_603340b7bcb14e7785c7b65b233cd9f9~mv2.png",""
"https://www.lifeusa.org/post/winter-blankets-bangladesh","https://static.wixstatic.com/media/11062b_603340b7bcb14e7785c7b65b233cd9f9~mv2.png/v1/fill/w_28,h_28,al_c,q_85,usm_0.66_1.00_0.01,enc_avif,quality_auto/11062b_603340b7bcb14e7785c7b65b233cd9f9~mv2.png",""
"https://www.lifeusa.org/post/when-zakat-islamic-charity-almost-eradicated-poverty","https://static.wixstatic.com/media/11062b_603340b7bcb14e7785c7b65b233cd9f9~mv2.png/v1/fill/w_28,h_28,al_c,q_85,usm_0.66_1.00_0.01,enc_avif,quality_auto/11062b_603340b7bcb14e7785c7b65b233cd9f9~mv2.png",""
"https://www.lifeusa.org/post/life-distributes-ramadan-meals-in-mali","https://static.wixstatic.com/media/11062b_603340b7bcb14e7785c7b65b233cd9f9~mv2.png/v1/fill/w_28,h_28,al_c,q_85,usm_0.66_1.00_0.01,enc_avif,quality_auto/11062b_603340b7bcb14e7785c7b65b233cd9f9~mv2.png",""
"https://www.lifeusa.org/post/pakistan-fresh-meat-distribution-and-orphan-eid-party","https://static.wixstatic.com/media/11062b_603340b7bcb14e7785c7b65b233cd9f9~mv2.png/v1/fill/w_28,h_28,al_c,q_85,usm_0.66_1.00_0.01,enc_avif,quality_auto/11062b_603340b7bcb14e7785c7b65b233cd9f9~mv2.png",""
"https://www.lifeusa.org/post/life-distributes-udhiyah-meat-in-egypt","https://static.wixstatic.com/media/11062b_603340b7bcb14e7785c7b65b233cd9f9~mv2.png/v1/fill/w_28,h_28,al_c,q_85,usm_0.66_1.00_0.01,enc_avif,quality_auto/11062b_603340b7bcb14e7785c7b65b233cd9f9~mv2.png",""
"https://www.lifeusa.org/post/life-distributes-fresh-meat-in-bosnia-and-herzegovina","https://static.wixstatic.com/media/11062b_603340b7bcb14e7785c7b65b233cd9f9~mv2.png/v1/fill/w_28,h_28,al_c,q_85,usm_0.66_1.00_0.01,enc_avif,quality_auto/11062b_603340b7bcb14e7785c7b65b233cd9f9~mv2.png",""
"https://www.lifeusa.org/post/life-distributes-fresh-meat-in-syria","https://static.wixstatic.com/media/11062b_603340b7bcb14e7785c7b65b233cd9f9~mv2.png/v1/fill/w_28,h_28,al_c,q_85,usm_0.66_1.00_0.01,enc_avif,quality_auto/11062b_603340b7bcb14e7785c7b65b233cd9f9~mv2.png",""
"https://www.lifeusa.org/post/life-distributes-ramadan-food-baskets-yemen","https://static.wixstatic.com/media/11062b_603340b7bcb14e7785c7b65b233cd9f9~mv2.png/v1/fill/w_28,h_28,al_c,q_85,usm_0.66_1.00_0.01,enc_avif,quality_auto/11062b_603340b7bcb14e7785c7b65b233cd9f9~mv2.png",""
"https://www.lifeusa.org/post/life-distributes-udhiyah-meat-in-somalia","https://static.wixstatic.com/media/11062b_603340b7bcb14e7785c7b65b233cd9f9~mv2.png/v1/fill/w_28,h_28,al_c,q_85,usm_0.66_1.00_0.01,enc_avif,quality_auto/11062b_603340b7bcb14e7785c7b65b233cd9f9~mv2.png",""
"https://www.lifeusa.org/post/life-distributes-fresh-meat-in-sudan","https://static.wixstatic.com/media/11062b_603340b7bcb14e7785c7b65b233cd9f9~mv2.png/v1/fill/w_28,h_28,al_c,q_85,usm_0.66_1.00_0.01,enc_avif,quality_auto/11062b_603340b7bcb14e7785c7b65b233cd9f9~mv2.png",""
"https://www.lifeusa.org/post/life-distributes-fresh-meat-in-djibouti","https://static.wixstatic.com/media/11062b_603340b7bcb14e7785c7b65b233cd9f9~mv2.png/v1/fill/w_28,h_28,al_c,q_85,usm_0.66_1.00_0.01,enc_avif,quality_auto/11062b_603340b7bcb14e7785c7b65b233cd9f9~mv2.png",""
"https://www.lifeusa.org/post/life-distributes-fresh-meat-in-ethiopia","https://static.wixstatic.com/media/11062b_603340b7bcb14e7785c7b65b233cd9f9~mv2.png/v1/fill/w_28,h_28,al_c,q_85,usm_0.66_1.00_0.01,enc_avif,quality_auto/11062b_603340b7bcb14e7785c7b65b233cd9f9~mv2.png",""
"https://www.lifeusa.org/no/tags/yemen","https://static.wixstatic.com/media/11062b_603340b7bcb14e7785c7b65b233cd9f9~mv2.png/v1/fill/w_28,h_28,al_c,q_85,usm_0.66_1.00_0.01,enc_avif,quality_auto/11062b_603340b7bcb14e7785c7b65b233cd9f9~mv2.png",""
"https://www.lifeusa.org/no/tags/bosnia-1","https://static.wixstatic.com/media/11062b_603340b7bcb14e7785c7b65b233cd9f9~mv2.png/v1/fill/w_28,h_28,al_c,q_85,usm_0.66_1.00_0.01,enc_avif,quality_auto/11062b_603340b7bcb14e7785c7b65b233cd9f9~mv2.png",""
"https://www.lifeusa.org/no/tags/egypt","https://static.wixstatic.com/media/11062b_603340b7bcb14e7785c7b65b233cd9f9~mv2.png/v1/fill/w_28,h_28,al_c,q_85,usm_0.66_1.00_0.01,enc_avif,quality_auto/11062b_603340b7bcb14e7785c7b65b233cd9f9~mv2.png",""
"https://www.lifeusa.org/post/what-is-udhiyah-qurbani-in-islam","https://static.wixstatic.com/media/11062b_603340b7bcb14e7785c7b65b233cd9f9~mv2.png/v1/fill/w_28,h_28,al_c,q_85,usm_0.66_1.00_0.01,enc_avif,quality_auto/11062b_603340b7bcb14e7785c7b65b233cd9f9~mv2.png",""
"https://www.lifeusa.org/no/tags/herzegovina","https://static.wixstatic.com/media/11062b_603340b7bcb14e7785c7b65b233cd9f9~mv2.png/v1/fill/w_28,h_28,al_c,q_85,usm_0.66_1.00_0.01,enc_avif,quality_auto/11062b_603340b7bcb14e7785c7b65b233cd9f9~mv2.png",""
"https://www.lifeusa.org/no/tags/fresh-meat","https://static.wixstatic.com/media/11062b_603340b7bcb14e7785c7b65b233cd9f9~mv2.png/v1/fill/w_28,h_28,al_c,q_85,usm_0.66_1.00_0.01,enc_avif,quality_auto/11062b_603340b7bcb14e7785c7b65b233cd9f9~mv2.png",""
"https://www.lifeusa.org/no/tags/pakistan-1","https://static.wixstatic.com/media/11062b_603340b7bcb14e7785c7b65b233cd9f9~mv2.png/v1/fill/w_28,h_28,al_c,q_85,usm_0.66_1.00_0.01,enc_avif,quality_auto/11062b_603340b7bcb14e7785c7b65b233cd9f9~mv2.png",""
"https://www.lifeusa.org/no/tags/eid","https://static.wixstatic.com/media/11062b_603340b7bcb14e7785c7b65b233cd9f9~mv2.png/v1/fill/w_28,h_28,al_c,q_85,usm_0.66_1.00_0.01,enc_avif,quality_auto/11062b_603340b7bcb14e7785c7b65b233cd9f9~mv2.png",""
"https://www.lifeusa.org/no/tags/orphan-1","https://static.wixstatic.com/media/11062b_603340b7bcb14e7785c7b65b233cd9f9~mv2.png/v1/fill/w_28,h_28,al_c,q_85,usm_0.66_1.00_0.01,enc_avif,quality_auto/11062b_603340b7bcb14e7785c7b65b233cd9f9~mv2.png",""
"https://www.lifeusa.org/no/tags/mali","https://static.wixstatic.com/media/11062b_603340b7bcb14e7785c7b65b233cd9f9~mv2.png/v1/fill/w_28,h_28,al_c,q_85,usm_0.66_1.00_0.01,enc_avif,quality_auto/11062b_603340b7bcb14e7785c7b65b233cd9f9~mv2.png",""
"https://www.lifeusa.org/no/tags/zakat","https://static.wixstatic.com/media/11062b_603340b7bcb14e7785c7b65b233cd9f9~mv2.png/v1/fill/w_28,h_28,al_c,q_85,usm_0.66_1.00_0.01,enc_avif,quality_auto/11062b_603340b7bcb14e7785c7b65b233cd9f9~mv2.png",""
"https://www.lifeusa.org/no/tags/winter","https://static.wixstatic.com/media/11062b_603340b7bcb14e7785c7b65b233cd9f9~mv2.png/v1/fill/w_28,h_28,al_c,q_85,usm_0.66_1.00_0.01,enc_avif,quality_auto/11062b_603340b7bcb14e7785c7b65b233cd9f9~mv2.png",""
"https://www.lifeusa.org/","https://static.wixstatic.com/media/6df904_e5b55de04136484985205eebca17035e~mv2.png/v1/fill/w_980,h_551,al_c,q_90,usm_0.66_1.00_0.01,enc_avif,quality_auto/6df904_e5b55de04136484985205eebca17035e~mv2.png",""
"https://www.lifeusa.org/","https://static.wixstatic.com/media/6df904_e5b55de04136484985205eebca17035e~mv2.png/v1/fill/w_980,h_551,al_c,q_90,usm_0.66_1.00_0.01,enc_avif,quality_auto/6df904_e5b55de04136484985205eebca17035e~mv2.png",""
"https://www.lifeusa.org/","https://static.wixstatic.com/media/11062b_7edd292d29b34c309100535a26dc5033~mv2.png/v1/fill/w_28,h_28,al_c,q_85,usm_0.66_1.00_0.01,enc_avif,quality_auto/11062b_7edd292d29b34c309100535a26dc5033~mv2.png",""
"https://www.lifeusa.org/get-involved","https://static.wixstatic.com/media/11062b_7edd292d29b34c309100535a26dc5033~mv2.png/v1/fill/w_28,h_28,al_c,q_85,usm_0.66_1.00_0.01,enc_avif,quality_auto/11062b_7edd292d29b34c309100535a26dc5033~mv2.png",""
"https://www.lifeusa.org/about","https://static.wixstatic.com/media/11062b_7edd292d29b34c309100535a26dc5033~mv2.png/v1/fill/w_28,h_28,al_c,q_85,usm_0.66_1.00_0.01,enc_avif,quality_auto/11062b_7edd292d29b34c309100535a26dc5033~mv2.png",""
"https://www.lifeusa.org/financial-reports","https://static.wixstatic.com/media/11062b_7edd292d29b34c309100535a26dc5033~mv2.png/v1/fill/w_28,h_28,al_c,q_85,usm_0.66_1.00_0.01,enc_avif,quality_auto/11062b_7edd292d29b34c309100535a26dc5033~mv2.png",""
"https://www.lifeusa.org/post/the-global-environmental-crisis-water-climate-and-life-s-impact","https://static.wixstatic.com/media/11062b_7edd292d29b34c309100535a26dc5033~mv2.png/v1/fill/w_28,h_28,al_c,q_85,usm_0.66_1.00_0.01,enc_avif,quality_auto/11062b_7edd292d29b34c309100535a26dc5033~mv2.png",""
"https://www.lifeusa.org/board-members","https://static.wixstatic.com/media/11062b_7edd292d29b34c309100535a26dc5033~mv2.png/v1/fill/w_28,h_28,al_c,q_85,usm_0.66_1.00_0.01,enc_avif,quality_auto/11062b_7edd292d29b34c309100535a26dc5033~mv2.png",""
"https://www.lifeusa.org/annualreports","https://static.wixstatic.com/media/11062b_7edd292d29b34c309100535a26dc5033~mv2.png/v1/fill/w_28,h_28,al_c,q_85,usm_0.66_1.00_0.01,enc_avif,quality_auto/11062b_7edd292d29b34c309100535a26dc5033~mv2.png",""
"https://www.lifeusa.org/blogs","https://static.wixstatic.com/media/11062b_7edd292d29b34c309100535a26dc5033~mv2.png/v1/fill/w_28,h_28,al_c,q_85,usm_0.66_1.00_0.01,enc_avif,quality_auto/11062b_7edd292d29b34c309100535a26dc5033~mv2.png",""
"https://www.lifeusa.org/lebanon-emergency-relief","https://static.wixstatic.com/media/11062b_7edd292d29b34c309100535a26dc5033~mv2.png/v1/fill/w_28,h_28,al_c,q_85,usm_0.66_1.00_0.01,enc_avif,quality_auto/11062b_7edd292d29b34c309100535a26dc5033~mv2.png",""
"https://www.lifeusa.org/post/eid-al-adha-a-celebration-of-unity","https://static.wixstatic.com/media/11062b_7edd292d29b34c309100535a26dc5033~mv2.png/v1/fill/w_28,h_28,al_c,q_85,usm_0.66_1.00_0.01,enc_avif,quality_auto/11062b_7edd292d29b34c309100535a26dc5033~mv2.png",""
"https://www.lifeusa.org/media","https://static.wixstatic.com/media/11062b_7edd292d29b34c309100535a26dc5033~mv2.png/v1/fill/w_28,h_28,al_c,q_85,usm_0.66_1.00_0.01,enc_avif,quality_auto/11062b_7edd292d29b34c309100535a26dc5033~mv2.png",""
"https://www.lifeusa.org/privacy-policy","https://static.wixstatic.com/media/11062b_7edd292d29b34c309100535a26dc5033~mv2.png/v1/fill/w_28,h_28,al_c,q_85,usm_0.66_1.00_0.01,enc_avif,quality_auto/11062b_7edd292d29b34c309100535a26dc5033~mv2.png",""
"https://www.lifeusa.org/waystogive","https://static.wixstatic.com/media/11062b_7edd292d29b34c309100535a26dc5033~mv2.png/v1/fill/w_28,h_28,al_c,q_85,usm_0.66_1.00_0.01,enc_avif,quality_auto/11062b_7edd292d29b34c309100535a26dc5033~mv2.png",""
"https://www.lifeusa.org/programs","https://static.wixstatic.com/media/11062b_7edd292d29b34c309100535a26dc5033~mv2.png/v1/fill/w_28,h_28,al_c,q_85,usm_0.66_1.00_0.01,enc_avif,quality_auto/11062b_7edd292d29b34c309100535a26dc5033~mv2.png",""
"https://www.lifeusa.org/post/the-world-keeps-making-more-plastic-and-the-cost-is-human","https://static.wixstatic.com/media/11062b_7edd292d29b34c309100535a26dc5033~mv2.png/v1/fill/w_28,h_28,al_c,q_85,usm_0.66_1.00_0.01,enc_avif,quality_auto/11062b_7edd292d29b34c309100535a26dc5033~mv2.png",""
"https://www.lifeusa.org/post/children-in-crisis-the-psychological-toll-of-violence","https://static.wixstatic.com/media/11062b_7edd292d29b34c309100535a26dc5033~mv2.png/v1/fill/w_28,h_28,al_c,q_85,usm_0.66_1.00_0.01,enc_avif,quality_auto/11062b_7edd292d29b34c309100535a26dc5033~mv2.png",""
"https://www.lifeusa.org/volunteer","https://static.wixstatic.com/media/11062b_7edd292d29b34c309100535a26dc5033~mv2.png/v1/fill/w_28,h_28,al_c,q_85,usm_0.66_1.00_0.01,enc_avif,quality_auto/11062b_7edd292d29b34c309100535a26dc5033~mv2.png",""
"https://www.lifeusa.org/careers","https://static.wixstatic.com/media/11062b_7edd292d29b34c309100535a26dc5033~mv2.png/v1/fill/w_28,h_28,al_c,q_85,usm_0.66_1.00_0.01,enc_avif,quality_auto/11062b_7edd292d29b34c309100535a26dc5033~mv2.png",""
"https://www.lifeusa.org/fundraising","https://static.wixstatic.com/media/11062b_7edd292d29b34c309100535a26dc5033~mv2.png/v1/fill/w_28,h_28,al_c,q_85,usm_0.66_1.00_0.01,enc_avif,quality_auto/11062b_7edd292d29b34c309100535a26dc5033~mv2.png",""
"https://www.lifeusa.org/doublethedonation","https://static.wixstatic.com/media/11062b_7edd292d29b34c309100535a26dc5033~mv2.png/v1/fill/w_28,h_28,al_c,q_85,usm_0.66_1.00_0.01,enc_avif,quality_auto/11062b_7edd292d29b34c309100535a26dc5033~mv2.png",""
"https://www.lifeusa.org/no","https://static.wixstatic.com/media/11062b_7edd292d29b34c309100535a26dc5033~mv2.png/v1/fill/w_28,h_28,al_c,q_85,usm_0.66_1.00_0.01,enc_avif,quality_auto/11062b_7edd292d29b34c309100535a26dc5033~mv2.png",""
"https://www.lifeusa.org/no/categories/life-blog","https://static.wixstatic.com/media/11062b_7edd292d29b34c309100535a26dc5033~mv2.png/v1/fill/w_28,h_28,al_c,q_85,usm_0.66_1.00_0.01,enc_avif,quality_auto/11062b_7edd292d29b34c309100535a26dc5033~mv2.png",""
"https://www.lifeusa.org/no/categories/giving-charity","https://static.wixstatic.com/media/11062b_7edd292d29b34c309100535a26dc5033~mv2.png/v1/fill/w_28,h_28,al_c,q_85,usm_0.66_1.00_0.01,enc_avif,quality_auto/11062b_7edd292d29b34c309100535a26dc5033~mv2.png",""
"https://www.lifeusa.org/no/categories/reports","https://static.wixstatic.com/media/11062b_7edd292d29b34c309100535a26dc5033~mv2.png/v1/fill/w_28,h_28,al_c,q_85,usm_0.66_1.00_0.01,enc_avif,quality_auto/11062b_7edd292d29b34c309100535a26dc5033~mv2.png",""
"https://www.lifeusa.org/no/categories/tax-write-off","https://static.wixstatic.com/media/11062b_7edd292d29b34c309100535a26dc5033~mv2.png/v1/fill/w_28,h_28,al_c,q_85,usm_0.66_1.00_0.01,enc_avif,quality_auto/11062b_7edd292d29b34c309100535a26dc5033~mv2.png",""
"https://www.lifeusa.org/no/categories/philosophy","https://static.wixstatic.com/media/11062b_7edd292d29b34c309100535a26dc5033~mv2.png/v1/fill/w_28,h_28,al_c,q_85,usm_0.66_1.00_0.01,enc_avif,quality_auto/11062b_7edd292d29b34c309100535a26dc5033~mv2.png",""
"https://www.lifeusa.org/post/women-s-empowerment-the-key-to-solving-world-hunger","https://static.wixstatic.com/media/11062b_7edd292d29b34c309100535a26dc5033~mv2.png/v1/fill/w_28,h_28,al_c,q_85,usm_0.66_1.00_0.01,enc_avif,quality_auto/11062b_7edd292d29b34c309100535a26dc5033~mv2.png",""
"https://www.lifeusa.org/no/categories/purpose","https://static.wixstatic.com/media/11062b_7edd292d29b34c309100535a26dc5033~mv2.png/v1/fill/w_28,h_28,al_c,q_85,usm_0.66_1.00_0.01,enc_avif,quality_auto/11062b_7edd292d29b34c309100535a26dc5033~mv2.png",""
"https://www.lifeusa.org/post/one-dollar-can-change-someone-s-life","https://static.wixstatic.com/media/11062b_7edd292d29b34c309100535a26dc5033~mv2.png/v1/fill/w_28,h_28,al_c,q_85,usm_0.66_1.00_0.01,enc_avif,quality_auto/11062b_7edd292d29b34c309100535a26dc5033~mv2.png",""
"https://www.lifeusa.org/post/afghanistan-s-earthquake-stories-of-survival-and-relief","https://static.wixstatic.com/media/11062b_7edd292d29b34c309100535a26dc5033~mv2.png/v1/fill/w_28,h_28,al_c,q_85,usm_0.66_1.00_0.01,enc_avif,quality_auto/11062b_7edd292d29b34c309100535a26dc5033~mv2.png",""
"https://www.lifeusa.org/post/why-one-gift-means-the-world-to-an-orphaned-child","https://static.wixstatic.com/media/11062b_7edd292d29b34c309100535a26dc5033~mv2.png/v1/fill/w_28,h_28,al_c,q_85,usm_0.66_1.00_0.01,enc_avif,quality_auto/11062b_7edd292d29b34c309100535a26dc5033~mv2.png",""
"https://www.lifeusa.org/post/children-forced-to-sleep-in-cars-and-on-the-streets-as-over-800-000-are-displaced-in-lebanon","https://static.wixstatic.com/media/11062b_7edd292d29b34c309100535a26dc5033~mv2.png/v1/fill/w_28,h_28,al_c,q_85,usm_0.66_1.00_0.01,enc_avif,quality_auto/11062b_7edd292d29b34c309100535a26dc5033~mv2.png",""
"https://www.lifeusa.org/post/remembering-judge-frank-caprio-a-judge-who-redefined-leadership-through-compassion","https://static.wixstatic.com/media/11062b_7edd292d29b34c309100535a26dc5033~mv2.png/v1/fill/w_28,h_28,al_c,q_85,usm_0.66_1.00_0.01,enc_avif,quality_auto/11062b_7edd292d29b34c309100535a26dc5033~mv2.png",""
"https://www.lifeusa.org/post/over-6-5-hungry-in-somalia-why-your-giving-matters-now-more-than-ever","https://static.wixstatic.com/media/11062b_7edd292d29b34c309100535a26dc5033~mv2.png/v1/fill/w_28,h_28,al_c,q_85,usm_0.66_1.00_0.01,enc_avif,quality_auto/11062b_7edd292d29b34c309100535a26dc5033~mv2.png",""
"https://www.lifeusa.org/post/starvation-in-gaza-why-the-world-must-act-now-before-thousands-more-die","https://static.wixstatic.com/media/11062b_7edd292d29b34c309100535a26dc5033~mv2.png/v1/fill/w_28,h_28,al_c,q_85,usm_0.66_1.00_0.01,enc_avif,quality_auto/11062b_7edd292d29b34c309100535a26dc5033~mv2.png",""
"https://www.lifeusa.org/post/latest-cuts-to-humanitarian-aid-leave-millions-without-hope","https://static.wixstatic.com/media/11062b_7edd292d29b34c309100535a26dc5033~mv2.png/v1/fill/w_28,h_28,al_c,q_85,usm_0.66_1.00_0.01,enc_avif,quality_auto/11062b_7edd292d29b34c309100535a26dc5033~mv2.png",""
"https://www.lifeusa.org/legacy","https://static.wixstatic.com/media/11062b_7edd292d29b34c309100535a26dc5033~mv2.png/v1/fill/w_28,h_28,al_c,q_85,usm_0.66_1.00_0.01,enc_avif,quality_auto/11062b_7edd292d29b34c309100535a26dc5033~mv2.png",""
"https://www.lifeusa.org/copy-of-freewill-landing-page","https://static.wixstatic.com/media/11062b_7edd292d29b34c309100535a26dc5033~mv2.png/v1/fill/w_28,h_28,al_c,q_85,usm_0.66_1.00_0.01,enc_avif,quality_auto/11062b_7edd292d29b34c309100535a26dc5033~mv2.png",""
"https://www.lifeusa.org/newsletters","https://static.wixstatic.com/media/11062b_7edd292d29b34c309100535a26dc5033~mv2.png/v1/fill/w_28,h_28,al_c,q_85,usm_0.66_1.00_0.01,enc_avif,quality_auto/11062b_7edd292d29b34c309100535a26dc5033~mv2.png",""
"https://www.lifeusa.org/news","https://static.wixstatic.com/media/11062b_7edd292d29b34c309100535a26dc5033~mv2.png/v1/fill/w_28,h_28,al_c,q_85,usm_0.66_1.00_0.01,enc_avif,quality_auto/11062b_7edd292d29b34c309100535a26dc5033~mv2.png",""
"https://www.lifeusa.org/press","https://static.wixstatic.com/media/11062b_7edd292d29b34c309100535a26dc5033~mv2.png/v1/fill/w_28,h_28,al_c,q_85,usm_0.66_1.00_0.01,enc_avif,quality_auto/11062b_7edd292d29b34c309100535a26dc5033~mv2.png",""
"https://www.lifeusa.org/post/building-a-better-world-for-33-years","https://static.wixstatic.com/media/11062b_7edd292d29b34c309100535a26dc5033~mv2.png/v1/fill/w_28,h_28,al_c,q_85,usm_0.66_1.00_0.01,enc_avif,quality_auto/11062b_7edd292d29b34c309100535a26dc5033~mv2.png",""
"https://www.lifeusa.org/post/write-your-will-for-free-and-let-the-good-you-do-today-last-forever","https://static.wixstatic.com/media/11062b_7edd292d29b34c309100535a26dc5033~mv2.png/v1/fill/w_28,h_28,al_c,q_85,usm_0.66_1.00_0.01,enc_avif,quality_auto/11062b_7edd292d29b34c309100535a26dc5033~mv2.png",""
"https://www.lifeusa.org/post/charitable-giving-an-advantage-we-never-saw-coming-from-the-one-big-beautiful-bill-act","https://static.wixstatic.com/media/11062b_7edd292d29b34c309100535a26dc5033~mv2.png/v1/fill/w_28,h_28,al_c,q_85,usm_0.66_1.00_0.01,enc_avif,quality_auto/11062b_7edd292d29b34c309100535a26dc5033~mv2.png",""
"https://www.lifeusa.org/post/double-or-triple-your-donation-without-spending-more-through-life-for-relief-and-development-life","https://static.wixstatic.com/media/11062b_7edd292d29b34c309100535a26dc5033~mv2.png/v1/fill/w_28,h_28,al_c,q_85,usm_0.66_1.00_0.01,enc_avif,quality_auto/11062b_7edd292d29b34c309100535a26dc5033~mv2.png",""
"https://www.lifeusa.org/post/winter-flooding-in-gaza-leaves-families-cold-and-exhausted","https://static.wixstatic.com/media/11062b_7edd292d29b34c309100535a26dc5033~mv2.png/v1/fill/w_28,h_28,al_c,q_85,usm_0.66_1.00_0.01,enc_avif,quality_auto/11062b_7edd292d29b34c309100535a26dc5033~mv2.png",""
"https://www.lifeusa.org/post/school-supplies-could-be-the-key-to-ending-poverty","https://static.wixstatic.com/media/11062b_7edd292d29b34c309100535a26dc5033~mv2.png/v1/fill/w_28,h_28,al_c,q_85,usm_0.66_1.00_0.01,enc_avif,quality_auto/11062b_7edd292d29b34c309100535a26dc5033~mv2.png",""
"https://www.lifeusa.org/post/cold-kills-5-million-a-year-life-s-winter-aid-helps-prevent-this-tragedy","https://static.wixstatic.com/media/11062b_7edd292d29b34c309100535a26dc5033~mv2.png/v1/fill/w_28,h_28,al_c,q_85,usm_0.66_1.00_0.01,enc_avif,quality_auto/11062b_7edd292d29b34c309100535a26dc5033~mv2.png",""
"https://www.lifeusa.org/post/give-the-smart-way-stop-paying-taxes-on-stocks-and-receive-a-big-tax-deduction","https://static.wixstatic.com/media/11062b_7edd292d29b34c309100535a26dc5033~mv2.png/v1/fill/w_28,h_28,al_c,q_85,usm_0.66_1.00_0.01,enc_avif,quality_auto/11062b_7edd292d29b34c309100535a26dc5033~mv2.png",""
"https://www.lifeusa.org/post/health-for-all-how-life-is-closing-the-global-healthcare-gap","https://static.wixstatic.com/media/11062b_7edd292d29b34c309100535a26dc5033~mv2.png/v1/fill/w_28,h_28,al_c,q_85,usm_0.66_1.00_0.01,enc_avif,quality_auto/11062b_7edd292d29b34c309100535a26dc5033~mv2.png",""
"https://www.lifeusa.org/post/recognizing-everyday-leaders-and-heros-this-father-s-day-2025","https://static.wixstatic.com/media/11062b_7edd292d29b34c309100535a26dc5033~mv2.png/v1/fill/w_28,h_28,al_c,q_85,usm_0.66_1.00_0.01,enc_avif,quality_auto/11062b_7edd292d29b34c309100535a26dc5033~mv2.png",""
"https://www.lifeusa.org/post/she-was-buried-underground-for-13-years-then-she-heard-the-ocean","https://static.wixstatic.com/media/11062b_7edd292d29b34c309100535a26dc5033~mv2.png/v1/fill/w_28,h_28,al_c,q_85,usm_0.66_1.00_0.01,enc_avif,quality_auto/11062b_7edd292d29b34c309100535a26dc5033~mv2.png",""
"https://www.lifeusa.org/post/when-the-guadalupe-river-roared-texas-tested-with-devastation-and-loss","https://static.wixstatic.com/media/11062b_7edd292d29b34c309100535a26dc5033~mv2.png/v1/fill/w_28,h_28,al_c,q_85,usm_0.66_1.00_0.01,enc_avif,quality_auto/11062b_7edd292d29b34c309100535a26dc5033~mv2.png",""
"https://www.lifeusa.org/post/the-hidden-price-tag-of-fast-fashion-and-how-life-is-offering-sustainable-solutions-you-can-support","https://static.wixstatic.com/media/11062b_7edd292d29b34c309100535a26dc5033~mv2.png/v1/fill/w_28,h_28,al_c,q_85,usm_0.66_1.00_0.01,enc_avif,quality_auto/11062b_7edd292d29b34c309100535a26dc5033~mv2.png",""
"https://www.lifeusa.org/post/ramadan-a-place-for-everyone","https://static.wixstatic.com/media/11062b_7edd292d29b34c309100535a26dc5033~mv2.png/v1/fill/w_28,h_28,al_c,q_85,usm_0.66_1.00_0.01,enc_avif,quality_auto/11062b_7edd292d29b34c309100535a26dc5033~mv2.png",""
"https://www.lifeusa.org/post/a-step-by-step-guide-on-how-to-participate-in-ramadan","https://static.wixstatic.com/media/11062b_7edd292d29b34c309100535a26dc5033~mv2.png/v1/fill/w_28,h_28,al_c,q_85,usm_0.66_1.00_0.01,enc_avif,quality_auto/11062b_7edd292d29b34c309100535a26dc5033~mv2.png",""
"https://www.lifeusa.org/post/sick-kids-with-no-medicine-in-sight-how-life-is-restoring-healthcare-access-in-africa","https://static.wixstatic.com/media/11062b_7edd292d29b34c309100535a26dc5033~mv2.png/v1/fill/w_28,h_28,al_c,q_85,usm_0.66_1.00_0.01,enc_avif,quality_auto/11062b_7edd292d29b34c309100535a26dc5033~mv2.png",""
"https://www.lifeusa.org/post/as-middle-east-tensions-rise-families-face-uncertainty-and-compassion-matters-more","https://static.wixstatic.com/media/11062b_7edd292d29b34c309100535a26dc5033~mv2.png/v1/fill/w_28,h_28,al_c,q_85,usm_0.66_1.00_0.01,enc_avif,quality_auto/11062b_7edd292d29b34c309100535a26dc5033~mv2.png",""
"https://www.lifeusa.org/post/millions-hungry-and-displaced-why-the-sudan-crisis-requires-immediate-action","https://static.wixstatic.com/media/11062b_7edd292d29b34c309100535a26dc5033~mv2.png/v1/fill/w_28,h_28,al_c,q_85,usm_0.66_1.00_0.01,enc_avif,quality_auto/11062b_7edd292d29b34c309100535a26dc5033~mv2.png",""
"https://www.lifeusa.org/post/maximize-your-tax-write-off-with-charitable-giving-apps","https://static.wixstatic.com/media/11062b_7edd292d29b34c309100535a26dc5033~mv2.png/v1/fill/w_28,h_28,al_c,q_85,usm_0.66_1.00_0.01,enc_avif,quality_auto/11062b_7edd292d29b34c309100535a26dc5033~mv2.png",""
"https://www.lifeusa.org/post/when-life-becomes-art-finding-flow-purpose-and-the-joy-of-giving","https://static.wixstatic.com/media/11062b_7edd292d29b34c309100535a26dc5033~mv2.png/v1/fill/w_28,h_28,al_c,q_85,usm_0.66_1.00_0.01,enc_avif,quality_auto/11062b_7edd292d29b34c309100535a26dc5033~mv2.png",""
"https://www.lifeusa.org/post/how-violence-and-war-affect-children-worldwide-and-how-you-can-help","https://static.wixstatic.com/media/11062b_7edd292d29b34c309100535a26dc5033~mv2.png/v1/fill/w_28,h_28,al_c,q_85,usm_0.66_1.00_0.01,enc_avif,quality_auto/11062b_7edd292d29b34c309100535a26dc5033~mv2.png",""
"https://www.lifeusa.org/post/what-happens-when-you-can-t-see-in-a-refugee-camp","https://static.wixstatic.com/media/11062b_7edd292d29b34c309100535a26dc5033~mv2.png/v1/fill/w_28,h_28,al_c,q_85,usm_0.66_1.00_0.01,enc_avif,quality_auto/11062b_7edd292d29b34c309100535a26dc5033~mv2.png",""
"https://www.lifeusa.org/post/the-challenges-humanitarian-organizations-face-after-conflict-ends","https://static.wixstatic.com/media/11062b_7edd292d29b34c309100535a26dc5033~mv2.png/v1/fill/w_28,h_28,al_c,q_85,usm_0.66_1.00_0.01,enc_avif,quality_auto/11062b_7edd292d29b34c309100535a26dc5033~mv2.png",""
"https://www.lifeusa.org/post/the-power-of-listening-and-how-to-harness-it","https://static.wixstatic.com/media/11062b_7edd292d29b34c309100535a26dc5033~mv2.png/v1/fill/w_28,h_28,al_c,q_85,usm_0.66_1.00_0.01,enc_avif,quality_auto/11062b_7edd292d29b34c309100535a26dc5033~mv2.png",""
"https://www.lifeusa.org/post/monsoon-flood-in-northern-pakistan-takes-everything-from-villagers-life-usa-helps-families-rebuild","https://static.wixstatic.com/media/11062b_7edd292d29b34c309100535a26dc5033~mv2.png/v1/fill/w_28,h_28,al_c,q_85,usm_0.66_1.00_0.01,enc_avif,quality_auto/11062b_7edd292d29b34c309100535a26dc5033~mv2.png",""
"https://www.lifeusa.org/post/life-s-orphan-sponsorships-keep-children-warm-and-in-school-during-the-winter-months-in-pakistan","https://static.wixstatic.com/media/11062b_7edd292d29b34c309100535a26dc5033~mv2.png/v1/fill/w_28,h_28,al_c,q_85,usm_0.66_1.00_0.01,enc_avif,quality_auto/11062b_7edd292d29b34c309100535a26dc5033~mv2.png",""
"https://www.lifeusa.org/post/life-supports-mothers-and-orphans-in-gaza-with-critical-baby-formula-and-other-essentials","https://static.wixstatic.com/media/11062b_7edd292d29b34c309100535a26dc5033~mv2.png/v1/fill/w_28,h_28,al_c,q_85,usm_0.66_1.00_0.01,enc_avif,quality_auto/11062b_7edd292d29b34c309100535a26dc5033~mv2.png",""
"https://www.lifeusa.org/post/hope-returns-to-the-classroom-through-life-for-relief-and-development-life-s-orphan-sponsorship-in","https://static.wixstatic.com/media/11062b_7edd292d29b34c309100535a26dc5033~mv2.png/v1/fill/w_28,h_28,al_c,q_85,usm_0.66_1.00_0.01,enc_avif,quality_auto/11062b_7edd292d29b34c309100535a26dc5033~mv2.png",""
"https://www.lifeusa.org/post/with-life-water-wells-comes-a-renewed-stability-and-health-for-1-800-people-in-niger","https://static.wixstatic.com/media/11062b_7edd292d29b34c309100535a26dc5033~mv2.png/v1/fill/w_28,h_28,al_c,q_85,usm_0.66_1.00_0.01,enc_avif,quality_auto/11062b_7edd292d29b34c309100535a26dc5033~mv2.png",""
"https://www.lifeusa.org/post/in-a-tanzanian-village-water-finally-flows-close-to-home","https://static.wixstatic.com/media/11062b_7edd292d29b34c309100535a26dc5033~mv2.png/v1/fill/w_28,h_28,al_c,q_85,usm_0.66_1.00_0.01,enc_avif,quality_auto/11062b_7edd292d29b34c309100535a26dc5033~mv2.png",""
"https://www.lifeusa.org/post/life-continues-saving-lives-in-gaza-as-emergency-food-and-water-relief-reaches-thousands","https://static.wixstatic.com/media/11062b_7edd292d29b34c309100535a26dc5033~mv2.png/v1/fill/w_28,h_28,al_c,q_85,usm_0.66_1.00_0.01,enc_avif,quality_auto/11062b_7edd292d29b34c309100535a26dc5033~mv2.png",""
"https://www.lifeusa.org/post/life-supporting-orphans-families-gaza","https://static.wixstatic.com/media/11062b_7edd292d29b34c309100535a26dc5033~mv2.png/v1/fill/w_28,h_28,al_c,q_85,usm_0.66_1.00_0.01,enc_avif,quality_auto/11062b_7edd292d29b34c309100535a26dc5033~mv2.png",""
"https://www.lifeusa.org/post/fighting-hunger-in-somalia-life-for-relief-and-development-life-s-food-distribution-reaches-displ","https://static.wixstatic.com/media/11062b_7edd292d29b34c309100535a26dc5033~mv2.png/v1/fill/w_28,h_28,al_c,q_85,usm_0.66_1.00_0.01,enc_avif,quality_auto/11062b_7edd292d29b34c309100535a26dc5033~mv2.png",""
"https://www.lifeusa.org/post/life-for-relief-and-development-life-usa-restores-shelter-and-safety-for-8-050-displaced-individua","https://static.wixstatic.com/media/11062b_7edd292d29b34c309100535a26dc5033~mv2.png/v1/fill/w_28,h_28,al_c,q_85,usm_0.66_1.00_0.01,enc_avif,quality_auto/11062b_7edd292d29b34c309100535a26dc5033~mv2.png",""
"https://www.lifeusa.org/post/new-solar-powered-water-wells-bring-clean-water-to-3-300-people-in-pakistan","https://static.wixstatic.com/media/11062b_7edd292d29b34c309100535a26dc5033~mv2.png/v1/fill/w_28,h_28,al_c,q_85,usm_0.66_1.00_0.01,enc_avif,quality_auto/11062b_7edd292d29b34c309100535a26dc5033~mv2.png",""
"https://www.lifeusa.org/post/life-provides-medical-student-scholarships-in-the-west-bank","https://static.wixstatic.com/media/11062b_7edd292d29b34c309100535a26dc5033~mv2.png/v1/fill/w_28,h_28,al_c,q_85,usm_0.66_1.00_0.01,enc_avif,quality_auto/11062b_7edd292d29b34c309100535a26dc5033~mv2.png",""
"https://www.lifeusa.org/post/life-for-relief-and-development-protects-5-000-children-from-harsh-winter-conditions-in-gaza","https://static.wixstatic.com/media/11062b_7edd292d29b34c309100535a26dc5033~mv2.png/v1/fill/w_28,h_28,al_c,q_85,usm_0.66_1.00_0.01,enc_avif,quality_auto/11062b_7edd292d29b34c309100535a26dc5033~mv2.png",""
"https://www.lifeusa.org/post/life-for-relief-and-development-sustains-higher-education-in-syria","https://static.wixstatic.com/media/11062b_7edd292d29b34c309100535a26dc5033~mv2.png/v1/fill/w_28,h_28,al_c,q_85,usm_0.66_1.00_0.01,enc_avif,quality_auto/11062b_7edd292d29b34c309100535a26dc5033~mv2.png",""
"https://www.lifeusa.org/post/over-1-000-orphans-across-jordan-uplifted-through-life-sponsorship-program","https://static.wixstatic.com/media/11062b_7edd292d29b34c309100535a26dc5033~mv2.png/v1/fill/w_28,h_28,al_c,q_85,usm_0.66_1.00_0.01,enc_avif,quality_auto/11062b_7edd292d29b34c309100535a26dc5033~mv2.png",""
"https://www.lifeusa.org/post/life-for-relief-and-development-life-delivers-emergency-food-and-water-assistance-in-gaza-through","https://static.wixstatic.com/media/11062b_7edd292d29b34c309100535a26dc5033~mv2.png/v1/fill/w_28,h_28,al_c,q_85,usm_0.66_1.00_0.01,enc_avif,quality_auto/11062b_7edd292d29b34c309100535a26dc5033~mv2.png",""
"https://www.lifeusa.org/post/water-stops-being-a-daily-worry-for-two-communities-in-nepal","https://static.wixstatic.com/media/11062b_7edd292d29b34c309100535a26dc5033~mv2.png/v1/fill/w_28,h_28,al_c,q_85,usm_0.66_1.00_0.01,enc_avif,quality_auto/11062b_7edd292d29b34c309100535a26dc5033~mv2.png",""
"https://www.lifeusa.org/no/tags/chicago","https://static.wixstatic.com/media/11062b_7edd292d29b34c309100535a26dc5033~mv2.png/v1/fill/w_28,h_28,al_c,q_85,usm_0.66_1.00_0.01,enc_avif,quality_auto/11062b_7edd292d29b34c309100535a26dc5033~mv2.png",""
"https://www.lifeusa.org/no/tags/usa","https://static.wixstatic.com/media/11062b_7edd292d29b34c309100535a26dc5033~mv2.png/v1/fill/w_28,h_28,al_c,q_85,usm_0.66_1.00_0.01,enc_avif,quality_auto/11062b_7edd292d29b34c309100535a26dc5033~mv2.png",""
"https://www.lifeusa.org/no/tags/philanthropy","https://static.wixstatic.com/media/11062b_7edd292d29b34c309100535a26dc5033~mv2.png/v1/fill/w_28,h_28,al_c,q_85,usm_0.66_1.00_0.01,enc_avif,quality_auto/11062b_7edd292d29b34c309100535a26dc5033~mv2.png",""
"https://www.lifeusa.org/no/tags/canada","https://static.wixstatic.com/media/11062b_7edd292d29b34c309100535a26dc5033~mv2.png/v1/fill/w_28,h_28,al_c,q_85,usm_0.66_1.00_0.01,enc_avif,quality_auto/11062b_7edd292d29b34c309100535a26dc5033~mv2.png",""
"https://www.lifeusa.org/no/hashtags/butterflyeffect","https://static.wixstatic.com/media/11062b_7edd292d29b34c309100535a26dc5033~mv2.png/v1/fill/w_28,h_28,al_c,q_85,usm_0.66_1.00_0.01,enc_avif,quality_auto/11062b_7edd292d29b34c309100535a26dc5033~mv2.png",""
"https://www.lifeusa.org/no/tags/life-blog","https://static.wixstatic.com/media/11062b_7edd292d29b34c309100535a26dc5033~mv2.png/v1/fill/w_28,h_28,al_c,q_85,usm_0.66_1.00_0.01,enc_avif,quality_auto/11062b_7edd292d29b34c309100535a26dc5033~mv2.png",""
"https://www.lifeusa.org/no/tags/england","https://static.wixstatic.com/media/11062b_7edd292d29b34c309100535a26dc5033~mv2.png/v1/fill/w_28,h_28,al_c,q_85,usm_0.66_1.00_0.01,enc_avif,quality_auto/11062b_7edd292d29b34c309100535a26dc5033~mv2.png",""
"https://www.lifeusa.org/no/tags/colorado","https://static.wixstatic.com/media/11062b_7edd292d29b34c309100535a26dc5033~mv2.png/v1/fill/w_28,h_28,al_c,q_85,usm_0.66_1.00_0.01,enc_avif,quality_auto/11062b_7edd292d29b34c309100535a26dc5033~mv2.png",""
"https://www.lifeusa.org/no/tags/charity","https://static.wixstatic.com/media/11062b_7edd292d29b34c309100535a26dc5033~mv2.png/v1/fill/w_28,h_28,al_c,q_85,usm_0.66_1.00_0.01,enc_avif,quality_auto/11062b_7edd292d29b34c309100535a26dc5033~mv2.png",""
"https://www.lifeusa.org/no/tags/maryland","https://static.wixstatic.com/media/11062b_7edd292d29b34c309100535a26dc5033~mv2.png/v1/fill/w_28,h_28,al_c,q_85,usm_0.66_1.00_0.01,enc_avif,quality_auto/11062b_7edd292d29b34c309100535a26dc5033~mv2.png",""
"https://www.lifeusa.org/no/tags/nyc","https://static.wixstatic.com/media/11062b_7edd292d29b34c309100535a26dc5033~mv2.png/v1/fill/w_28,h_28,al_c,q_85,usm_0.66_1.00_0.01,enc_avif,quality_auto/11062b_7edd292d29b34c309100535a26dc5033~mv2.png",""
"https://www.lifeusa.org/ukrainerelief","https://static.wixstatic.com/media/11062b_7edd292d29b34c309100535a26dc5033~mv2.png/v1/fill/w_28,h_28,al_c,q_85,usm_0.66_1.00_0.01,enc_avif,quality_auto/11062b_7edd292d29b34c309100535a26dc5033~mv2.png",""
"https://www.lifeusa.org/post/clean-water-restored-through-life-for-relief-and-development-life-s-water-well-projects-in-sierra","https://static.wixstatic.com/media/11062b_7edd292d29b34c309100535a26dc5033~mv2.png/v1/fill/w_28,h_28,al_c,q_85,usm_0.66_1.00_0.01,enc_avif,quality_auto/11062b_7edd292d29b34c309100535a26dc5033~mv2.png",""
"https://www.lifeusa.org/post/clean-water-new-possibilities-through-life-for-relief-and-development-life-s-water-well-projects","https://static.wixstatic.com/media/11062b_7edd292d29b34c309100535a26dc5033~mv2.png/v1/fill/w_28,h_28,al_c,q_85,usm_0.66_1.00_0.01,enc_avif,quality_auto/11062b_7edd292d29b34c309100535a26dc5033~mv2.png",""
"https://www.lifeusa.org/post/life-for-relief-and-development-life-s-orphan-sponsorship-supports-152-children-in-indonesia","https://static.wixstatic.com/media/11062b_7edd292d29b34c309100535a26dc5033~mv2.png/v1/fill/w_28,h_28,al_c,q_85,usm_0.66_1.00_0.01,enc_avif,quality_auto/11062b_7edd292d29b34c309100535a26dc5033~mv2.png",""
"https://www.lifeusa.org/post/clean-water-for-students-as-life-for-relief-and-development-life-installs-solar-water-wells-in-pak","https://static.wixstatic.com/media/11062b_7edd292d29b34c309100535a26dc5033~mv2.png/v1/fill/w_28,h_28,al_c,q_85,usm_0.66_1.00_0.01,enc_avif,quality_auto/11062b_7edd292d29b34c309100535a26dc5033~mv2.png",""
"https://www.lifeusa.org/post/life-builds-five-clean-water-projects-across-two-regions-in-myanmar","https://static.wixstatic.com/media/11062b_7edd292d29b34c309100535a26dc5033~mv2.png/v1/fill/w_28,h_28,al_c,q_85,usm_0.66_1.00_0.01,enc_avif,quality_auto/11062b_7edd292d29b34c309100535a26dc5033~mv2.png",""
"https://www.lifeusa.org/winterrelief","https://static.wixstatic.com/media/11062b_7edd292d29b34c309100535a26dc5033~mv2.png/v1/fill/w_28,h_28,al_c,q_85,usm_0.66_1.00_0.01,enc_avif,quality_auto/11062b_7edd292d29b34c309100535a26dc5033~mv2.png",""
"https://www.lifeusa.org/sudan-emergency-relief","https://static.wixstatic.com/media/11062b_7edd292d29b34c309100535a26dc5033~mv2.png/v1/fill/w_28,h_28,al_c,q_85,usm_0.66_1.00_0.01,enc_avif,quality_auto/11062b_7edd292d29b34c309100535a26dc5033~mv2.png",""
"https://www.lifeusa.org/no/tags/ukraine","https://static.wixstatic.com/media/11062b_7edd292d29b34c309100535a26dc5033~mv2.png/v1/fill/w_28,h_28,al_c,q_85,usm_0.66_1.00_0.01,enc_avif,quality_auto/11062b_7edd292d29b34c309100535a26dc5033~mv2.png",""
"https://www.lifeusa.org/no/tags/orphans","https://static.wixstatic.com/media/11062b_7edd292d29b34c309100535a26dc5033~mv2.png/v1/fill/w_28,h_28,al_c,q_85,usm_0.66_1.00_0.01,enc_avif,quality_auto/11062b_7edd292d29b34c309100535a26dc5033~mv2.png",""
"https://www.lifeusa.org/no/tags/palestine","https://static.wixstatic.com/media/11062b_7edd292d29b34c309100535a26dc5033~mv2.png/v1/fill/w_28,h_28,al_c,q_85,usm_0.66_1.00_0.01,enc_avif,quality_auto/11062b_7edd292d29b34c309100535a26dc5033~mv2.png",""
"https://www.lifeusa.org/no/tags/orphan-sponsorship","https://static.wixstatic.com/media/11062b_7edd292d29b34c309100535a26dc5033~mv2.png/v1/fill/w_28,h_28,al_c,q_85,usm_0.66_1.00_0.01,enc_avif,quality_auto/11062b_7edd292d29b34c309100535a26dc5033~mv2.png",""
"https://www.lifeusa.org/no/tags/syria-1","https://static.wixstatic.com/media/11062b_7edd292d29b34c309100535a26dc5033~mv2.png/v1/fill/w_28,h_28,al_c,q_85,usm_0.66_1.00_0.01,enc_avif,quality_auto/11062b_7edd292d29b34c309100535a26dc5033~mv2.png",""
"https://www.lifeusa.org/no/tags/war","https://static.wixstatic.com/media/11062b_7edd292d29b34c309100535a26dc5033~mv2.png/v1/fill/w_28,h_28,al_c,q_85,usm_0.66_1.00_0.01,enc_avif,quality_auto/11062b_7edd292d29b34c309100535a26dc5033~mv2.png",""
"https://www.lifeusa.org/no/tags/children","https://static.wixstatic.com/media/11062b_7edd292d29b34c309100535a26dc5033~mv2.png/v1/fill/w_28,h_28,al_c,q_85,usm_0.66_1.00_0.01,enc_avif,quality_auto/11062b_7edd292d29b34c309100535a26dc5033~mv2.png",""
"https://www.lifeusa.org/no/tags/refugee","https://static.wixstatic.com/media/11062b_7edd292d29b34c309100535a26dc5033~mv2.png/v1/fill/w_28,h_28,al_c,q_85,usm_0.66_1.00_0.01,enc_avif,quality_auto/11062b_7edd292d29b34c309100535a26dc5033~mv2.png",""
"https://www.lifeusa.org/post/life-hears-the-call-in-colorado","https://static.wixstatic.com/media/11062b_7edd292d29b34c309100535a26dc5033~mv2.png/v1/fill/w_28,h_28,al_c,q_85,usm_0.66_1.00_0.01,enc_avif,quality_auto/11062b_7edd292d29b34c309100535a26dc5033~mv2.png",""
"https://www.lifeusa.org/post/life-distributes-fresh-meat-in-texas","https://static.wixstatic.com/media/11062b_7edd292d29b34c309100535a26dc5033~mv2.png/v1/fill/w_28,h_28,al_c,q_85,usm_0.66_1.00_0.01,enc_avif,quality_auto/11062b_7edd292d29b34c309100535a26dc5033~mv2.png",""
"https://www.lifeusa.org/post/hearing-the-call-southwest-florida","https://static.wixstatic.com/media/11062b_7edd292d29b34c309100535a26dc5033~mv2.png/v1/fill/w_28,h_28,al_c,q_85,usm_0.66_1.00_0.01,enc_avif,quality_auto/11062b_7edd292d29b34c309100535a26dc5033~mv2.png",""
"https://www.lifeusa.org/post/life-provides-backpacks-to-foster-youth-in-the-united-states","https://static.wixstatic.com/media/11062b_7edd292d29b34c309100535a26dc5033~mv2.png/v1/fill/w_28,h_28,al_c,q_85,usm_0.66_1.00_0.01,enc_avif,quality_auto/11062b_7edd292d29b34c309100535a26dc5033~mv2.png",""
"https://www.lifeusa.org/post/refugee-asylum-seeker-immigrant-and-migrant-what-s-the-difference","https://static.wixstatic.com/media/11062b_7edd292d29b34c309100535a26dc5033~mv2.png/v1/fill/w_28,h_28,al_c,q_85,usm_0.66_1.00_0.01,enc_avif,quality_auto/11062b_7edd292d29b34c309100535a26dc5033~mv2.png",""
"https://www.lifeusa.org/post/the-biggest-charitable-contributions-in-the-u-s-2023","https://static.wixstatic.com/media/11062b_7edd292d29b34c309100535a26dc5033~mv2.png/v1/fill/w_28,h_28,al_c,q_85,usm_0.66_1.00_0.01,enc_avif,quality_auto/11062b_7edd292d29b34c309100535a26dc5033~mv2.png",""
"https://www.lifeusa.org/post/a-summer-of-forest-fires","https://static.wixstatic.com/media/11062b_7edd292d29b34c309100535a26dc5033~mv2.png/v1/fill/w_28,h_28,al_c,q_85,usm_0.66_1.00_0.01,enc_avif,quality_auto/11062b_7edd292d29b34c309100535a26dc5033~mv2.png",""
"https://www.lifeusa.org/post/queen-elizabeth-ii-a-lifetime-of-charity","https://static.wixstatic.com/media/11062b_7edd292d29b34c309100535a26dc5033~mv2.png/v1/fill/w_28,h_28,al_c,q_85,usm_0.66_1.00_0.01,enc_avif,quality_auto/11062b_7edd292d29b34c309100535a26dc5033~mv2.png",""
"https://www.lifeusa.org/post/food-packages-maryland","https://static.wixstatic.com/media/11062b_7edd292d29b34c309100535a26dc5033~mv2.png/v1/fill/w_28,h_28,al_c,q_85,usm_0.66_1.00_0.01,enc_avif,quality_auto/11062b_7edd292d29b34c309100535a26dc5033~mv2.png",""
"https://www.lifeusa.org/post/making-houses-into-homes","https://static.wixstatic.com/media/11062b_7edd292d29b34c309100535a26dc5033~mv2.png/v1/fill/w_28,h_28,al_c,q_85,usm_0.66_1.00_0.01,enc_avif,quality_auto/11062b_7edd292d29b34c309100535a26dc5033~mv2.png",""
"https://www.lifeusa.org/post/hearing-for-the-first-time-in-years","https://static.wixstatic.com/media/11062b_7edd292d29b34c309100535a26dc5033~mv2.png/v1/fill/w_28,h_28,al_c,q_85,usm_0.66_1.00_0.01,enc_avif,quality_auto/11062b_7edd292d29b34c309100535a26dc5033~mv2.png",""
"https://www.lifeusa.org/post/hearing-aids-colorado","https://static.wixstatic.com/media/11062b_7edd292d29b34c309100535a26dc5033~mv2.png/v1/fill/w_28,h_28,al_c,q_85,usm_0.66_1.00_0.01,enc_avif,quality_auto/11062b_7edd292d29b34c309100535a26dc5033~mv2.png",""
"https://www.lifeusa.org/gaza","https://static.wixstatic.com/media/11062b_7edd292d29b34c309100535a26dc5033~mv2.png/v1/fill/w_28,h_28,al_c,q_85,usm_0.66_1.00_0.01,enc_avif,quality_auto/11062b_7edd292d29b34c309100535a26dc5033~mv2.png",""
"https://www.lifeusa.org/post/life-distributes-water-tanks-to-families-in-the-gaza-strip","https://static.wixstatic.com/media/11062b_7edd292d29b34c309100535a26dc5033~mv2.png/v1/fill/w_28,h_28,al_c,q_85,usm_0.66_1.00_0.01,enc_avif,quality_auto/11062b_7edd292d29b34c309100535a26dc5033~mv2.png",""
"https://www.lifeusa.org/no/tags/syria","https://static.wixstatic.com/media/11062b_7edd292d29b34c309100535a26dc5033~mv2.png/v1/fill/w_28,h_28,al_c,q_85,usm_0.66_1.00_0.01,enc_avif,quality_auto/11062b_7edd292d29b34c309100535a26dc5033~mv2.png",""
"https://www.lifeusa.org/post/the-crucial-role-of-humanitarian-organizations-in-conflict-zones","https://static.wixstatic.com/media/11062b_7edd292d29b34c309100535a26dc5033~mv2.png/v1/fill/w_28,h_28,al_c,q_85,usm_0.66_1.00_0.01,enc_avif,quality_auto/11062b_7edd292d29b34c309100535a26dc5033~mv2.png",""
"https://www.lifeusa.org/post/life-continues-to-provide-emergency-aid-in-gaza","https://static.wixstatic.com/media/11062b_7edd292d29b34c309100535a26dc5033~mv2.png/v1/fill/w_28,h_28,al_c,q_85,usm_0.66_1.00_0.01,enc_avif,quality_auto/11062b_7edd292d29b34c309100535a26dc5033~mv2.png",""
"https://www.lifeusa.org/post/the-world-in-crisis-supporting-from-the-sidelines","https://static.wixstatic.com/media/11062b_7edd292d29b34c309100535a26dc5033~mv2.png/v1/fill/w_28,h_28,al_c,q_85,usm_0.66_1.00_0.01,enc_avif,quality_auto/11062b_7edd292d29b34c309100535a26dc5033~mv2.png",""
"https://www.lifeusa.org/post/it-s-okay-to-cry-the-ukrainian-refugee-mental-health-crisis","https://static.wixstatic.com/media/11062b_7edd292d29b34c309100535a26dc5033~mv2.png/v1/fill/w_28,h_28,al_c,q_85,usm_0.66_1.00_0.01,enc_avif,quality_auto/11062b_7edd292d29b34c309100535a26dc5033~mv2.png",""
"https://www.lifeusa.org/post/walk-532-59-miles-in-the-shoes-of-a-ukrainian-refugee","https://static.wixstatic.com/media/11062b_7edd292d29b34c309100535a26dc5033~mv2.png/v1/fill/w_28,h_28,al_c,q_85,usm_0.66_1.00_0.01,enc_avif,quality_auto/11062b_7edd292d29b34c309100535a26dc5033~mv2.png",""
"https://www.lifeusa.org/post/let-them-play-life-gives-every-child-a-chance-to-be-a-child-at-the-global-orphan-eid-parties","https://static.wixstatic.com/media/11062b_7edd292d29b34c309100535a26dc5033~mv2.png/v1/fill/w_28,h_28,al_c,q_85,usm_0.66_1.00_0.01,enc_avif,quality_auto/11062b_7edd292d29b34c309100535a26dc5033~mv2.png",""
"https://www.lifeusa.org/post/life-provides-emergency-relief-to-gaza","https://static.wixstatic.com/media/11062b_7edd292d29b34c309100535a26dc5033~mv2.png/v1/fill/w_28,h_28,al_c,q_85,usm_0.66_1.00_0.01,enc_avif,quality_auto/11062b_7edd292d29b34c309100535a26dc5033~mv2.png",""
"https://www.lifeusa.org/post/a-4-year-old-s-bravery-in-gaza-ahmad-s-story","https://static.wixstatic.com/media/11062b_7edd292d29b34c309100535a26dc5033~mv2.png/v1/fill/w_28,h_28,al_c,q_85,usm_0.66_1.00_0.01,enc_avif,quality_auto/11062b_7edd292d29b34c309100535a26dc5033~mv2.png",""
"https://www.lifeusa.org/post/life-provides-emergency-relief-to-gaza-1","https://static.wixstatic.com/media/11062b_7edd292d29b34c309100535a26dc5033~mv2.png/v1/fill/w_28,h_28,al_c,q_85,usm_0.66_1.00_0.01,enc_avif,quality_auto/11062b_7edd292d29b34c309100535a26dc5033~mv2.png",""
"https://www.lifeusa.org/post/gaza-s-daily-bread-life-provides-relief-to-innocent-civilians","https://static.wixstatic.com/media/11062b_7edd292d29b34c309100535a26dc5033~mv2.png/v1/fill/w_28,h_28,al_c,q_85,usm_0.66_1.00_0.01,enc_avif,quality_auto/11062b_7edd292d29b34c309100535a26dc5033~mv2.png",""
"https://www.lifeusa.org/post/who-will-watch-over-the-orphans-of-gaza","https://static.wixstatic.com/media/11062b_7edd292d29b34c309100535a26dc5033~mv2.png/v1/fill/w_28,h_28,al_c,q_85,usm_0.66_1.00_0.01,enc_avif,quality_auto/11062b_7edd292d29b34c309100535a26dc5033~mv2.png",""
"https://www.lifeusa.org/post/aiding-in-gaza-s-shelter-crisis","https://static.wixstatic.com/media/11062b_7edd292d29b34c309100535a26dc5033~mv2.png/v1/fill/w_28,h_28,al_c,q_85,usm_0.66_1.00_0.01,enc_avif,quality_auto/11062b_7edd292d29b34c309100535a26dc5033~mv2.png",""
"https://www.lifeusa.org/post/the-leading-causes-of-orphans-today","https://static.wixstatic.com/media/11062b_7edd292d29b34c309100535a26dc5033~mv2.png/v1/fill/w_28,h_28,al_c,q_85,usm_0.66_1.00_0.01,enc_avif,quality_auto/11062b_7edd292d29b34c309100535a26dc5033~mv2.png",""
"https://www.lifeusa.org/post/life-for-relief-and-development-life-ambulance-and-distributed-aid-save-countless-lives-after-airs","https://static.wixstatic.com/media/11062b_7edd292d29b34c309100535a26dc5033~mv2.png/v1/fill/w_28,h_28,al_c,q_85,usm_0.66_1.00_0.01,enc_avif,quality_auto/11062b_7edd292d29b34c309100535a26dc5033~mv2.png",""
"https://www.lifeusa.org/post/what-causes-earthquakes-and-how-they-affect-people","https://static.wixstatic.com/media/11062b_7edd292d29b34c309100535a26dc5033~mv2.png/v1/fill/w_28,h_28,al_c,q_85,usm_0.66_1.00_0.01,enc_avif,quality_auto/11062b_7edd292d29b34c309100535a26dc5033~mv2.png",""
"https://www.lifeusa.org/post/no-assistance-in-their-time-of-need","https://static.wixstatic.com/media/11062b_7edd292d29b34c309100535a26dc5033~mv2.png/v1/fill/w_28,h_28,al_c,q_85,usm_0.66_1.00_0.01,enc_avif,quality_auto/11062b_7edd292d29b34c309100535a26dc5033~mv2.png",""
"https://www.lifeusa.org/post/life-s-education-initiatives-in-syria-generate-positive-outcomes-in-enrollment-and-graduation-rate-t","https://static.wixstatic.com/media/11062b_7edd292d29b34c309100535a26dc5033~mv2.png/v1/fill/w_28,h_28,al_c,q_85,usm_0.66_1.00_0.01,enc_avif,quality_auto/11062b_7edd292d29b34c309100535a26dc5033~mv2.png",""
"https://www.lifeusa.org/post/3-inspiring-ways-to-give-back-to-refugees-this-year","https://static.wixstatic.com/media/11062b_7edd292d29b34c309100535a26dc5033~mv2.png/v1/fill/w_28,h_28,al_c,q_85,usm_0.66_1.00_0.01,enc_avif,quality_auto/11062b_7edd292d29b34c309100535a26dc5033~mv2.png",""
"https://www.lifeusa.org/post/life-promotes-integrative-healthcare-for-rohingya-refugees-with-the-launch-of-vital-eye-care-clinic","https://static.wixstatic.com/media/11062b_7edd292d29b34c309100535a26dc5033~mv2.png/v1/fill/w_28,h_28,al_c,q_85,usm_0.66_1.00_0.01,enc_avif,quality_auto/11062b_7edd292d29b34c309100535a26dc5033~mv2.png",""
"https://www.lifeusa.org/no/tags/mental-health","https://static.wixstatic.com/media/11062b_7edd292d29b34c309100535a26dc5033~mv2.png/v1/fill/w_28,h_28,al_c,q_85,usm_0.66_1.00_0.01,enc_avif,quality_auto/11062b_7edd292d29b34c309100535a26dc5033~mv2.png",""
"https://www.lifeusa.org/no/tags/afghanistan","https://static.wixstatic.com/media/11062b_7edd292d29b34c309100535a26dc5033~mv2.png/v1/fill/w_28,h_28,al_c,q_85,usm_0.66_1.00_0.01,enc_avif,quality_auto/11062b_7edd292d29b34c309100535a26dc5033~mv2.png",""
"https://www.lifeusa.org/no/tags/earthquake","https://static.wixstatic.com/media/11062b_7edd292d29b34c309100535a26dc5033~mv2.png/v1/fill/w_28,h_28,al_c,q_85,usm_0.66_1.00_0.01,enc_avif,quality_auto/11062b_7edd292d29b34c309100535a26dc5033~mv2.png",""
"https://www.lifeusa.org/no/tags/emergency-relief","https://static.wixstatic.com/media/11062b_7edd292d29b34c309100535a26dc5033~mv2.png/v1/fill/w_28,h_28,al_c,q_85,usm_0.66_1.00_0.01,enc_avif,quality_auto/11062b_7edd292d29b34c309100535a26dc5033~mv2.png",""
"https://www.lifeusa.org/no/tags/gaza-1","https://static.wixstatic.com/media/11062b_7edd292d29b34c309100535a26dc5033~mv2.png/v1/fill/w_28,h_28,al_c,q_85,usm_0.66_1.00_0.01,enc_avif,quality_auto/11062b_7edd292d29b34c309100535a26dc5033~mv2.png",""
"https://www.lifeusa.org/no/tags/water-tanks","https://static.wixstatic.com/media/11062b_7edd292d29b34c309100535a26dc5033~mv2.png/v1/fill/w_28,h_28,al_c,q_85,usm_0.66_1.00_0.01,enc_avif,quality_auto/11062b_7edd292d29b34c309100535a26dc5033~mv2.png",""
"https://www.lifeusa.org/no/tags/community-development","https://static.wixstatic.com/media/11062b_7edd292d29b34c309100535a26dc5033~mv2.png/v1/fill/w_28,h_28,al_c,q_85,usm_0.66_1.00_0.01,enc_avif,quality_auto/11062b_7edd292d29b34c309100535a26dc5033~mv2.png",""
"https://www.lifeusa.org/no/tags/food-baskets","https://static.wixstatic.com/media/11062b_7edd292d29b34c309100535a26dc5033~mv2.png/v1/fill/w_28,h_28,al_c,q_85,usm_0.66_1.00_0.01,enc_avif,quality_auto/11062b_7edd292d29b34c309100535a26dc5033~mv2.png",""
"https://www.lifeusa.org/no/tags/queen-elizabeth","https://static.wixstatic.com/media/11062b_7edd292d29b34c309100535a26dc5033~mv2.png/v1/fill/w_28,h_28,al_c,q_85,usm_0.66_1.00_0.01,enc_avif,quality_auto/11062b_7edd292d29b34c309100535a26dc5033~mv2.png",""
"https://www.lifeusa.org/no/tags/fire","https://static.wixstatic.com/media/11062b_7edd292d29b34c309100535a26dc5033~mv2.png/v1/fill/w_28,h_28,al_c,q_85,usm_0.66_1.00_0.01,enc_avif,quality_auto/11062b_7edd292d29b34c309100535a26dc5033~mv2.png",""
"https://www.lifeusa.org/no/tags/forest-fire","https://static.wixstatic.com/media/11062b_7edd292d29b34c309100535a26dc5033~mv2.png/v1/fill/w_28,h_28,al_c,q_85,usm_0.66_1.00_0.01,enc_avif,quality_auto/11062b_7edd292d29b34c309100535a26dc5033~mv2.png",""
"https://www.lifeusa.org/no/tags/amazon","https://static.wixstatic.com/media/11062b_7edd292d29b34c309100535a26dc5033~mv2.png/v1/fill/w_28,h_28,al_c,q_85,usm_0.66_1.00_0.01,enc_avif,quality_auto/11062b_7edd292d29b34c309100535a26dc5033~mv2.png",""
"https://www.lifeusa.org/no/tags/jeff-bezos","https://static.wixstatic.com/media/11062b_7edd292d29b34c309100535a26dc5033~mv2.png/v1/fill/w_28,h_28,al_c,q_85,usm_0.66_1.00_0.01,enc_avif,quality_auto/11062b_7edd292d29b34c309100535a26dc5033~mv2.png",""
"https://www.lifeusa.org/no/tags/bill-gates","https://static.wixstatic.com/media/11062b_7edd292d29b34c309100535a26dc5033~mv2.png/v1/fill/w_28,h_28,al_c,q_85,usm_0.66_1.00_0.01,enc_avif,quality_auto/11062b_7edd292d29b34c309100535a26dc5033~mv2.png",""
"https://www.lifeusa.org/no/tags/refugee-assistance","https://static.wixstatic.com/media/11062b_7edd292d29b34c309100535a26dc5033~mv2.png/v1/fill/w_28,h_28,al_c,q_85,usm_0.66_1.00_0.01,enc_avif,quality_auto/11062b_7edd292d29b34c309100535a26dc5033~mv2.png",""
"https://www.lifeusa.org/no/tags/back-to-school","https://static.wixstatic.com/media/11062b_7edd292d29b34c309100535a26dc5033~mv2.png/v1/fill/w_28,h_28,al_c,q_85,usm_0.66_1.00_0.01,enc_avif,quality_auto/11062b_7edd292d29b34c309100535a26dc5033~mv2.png",""
"https://www.lifeusa.org/no/tags/florida","https://static.wixstatic.com/media/11062b_7edd292d29b34c309100535a26dc5033~mv2.png/v1/fill/w_28,h_28,al_c,q_85,usm_0.66_1.00_0.01,enc_avif,quality_auto/11062b_7edd292d29b34c309100535a26dc5033~mv2.png",""
"https://www.lifeusa.org/no/tags/hearing-aids","https://static.wixstatic.com/media/11062b_7edd292d29b34c309100535a26dc5033~mv2.png/v1/fill/w_28,h_28,al_c,q_85,usm_0.66_1.00_0.01,enc_avif,quality_auto/11062b_7edd292d29b34c309100535a26dc5033~mv2.png",""
"https://www.lifeusa.org/no/tags/texas","https://static.wixstatic.com/media/11062b_7edd292d29b34c309100535a26dc5033~mv2.png/v1/fill/w_28,h_28,al_c,q_85,usm_0.66_1.00_0.01,enc_avif,quality_auto/11062b_7edd292d29b34c309100535a26dc5033~mv2.png",""
"https://www.lifeusa.org/no/tags/rohingya","https://static.wixstatic.com/media/11062b_7edd292d29b34c309100535a26dc5033~mv2.png/v1/fill/w_28,h_28,al_c,q_85,usm_0.66_1.00_0.01,enc_avif,quality_auto/11062b_7edd292d29b34c309100535a26dc5033~mv2.png",""
"https://www.lifeusa.org/no/tags/health","https://static.wixstatic.com/media/11062b_7edd292d29b34c309100535a26dc5033~mv2.png/v1/fill/w_28,h_28,al_c,q_85,usm_0.66_1.00_0.01,enc_avif,quality_auto/11062b_7edd292d29b34c309100535a26dc5033~mv2.png",""
"https://www.lifeusa.org/no/tags/bangladesh-1","https://static.wixstatic.com/media/11062b_7edd292d29b34c309100535a26dc5033~mv2.png/v1/fill/w_28,h_28,al_c,q_85,usm_0.66_1.00_0.01,enc_avif,quality_auto/11062b_7edd292d29b34c309100535a26dc5033~mv2.png",""
"https://www.lifeusa.org/no/tags/education","https://static.wixstatic.com/media/11062b_7edd292d29b34c309100535a26dc5033~mv2.png/v1/fill/w_28,h_28,al_c,q_85,usm_0.66_1.00_0.01,enc_avif,quality_auto/11062b_7edd292d29b34c309100535a26dc5033~mv2.png",""
"https://www.lifeusa.org/no/tags/life-for-relief-and-development-usa","https://static.wixstatic.com/media/11062b_7edd292d29b34c309100535a26dc5033~mv2.png/v1/fill/w_28,h_28,al_c,q_85,usm_0.66_1.00_0.01,enc_avif,quality_auto/11062b_7edd292d29b34c309100535a26dc5033~mv2.png",""
"https://www.lifeusa.org/no/tags/turkey","https://static.wixstatic.com/media/11062b_7edd292d29b34c309100535a26dc5033~mv2.png/v1/fill/w_28,h_28,al_c,q_85,usm_0.66_1.00_0.01,enc_avif,quality_auto/11062b_7edd292d29b34c309100535a26dc5033~mv2.png",""
"https://www.lifeusa.org/no/tags/jordan","https://static.wixstatic.com/media/11062b_7edd292d29b34c309100535a26dc5033~mv2.png/v1/fill/w_28,h_28,al_c,q_85,usm_0.66_1.00_0.01,enc_avif,quality_auto/11062b_7edd292d29b34c309100535a26dc5033~mv2.png",""
"https://www.lifeusa.org/post/creating-beautiful-tomorrows-in-orphans-today","https://static.wixstatic.com/media/11062b_7edd292d29b34c309100535a26dc5033~mv2.png/v1/fill/w_28,h_28,al_c,q_85,usm_0.66_1.00_0.01,enc_avif,quality_auto/11062b_7edd292d29b34c309100535a26dc5033~mv2.png",""
"https://www.lifeusa.org/post/life-distributes-udhiyah-meat-in-jordan","https://static.wixstatic.com/media/11062b_7edd292d29b34c309100535a26dc5033~mv2.png/v1/fill/w_28,h_28,al_c,q_85,usm_0.66_1.00_0.01,enc_avif,quality_auto/11062b_7edd292d29b34c309100535a26dc5033~mv2.png",""
"https://www.lifeusa.org/post/life-s-orphan-sponsorship-program-in-lebanon-and-jordan","https://static.wixstatic.com/media/11062b_7edd292d29b34c309100535a26dc5033~mv2.png/v1/fill/w_28,h_28,al_c,q_85,usm_0.66_1.00_0.01,enc_avif,quality_auto/11062b_7edd292d29b34c309100535a26dc5033~mv2.png",""
"https://www.lifeusa.org/post/education-is-emancipation-empowering-women-today","https://static.wixstatic.com/media/11062b_7edd292d29b34c309100535a26dc5033~mv2.png/v1/fill/w_28,h_28,al_c,q_85,usm_0.66_1.00_0.01,enc_avif,quality_auto/11062b_7edd292d29b34c309100535a26dc5033~mv2.png",""
"https://www.lifeusa.org/no/tags/orphan","https://static.wixstatic.com/media/11062b_7edd292d29b34c309100535a26dc5033~mv2.png/v1/fill/w_28,h_28,al_c,q_85,usm_0.66_1.00_0.01,enc_avif,quality_auto/11062b_7edd292d29b34c309100535a26dc5033~mv2.png",""
"https://www.lifeusa.org/post/hearing-the-call-louisiana","https://static.wixstatic.com/media/11062b_7edd292d29b34c309100535a26dc5033~mv2.png/v1/fill/w_28,h_28,al_c,q_85,usm_0.66_1.00_0.01,enc_avif,quality_auto/11062b_7edd292d29b34c309100535a26dc5033~mv2.png",""
"https://www.lifeusa.org/post/back-to-school-in-kenya","https://static.wixstatic.com/media/11062b_7edd292d29b34c309100535a26dc5033~mv2.png/v1/fill/w_28,h_28,al_c,q_85,usm_0.66_1.00_0.01,enc_avif,quality_auto/11062b_7edd292d29b34c309100535a26dc5033~mv2.png",""
"https://www.lifeusa.org/post/back-to-school-project-haiti","https://static.wixstatic.com/media/11062b_7edd292d29b34c309100535a26dc5033~mv2.png/v1/fill/w_28,h_28,al_c,q_85,usm_0.66_1.00_0.01,enc_avif,quality_auto/11062b_7edd292d29b34c309100535a26dc5033~mv2.png",""
"https://www.lifeusa.org/post/back-to-school-iraq","https://static.wixstatic.com/media/11062b_7edd292d29b34c309100535a26dc5033~mv2.png/v1/fill/w_28,h_28,al_c,q_85,usm_0.66_1.00_0.01,enc_avif,quality_auto/11062b_7edd292d29b34c309100535a26dc5033~mv2.png",""
"https://www.lifeusa.org/post/food-baskets-in-bangladesh","https://static.wixstatic.com/media/11062b_7edd292d29b34c309100535a26dc5033~mv2.png/v1/fill/w_28,h_28,al_c,q_85,usm_0.66_1.00_0.01,enc_avif,quality_auto/11062b_7edd292d29b34c309100535a26dc5033~mv2.png",""
"https://www.lifeusa.org/post/the-story-of-resilience-and-hope-life-brings-joy-to-al-islah-village-in-iraq","https://static.wixstatic.com/media/11062b_7edd292d29b34c309100535a26dc5033~mv2.png/v1/fill/w_28,h_28,al_c,q_85,usm_0.66_1.00_0.01,enc_avif,quality_auto/11062b_7edd292d29b34c309100535a26dc5033~mv2.png",""
"https://www.lifeusa.org/post/life-distributes-ramadan-food-baskets-in-lebanon","https://static.wixstatic.com/media/11062b_7edd292d29b34c309100535a26dc5033~mv2.png/v1/fill/w_28,h_28,al_c,q_85,usm_0.66_1.00_0.01,enc_avif,quality_auto/11062b_7edd292d29b34c309100535a26dc5033~mv2.png",""
"https://www.lifeusa.org/post/discovering-ramadan-2024-fasting-charity-and-spiritual-nourishment","https://static.wixstatic.com/media/11062b_7edd292d29b34c309100535a26dc5033~mv2.png/v1/fill/w_28,h_28,al_c,q_85,usm_0.66_1.00_0.01,enc_avif,quality_auto/11062b_7edd292d29b34c309100535a26dc5033~mv2.png",""
"https://www.lifeusa.org/post/united-against-hunger-life-for-relief-and-development-s-life-global-expansion-is-set-to-feed-mill","https://static.wixstatic.com/media/11062b_7edd292d29b34c309100535a26dc5033~mv2.png/v1/fill/w_28,h_28,al_c,q_85,usm_0.66_1.00_0.01,enc_avif,quality_auto/11062b_7edd292d29b34c309100535a26dc5033~mv2.png",""
"https://www.lifeusa.org/post/life-distributes-ramadan-food-baskets-in-the-horn-of-africa","https://static.wixstatic.com/media/11062b_7edd292d29b34c309100535a26dc5033~mv2.png/v1/fill/w_28,h_28,al_c,q_85,usm_0.66_1.00_0.01,enc_avif,quality_auto/11062b_7edd292d29b34c309100535a26dc5033~mv2.png",""
"https://www.lifeusa.org/post/life-distributes-food-baskets-during-ramadan-in-bosnia","https://static.wixstatic.com/media/11062b_7edd292d29b34c309100535a26dc5033~mv2.png/v1/fill/w_28,h_28,al_c,q_85,usm_0.66_1.00_0.01,enc_avif,quality_auto/11062b_7edd292d29b34c309100535a26dc5033~mv2.png",""
"https://www.lifeusa.org/post/life-distributes-ramadan-food-baskets-in-haiti","https://static.wixstatic.com/media/11062b_7edd292d29b34c309100535a26dc5033~mv2.png/v1/fill/w_28,h_28,al_c,q_85,usm_0.66_1.00_0.01,enc_avif,quality_auto/11062b_7edd292d29b34c309100535a26dc5033~mv2.png",""
"https://www.lifeusa.org/post/life-provides-food-baskets-to-orphans-in-iraq","https://static.wixstatic.com/media/11062b_7edd292d29b34c309100535a26dc5033~mv2.png/v1/fill/w_28,h_28,al_c,q_85,usm_0.66_1.00_0.01,enc_avif,quality_auto/11062b_7edd292d29b34c309100535a26dc5033~mv2.png",""
"https://www.lifeusa.org/post/why-giving-makes-you-wealthier","https://static.wixstatic.com/media/11062b_7edd292d29b34c309100535a26dc5033~mv2.png/v1/fill/w_28,h_28,al_c,q_85,usm_0.66_1.00_0.01,enc_avif,quality_auto/11062b_7edd292d29b34c309100535a26dc5033~mv2.png",""
"https://www.lifeusa.org/post/sports-field-rehabilitation-in-iraq","https://static.wixstatic.com/media/11062b_7edd292d29b34c309100535a26dc5033~mv2.png/v1/fill/w_28,h_28,al_c,q_85,usm_0.66_1.00_0.01,enc_avif,quality_auto/11062b_7edd292d29b34c309100535a26dc5033~mv2.png",""
"https://www.lifeusa.org/post/furniture-for-new-horizon-s-ministries","https://static.wixstatic.com/media/11062b_7edd292d29b34c309100535a26dc5033~mv2.png/v1/fill/w_28,h_28,al_c,q_85,usm_0.66_1.00_0.01,enc_avif,quality_auto/11062b_7edd292d29b34c309100535a26dc5033~mv2.png",""
"https://www.lifeusa.org/post/unprecedented-flooding-in-libya-a-call-for-global-solidarity-and-action","https://static.wixstatic.com/media/11062b_7edd292d29b34c309100535a26dc5033~mv2.png/v1/fill/w_28,h_28,al_c,q_85,usm_0.66_1.00_0.01,enc_avif,quality_auto/11062b_7edd292d29b34c309100535a26dc5033~mv2.png",""
"https://www.lifeusa.org/post/how-your-donations-are-reaching-gaza-s-desperate-families-despite-all-odds","https://static.wixstatic.com/media/11062b_7edd292d29b34c309100535a26dc5033~mv2.png/v1/fill/w_28,h_28,al_c,q_85,usm_0.66_1.00_0.01,enc_avif,quality_auto/11062b_7edd292d29b34c309100535a26dc5033~mv2.png",""
"https://www.lifeusa.org/post/what-to-expect-and-how-to-prepare-for-hurricane-ian","https://static.wixstatic.com/media/11062b_7edd292d29b34c309100535a26dc5033~mv2.png/v1/fill/w_28,h_28,al_c,q_85,usm_0.66_1.00_0.01,enc_avif,quality_auto/11062b_7edd292d29b34c309100535a26dc5033~mv2.png",""
"https://www.lifeusa.org/post/eastern-africa-is-on-fire","https://static.wixstatic.com/media/11062b_7edd292d29b34c309100535a26dc5033~mv2.png/v1/fill/w_28,h_28,al_c,q_85,usm_0.66_1.00_0.01,enc_avif,quality_auto/11062b_7edd292d29b34c309100535a26dc5033~mv2.png",""
"https://www.lifeusa.org/post/stuck-between-burning-fire-and-freezing-ice","https://static.wixstatic.com/media/11062b_7edd292d29b34c309100535a26dc5033~mv2.png/v1/fill/w_28,h_28,al_c,q_85,usm_0.66_1.00_0.01,enc_avif,quality_auto/11062b_7edd292d29b34c309100535a26dc5033~mv2.png",""
"https://www.lifeusa.org/post/be-the-light-this-thanksgiving","https://static.wixstatic.com/media/11062b_7edd292d29b34c309100535a26dc5033~mv2.png/v1/fill/w_28,h_28,al_c,q_85,usm_0.66_1.00_0.01,enc_avif,quality_auto/11062b_7edd292d29b34c309100535a26dc5033~mv2.png",""
"https://www.lifeusa.org/post/behind-the-label-refugee","https://static.wixstatic.com/media/11062b_7edd292d29b34c309100535a26dc5033~mv2.png/v1/fill/w_28,h_28,al_c,q_85,usm_0.66_1.00_0.01,enc_avif,quality_auto/11062b_7edd292d29b34c309100535a26dc5033~mv2.png",""
"https://www.lifeusa.org/no/tags/thanksgiving","https://static.wixstatic.com/media/11062b_7edd292d29b34c309100535a26dc5033~mv2.png/v1/fill/w_28,h_28,al_c,q_85,usm_0.66_1.00_0.01,enc_avif,quality_auto/11062b_7edd292d29b34c309100535a26dc5033~mv2.png",""
"https://www.lifeusa.org/no/tags/winter-warmth","https://static.wixstatic.com/media/11062b_7edd292d29b34c309100535a26dc5033~mv2.png/v1/fill/w_28,h_28,al_c,q_85,usm_0.66_1.00_0.01,enc_avif,quality_auto/11062b_7edd292d29b34c309100535a26dc5033~mv2.png",""
"https://www.lifeusa.org/post/life-distributes-udhiyah-meat-in-afghanistan","https://static.wixstatic.com/media/11062b_7edd292d29b34c309100535a26dc5033~mv2.png/v1/fill/w_28,h_28,al_c,q_85,usm_0.66_1.00_0.01,enc_avif,quality_auto/11062b_7edd292d29b34c309100535a26dc5033~mv2.png",""
"https://www.lifeusa.org/no/tags/somalia-1","https://static.wixstatic.com/media/11062b_7edd292d29b34c309100535a26dc5033~mv2.png/v1/fill/w_28,h_28,al_c,q_85,usm_0.66_1.00_0.01,enc_avif,quality_auto/11062b_7edd292d29b34c309100535a26dc5033~mv2.png",""
"https://www.lifeusa.org/no/tags/seasonal-projects","https://static.wixstatic.com/media/11062b_7edd292d29b34c309100535a26dc5033~mv2.png/v1/fill/w_28,h_28,al_c,q_85,usm_0.66_1.00_0.01,enc_avif,quality_auto/11062b_7edd292d29b34c309100535a26dc5033~mv2.png",""
"https://www.lifeusa.org/no/tags/hurricane-ian","https://static.wixstatic.com/media/11062b_7edd292d29b34c309100535a26dc5033~mv2.png/v1/fill/w_28,h_28,al_c,q_85,usm_0.66_1.00_0.01,enc_avif,quality_auto/11062b_7edd292d29b34c309100535a26dc5033~mv2.png",""
"https://www.lifeusa.org/no/tags/hurricane","https://static.wixstatic.com/media/11062b_7edd292d29b34c309100535a26dc5033~mv2.png/v1/fill/w_28,h_28,al_c,q_85,usm_0.66_1.00_0.01,enc_avif,quality_auto/11062b_7edd292d29b34c309100535a26dc5033~mv2.png",""
"https://www.lifeusa.org/no/tags/charity-builds-wealth","https://static.wixstatic.com/media/11062b_7edd292d29b34c309100535a26dc5033~mv2.png/v1/fill/w_28,h_28,al_c,q_85,usm_0.66_1.00_0.01,enc_avif,quality_auto/11062b_7edd292d29b34c309100535a26dc5033~mv2.png",""
"https://www.lifeusa.org/no/tags/iraq-1","https://static.wixstatic.com/media/11062b_7edd292d29b34c309100535a26dc5033~mv2.png/v1/fill/w_28,h_28,al_c,q_85,usm_0.66_1.00_0.01,enc_avif,quality_auto/11062b_7edd292d29b34c309100535a26dc5033~mv2.png",""
"https://www.lifeusa.org/no/tags/furniture","https://static.wixstatic.com/media/11062b_7edd292d29b34c309100535a26dc5033~mv2.png/v1/fill/w_28,h_28,al_c,q_85,usm_0.66_1.00_0.01,enc_avif,quality_auto/11062b_7edd292d29b34c309100535a26dc5033~mv2.png",""
"https://www.lifeusa.org/no/tags/libya","https://static.wixstatic.com/media/11062b_7edd292d29b34c309100535a26dc5033~mv2.png/v1/fill/w_28,h_28,al_c,q_85,usm_0.66_1.00_0.01,enc_avif,quality_auto/11062b_7edd292d29b34c309100535a26dc5033~mv2.png",""
"https://www.lifeusa.org/no/tags/ethiopia","https://static.wixstatic.com/media/11062b_7edd292d29b34c309100535a26dc5033~mv2.png/v1/fill/w_28,h_28,al_c,q_85,usm_0.66_1.00_0.01,enc_avif,quality_auto/11062b_7edd292d29b34c309100535a26dc5033~mv2.png",""
"https://www.lifeusa.org/no/tags/sudan","https://static.wixstatic.com/media/11062b_7edd292d29b34c309100535a26dc5033~mv2.png/v1/fill/w_28,h_28,al_c,q_85,usm_0.66_1.00_0.01,enc_avif,quality_auto/11062b_7edd292d29b34c309100535a26dc5033~mv2.png",""
"https://www.lifeusa.org/no/tags/bosnia","https://static.wixstatic.com/media/11062b_7edd292d29b34c309100535a26dc5033~mv2.png/v1/fill/w_28,h_28,al_c,q_85,usm_0.66_1.00_0.01,enc_avif,quality_auto/11062b_7edd292d29b34c309100535a26dc5033~mv2.png",""
"https://www.lifeusa.org/no/tags/uganda","https://static.wixstatic.com/media/11062b_7edd292d29b34c309100535a26dc5033~mv2.png/v1/fill/w_28,h_28,al_c,q_85,usm_0.66_1.00_0.01,enc_avif,quality_auto/11062b_7edd292d29b34c309100535a26dc5033~mv2.png",""
"https://www.lifeusa.org/no/tags/djibouti","https://static.wixstatic.com/media/11062b_7edd292d29b34c309100535a26dc5033~mv2.png/v1/fill/w_28,h_28,al_c,q_85,usm_0.66_1.00_0.01,enc_avif,quality_auto/11062b_7edd292d29b34c309100535a26dc5033~mv2.png",""
"https://www.lifeusa.org/no/tags/south-sudan","https://static.wixstatic.com/media/11062b_7edd292d29b34c309100535a26dc5033~mv2.png/v1/fill/w_28,h_28,al_c,q_85,usm_0.66_1.00_0.01,enc_avif,quality_auto/11062b_7edd292d29b34c309100535a26dc5033~mv2.png",""
"https://www.lifeusa.org/no/tags/somalia","https://static.wixstatic.com/media/11062b_7edd292d29b34c309100535a26dc5033~mv2.png/v1/fill/w_28,h_28,al_c,q_85,usm_0.66_1.00_0.01,enc_avif,quality_auto/11062b_7edd292d29b34c309100535a26dc5033~mv2.png",""
"https://www.lifeusa.org/no/tags/eritrea","https://static.wixstatic.com/media/11062b_7edd292d29b34c309100535a26dc5033~mv2.png/v1/fill/w_28,h_28,al_c,q_85,usm_0.66_1.00_0.01,enc_avif,quality_auto/11062b_7edd292d29b34c309100535a26dc5033~mv2.png",""
"https://www.lifeusa.org/no/tags/ramadan","https://static.wixstatic.com/media/11062b_7edd292d29b34c309100535a26dc5033~mv2.png/v1/fill/w_28,h_28,al_c,q_85,usm_0.66_1.00_0.01,enc_avif,quality_auto/11062b_7edd292d29b34c309100535a26dc5033~mv2.png",""
"https://www.lifeusa.org/no/tags/bangladesh","https://static.wixstatic.com/media/11062b_7edd292d29b34c309100535a26dc5033~mv2.png/v1/fill/w_28,h_28,al_c,q_85,usm_0.66_1.00_0.01,enc_avif,quality_auto/11062b_7edd292d29b34c309100535a26dc5033~mv2.png",""
"https://www.lifeusa.org/no/tags/iraq","https://static.wixstatic.com/media/11062b_7edd292d29b34c309100535a26dc5033~mv2.png/v1/fill/w_28,h_28,al_c,q_85,usm_0.66_1.00_0.01,enc_avif,quality_auto/11062b_7edd292d29b34c309100535a26dc5033~mv2.png",""
"https://www.lifeusa.org/no/tags/haiti","https://static.wixstatic.com/media/11062b_7edd292d29b34c309100535a26dc5033~mv2.png/v1/fill/w_28,h_28,al_c,q_85,usm_0.66_1.00_0.01,enc_avif,quality_auto/11062b_7edd292d29b34c309100535a26dc5033~mv2.png",""
"https://www.lifeusa.org/no/tags/kenya","https://static.wixstatic.com/media/11062b_7edd292d29b34c309100535a26dc5033~mv2.png/v1/fill/w_28,h_28,al_c,q_85,usm_0.66_1.00_0.01,enc_avif,quality_auto/11062b_7edd292d29b34c309100535a26dc5033~mv2.png",""
"https://www.lifeusa.org/no/tags/national-women-s-month","https://static.wixstatic.com/media/11062b_7edd292d29b34c309100535a26dc5033~mv2.png/v1/fill/w_28,h_28,al_c,q_85,usm_0.66_1.00_0.01,enc_avif,quality_auto/11062b_7edd292d29b34c309100535a26dc5033~mv2.png",""
"https://www.lifeusa.org/no/tags/lebanon","https://static.wixstatic.com/media/11062b_7edd292d29b34c309100535a26dc5033~mv2.png/v1/fill/w_28,h_28,al_c,q_85,usm_0.66_1.00_0.01,enc_avif,quality_auto/11062b_7edd292d29b34c309100535a26dc5033~mv2.png",""
"https://www.lifeusa.org/no/tags/share","https://static.wixstatic.com/media/11062b_7edd292d29b34c309100535a26dc5033~mv2.png/v1/fill/w_28,h_28,al_c,q_85,usm_0.66_1.00_0.01,enc_avif,quality_auto/11062b_7edd292d29b34c309100535a26dc5033~mv2.png",""
"https://www.lifeusa.org/no/tags/udhiyah","https://static.wixstatic.com/media/11062b_7edd292d29b34c309100535a26dc5033~mv2.png/v1/fill/w_28,h_28,al_c,q_85,usm_0.66_1.00_0.01,enc_avif,quality_auto/11062b_7edd292d29b34c309100535a26dc5033~mv2.png",""
"https://www.lifeusa.org/post/winter-blankets-bangladesh","https://static.wixstatic.com/media/11062b_7edd292d29b34c309100535a26dc5033~mv2.png/v1/fill/w_28,h_28,al_c,q_85,usm_0.66_1.00_0.01,enc_avif,quality_auto/11062b_7edd292d29b34c309100535a26dc5033~mv2.png",""
"https://www.lifeusa.org/post/when-zakat-islamic-charity-almost-eradicated-poverty","https://static.wixstatic.com/media/11062b_7edd292d29b34c309100535a26dc5033~mv2.png/v1/fill/w_28,h_28,al_c,q_85,usm_0.66_1.00_0.01,enc_avif,quality_auto/11062b_7edd292d29b34c309100535a26dc5033~mv2.png",""
"https://www.lifeusa.org/post/life-distributes-ramadan-meals-in-mali","https://static.wixstatic.com/media/11062b_7edd292d29b34c309100535a26dc5033~mv2.png/v1/fill/w_28,h_28,al_c,q_85,usm_0.66_1.00_0.01,enc_avif,quality_auto/11062b_7edd292d29b34c309100535a26dc5033~mv2.png",""
"https://www.lifeusa.org/post/pakistan-fresh-meat-distribution-and-orphan-eid-party","https://static.wixstatic.com/media/11062b_7edd292d29b34c309100535a26dc5033~mv2.png/v1/fill/w_28,h_28,al_c,q_85,usm_0.66_1.00_0.01,enc_avif,quality_auto/11062b_7edd292d29b34c309100535a26dc5033~mv2.png",""
"https://www.lifeusa.org/post/life-distributes-udhiyah-meat-in-egypt","https://static.wixstatic.com/media/11062b_7edd292d29b34c309100535a26dc5033~mv2.png/v1/fill/w_28,h_28,al_c,q_85,usm_0.66_1.00_0.01,enc_avif,quality_auto/11062b_7edd292d29b34c309100535a26dc5033~mv2.png",""
"https://www.lifeusa.org/post/life-distributes-fresh-meat-in-bosnia-and-herzegovina","https://static.wixstatic.com/media/11062b_7edd292d29b34c309100535a26dc5033~mv2.png/v1/fill/w_28,h_28,al_c,q_85,usm_0.66_1.00_0.01,enc_avif,quality_auto/11062b_7edd292d29b34c309100535a26dc5033~mv2.png",""
"https://www.lifeusa.org/post/life-distributes-fresh-meat-in-syria","https://static.wixstatic.com/media/11062b_7edd292d29b34c309100535a26dc5033~mv2.png/v1/fill/w_28,h_28,al_c,q_85,usm_0.66_1.00_0.01,enc_avif,quality_auto/11062b_7edd292d29b34c309100535a26dc5033~mv2.png",""
"https://www.lifeusa.org/post/life-distributes-ramadan-food-baskets-yemen","https://static.wixstatic.com/media/11062b_7edd292d29b34c309100535a26dc5033~mv2.png/v1/fill/w_28,h_28,al_c,q_85,usm_0.66_1.00_0.01,enc_avif,quality_auto/11062b_7edd292d29b34c309100535a26dc5033~mv2.png",""
"https://www.lifeusa.org/post/life-distributes-udhiyah-meat-in-somalia","https://static.wixstatic.com/media/11062b_7edd292d29b34c309100535a26dc5033~mv2.png/v1/fill/w_28,h_28,al_c,q_85,usm_0.66_1.00_0.01,enc_avif,quality_auto/11062b_7edd292d29b34c309100535a26dc5033~mv2.png",""
"https://www.lifeusa.org/post/life-distributes-fresh-meat-in-sudan","https://static.wixstatic.com/media/11062b_7edd292d29b34c309100535a26dc5033~mv2.png/v1/fill/w_28,h_28,al_c,q_85,usm_0.66_1.00_0.01,enc_avif,quality_auto/11062b_7edd292d29b34c309100535a26dc5033~mv2.png",""
"https://www.lifeusa.org/post/life-distributes-fresh-meat-in-djibouti","https://static.wixstatic.com/media/11062b_7edd292d29b34c309100535a26dc5033~mv2.png/v1/fill/w_28,h_28,al_c,q_85,usm_0.66_1.00_0.01,enc_avif,quality_auto/11062b_7edd292d29b34c309100535a26dc5033~mv2.png",""
"https://www.lifeusa.org/post/life-distributes-fresh-meat-in-ethiopia","https://static.wixstatic.com/media/11062b_7edd292d29b34c309100535a26dc5033~mv2.png/v1/fill/w_28,h_28,al_c,q_85,usm_0.66_1.00_0.01,enc_avif,quality_auto/11062b_7edd292d29b34c309100535a26dc5033~mv2.png",""
"https://www.lifeusa.org/no/tags/yemen","https://static.wixstatic.com/media/11062b_7edd292d29b34c309100535a26dc5033~mv2.png/v1/fill/w_28,h_28,al_c,q_85,usm_0.66_1.00_0.01,enc_avif,quality_auto/11062b_7edd292d29b34c309100535a26dc5033~mv2.png",""
"https://www.lifeusa.org/no/tags/bosnia-1","https://static.wixstatic.com/media/11062b_7edd292d29b34c309100535a26dc5033~mv2.png/v1/fill/w_28,h_28,al_c,q_85,usm_0.66_1.00_0.01,enc_avif,quality_auto/11062b_7edd292d29b34c309100535a26dc5033~mv2.png",""
"https://www.lifeusa.org/no/tags/egypt","https://static.wixstatic.com/media/11062b_7edd292d29b34c309100535a26dc5033~mv2.png/v1/fill/w_28,h_28,al_c,q_85,usm_0.66_1.00_0.01,enc_avif,quality_auto/11062b_7edd292d29b34c309100535a26dc5033~mv2.png",""
"https://www.lifeusa.org/post/what-is-udhiyah-qurbani-in-islam","https://static.wixstatic.com/media/11062b_7edd292d29b34c309100535a26dc5033~mv2.png/v1/fill/w_28,h_28,al_c,q_85,usm_0.66_1.00_0.01,enc_avif,quality_auto/11062b_7edd292d29b34c309100535a26dc5033~mv2.png",""
"https://www.lifeusa.org/no/tags/herzegovina","https://static.wixstatic.com/media/11062b_7edd292d29b34c309100535a26dc5033~mv2.png/v1/fill/w_28,h_28,al_c,q_85,usm_0.66_1.00_0.01,enc_avif,quality_auto/11062b_7edd292d29b34c309100535a26dc5033~mv2.png",""
"https://www.lifeusa.org/no/tags/fresh-meat","https://static.wixstatic.com/media/11062b_7edd292d29b34c309100535a26dc5033~mv2.png/v1/fill/w_28,h_28,al_c,q_85,usm_0.66_1.00_0.01,enc_avif,quality_auto/11062b_7edd292d29b34c309100535a26dc5033~mv2.png",""
"https://www.lifeusa.org/no/tags/pakistan-1","https://static.wixstatic.com/media/11062b_7edd292d29b34c309100535a26dc5033~mv2.png/v1/fill/w_28,h_28,al_c,q_85,usm_0.66_1.00_0.01,enc_avif,quality_auto/11062b_7edd292d29b34c309100535a26dc5033~mv2.png",""
"https://www.lifeusa.org/no/tags/eid","https://static.wixstatic.com/media/11062b_7edd292d29b34c309100535a26dc5033~mv2.png/v1/fill/w_28,h_28,al_c,q_85,usm_0.66_1.00_0.01,enc_avif,quality_auto/11062b_7edd292d29b34c309100535a26dc5033~mv2.png",""
"https://www.lifeusa.org/no/tags/orphan-1","https://static.wixstatic.com/media/11062b_7edd292d29b34c309100535a26dc5033~mv2.png/v1/fill/w_28,h_28,al_c,q_85,usm_0.66_1.00_0.01,enc_avif,quality_auto/11062b_7edd292d29b34c309100535a26dc5033~mv2.png",""
"https://www.lifeusa.org/no/tags/mali","https://static.wixstatic.com/media/11062b_7edd292d29b34c309100535a26dc5033~mv2.png/v1/fill/w_28,h_28,al_c,q_85,usm_0.66_1.00_0.01,enc_avif,quality_auto/11062b_7edd292d29b34c309100535a26dc5033~mv2.png",""
"https://www.lifeusa.org/no/tags/zakat","https://static.wixstatic.com/media/11062b_7edd292d29b34c309100535a26dc5033~mv2.png/v1/fill/w_28,h_28,al_c,q_85,usm_0.66_1.00_0.01,enc_avif,quality_auto/11062b_7edd292d29b34c309100535a26dc5033~mv2.png",""
"https://www.lifeusa.org/no/tags/winter","https://static.wixstatic.com/media/11062b_7edd292d29b34c309100535a26dc5033~mv2.png/v1/fill/w_28,h_28,al_c,q_85,usm_0.66_1.00_0.01,enc_avif,quality_auto/11062b_7edd292d29b34c309100535a26dc5033~mv2.png",""
"https://www.lifeusa.org/","https://static.wixstatic.com/media/6df904_12962dc5e5744bf8bb3aa049a7903640f000.jpg/v1/fill/w_980,h_551,al_c,q_85,usm_0.66_1.00_0.01,enc_avif,quality_auto/6df904_12962dc5e5744bf8bb3aa049a7903640f000.jpg",""
"https://www.lifeusa.org/","https://static.wixstatic.com/media/6df904_3ac31adc10c54219b37db992496b7cdb~mv2.png/v1/fill/w_147,h_260,q_90,enc_avif,quality_auto/6df904_3ac31adc10c54219b37db992496b7cdb~mv2.png",""
"https://www.lifeusa.org/","https://static.wixstatic.com/media/11062b_4d05bd1d3bf14ff196ccc49e36952048~mv2.png/v1/fill/w_28,h_28,al_c,q_85,usm_0.66_1.00_0.01,enc_avif,quality_auto/11062b_4d05bd1d3bf14ff196ccc49e36952048~mv2.png",""
"https://www.lifeusa.org/get-involved","https://static.wixstatic.com/media/11062b_4d05bd1d3bf14ff196ccc49e36952048~mv2.png/v1/fill/w_28,h_28,al_c,q_85,usm_0.66_1.00_0.01,enc_avif,quality_auto/11062b_4d05bd1d3bf14ff196ccc49e36952048~mv2.png",""
"https://www.lifeusa.org/about","https://static.wixstatic.com/media/11062b_4d05bd1d3bf14ff196ccc49e36952048~mv2.png/v1/fill/w_28,h_28,al_c,q_85,usm_0.66_1.00_0.01,enc_avif,quality_auto/11062b_4d05bd1d3bf14ff196ccc49e36952048~mv2.png",""
"https://www.lifeusa.org/financial-reports","https://static.wixstatic.com/media/11062b_4d05bd1d3bf14ff196ccc49e36952048~mv2.png/v1/fill/w_28,h_28,al_c,q_85,usm_0.66_1.00_0.01,enc_avif,quality_auto/11062b_4d05bd1d3bf14ff196ccc49e36952048~mv2.png",""
"https://www.lifeusa.org/post/the-global-environmental-crisis-water-climate-and-life-s-impact","https://static.wixstatic.com/media/11062b_4d05bd1d3bf14ff196ccc49e36952048~mv2.png/v1/fill/w_28,h_28,al_c,q_85,usm_0.66_1.00_0.01,enc_avif,quality_auto/11062b_4d05bd1d3bf14ff196ccc49e36952048~mv2.png",""
"https://www.lifeusa.org/board-members","https://static.wixstatic.com/media/11062b_4d05bd1d3bf14ff196ccc49e36952048~mv2.png/v1/fill/w_28,h_28,al_c,q_85,usm_0.66_1.00_0.01,enc_avif,quality_auto/11062b_4d05bd1d3bf14ff196ccc49e36952048~mv2.png",""
"https://www.lifeusa.org/annualreports","https://static.wixstatic.com/media/11062b_4d05bd1d3bf14ff196ccc49e36952048~mv2.png/v1/fill/w_28,h_28,al_c,q_85,usm_0.66_1.00_0.01,enc_avif,quality_auto/11062b_4d05bd1d3bf14ff196ccc49e36952048~mv2.png",""
"https://www.lifeusa.org/blogs","https://static.wixstatic.com/media/11062b_4d05bd1d3bf14ff196ccc49e36952048~mv2.png/v1/fill/w_28,h_28,al_c,q_85,usm_0.66_1.00_0.01,enc_avif,quality_auto/11062b_4d05bd1d3bf14ff196ccc49e36952048~mv2.png",""
"https://www.lifeusa.org/lebanon-emergency-relief","https://static.wixstatic.com/media/11062b_4d05bd1d3bf14ff196ccc49e36952048~mv2.png/v1/fill/w_28,h_28,al_c,q_85,usm_0.66_1.00_0.01,enc_avif,quality_auto/11062b_4d05bd1d3bf14ff196ccc49e36952048~mv2.png",""
"https://www.lifeusa.org/post/eid-al-adha-a-celebration-of-unity","https://static.wixstatic.com/media/11062b_4d05bd1d3bf14ff196ccc49e36952048~mv2.png/v1/fill/w_28,h_28,al_c,q_85,usm_0.66_1.00_0.01,enc_avif,quality_auto/11062b_4d05bd1d3bf14ff196ccc49e36952048~mv2.png",""
"https://www.lifeusa.org/media","https://static.wixstatic.com/media/11062b_4d05bd1d3bf14ff196ccc49e36952048~mv2.png/v1/fill/w_28,h_28,al_c,q_85,usm_0.66_1.00_0.01,enc_avif,quality_auto/11062b_4d05bd1d3bf14ff196ccc49e36952048~mv2.png",""
"https://www.lifeusa.org/privacy-policy","https://static.wixstatic.com/media/11062b_4d05bd1d3bf14ff196ccc49e36952048~mv2.png/v1/fill/w_28,h_28,al_c,q_85,usm_0.66_1.00_0.01,enc_avif,quality_auto/11062b_4d05bd1d3bf14ff196ccc49e36952048~mv2.png",""
"https://www.lifeusa.org/waystogive","https://static.wixstatic.com/media/11062b_4d05bd1d3bf14ff196ccc49e36952048~mv2.png/v1/fill/w_28,h_28,al_c,q_85,usm_0.66_1.00_0.01,enc_avif,quality_auto/11062b_4d05bd1d3bf14ff196ccc49e36952048~mv2.png",""
"https://www.lifeusa.org/programs","https://static.wixstatic.com/media/11062b_4d05bd1d3bf14ff196ccc49e36952048~mv2.png/v1/fill/w_28,h_28,al_c,q_85,usm_0.66_1.00_0.01,enc_avif,quality_auto/11062b_4d05bd1d3bf14ff196ccc49e36952048~mv2.png",""
"https://www.lifeusa.org/post/the-world-keeps-making-more-plastic-and-the-cost-is-human","https://static.wixstatic.com/media/11062b_4d05bd1d3bf14ff196ccc49e36952048~mv2.png/v1/fill/w_28,h_28,al_c,q_85,usm_0.66_1.00_0.01,enc_avif,quality_auto/11062b_4d05bd1d3bf14ff196ccc49e36952048~mv2.png",""
"https://www.lifeusa.org/post/children-in-crisis-the-psychological-toll-of-violence","https://static.wixstatic.com/media/11062b_4d05bd1d3bf14ff196ccc49e36952048~mv2.png/v1/fill/w_28,h_28,al_c,q_85,usm_0.66_1.00_0.01,enc_avif,quality_auto/11062b_4d05bd1d3bf14ff196ccc49e36952048~mv2.png",""
"https://www.lifeusa.org/volunteer","https://static.wixstatic.com/media/11062b_4d05bd1d3bf14ff196ccc49e36952048~mv2.png/v1/fill/w_28,h_28,al_c,q_85,usm_0.66_1.00_0.01,enc_avif,quality_auto/11062b_4d05bd1d3bf14ff196ccc49e36952048~mv2.png",""
"https://www.lifeusa.org/careers","https://static.wixstatic.com/media/11062b_4d05bd1d3bf14ff196ccc49e36952048~mv2.png/v1/fill/w_28,h_28,al_c,q_85,usm_0.66_1.00_0.01,enc_avif,quality_auto/11062b_4d05bd1d3bf14ff196ccc49e36952048~mv2.png",""
"https://www.lifeusa.org/fundraising","https://static.wixstatic.com/media/11062b_4d05bd1d3bf14ff196ccc49e36952048~mv2.png/v1/fill/w_28,h_28,al_c,q_85,usm_0.66_1.00_0.01,enc_avif,quality_auto/11062b_4d05bd1d3bf14ff196ccc49e36952048~mv2.png",""
"https://www.lifeusa.org/doublethedonation","https://static.wixstatic.com/media/11062b_4d05bd1d3bf14ff196ccc49e36952048~mv2.png/v1/fill/w_28,h_28,al_c,q_85,usm_0.66_1.00_0.01,enc_avif,quality_auto/11062b_4d05bd1d3bf14ff196ccc49e36952048~mv2.png",""
"https://www.lifeusa.org/no","https://static.wixstatic.com/media/11062b_4d05bd1d3bf14ff196ccc49e36952048~mv2.png/v1/fill/w_28,h_28,al_c,q_85,usm_0.66_1.00_0.01,enc_avif,quality_auto/11062b_4d05bd1d3bf14ff196ccc49e36952048~mv2.png",""
"https://www.lifeusa.org/no/categories/life-blog","https://static.wixstatic.com/media/11062b_4d05bd1d3bf14ff196ccc49e36952048~mv2.png/v1/fill/w_28,h_28,al_c,q_85,usm_0.66_1.00_0.01,enc_avif,quality_auto/11062b_4d05bd1d3bf14ff196ccc49e36952048~mv2.png",""
"https://www.lifeusa.org/no/categories/giving-charity","https://static.wixstatic.com/media/11062b_4d05bd1d3bf14ff196ccc49e36952048~mv2.png/v1/fill/w_28,h_28,al_c,q_85,usm_0.66_1.00_0.01,enc_avif,quality_auto/11062b_4d05bd1d3bf14ff196ccc49e36952048~mv2.png",""
"https://www.lifeusa.org/no/categories/reports","https://static.wixstatic.com/media/11062b_4d05bd1d3bf14ff196ccc49e36952048~mv2.png/v1/fill/w_28,h_28,al_c,q_85,usm_0.66_1.00_0.01,enc_avif,quality_auto/11062b_4d05bd1d3bf14ff196ccc49e36952048~mv2.png",""
"https://www.lifeusa.org/no/categories/tax-write-off","https://static.wixstatic.com/media/11062b_4d05bd1d3bf14ff196ccc49e36952048~mv2.png/v1/fill/w_28,h_28,al_c,q_85,usm_0.66_1.00_0.01,enc_avif,quality_auto/11062b_4d05bd1d3bf14ff196ccc49e36952048~mv2.png",""
"https://www.lifeusa.org/no/categories/philosophy","https://static.wixstatic.com/media/11062b_4d05bd1d3bf14ff196ccc49e36952048~mv2.png/v1/fill/w_28,h_28,al_c,q_85,usm_0.66_1.00_0.01,enc_avif,quality_auto/11062b_4d05bd1d3bf14ff196ccc49e36952048~mv2.png",""
"https://www.lifeusa.org/post/women-s-empowerment-the-key-to-solving-world-hunger","https://static.wixstatic.com/media/11062b_4d05bd1d3bf14ff196ccc49e36952048~mv2.png/v1/fill/w_28,h_28,al_c,q_85,usm_0.66_1.00_0.01,enc_avif,quality_auto/11062b_4d05bd1d3bf14ff196ccc49e36952048~mv2.png",""
"https://www.lifeusa.org/no/categories/purpose","https://static.wixstatic.com/media/11062b_4d05bd1d3bf14ff196ccc49e36952048~mv2.png/v1/fill/w_28,h_28,al_c,q_85,usm_0.66_1.00_0.01,enc_avif,quality_auto/11062b_4d05bd1d3bf14ff196ccc49e36952048~mv2.png",""
"https://www.lifeusa.org/post/one-dollar-can-change-someone-s-life","https://static.wixstatic.com/media/11062b_4d05bd1d3bf14ff196ccc49e36952048~mv2.png/v1/fill/w_28,h_28,al_c,q_85,usm_0.66_1.00_0.01,enc_avif,quality_auto/11062b_4d05bd1d3bf14ff196ccc49e36952048~mv2.png",""
"https://www.lifeusa.org/post/afghanistan-s-earthquake-stories-of-survival-and-relief","https://static.wixstatic.com/media/11062b_4d05bd1d3bf14ff196ccc49e36952048~mv2.png/v1/fill/w_28,h_28,al_c,q_85,usm_0.66_1.00_0.01,enc_avif,quality_auto/11062b_4d05bd1d3bf14ff196ccc49e36952048~mv2.png",""
"https://www.lifeusa.org/post/why-one-gift-means-the-world-to-an-orphaned-child","https://static.wixstatic.com/media/11062b_4d05bd1d3bf14ff196ccc49e36952048~mv2.png/v1/fill/w_28,h_28,al_c,q_85,usm_0.66_1.00_0.01,enc_avif,quality_auto/11062b_4d05bd1d3bf14ff196ccc49e36952048~mv2.png",""
"https://www.lifeusa.org/post/children-forced-to-sleep-in-cars-and-on-the-streets-as-over-800-000-are-displaced-in-lebanon","https://static.wixstatic.com/media/11062b_4d05bd1d3bf14ff196ccc49e36952048~mv2.png/v1/fill/w_28,h_28,al_c,q_85,usm_0.66_1.00_0.01,enc_avif,quality_auto/11062b_4d05bd1d3bf14ff196ccc49e36952048~mv2.png",""
"https://www.lifeusa.org/post/remembering-judge-frank-caprio-a-judge-who-redefined-leadership-through-compassion","https://static.wixstatic.com/media/11062b_4d05bd1d3bf14ff196ccc49e36952048~mv2.png/v1/fill/w_28,h_28,al_c,q_85,usm_0.66_1.00_0.01,enc_avif,quality_auto/11062b_4d05bd1d3bf14ff196ccc49e36952048~mv2.png",""
"https://www.lifeusa.org/post/over-6-5-hungry-in-somalia-why-your-giving-matters-now-more-than-ever","https://static.wixstatic.com/media/11062b_4d05bd1d3bf14ff196ccc49e36952048~mv2.png/v1/fill/w_28,h_28,al_c,q_85,usm_0.66_1.00_0.01,enc_avif,quality_auto/11062b_4d05bd1d3bf14ff196ccc49e36952048~mv2.png",""
"https://www.lifeusa.org/post/starvation-in-gaza-why-the-world-must-act-now-before-thousands-more-die","https://static.wixstatic.com/media/11062b_4d05bd1d3bf14ff196ccc49e36952048~mv2.png/v1/fill/w_28,h_28,al_c,q_85,usm_0.66_1.00_0.01,enc_avif,quality_auto/11062b_4d05bd1d3bf14ff196ccc49e36952048~mv2.png",""
"https://www.lifeusa.org/post/latest-cuts-to-humanitarian-aid-leave-millions-without-hope","https://static.wixstatic.com/media/11062b_4d05bd1d3bf14ff196ccc49e36952048~mv2.png/v1/fill/w_28,h_28,al_c,q_85,usm_0.66_1.00_0.01,enc_avif,quality_auto/11062b_4d05bd1d3bf14ff196ccc49e36952048~mv2.png",""
"https://www.lifeusa.org/legacy","https://static.wixstatic.com/media/11062b_4d05bd1d3bf14ff196ccc49e36952048~mv2.png/v1/fill/w_28,h_28,al_c,q_85,usm_0.66_1.00_0.01,enc_avif,quality_auto/11062b_4d05bd1d3bf14ff196ccc49e36952048~mv2.png",""
"https://www.lifeusa.org/copy-of-freewill-landing-page","https://static.wixstatic.com/media/11062b_4d05bd1d3bf14ff196ccc49e36952048~mv2.png/v1/fill/w_28,h_28,al_c,q_85,usm_0.66_1.00_0.01,enc_avif,quality_auto/11062b_4d05bd1d3bf14ff196ccc49e36952048~mv2.png",""
"https://www.lifeusa.org/newsletters","https://static.wixstatic.com/media/11062b_4d05bd1d3bf14ff196ccc49e36952048~mv2.png/v1/fill/w_28,h_28,al_c,q_85,usm_0.66_1.00_0.01,enc_avif,quality_auto/11062b_4d05bd1d3bf14ff196ccc49e36952048~mv2.png",""
"https://www.lifeusa.org/news","https://static.wixstatic.com/media/11062b_4d05bd1d3bf14ff196ccc49e36952048~mv2.png/v1/fill/w_28,h_28,al_c,q_85,usm_0.66_1.00_0.01,enc_avif,quality_auto/11062b_4d05bd1d3bf14ff196ccc49e36952048~mv2.png",""
"https://www.lifeusa.org/press","https://static.wixstatic.com/media/11062b_4d05bd1d3bf14ff196ccc49e36952048~mv2.png/v1/fill/w_28,h_28,al_c,q_85,usm_0.66_1.00_0.01,enc_avif,quality_auto/11062b_4d05bd1d3bf14ff196ccc49e36952048~mv2.png",""
"https://www.lifeusa.org/post/building-a-better-world-for-33-years","https://static.wixstatic.com/media/11062b_4d05bd1d3bf14ff196ccc49e36952048~mv2.png/v1/fill/w_28,h_28,al_c,q_85,usm_0.66_1.00_0.01,enc_avif,quality_auto/11062b_4d05bd1d3bf14ff196ccc49e36952048~mv2.png",""
"https://www.lifeusa.org/post/write-your-will-for-free-and-let-the-good-you-do-today-last-forever","https://static.wixstatic.com/media/11062b_4d05bd1d3bf14ff196ccc49e36952048~mv2.png/v1/fill/w_28,h_28,al_c,q_85,usm_0.66_1.00_0.01,enc_avif,quality_auto/11062b_4d05bd1d3bf14ff196ccc49e36952048~mv2.png",""
"https://www.lifeusa.org/post/charitable-giving-an-advantage-we-never-saw-coming-from-the-one-big-beautiful-bill-act","https://static.wixstatic.com/media/11062b_4d05bd1d3bf14ff196ccc49e36952048~mv2.png/v1/fill/w_28,h_28,al_c,q_85,usm_0.66_1.00_0.01,enc_avif,quality_auto/11062b_4d05bd1d3bf14ff196ccc49e36952048~mv2.png",""
"https://www.lifeusa.org/post/double-or-triple-your-donation-without-spending-more-through-life-for-relief-and-development-life","https://static.wixstatic.com/media/11062b_4d05bd1d3bf14ff196ccc49e36952048~mv2.png/v1/fill/w_28,h_28,al_c,q_85,usm_0.66_1.00_0.01,enc_avif,quality_auto/11062b_4d05bd1d3bf14ff196ccc49e36952048~mv2.png",""
"https://www.lifeusa.org/post/winter-flooding-in-gaza-leaves-families-cold-and-exhausted","https://static.wixstatic.com/media/11062b_4d05bd1d3bf14ff196ccc49e36952048~mv2.png/v1/fill/w_28,h_28,al_c,q_85,usm_0.66_1.00_0.01,enc_avif,quality_auto/11062b_4d05bd1d3bf14ff196ccc49e36952048~mv2.png",""
"https://www.lifeusa.org/post/school-supplies-could-be-the-key-to-ending-poverty","https://static.wixstatic.com/media/11062b_4d05bd1d3bf14ff196ccc49e36952048~mv2.png/v1/fill/w_28,h_28,al_c,q_85,usm_0.66_1.00_0.01,enc_avif,quality_auto/11062b_4d05bd1d3bf14ff196ccc49e36952048~mv2.png",""
"https://www.lifeusa.org/post/cold-kills-5-million-a-year-life-s-winter-aid-helps-prevent-this-tragedy","https://static.wixstatic.com/media/11062b_4d05bd1d3bf14ff196ccc49e36952048~mv2.png/v1/fill/w_28,h_28,al_c,q_85,usm_0.66_1.00_0.01,enc_avif,quality_auto/11062b_4d05bd1d3bf14ff196ccc49e36952048~mv2.png",""
"https://www.lifeusa.org/post/give-the-smart-way-stop-paying-taxes-on-stocks-and-receive-a-big-tax-deduction","https://static.wixstatic.com/media/11062b_4d05bd1d3bf14ff196ccc49e36952048~mv2.png/v1/fill/w_28,h_28,al_c,q_85,usm_0.66_1.00_0.01,enc_avif,quality_auto/11062b_4d05bd1d3bf14ff196ccc49e36952048~mv2.png",""
"https://www.lifeusa.org/post/health-for-all-how-life-is-closing-the-global-healthcare-gap","https://static.wixstatic.com/media/11062b_4d05bd1d3bf14ff196ccc49e36952048~mv2.png/v1/fill/w_28,h_28,al_c,q_85,usm_0.66_1.00_0.01,enc_avif,quality_auto/11062b_4d05bd1d3bf14ff196ccc49e36952048~mv2.png",""
"https://www.lifeusa.org/post/recognizing-everyday-leaders-and-heros-this-father-s-day-2025","https://static.wixstatic.com/media/11062b_4d05bd1d3bf14ff196ccc49e36952048~mv2.png/v1/fill/w_28,h_28,al_c,q_85,usm_0.66_1.00_0.01,enc_avif,quality_auto/11062b_4d05bd1d3bf14ff196ccc49e36952048~mv2.png",""
"https://www.lifeusa.org/post/she-was-buried-underground-for-13-years-then-she-heard-the-ocean","https://static.wixstatic.com/media/11062b_4d05bd1d3bf14ff196ccc49e36952048~mv2.png/v1/fill/w_28,h_28,al_c,q_85,usm_0.66_1.00_0.01,enc_avif,quality_auto/11062b_4d05bd1d3bf14ff196ccc49e36952048~mv2.png",""
"https://www.lifeusa.org/post/when-the-guadalupe-river-roared-texas-tested-with-devastation-and-loss","https://static.wixstatic.com/media/11062b_4d05bd1d3bf14ff196ccc49e36952048~mv2.png/v1/fill/w_28,h_28,al_c,q_85,usm_0.66_1.00_0.01,enc_avif,quality_auto/11062b_4d05bd1d3bf14ff196ccc49e36952048~mv2.png",""
"https://www.lifeusa.org/post/the-hidden-price-tag-of-fast-fashion-and-how-life-is-offering-sustainable-solutions-you-can-support","https://static.wixstatic.com/media/11062b_4d05bd1d3bf14ff196ccc49e36952048~mv2.png/v1/fill/w_28,h_28,al_c,q_85,usm_0.66_1.00_0.01,enc_avif,quality_auto/11062b_4d05bd1d3bf14ff196ccc49e36952048~mv2.png",""
"https://www.lifeusa.org/post/ramadan-a-place-for-everyone","https://static.wixstatic.com/media/11062b_4d05bd1d3bf14ff196ccc49e36952048~mv2.png/v1/fill/w_28,h_28,al_c,q_85,usm_0.66_1.00_0.01,enc_avif,quality_auto/11062b_4d05bd1d3bf14ff196ccc49e36952048~mv2.png",""
"https://www.lifeusa.org/post/a-step-by-step-guide-on-how-to-participate-in-ramadan","https://static.wixstatic.com/media/11062b_4d05bd1d3bf14ff196ccc49e36952048~mv2.png/v1/fill/w_28,h_28,al_c,q_85,usm_0.66_1.00_0.01,enc_avif,quality_auto/11062b_4d05bd1d3bf14ff196ccc49e36952048~mv2.png",""
"https://www.lifeusa.org/post/sick-kids-with-no-medicine-in-sight-how-life-is-restoring-healthcare-access-in-africa","https://static.wixstatic.com/media/11062b_4d05bd1d3bf14ff196ccc49e36952048~mv2.png/v1/fill/w_28,h_28,al_c,q_85,usm_0.66_1.00_0.01,enc_avif,quality_auto/11062b_4d05bd1d3bf14ff196ccc49e36952048~mv2.png",""
"https://www.lifeusa.org/post/as-middle-east-tensions-rise-families-face-uncertainty-and-compassion-matters-more","https://static.wixstatic.com/media/11062b_4d05bd1d3bf14ff196ccc49e36952048~mv2.png/v1/fill/w_28,h_28,al_c,q_85,usm_0.66_1.00_0.01,enc_avif,quality_auto/11062b_4d05bd1d3bf14ff196ccc49e36952048~mv2.png",""
"https://www.lifeusa.org/post/millions-hungry-and-displaced-why-the-sudan-crisis-requires-immediate-action","https://static.wixstatic.com/media/11062b_4d05bd1d3bf14ff196ccc49e36952048~mv2.png/v1/fill/w_28,h_28,al_c,q_85,usm_0.66_1.00_0.01,enc_avif,quality_auto/11062b_4d05bd1d3bf14ff196ccc49e36952048~mv2.png",""
"https://www.lifeusa.org/post/maximize-your-tax-write-off-with-charitable-giving-apps","https://static.wixstatic.com/media/11062b_4d05bd1d3bf14ff196ccc49e36952048~mv2.png/v1/fill/w_28,h_28,al_c,q_85,usm_0.66_1.00_0.01,enc_avif,quality_auto/11062b_4d05bd1d3bf14ff196ccc49e36952048~mv2.png",""
"https://www.lifeusa.org/post/when-life-becomes-art-finding-flow-purpose-and-the-joy-of-giving","https://static.wixstatic.com/media/11062b_4d05bd1d3bf14ff196ccc49e36952048~mv2.png/v1/fill/w_28,h_28,al_c,q_85,usm_0.66_1.00_0.01,enc_avif,quality_auto/11062b_4d05bd1d3bf14ff196ccc49e36952048~mv2.png",""
"https://www.lifeusa.org/post/how-violence-and-war-affect-children-worldwide-and-how-you-can-help","https://static.wixstatic.com/media/11062b_4d05bd1d3bf14ff196ccc49e36952048~mv2.png/v1/fill/w_28,h_28,al_c,q_85,usm_0.66_1.00_0.01,enc_avif,quality_auto/11062b_4d05bd1d3bf14ff196ccc49e36952048~mv2.png",""
"https://www.lifeusa.org/post/what-happens-when-you-can-t-see-in-a-refugee-camp","https://static.wixstatic.com/media/11062b_4d05bd1d3bf14ff196ccc49e36952048~mv2.png/v1/fill/w_28,h_28,al_c,q_85,usm_0.66_1.00_0.01,enc_avif,quality_auto/11062b_4d05bd1d3bf14ff196ccc49e36952048~mv2.png",""
"https://www.lifeusa.org/post/the-challenges-humanitarian-organizations-face-after-conflict-ends","https://static.wixstatic.com/media/11062b_4d05bd1d3bf14ff196ccc49e36952048~mv2.png/v1/fill/w_28,h_28,al_c,q_85,usm_0.66_1.00_0.01,enc_avif,quality_auto/11062b_4d05bd1d3bf14ff196ccc49e36952048~mv2.png",""
"https://www.lifeusa.org/post/the-power-of-listening-and-how-to-harness-it","https://static.wixstatic.com/media/11062b_4d05bd1d3bf14ff196ccc49e36952048~mv2.png/v1/fill/w_28,h_28,al_c,q_85,usm_0.66_1.00_0.01,enc_avif,quality_auto/11062b_4d05bd1d3bf14ff196ccc49e36952048~mv2.png",""
"https://www.lifeusa.org/post/monsoon-flood-in-northern-pakistan-takes-everything-from-villagers-life-usa-helps-families-rebuild","https://static.wixstatic.com/media/11062b_4d05bd1d3bf14ff196ccc49e36952048~mv2.png/v1/fill/w_28,h_28,al_c,q_85,usm_0.66_1.00_0.01,enc_avif,quality_auto/11062b_4d05bd1d3bf14ff196ccc49e36952048~mv2.png",""
"https://www.lifeusa.org/post/life-s-orphan-sponsorships-keep-children-warm-and-in-school-during-the-winter-months-in-pakistan","https://static.wixstatic.com/media/11062b_4d05bd1d3bf14ff196ccc49e36952048~mv2.png/v1/fill/w_28,h_28,al_c,q_85,usm_0.66_1.00_0.01,enc_avif,quality_auto/11062b_4d05bd1d3bf14ff196ccc49e36952048~mv2.png",""
"https://www.lifeusa.org/post/life-supports-mothers-and-orphans-in-gaza-with-critical-baby-formula-and-other-essentials","https://static.wixstatic.com/media/11062b_4d05bd1d3bf14ff196ccc49e36952048~mv2.png/v1/fill/w_28,h_28,al_c,q_85,usm_0.66_1.00_0.01,enc_avif,quality_auto/11062b_4d05bd1d3bf14ff196ccc49e36952048~mv2.png",""
"https://www.lifeusa.org/post/hope-returns-to-the-classroom-through-life-for-relief-and-development-life-s-orphan-sponsorship-in","https://static.wixstatic.com/media/11062b_4d05bd1d3bf14ff196ccc49e36952048~mv2.png/v1/fill/w_28,h_28,al_c,q_85,usm_0.66_1.00_0.01,enc_avif,quality_auto/11062b_4d05bd1d3bf14ff196ccc49e36952048~mv2.png",""
"https://www.lifeusa.org/post/with-life-water-wells-comes-a-renewed-stability-and-health-for-1-800-people-in-niger","https://static.wixstatic.com/media/11062b_4d05bd1d3bf14ff196ccc49e36952048~mv2.png/v1/fill/w_28,h_28,al_c,q_85,usm_0.66_1.00_0.01,enc_avif,quality_auto/11062b_4d05bd1d3bf14ff196ccc49e36952048~mv2.png",""
"https://www.lifeusa.org/post/in-a-tanzanian-village-water-finally-flows-close-to-home","https://static.wixstatic.com/media/11062b_4d05bd1d3bf14ff196ccc49e36952048~mv2.png/v1/fill/w_28,h_28,al_c,q_85,usm_0.66_1.00_0.01,enc_avif,quality_auto/11062b_4d05bd1d3bf14ff196ccc49e36952048~mv2.png",""
"https://www.lifeusa.org/post/life-continues-saving-lives-in-gaza-as-emergency-food-and-water-relief-reaches-thousands","https://static.wixstatic.com/media/11062b_4d05bd1d3bf14ff196ccc49e36952048~mv2.png/v1/fill/w_28,h_28,al_c,q_85,usm_0.66_1.00_0.01,enc_avif,quality_auto/11062b_4d05bd1d3bf14ff196ccc49e36952048~mv2.png",""
"https://www.lifeusa.org/post/life-supporting-orphans-families-gaza","https://static.wixstatic.com/media/11062b_4d05bd1d3bf14ff196ccc49e36952048~mv2.png/v1/fill/w_28,h_28,al_c,q_85,usm_0.66_1.00_0.01,enc_avif,quality_auto/11062b_4d05bd1d3bf14ff196ccc49e36952048~mv2.png",""
"https://www.lifeusa.org/post/fighting-hunger-in-somalia-life-for-relief-and-development-life-s-food-distribution-reaches-displ","https://static.wixstatic.com/media/11062b_4d05bd1d3bf14ff196ccc49e36952048~mv2.png/v1/fill/w_28,h_28,al_c,q_85,usm_0.66_1.00_0.01,enc_avif,quality_auto/11062b_4d05bd1d3bf14ff196ccc49e36952048~mv2.png",""
"https://www.lifeusa.org/post/life-for-relief-and-development-life-usa-restores-shelter-and-safety-for-8-050-displaced-individua","https://static.wixstatic.com/media/11062b_4d05bd1d3bf14ff196ccc49e36952048~mv2.png/v1/fill/w_28,h_28,al_c,q_85,usm_0.66_1.00_0.01,enc_avif,quality_auto/11062b_4d05bd1d3bf14ff196ccc49e36952048~mv2.png",""
"https://www.lifeusa.org/post/new-solar-powered-water-wells-bring-clean-water-to-3-300-people-in-pakistan","https://static.wixstatic.com/media/11062b_4d05bd1d3bf14ff196ccc49e36952048~mv2.png/v1/fill/w_28,h_28,al_c,q_85,usm_0.66_1.00_0.01,enc_avif,quality_auto/11062b_4d05bd1d3bf14ff196ccc49e36952048~mv2.png",""
"https://www.lifeusa.org/post/life-provides-medical-student-scholarships-in-the-west-bank","https://static.wixstatic.com/media/11062b_4d05bd1d3bf14ff196ccc49e36952048~mv2.png/v1/fill/w_28,h_28,al_c,q_85,usm_0.66_1.00_0.01,enc_avif,quality_auto/11062b_4d05bd1d3bf14ff196ccc49e36952048~mv2.png",""
"https://www.lifeusa.org/post/life-for-relief-and-development-protects-5-000-children-from-harsh-winter-conditions-in-gaza","https://static.wixstatic.com/media/11062b_4d05bd1d3bf14ff196ccc49e36952048~mv2.png/v1/fill/w_28,h_28,al_c,q_85,usm_0.66_1.00_0.01,enc_avif,quality_auto/11062b_4d05bd1d3bf14ff196ccc49e36952048~mv2.png",""
"https://www.lifeusa.org/post/life-for-relief-and-development-sustains-higher-education-in-syria","https://static.wixstatic.com/media/11062b_4d05bd1d3bf14ff196ccc49e36952048~mv2.png/v1/fill/w_28,h_28,al_c,q_85,usm_0.66_1.00_0.01,enc_avif,quality_auto/11062b_4d05bd1d3bf14ff196ccc49e36952048~mv2.png",""
"https://www.lifeusa.org/post/over-1-000-orphans-across-jordan-uplifted-through-life-sponsorship-program","https://static.wixstatic.com/media/11062b_4d05bd1d3bf14ff196ccc49e36952048~mv2.png/v1/fill/w_28,h_28,al_c,q_85,usm_0.66_1.00_0.01,enc_avif,quality_auto/11062b_4d05bd1d3bf14ff196ccc49e36952048~mv2.png",""
"https://www.lifeusa.org/post/life-for-relief-and-development-life-delivers-emergency-food-and-water-assistance-in-gaza-through","https://static.wixstatic.com/media/11062b_4d05bd1d3bf14ff196ccc49e36952048~mv2.png/v1/fill/w_28,h_28,al_c,q_85,usm_0.66_1.00_0.01,enc_avif,quality_auto/11062b_4d05bd1d3bf14ff196ccc49e36952048~mv2.png",""
"https://www.lifeusa.org/post/water-stops-being-a-daily-worry-for-two-communities-in-nepal","https://static.wixstatic.com/media/11062b_4d05bd1d3bf14ff196ccc49e36952048~mv2.png/v1/fill/w_28,h_28,al_c,q_85,usm_0.66_1.00_0.01,enc_avif,quality_auto/11062b_4d05bd1d3bf14ff196ccc49e36952048~mv2.png",""
"https://www.lifeusa.org/no/tags/chicago","https://static.wixstatic.com/media/11062b_4d05bd1d3bf14ff196ccc49e36952048~mv2.png/v1/fill/w_28,h_28,al_c,q_85,usm_0.66_1.00_0.01,enc_avif,quality_auto/11062b_4d05bd1d3bf14ff196ccc49e36952048~mv2.png",""
"https://www.lifeusa.org/no/tags/usa","https://static.wixstatic.com/media/11062b_4d05bd1d3bf14ff196ccc49e36952048~mv2.png/v1/fill/w_28,h_28,al_c,q_85,usm_0.66_1.00_0.01,enc_avif,quality_auto/11062b_4d05bd1d3bf14ff196ccc49e36952048~mv2.png",""
"https://www.lifeusa.org/no/tags/philanthropy","https://static.wixstatic.com/media/11062b_4d05bd1d3bf14ff196ccc49e36952048~mv2.png/v1/fill/w_28,h_28,al_c,q_85,usm_0.66_1.00_0.01,enc_avif,quality_auto/11062b_4d05bd1d3bf14ff196ccc49e36952048~mv2.png",""
"https://www.lifeusa.org/no/tags/canada","https://static.wixstatic.com/media/11062b_4d05bd1d3bf14ff196ccc49e36952048~mv2.png/v1/fill/w_28,h_28,al_c,q_85,usm_0.66_1.00_0.01,enc_avif,quality_auto/11062b_4d05bd1d3bf14ff196ccc49e36952048~mv2.png",""
"https://www.lifeusa.org/no/hashtags/butterflyeffect","https://static.wixstatic.com/media/11062b_4d05bd1d3bf14ff196ccc49e36952048~mv2.png/v1/fill/w_28,h_28,al_c,q_85,usm_0.66_1.00_0.01,enc_avif,quality_auto/11062b_4d05bd1d3bf14ff196ccc49e36952048~mv2.png",""
"https://www.lifeusa.org/no/tags/life-blog","https://static.wixstatic.com/media/11062b_4d05bd1d3bf14ff196ccc49e36952048~mv2.png/v1/fill/w_28,h_28,al_c,q_85,usm_0.66_1.00_0.01,enc_avif,quality_auto/11062b_4d05bd1d3bf14ff196ccc49e36952048~mv2.png",""
"https://www.lifeusa.org/no/tags/england","https://static.wixstatic.com/media/11062b_4d05bd1d3bf14ff196ccc49e36952048~mv2.png/v1/fill/w_28,h_28,al_c,q_85,usm_0.66_1.00_0.01,enc_avif,quality_auto/11062b_4d05bd1d3bf14ff196ccc49e36952048~mv2.png",""
"https://www.lifeusa.org/no/tags/colorado","https://static.wixstatic.com/media/11062b_4d05bd1d3bf14ff196ccc49e36952048~mv2.png/v1/fill/w_28,h_28,al_c,q_85,usm_0.66_1.00_0.01,enc_avif,quality_auto/11062b_4d05bd1d3bf14ff196ccc49e36952048~mv2.png",""
"https://www.lifeusa.org/no/tags/charity","https://static.wixstatic.com/media/11062b_4d05bd1d3bf14ff196ccc49e36952048~mv2.png/v1/fill/w_28,h_28,al_c,q_85,usm_0.66_1.00_0.01,enc_avif,quality_auto/11062b_4d05bd1d3bf14ff196ccc49e36952048~mv2.png",""
"https://www.lifeusa.org/no/tags/maryland","https://static.wixstatic.com/media/11062b_4d05bd1d3bf14ff196ccc49e36952048~mv2.png/v1/fill/w_28,h_28,al_c,q_85,usm_0.66_1.00_0.01,enc_avif,quality_auto/11062b_4d05bd1d3bf14ff196ccc49e36952048~mv2.png",""
"https://www.lifeusa.org/no/tags/nyc","https://static.wixstatic.com/media/11062b_4d05bd1d3bf14ff196ccc49e36952048~mv2.png/v1/fill/w_28,h_28,al_c,q_85,usm_0.66_1.00_0.01,enc_avif,quality_auto/11062b_4d05bd1d3bf14ff196ccc49e36952048~mv2.png",""
"https://www.lifeusa.org/ukrainerelief","https://static.wixstatic.com/media/11062b_4d05bd1d3bf14ff196ccc49e36952048~mv2.png/v1/fill/w_28,h_28,al_c,q_85,usm_0.66_1.00_0.01,enc_avif,quality_auto/11062b_4d05bd1d3bf14ff196ccc49e36952048~mv2.png",""
"https://www.lifeusa.org/post/clean-water-restored-through-life-for-relief-and-development-life-s-water-well-projects-in-sierra","https://static.wixstatic.com/media/11062b_4d05bd1d3bf14ff196ccc49e36952048~mv2.png/v1/fill/w_28,h_28,al_c,q_85,usm_0.66_1.00_0.01,enc_avif,quality_auto/11062b_4d05bd1d3bf14ff196ccc49e36952048~mv2.png",""
"https://www.lifeusa.org/post/clean-water-new-possibilities-through-life-for-relief-and-development-life-s-water-well-projects","https://static.wixstatic.com/media/11062b_4d05bd1d3bf14ff196ccc49e36952048~mv2.png/v1/fill/w_28,h_28,al_c,q_85,usm_0.66_1.00_0.01,enc_avif,quality_auto/11062b_4d05bd1d3bf14ff196ccc49e36952048~mv2.png",""
"https://www.lifeusa.org/post/life-for-relief-and-development-life-s-orphan-sponsorship-supports-152-children-in-indonesia","https://static.wixstatic.com/media/11062b_4d05bd1d3bf14ff196ccc49e36952048~mv2.png/v1/fill/w_28,h_28,al_c,q_85,usm_0.66_1.00_0.01,enc_avif,quality_auto/11062b_4d05bd1d3bf14ff196ccc49e36952048~mv2.png",""
"https://www.lifeusa.org/post/clean-water-for-students-as-life-for-relief-and-development-life-installs-solar-water-wells-in-pak","https://static.wixstatic.com/media/11062b_4d05bd1d3bf14ff196ccc49e36952048~mv2.png/v1/fill/w_28,h_28,al_c,q_85,usm_0.66_1.00_0.01,enc_avif,quality_auto/11062b_4d05bd1d3bf14ff196ccc49e36952048~mv2.png",""
"https://www.lifeusa.org/post/life-builds-five-clean-water-projects-across-two-regions-in-myanmar","https://static.wixstatic.com/media/11062b_4d05bd1d3bf14ff196ccc49e36952048~mv2.png/v1/fill/w_28,h_28,al_c,q_85,usm_0.66_1.00_0.01,enc_avif,quality_auto/11062b_4d05bd1d3bf14ff196ccc49e36952048~mv2.png",""
"https://www.lifeusa.org/winterrelief","https://static.wixstatic.com/media/11062b_4d05bd1d3bf14ff196ccc49e36952048~mv2.png/v1/fill/w_28,h_28,al_c,q_85,usm_0.66_1.00_0.01,enc_avif,quality_auto/11062b_4d05bd1d3bf14ff196ccc49e36952048~mv2.png",""
"https://www.lifeusa.org/sudan-emergency-relief","https://static.wixstatic.com/media/11062b_4d05bd1d3bf14ff196ccc49e36952048~mv2.png/v1/fill/w_28,h_28,al_c,q_85,usm_0.66_1.00_0.01,enc_avif,quality_auto/11062b_4d05bd1d3bf14ff196ccc49e36952048~mv2.png",""
"https://www.lifeusa.org/no/tags/ukraine","https://static.wixstatic.com/media/11062b_4d05bd1d3bf14ff196ccc49e36952048~mv2.png/v1/fill/w_28,h_28,al_c,q_85,usm_0.66_1.00_0.01,enc_avif,quality_auto/11062b_4d05bd1d3bf14ff196ccc49e36952048~mv2.png",""
"https://www.lifeusa.org/no/tags/orphans","https://static.wixstatic.com/media/11062b_4d05bd1d3bf14ff196ccc49e36952048~mv2.png/v1/fill/w_28,h_28,al_c,q_85,usm_0.66_1.00_0.01,enc_avif,quality_auto/11062b_4d05bd1d3bf14ff196ccc49e36952048~mv2.png",""
"https://www.lifeusa.org/no/tags/palestine","https://static.wixstatic.com/media/11062b_4d05bd1d3bf14ff196ccc49e36952048~mv2.png/v1/fill/w_28,h_28,al_c,q_85,usm_0.66_1.00_0.01,enc_avif,quality_auto/11062b_4d05bd1d3bf14ff196ccc49e36952048~mv2.png",""
"https://www.lifeusa.org/no/tags/orphan-sponsorship","https://static.wixstatic.com/media/11062b_4d05bd1d3bf14ff196ccc49e36952048~mv2.png/v1/fill/w_28,h_28,al_c,q_85,usm_0.66_1.00_0.01,enc_avif,quality_auto/11062b_4d05bd1d3bf14ff196ccc49e36952048~mv2.png",""
"https://www.lifeusa.org/no/tags/syria-1","https://static.wixstatic.com/media/11062b_4d05bd1d3bf14ff196ccc49e36952048~mv2.png/v1/fill/w_28,h_28,al_c,q_85,usm_0.66_1.00_0.01,enc_avif,quality_auto/11062b_4d05bd1d3bf14ff196ccc49e36952048~mv2.png",""
"https://www.lifeusa.org/no/tags/war","https://static.wixstatic.com/media/11062b_4d05bd1d3bf14ff196ccc49e36952048~mv2.png/v1/fill/w_28,h_28,al_c,q_85,usm_0.66_1.00_0.01,enc_avif,quality_auto/11062b_4d05bd1d3bf14ff196ccc49e36952048~mv2.png",""
"https://www.lifeusa.org/no/tags/children","https://static.wixstatic.com/media/11062b_4d05bd1d3bf14ff196ccc49e36952048~mv2.png/v1/fill/w_28,h_28,al_c,q_85,usm_0.66_1.00_0.01,enc_avif,quality_auto/11062b_4d05bd1d3bf14ff196ccc49e36952048~mv2.png",""
"https://www.lifeusa.org/no/tags/refugee","https://static.wixstatic.com/media/11062b_4d05bd1d3bf14ff196ccc49e36952048~mv2.png/v1/fill/w_28,h_28,al_c,q_85,usm_0.66_1.00_0.01,enc_avif,quality_auto/11062b_4d05bd1d3bf14ff196ccc49e36952048~mv2.png",""
"https://www.lifeusa.org/post/life-hears-the-call-in-colorado","https://static.wixstatic.com/media/11062b_4d05bd1d3bf14ff196ccc49e36952048~mv2.png/v1/fill/w_28,h_28,al_c,q_85,usm_0.66_1.00_0.01,enc_avif,quality_auto/11062b_4d05bd1d3bf14ff196ccc49e36952048~mv2.png",""
"https://www.lifeusa.org/post/life-distributes-fresh-meat-in-texas","https://static.wixstatic.com/media/11062b_4d05bd1d3bf14ff196ccc49e36952048~mv2.png/v1/fill/w_28,h_28,al_c,q_85,usm_0.66_1.00_0.01,enc_avif,quality_auto/11062b_4d05bd1d3bf14ff196ccc49e36952048~mv2.png",""
"https://www.lifeusa.org/post/hearing-the-call-southwest-florida","https://static.wixstatic.com/media/11062b_4d05bd1d3bf14ff196ccc49e36952048~mv2.png/v1/fill/w_28,h_28,al_c,q_85,usm_0.66_1.00_0.01,enc_avif,quality_auto/11062b_4d05bd1d3bf14ff196ccc49e36952048~mv2.png",""
"https://www.lifeusa.org/post/life-provides-backpacks-to-foster-youth-in-the-united-states","https://static.wixstatic.com/media/11062b_4d05bd1d3bf14ff196ccc49e36952048~mv2.png/v1/fill/w_28,h_28,al_c,q_85,usm_0.66_1.00_0.01,enc_avif,quality_auto/11062b_4d05bd1d3bf14ff196ccc49e36952048~mv2.png",""
"https://www.lifeusa.org/post/refugee-asylum-seeker-immigrant-and-migrant-what-s-the-difference","https://static.wixstatic.com/media/11062b_4d05bd1d3bf14ff196ccc49e36952048~mv2.png/v1/fill/w_28,h_28,al_c,q_85,usm_0.66_1.00_0.01,enc_avif,quality_auto/11062b_4d05bd1d3bf14ff196ccc49e36952048~mv2.png",""
"https://www.lifeusa.org/post/the-biggest-charitable-contributions-in-the-u-s-2023","https://static.wixstatic.com/media/11062b_4d05bd1d3bf14ff196ccc49e36952048~mv2.png/v1/fill/w_28,h_28,al_c,q_85,usm_0.66_1.00_0.01,enc_avif,quality_auto/11062b_4d05bd1d3bf14ff196ccc49e36952048~mv2.png",""
"https://www.lifeusa.org/post/a-summer-of-forest-fires","https://static.wixstatic.com/media/11062b_4d05bd1d3bf14ff196ccc49e36952048~mv2.png/v1/fill/w_28,h_28,al_c,q_85,usm_0.66_1.00_0.01,enc_avif,quality_auto/11062b_4d05bd1d3bf14ff196ccc49e36952048~mv2.png",""
"https://www.lifeusa.org/post/queen-elizabeth-ii-a-lifetime-of-charity","https://static.wixstatic.com/media/11062b_4d05bd1d3bf14ff196ccc49e36952048~mv2.png/v1/fill/w_28,h_28,al_c,q_85,usm_0.66_1.00_0.01,enc_avif,quality_auto/11062b_4d05bd1d3bf14ff196ccc49e36952048~mv2.png",""
"https://www.lifeusa.org/post/food-packages-maryland","https://static.wixstatic.com/media/11062b_4d05bd1d3bf14ff196ccc49e36952048~mv2.png/v1/fill/w_28,h_28,al_c,q_85,usm_0.66_1.00_0.01,enc_avif,quality_auto/11062b_4d05bd1d3bf14ff196ccc49e36952048~mv2.png",""
"https://www.lifeusa.org/post/making-houses-into-homes","https://static.wixstatic.com/media/11062b_4d05bd1d3bf14ff196ccc49e36952048~mv2.png/v1/fill/w_28,h_28,al_c,q_85,usm_0.66_1.00_0.01,enc_avif,quality_auto/11062b_4d05bd1d3bf14ff196ccc49e36952048~mv2.png",""
"https://www.lifeusa.org/post/hearing-for-the-first-time-in-years","https://static.wixstatic.com/media/11062b_4d05bd1d3bf14ff196ccc49e36952048~mv2.png/v1/fill/w_28,h_28,al_c,q_85,usm_0.66_1.00_0.01,enc_avif,quality_auto/11062b_4d05bd1d3bf14ff196ccc49e36952048~mv2.png",""
"https://www.lifeusa.org/post/hearing-aids-colorado","https://static.wixstatic.com/media/11062b_4d05bd1d3bf14ff196ccc49e36952048~mv2.png/v1/fill/w_28,h_28,al_c,q_85,usm_0.66_1.00_0.01,enc_avif,quality_auto/11062b_4d05bd1d3bf14ff196ccc49e36952048~mv2.png",""
"https://www.lifeusa.org/gaza","https://static.wixstatic.com/media/11062b_4d05bd1d3bf14ff196ccc49e36952048~mv2.png/v1/fill/w_28,h_28,al_c,q_85,usm_0.66_1.00_0.01,enc_avif,quality_auto/11062b_4d05bd1d3bf14ff196ccc49e36952048~mv2.png",""
"https://www.lifeusa.org/post/life-distributes-water-tanks-to-families-in-the-gaza-strip","https://static.wixstatic.com/media/11062b_4d05bd1d3bf14ff196ccc49e36952048~mv2.png/v1/fill/w_28,h_28,al_c,q_85,usm_0.66_1.00_0.01,enc_avif,quality_auto/11062b_4d05bd1d3bf14ff196ccc49e36952048~mv2.png",""
"https://www.lifeusa.org/no/tags/syria","https://static.wixstatic.com/media/11062b_4d05bd1d3bf14ff196ccc49e36952048~mv2.png/v1/fill/w_28,h_28,al_c,q_85,usm_0.66_1.00_0.01,enc_avif,quality_auto/11062b_4d05bd1d3bf14ff196ccc49e36952048~mv2.png",""
"https://www.lifeusa.org/post/the-crucial-role-of-humanitarian-organizations-in-conflict-zones","https://static.wixstatic.com/media/11062b_4d05bd1d3bf14ff196ccc49e36952048~mv2.png/v1/fill/w_28,h_28,al_c,q_85,usm_0.66_1.00_0.01,enc_avif,quality_auto/11062b_4d05bd1d3bf14ff196ccc49e36952048~mv2.png",""
"https://www.lifeusa.org/post/life-continues-to-provide-emergency-aid-in-gaza","https://static.wixstatic.com/media/11062b_4d05bd1d3bf14ff196ccc49e36952048~mv2.png/v1/fill/w_28,h_28,al_c,q_85,usm_0.66_1.00_0.01,enc_avif,quality_auto/11062b_4d05bd1d3bf14ff196ccc49e36952048~mv2.png",""
"https://www.lifeusa.org/post/the-world-in-crisis-supporting-from-the-sidelines","https://static.wixstatic.com/media/11062b_4d05bd1d3bf14ff196ccc49e36952048~mv2.png/v1/fill/w_28,h_28,al_c,q_85,usm_0.66_1.00_0.01,enc_avif,quality_auto/11062b_4d05bd1d3bf14ff196ccc49e36952048~mv2.png",""
"https://www.lifeusa.org/post/it-s-okay-to-cry-the-ukrainian-refugee-mental-health-crisis","https://static.wixstatic.com/media/11062b_4d05bd1d3bf14ff196ccc49e36952048~mv2.png/v1/fill/w_28,h_28,al_c,q_85,usm_0.66_1.00_0.01,enc_avif,quality_auto/11062b_4d05bd1d3bf14ff196ccc49e36952048~mv2.png",""
"https://www.lifeusa.org/post/walk-532-59-miles-in-the-shoes-of-a-ukrainian-refugee","https://static.wixstatic.com/media/11062b_4d05bd1d3bf14ff196ccc49e36952048~mv2.png/v1/fill/w_28,h_28,al_c,q_85,usm_0.66_1.00_0.01,enc_avif,quality_auto/11062b_4d05bd1d3bf14ff196ccc49e36952048~mv2.png",""
"https://www.lifeusa.org/post/let-them-play-life-gives-every-child-a-chance-to-be-a-child-at-the-global-orphan-eid-parties","https://static.wixstatic.com/media/11062b_4d05bd1d3bf14ff196ccc49e36952048~mv2.png/v1/fill/w_28,h_28,al_c,q_85,usm_0.66_1.00_0.01,enc_avif,quality_auto/11062b_4d05bd1d3bf14ff196ccc49e36952048~mv2.png",""
"https://www.lifeusa.org/post/life-provides-emergency-relief-to-gaza","https://static.wixstatic.com/media/11062b_4d05bd1d3bf14ff196ccc49e36952048~mv2.png/v1/fill/w_28,h_28,al_c,q_85,usm_0.66_1.00_0.01,enc_avif,quality_auto/11062b_4d05bd1d3bf14ff196ccc49e36952048~mv2.png",""
"https://www.lifeusa.org/post/a-4-year-old-s-bravery-in-gaza-ahmad-s-story","https://static.wixstatic.com/media/11062b_4d05bd1d3bf14ff196ccc49e36952048~mv2.png/v1/fill/w_28,h_28,al_c,q_85,usm_0.66_1.00_0.01,enc_avif,quality_auto/11062b_4d05bd1d3bf14ff196ccc49e36952048~mv2.png",""
"https://www.lifeusa.org/post/life-provides-emergency-relief-to-gaza-1","https://static.wixstatic.com/media/11062b_4d05bd1d3bf14ff196ccc49e36952048~mv2.png/v1/fill/w_28,h_28,al_c,q_85,usm_0.66_1.00_0.01,enc_avif,quality_auto/11062b_4d05bd1d3bf14ff196ccc49e36952048~mv2.png",""
"https://www.lifeusa.org/post/gaza-s-daily-bread-life-provides-relief-to-innocent-civilians","https://static.wixstatic.com/media/11062b_4d05bd1d3bf14ff196ccc49e36952048~mv2.png/v1/fill/w_28,h_28,al_c,q_85,usm_0.66_1.00_0.01,enc_avif,quality_auto/11062b_4d05bd1d3bf14ff196ccc49e36952048~mv2.png",""
"https://www.lifeusa.org/post/who-will-watch-over-the-orphans-of-gaza","https://static.wixstatic.com/media/11062b_4d05bd1d3bf14ff196ccc49e36952048~mv2.png/v1/fill/w_28,h_28,al_c,q_85,usm_0.66_1.00_0.01,enc_avif,quality_auto/11062b_4d05bd1d3bf14ff196ccc49e36952048~mv2.png",""
"https://www.lifeusa.org/post/aiding-in-gaza-s-shelter-crisis","https://static.wixstatic.com/media/11062b_4d05bd1d3bf14ff196ccc49e36952048~mv2.png/v1/fill/w_28,h_28,al_c,q_85,usm_0.66_1.00_0.01,enc_avif,quality_auto/11062b_4d05bd1d3bf14ff196ccc49e36952048~mv2.png",""
"https://www.lifeusa.org/post/the-leading-causes-of-orphans-today","https://static.wixstatic.com/media/11062b_4d05bd1d3bf14ff196ccc49e36952048~mv2.png/v1/fill/w_28,h_28,al_c,q_85,usm_0.66_1.00_0.01,enc_avif,quality_auto/11062b_4d05bd1d3bf14ff196ccc49e36952048~mv2.png",""
"https://www.lifeusa.org/post/life-for-relief-and-development-life-ambulance-and-distributed-aid-save-countless-lives-after-airs","https://static.wixstatic.com/media/11062b_4d05bd1d3bf14ff196ccc49e36952048~mv2.png/v1/fill/w_28,h_28,al_c,q_85,usm_0.66_1.00_0.01,enc_avif,quality_auto/11062b_4d05bd1d3bf14ff196ccc49e36952048~mv2.png",""
"https://www.lifeusa.org/post/what-causes-earthquakes-and-how-they-affect-people","https://static.wixstatic.com/media/11062b_4d05bd1d3bf14ff196ccc49e36952048~mv2.png/v1/fill/w_28,h_28,al_c,q_85,usm_0.66_1.00_0.01,enc_avif,quality_auto/11062b_4d05bd1d3bf14ff196ccc49e36952048~mv2.png",""
"https://www.lifeusa.org/post/no-assistance-in-their-time-of-need","https://static.wixstatic.com/media/11062b_4d05bd1d3bf14ff196ccc49e36952048~mv2.png/v1/fill/w_28,h_28,al_c,q_85,usm_0.66_1.00_0.01,enc_avif,quality_auto/11062b_4d05bd1d3bf14ff196ccc49e36952048~mv2.png",""
"https://www.lifeusa.org/post/life-s-education-initiatives-in-syria-generate-positive-outcomes-in-enrollment-and-graduation-rate-t","https://static.wixstatic.com/media/11062b_4d05bd1d3bf14ff196ccc49e36952048~mv2.png/v1/fill/w_28,h_28,al_c,q_85,usm_0.66_1.00_0.01,enc_avif,quality_auto/11062b_4d05bd1d3bf14ff196ccc49e36952048~mv2.png",""
"https://www.lifeusa.org/post/3-inspiring-ways-to-give-back-to-refugees-this-year","https://static.wixstatic.com/media/11062b_4d05bd1d3bf14ff196ccc49e36952048~mv2.png/v1/fill/w_28,h_28,al_c,q_85,usm_0.66_1.00_0.01,enc_avif,quality_auto/11062b_4d05bd1d3bf14ff196ccc49e36952048~mv2.png",""
"https://www.lifeusa.org/post/life-promotes-integrative-healthcare-for-rohingya-refugees-with-the-launch-of-vital-eye-care-clinic","https://static.wixstatic.com/media/11062b_4d05bd1d3bf14ff196ccc49e36952048~mv2.png/v1/fill/w_28,h_28,al_c,q_85,usm_0.66_1.00_0.01,enc_avif,quality_auto/11062b_4d05bd1d3bf14ff196ccc49e36952048~mv2.png",""
"https://www.lifeusa.org/no/tags/mental-health","https://static.wixstatic.com/media/11062b_4d05bd1d3bf14ff196ccc49e36952048~mv2.png/v1/fill/w_28,h_28,al_c,q_85,usm_0.66_1.00_0.01,enc_avif,quality_auto/11062b_4d05bd1d3bf14ff196ccc49e36952048~mv2.png",""
"https://www.lifeusa.org/no/tags/afghanistan","https://static.wixstatic.com/media/11062b_4d05bd1d3bf14ff196ccc49e36952048~mv2.png/v1/fill/w_28,h_28,al_c,q_85,usm_0.66_1.00_0.01,enc_avif,quality_auto/11062b_4d05bd1d3bf14ff196ccc49e36952048~mv2.png",""
"https://www.lifeusa.org/no/tags/earthquake","https://static.wixstatic.com/media/11062b_4d05bd1d3bf14ff196ccc49e36952048~mv2.png/v1/fill/w_28,h_28,al_c,q_85,usm_0.66_1.00_0.01,enc_avif,quality_auto/11062b_4d05bd1d3bf14ff196ccc49e36952048~mv2.png",""
"https://www.lifeusa.org/no/tags/emergency-relief","https://static.wixstatic.com/media/11062b_4d05bd1d3bf14ff196ccc49e36952048~mv2.png/v1/fill/w_28,h_28,al_c,q_85,usm_0.66_1.00_0.01,enc_avif,quality_auto/11062b_4d05bd1d3bf14ff196ccc49e36952048~mv2.png",""
"https://www.lifeusa.org/no/tags/gaza-1","https://static.wixstatic.com/media/11062b_4d05bd1d3bf14ff196ccc49e36952048~mv2.png/v1/fill/w_28,h_28,al_c,q_85,usm_0.66_1.00_0.01,enc_avif,quality_auto/11062b_4d05bd1d3bf14ff196ccc49e36952048~mv2.png",""
"https://www.lifeusa.org/no/tags/water-tanks","https://static.wixstatic.com/media/11062b_4d05bd1d3bf14ff196ccc49e36952048~mv2.png/v1/fill/w_28,h_28,al_c,q_85,usm_0.66_1.00_0.01,enc_avif,quality_auto/11062b_4d05bd1d3bf14ff196ccc49e36952048~mv2.png",""
"https://www.lifeusa.org/no/tags/community-development","https://static.wixstatic.com/media/11062b_4d05bd1d3bf14ff196ccc49e36952048~mv2.png/v1/fill/w_28,h_28,al_c,q_85,usm_0.66_1.00_0.01,enc_avif,quality_auto/11062b_4d05bd1d3bf14ff196ccc49e36952048~mv2.png",""
"https://www.lifeusa.org/no/tags/food-baskets","https://static.wixstatic.com/media/11062b_4d05bd1d3bf14ff196ccc49e36952048~mv2.png/v1/fill/w_28,h_28,al_c,q_85,usm_0.66_1.00_0.01,enc_avif,quality_auto/11062b_4d05bd1d3bf14ff196ccc49e36952048~mv2.png",""
"https://www.lifeusa.org/no/tags/queen-elizabeth","https://static.wixstatic.com/media/11062b_4d05bd1d3bf14ff196ccc49e36952048~mv2.png/v1/fill/w_28,h_28,al_c,q_85,usm_0.66_1.00_0.01,enc_avif,quality_auto/11062b_4d05bd1d3bf14ff196ccc49e36952048~mv2.png",""
"https://www.lifeusa.org/no/tags/fire","https://static.wixstatic.com/media/11062b_4d05bd1d3bf14ff196ccc49e36952048~mv2.png/v1/fill/w_28,h_28,al_c,q_85,usm_0.66_1.00_0.01,enc_avif,quality_auto/11062b_4d05bd1d3bf14ff196ccc49e36952048~mv2.png",""
"https://www.lifeusa.org/no/tags/forest-fire","https://static.wixstatic.com/media/11062b_4d05bd1d3bf14ff196ccc49e36952048~mv2.png/v1/fill/w_28,h_28,al_c,q_85,usm_0.66_1.00_0.01,enc_avif,quality_auto/11062b_4d05bd1d3bf14ff196ccc49e36952048~mv2.png",""
"https://www.lifeusa.org/no/tags/amazon","https://static.wixstatic.com/media/11062b_4d05bd1d3bf14ff196ccc49e36952048~mv2.png/v1/fill/w_28,h_28,al_c,q_85,usm_0.66_1.00_0.01,enc_avif,quality_auto/11062b_4d05bd1d3bf14ff196ccc49e36952048~mv2.png",""
"https://www.lifeusa.org/no/tags/jeff-bezos","https://static.wixstatic.com/media/11062b_4d05bd1d3bf14ff196ccc49e36952048~mv2.png/v1/fill/w_28,h_28,al_c,q_85,usm_0.66_1.00_0.01,enc_avif,quality_auto/11062b_4d05bd1d3bf14ff196ccc49e36952048~mv2.png",""
"https://www.lifeusa.org/no/tags/bill-gates","https://static.wixstatic.com/media/11062b_4d05bd1d3bf14ff196ccc49e36952048~mv2.png/v1/fill/w_28,h_28,al_c,q_85,usm_0.66_1.00_0.01,enc_avif,quality_auto/11062b_4d05bd1d3bf14ff196ccc49e36952048~mv2.png",""
"https://www.lifeusa.org/no/tags/refugee-assistance","https://static.wixstatic.com/media/11062b_4d05bd1d3bf14ff196ccc49e36952048~mv2.png/v1/fill/w_28,h_28,al_c,q_85,usm_0.66_1.00_0.01,enc_avif,quality_auto/11062b_4d05bd1d3bf14ff196ccc49e36952048~mv2.png",""
"https://www.lifeusa.org/no/tags/back-to-school","https://static.wixstatic.com/media/11062b_4d05bd1d3bf14ff196ccc49e36952048~mv2.png/v1/fill/w_28,h_28,al_c,q_85,usm_0.66_1.00_0.01,enc_avif,quality_auto/11062b_4d05bd1d3bf14ff196ccc49e36952048~mv2.png",""
"https://www.lifeusa.org/no/tags/florida","https://static.wixstatic.com/media/11062b_4d05bd1d3bf14ff196ccc49e36952048~mv2.png/v1/fill/w_28,h_28,al_c,q_85,usm_0.66_1.00_0.01,enc_avif,quality_auto/11062b_4d05bd1d3bf14ff196ccc49e36952048~mv2.png",""
"https://www.lifeusa.org/no/tags/hearing-aids","https://static.wixstatic.com/media/11062b_4d05bd1d3bf14ff196ccc49e36952048~mv2.png/v1/fill/w_28,h_28,al_c,q_85,usm_0.66_1.00_0.01,enc_avif,quality_auto/11062b_4d05bd1d3bf14ff196ccc49e36952048~mv2.png",""
"https://www.lifeusa.org/no/tags/texas","https://static.wixstatic.com/media/11062b_4d05bd1d3bf14ff196ccc49e36952048~mv2.png/v1/fill/w_28,h_28,al_c,q_85,usm_0.66_1.00_0.01,enc_avif,quality_auto/11062b_4d05bd1d3bf14ff196ccc49e36952048~mv2.png",""
"https://www.lifeusa.org/no/tags/rohingya","https://static.wixstatic.com/media/11062b_4d05bd1d3bf14ff196ccc49e36952048~mv2.png/v1/fill/w_28,h_28,al_c,q_85,usm_0.66_1.00_0.01,enc_avif,quality_auto/11062b_4d05bd1d3bf14ff196ccc49e36952048~mv2.png",""
"https://www.lifeusa.org/no/tags/health","https://static.wixstatic.com/media/11062b_4d05bd1d3bf14ff196ccc49e36952048~mv2.png/v1/fill/w_28,h_28,al_c,q_85,usm_0.66_1.00_0.01,enc_avif,quality_auto/11062b_4d05bd1d3bf14ff196ccc49e36952048~mv2.png",""
"https://www.lifeusa.org/no/tags/bangladesh-1","https://static.wixstatic.com/media/11062b_4d05bd1d3bf14ff196ccc49e36952048~mv2.png/v1/fill/w_28,h_28,al_c,q_85,usm_0.66_1.00_0.01,enc_avif,quality_auto/11062b_4d05bd1d3bf14ff196ccc49e36952048~mv2.png",""
"https://www.lifeusa.org/no/tags/education","https://static.wixstatic.com/media/11062b_4d05bd1d3bf14ff196ccc49e36952048~mv2.png/v1/fill/w_28,h_28,al_c,q_85,usm_0.66_1.00_0.01,enc_avif,quality_auto/11062b_4d05bd1d3bf14ff196ccc49e36952048~mv2.png",""
"https://www.lifeusa.org/no/tags/life-for-relief-and-development-usa","https://static.wixstatic.com/media/11062b_4d05bd1d3bf14ff196ccc49e36952048~mv2.png/v1/fill/w_28,h_28,al_c,q_85,usm_0.66_1.00_0.01,enc_avif,quality_auto/11062b_4d05bd1d3bf14ff196ccc49e36952048~mv2.png",""
"https://www.lifeusa.org/no/tags/turkey","https://static.wixstatic.com/media/11062b_4d05bd1d3bf14ff196ccc49e36952048~mv2.png/v1/fill/w_28,h_28,al_c,q_85,usm_0.66_1.00_0.01,enc_avif,quality_auto/11062b_4d05bd1d3bf14ff196ccc49e36952048~mv2.png",""
"https://www.lifeusa.org/no/tags/jordan","https://static.wixstatic.com/media/11062b_4d05bd1d3bf14ff196ccc49e36952048~mv2.png/v1/fill/w_28,h_28,al_c,q_85,usm_0.66_1.00_0.01,enc_avif,quality_auto/11062b_4d05bd1d3bf14ff196ccc49e36952048~mv2.png",""
"https://www.lifeusa.org/post/creating-beautiful-tomorrows-in-orphans-today","https://static.wixstatic.com/media/11062b_4d05bd1d3bf14ff196ccc49e36952048~mv2.png/v1/fill/w_28,h_28,al_c,q_85,usm_0.66_1.00_0.01,enc_avif,quality_auto/11062b_4d05bd1d3bf14ff196ccc49e36952048~mv2.png",""
"https://www.lifeusa.org/post/life-distributes-udhiyah-meat-in-jordan","https://static.wixstatic.com/media/11062b_4d05bd1d3bf14ff196ccc49e36952048~mv2.png/v1/fill/w_28,h_28,al_c,q_85,usm_0.66_1.00_0.01,enc_avif,quality_auto/11062b_4d05bd1d3bf14ff196ccc49e36952048~mv2.png",""
"https://www.lifeusa.org/post/life-s-orphan-sponsorship-program-in-lebanon-and-jordan","https://static.wixstatic.com/media/11062b_4d05bd1d3bf14ff196ccc49e36952048~mv2.png/v1/fill/w_28,h_28,al_c,q_85,usm_0.66_1.00_0.01,enc_avif,quality_auto/11062b_4d05bd1d3bf14ff196ccc49e36952048~mv2.png",""
"https://www.lifeusa.org/post/education-is-emancipation-empowering-women-today","https://static.wixstatic.com/media/11062b_4d05bd1d3bf14ff196ccc49e36952048~mv2.png/v1/fill/w_28,h_28,al_c,q_85,usm_0.66_1.00_0.01,enc_avif,quality_auto/11062b_4d05bd1d3bf14ff196ccc49e36952048~mv2.png",""
"https://www.lifeusa.org/no/tags/orphan","https://static.wixstatic.com/media/11062b_4d05bd1d3bf14ff196ccc49e36952048~mv2.png/v1/fill/w_28,h_28,al_c,q_85,usm_0.66_1.00_0.01,enc_avif,quality_auto/11062b_4d05bd1d3bf14ff196ccc49e36952048~mv2.png",""
"https://www.lifeusa.org/post/hearing-the-call-louisiana","https://static.wixstatic.com/media/11062b_4d05bd1d3bf14ff196ccc49e36952048~mv2.png/v1/fill/w_28,h_28,al_c,q_85,usm_0.66_1.00_0.01,enc_avif,quality_auto/11062b_4d05bd1d3bf14ff196ccc49e36952048~mv2.png",""
"https://www.lifeusa.org/post/back-to-school-in-kenya","https://static.wixstatic.com/media/11062b_4d05bd1d3bf14ff196ccc49e36952048~mv2.png/v1/fill/w_28,h_28,al_c,q_85,usm_0.66_1.00_0.01,enc_avif,quality_auto/11062b_4d05bd1d3bf14ff196ccc49e36952048~mv2.png",""
"https://www.lifeusa.org/post/back-to-school-project-haiti","https://static.wixstatic.com/media/11062b_4d05bd1d3bf14ff196ccc49e36952048~mv2.png/v1/fill/w_28,h_28,al_c,q_85,usm_0.66_1.00_0.01,enc_avif,quality_auto/11062b_4d05bd1d3bf14ff196ccc49e36952048~mv2.png",""
"https://www.lifeusa.org/post/back-to-school-iraq","https://static.wixstatic.com/media/11062b_4d05bd1d3bf14ff196ccc49e36952048~mv2.png/v1/fill/w_28,h_28,al_c,q_85,usm_0.66_1.00_0.01,enc_avif,quality_auto/11062b_4d05bd1d3bf14ff196ccc49e36952048~mv2.png",""
"https://www.lifeusa.org/post/food-baskets-in-bangladesh","https://static.wixstatic.com/media/11062b_4d05bd1d3bf14ff196ccc49e36952048~mv2.png/v1/fill/w_28,h_28,al_c,q_85,usm_0.66_1.00_0.01,enc_avif,quality_auto/11062b_4d05bd1d3bf14ff196ccc49e36952048~mv2.png",""
"https://www.lifeusa.org/post/the-story-of-resilience-and-hope-life-brings-joy-to-al-islah-village-in-iraq","https://static.wixstatic.com/media/11062b_4d05bd1d3bf14ff196ccc49e36952048~mv2.png/v1/fill/w_28,h_28,al_c,q_85,usm_0.66_1.00_0.01,enc_avif,quality_auto/11062b_4d05bd1d3bf14ff196ccc49e36952048~mv2.png",""
"https://www.lifeusa.org/post/life-distributes-ramadan-food-baskets-in-lebanon","https://static.wixstatic.com/media/11062b_4d05bd1d3bf14ff196ccc49e36952048~mv2.png/v1/fill/w_28,h_28,al_c,q_85,usm_0.66_1.00_0.01,enc_avif,quality_auto/11062b_4d05bd1d3bf14ff196ccc49e36952048~mv2.png",""
"https://www.lifeusa.org/post/discovering-ramadan-2024-fasting-charity-and-spiritual-nourishment","https://static.wixstatic.com/media/11062b_4d05bd1d3bf14ff196ccc49e36952048~mv2.png/v1/fill/w_28,h_28,al_c,q_85,usm_0.66_1.00_0.01,enc_avif,quality_auto/11062b_4d05bd1d3bf14ff196ccc49e36952048~mv2.png",""
"https://www.lifeusa.org/post/united-against-hunger-life-for-relief-and-development-s-life-global-expansion-is-set-to-feed-mill","https://static.wixstatic.com/media/11062b_4d05bd1d3bf14ff196ccc49e36952048~mv2.png/v1/fill/w_28,h_28,al_c,q_85,usm_0.66_1.00_0.01,enc_avif,quality_auto/11062b_4d05bd1d3bf14ff196ccc49e36952048~mv2.png",""
"https://www.lifeusa.org/post/life-distributes-ramadan-food-baskets-in-the-horn-of-africa","https://static.wixstatic.com/media/11062b_4d05bd1d3bf14ff196ccc49e36952048~mv2.png/v1/fill/w_28,h_28,al_c,q_85,usm_0.66_1.00_0.01,enc_avif,quality_auto/11062b_4d05bd1d3bf14ff196ccc49e36952048~mv2.png",""
"https://www.lifeusa.org/post/life-distributes-food-baskets-during-ramadan-in-bosnia","https://static.wixstatic.com/media/11062b_4d05bd1d3bf14ff196ccc49e36952048~mv2.png/v1/fill/w_28,h_28,al_c,q_85,usm_0.66_1.00_0.01,enc_avif,quality_auto/11062b_4d05bd1d3bf14ff196ccc49e36952048~mv2.png",""
"https://www.lifeusa.org/post/life-distributes-ramadan-food-baskets-in-haiti","https://static.wixstatic.com/media/11062b_4d05bd1d3bf14ff196ccc49e36952048~mv2.png/v1/fill/w_28,h_28,al_c,q_85,usm_0.66_1.00_0.01,enc_avif,quality_auto/11062b_4d05bd1d3bf14ff196ccc49e36952048~mv2.png",""
"https://www.lifeusa.org/post/life-provides-food-baskets-to-orphans-in-iraq","https://static.wixstatic.com/media/11062b_4d05bd1d3bf14ff196ccc49e36952048~mv2.png/v1/fill/w_28,h_28,al_c,q_85,usm_0.66_1.00_0.01,enc_avif,quality_auto/11062b_4d05bd1d3bf14ff196ccc49e36952048~mv2.png",""
"https://www.lifeusa.org/post/why-giving-makes-you-wealthier","https://static.wixstatic.com/media/11062b_4d05bd1d3bf14ff196ccc49e36952048~mv2.png/v1/fill/w_28,h_28,al_c,q_85,usm_0.66_1.00_0.01,enc_avif,quality_auto/11062b_4d05bd1d3bf14ff196ccc49e36952048~mv2.png",""
"https://www.lifeusa.org/post/sports-field-rehabilitation-in-iraq","https://static.wixstatic.com/media/11062b_4d05bd1d3bf14ff196ccc49e36952048~mv2.png/v1/fill/w_28,h_28,al_c,q_85,usm_0.66_1.00_0.01,enc_avif,quality_auto/11062b_4d05bd1d3bf14ff196ccc49e36952048~mv2.png",""
"https://www.lifeusa.org/post/furniture-for-new-horizon-s-ministries","https://static.wixstatic.com/media/11062b_4d05bd1d3bf14ff196ccc49e36952048~mv2.png/v1/fill/w_28,h_28,al_c,q_85,usm_0.66_1.00_0.01,enc_avif,quality_auto/11062b_4d05bd1d3bf14ff196ccc49e36952048~mv2.png",""
"https://www.lifeusa.org/post/unprecedented-flooding-in-libya-a-call-for-global-solidarity-and-action","https://static.wixstatic.com/media/11062b_4d05bd1d3bf14ff196ccc49e36952048~mv2.png/v1/fill/w_28,h_28,al_c,q_85,usm_0.66_1.00_0.01,enc_avif,quality_auto/11062b_4d05bd1d3bf14ff196ccc49e36952048~mv2.png",""
"https://www.lifeusa.org/post/how-your-donations-are-reaching-gaza-s-desperate-families-despite-all-odds","https://static.wixstatic.com/media/11062b_4d05bd1d3bf14ff196ccc49e36952048~mv2.png/v1/fill/w_28,h_28,al_c,q_85,usm_0.66_1.00_0.01,enc_avif,quality_auto/11062b_4d05bd1d3bf14ff196ccc49e36952048~mv2.png",""
"https://www.lifeusa.org/post/what-to-expect-and-how-to-prepare-for-hurricane-ian","https://static.wixstatic.com/media/11062b_4d05bd1d3bf14ff196ccc49e36952048~mv2.png/v1/fill/w_28,h_28,al_c,q_85,usm_0.66_1.00_0.01,enc_avif,quality_auto/11062b_4d05bd1d3bf14ff196ccc49e36952048~mv2.png",""
"https://www.lifeusa.org/post/eastern-africa-is-on-fire","https://static.wixstatic.com/media/11062b_4d05bd1d3bf14ff196ccc49e36952048~mv2.png/v1/fill/w_28,h_28,al_c,q_85,usm_0.66_1.00_0.01,enc_avif,quality_auto/11062b_4d05bd1d3bf14ff196ccc49e36952048~mv2.png",""
"https://www.lifeusa.org/post/stuck-between-burning-fire-and-freezing-ice","https://static.wixstatic.com/media/11062b_4d05bd1d3bf14ff196ccc49e36952048~mv2.png/v1/fill/w_28,h_28,al_c,q_85,usm_0.66_1.00_0.01,enc_avif,quality_auto/11062b_4d05bd1d3bf14ff196ccc49e36952048~mv2.png",""
"https://www.lifeusa.org/post/be-the-light-this-thanksgiving","https://static.wixstatic.com/media/11062b_4d05bd1d3bf14ff196ccc49e36952048~mv2.png/v1/fill/w_28,h_28,al_c,q_85,usm_0.66_1.00_0.01,enc_avif,quality_auto/11062b_4d05bd1d3bf14ff196ccc49e36952048~mv2.png",""
"https://www.lifeusa.org/post/behind-the-label-refugee","https://static.wixstatic.com/media/11062b_4d05bd1d3bf14ff196ccc49e36952048~mv2.png/v1/fill/w_28,h_28,al_c,q_85,usm_0.66_1.00_0.01,enc_avif,quality_auto/11062b_4d05bd1d3bf14ff196ccc49e36952048~mv2.png",""
"https://www.lifeusa.org/no/tags/thanksgiving","https://static.wixstatic.com/media/11062b_4d05bd1d3bf14ff196ccc49e36952048~mv2.png/v1/fill/w_28,h_28,al_c,q_85,usm_0.66_1.00_0.01,enc_avif,quality_auto/11062b_4d05bd1d3bf14ff196ccc49e36952048~mv2.png",""
"https://www.lifeusa.org/no/tags/winter-warmth","https://static.wixstatic.com/media/11062b_4d05bd1d3bf14ff196ccc49e36952048~mv2.png/v1/fill/w_28,h_28,al_c,q_85,usm_0.66_1.00_0.01,enc_avif,quality_auto/11062b_4d05bd1d3bf14ff196ccc49e36952048~mv2.png",""
"https://www.lifeusa.org/post/life-distributes-udhiyah-meat-in-afghanistan","https://static.wixstatic.com/media/11062b_4d05bd1d3bf14ff196ccc49e36952048~mv2.png/v1/fill/w_28,h_28,al_c,q_85,usm_0.66_1.00_0.01,enc_avif,quality_auto/11062b_4d05bd1d3bf14ff196ccc49e36952048~mv2.png",""
"https://www.lifeusa.org/no/tags/somalia-1","https://static.wixstatic.com/media/11062b_4d05bd1d3bf14ff196ccc49e36952048~mv2.png/v1/fill/w_28,h_28,al_c,q_85,usm_0.66_1.00_0.01,enc_avif,quality_auto/11062b_4d05bd1d3bf14ff196ccc49e36952048~mv2.png",""
"https://www.lifeusa.org/no/tags/seasonal-projects","https://static.wixstatic.com/media/11062b_4d05bd1d3bf14ff196ccc49e36952048~mv2.png/v1/fill/w_28,h_28,al_c,q_85,usm_0.66_1.00_0.01,enc_avif,quality_auto/11062b_4d05bd1d3bf14ff196ccc49e36952048~mv2.png",""
"https://www.lifeusa.org/no/tags/hurricane-ian","https://static.wixstatic.com/media/11062b_4d05bd1d3bf14ff196ccc49e36952048~mv2.png/v1/fill/w_28,h_28,al_c,q_85,usm_0.66_1.00_0.01,enc_avif,quality_auto/11062b_4d05bd1d3bf14ff196ccc49e36952048~mv2.png",""
"https://www.lifeusa.org/no/tags/hurricane","https://static.wixstatic.com/media/11062b_4d05bd1d3bf14ff196ccc49e36952048~mv2.png/v1/fill/w_28,h_28,al_c,q_85,usm_0.66_1.00_0.01,enc_avif,quality_auto/11062b_4d05bd1d3bf14ff196ccc49e36952048~mv2.png",""
"https://www.lifeusa.org/no/tags/charity-builds-wealth","https://static.wixstatic.com/media/11062b_4d05bd1d3bf14ff196ccc49e36952048~mv2.png/v1/fill/w_28,h_28,al_c,q_85,usm_0.66_1.00_0.01,enc_avif,quality_auto/11062b_4d05bd1d3bf14ff196ccc49e36952048~mv2.png",""
"https://www.lifeusa.org/no/tags/iraq-1","https://static.wixstatic.com/media/11062b_4d05bd1d3bf14ff196ccc49e36952048~mv2.png/v1/fill/w_28,h_28,al_c,q_85,usm_0.66_1.00_0.01,enc_avif,quality_auto/11062b_4d05bd1d3bf14ff196ccc49e36952048~mv2.png",""
"https://www.lifeusa.org/no/tags/furniture","https://static.wixstatic.com/media/11062b_4d05bd1d3bf14ff196ccc49e36952048~mv2.png/v1/fill/w_28,h_28,al_c,q_85,usm_0.66_1.00_0.01,enc_avif,quality_auto/11062b_4d05bd1d3bf14ff196ccc49e36952048~mv2.png",""
"https://www.lifeusa.org/no/tags/libya","https://static.wixstatic.com/media/11062b_4d05bd1d3bf14ff196ccc49e36952048~mv2.png/v1/fill/w_28,h_28,al_c,q_85,usm_0.66_1.00_0.01,enc_avif,quality_auto/11062b_4d05bd1d3bf14ff196ccc49e36952048~mv2.png",""
"https://www.lifeusa.org/no/tags/ethiopia","https://static.wixstatic.com/media/11062b_4d05bd1d3bf14ff196ccc49e36952048~mv2.png/v1/fill/w_28,h_28,al_c,q_85,usm_0.66_1.00_0.01,enc_avif,quality_auto/11062b_4d05bd1d3bf14ff196ccc49e36952048~mv2.png",""
"https://www.lifeusa.org/no/tags/sudan","https://static.wixstatic.com/media/11062b_4d05bd1d3bf14ff196ccc49e36952048~mv2.png/v1/fill/w_28,h_28,al_c,q_85,usm_0.66_1.00_0.01,enc_avif,quality_auto/11062b_4d05bd1d3bf14ff196ccc49e36952048~mv2.png",""
"https://www.lifeusa.org/no/tags/bosnia","https://static.wixstatic.com/media/11062b_4d05bd1d3bf14ff196ccc49e36952048~mv2.png/v1/fill/w_28,h_28,al_c,q_85,usm_0.66_1.00_0.01,enc_avif,quality_auto/11062b_4d05bd1d3bf14ff196ccc49e36952048~mv2.png",""
"https://www.lifeusa.org/no/tags/uganda","https://static.wixstatic.com/media/11062b_4d05bd1d3bf14ff196ccc49e36952048~mv2.png/v1/fill/w_28,h_28,al_c,q_85,usm_0.66_1.00_0.01,enc_avif,quality_auto/11062b_4d05bd1d3bf14ff196ccc49e36952048~mv2.png",""
"https://www.lifeusa.org/no/tags/djibouti","https://static.wixstatic.com/media/11062b_4d05bd1d3bf14ff196ccc49e36952048~mv2.png/v1/fill/w_28,h_28,al_c,q_85,usm_0.66_1.00_0.01,enc_avif,quality_auto/11062b_4d05bd1d3bf14ff196ccc49e36952048~mv2.png",""
"https://www.lifeusa.org/no/tags/south-sudan","https://static.wixstatic.com/media/11062b_4d05bd1d3bf14ff196ccc49e36952048~mv2.png/v1/fill/w_28,h_28,al_c,q_85,usm_0.66_1.00_0.01,enc_avif,quality_auto/11062b_4d05bd1d3bf14ff196ccc49e36952048~mv2.png",""
"https://www.lifeusa.org/no/tags/somalia","https://static.wixstatic.com/media/11062b_4d05bd1d3bf14ff196ccc49e36952048~mv2.png/v1/fill/w_28,h_28,al_c,q_85,usm_0.66_1.00_0.01,enc_avif,quality_auto/11062b_4d05bd1d3bf14ff196ccc49e36952048~mv2.png",""
"https://www.lifeusa.org/no/tags/eritrea","https://static.wixstatic.com/media/11062b_4d05bd1d3bf14ff196ccc49e36952048~mv2.png/v1/fill/w_28,h_28,al_c,q_85,usm_0.66_1.00_0.01,enc_avif,quality_auto/11062b_4d05bd1d3bf14ff196ccc49e36952048~mv2.png",""
"https://www.lifeusa.org/no/tags/ramadan","https://static.wixstatic.com/media/11062b_4d05bd1d3bf14ff196ccc49e36952048~mv2.png/v1/fill/w_28,h_28,al_c,q_85,usm_0.66_1.00_0.01,enc_avif,quality_auto/11062b_4d05bd1d3bf14ff196ccc49e36952048~mv2.png",""
"https://www.lifeusa.org/no/tags/bangladesh","https://static.wixstatic.com/media/11062b_4d05bd1d3bf14ff196ccc49e36952048~mv2.png/v1/fill/w_28,h_28,al_c,q_85,usm_0.66_1.00_0.01,enc_avif,quality_auto/11062b_4d05bd1d3bf14ff196ccc49e36952048~mv2.png",""
"https://www.lifeusa.org/no/tags/iraq","https://static.wixstatic.com/media/11062b_4d05bd1d3bf14ff196ccc49e36952048~mv2.png/v1/fill/w_28,h_28,al_c,q_85,usm_0.66_1.00_0.01,enc_avif,quality_auto/11062b_4d05bd1d3bf14ff196ccc49e36952048~mv2.png",""
"https://www.lifeusa.org/no/tags/haiti","https://static.wixstatic.com/media/11062b_4d05bd1d3bf14ff196ccc49e36952048~mv2.png/v1/fill/w_28,h_28,al_c,q_85,usm_0.66_1.00_0.01,enc_avif,quality_auto/11062b_4d05bd1d3bf14ff196ccc49e36952048~mv2.png",""
"https://www.lifeusa.org/no/tags/kenya","https://static.wixstatic.com/media/11062b_4d05bd1d3bf14ff196ccc49e36952048~mv2.png/v1/fill/w_28,h_28,al_c,q_85,usm_0.66_1.00_0.01,enc_avif,quality_auto/11062b_4d05bd1d3bf14ff196ccc49e36952048~mv2.png",""
"https://www.lifeusa.org/no/tags/national-women-s-month","https://static.wixstatic.com/media/11062b_4d05bd1d3bf14ff196ccc49e36952048~mv2.png/v1/fill/w_28,h_28,al_c,q_85,usm_0.66_1.00_0.01,enc_avif,quality_auto/11062b_4d05bd1d3bf14ff196ccc49e36952048~mv2.png",""
"https://www.lifeusa.org/no/tags/lebanon","https://static.wixstatic.com/media/11062b_4d05bd1d3bf14ff196ccc49e36952048~mv2.png/v1/fill/w_28,h_28,al_c,q_85,usm_0.66_1.00_0.01,enc_avif,quality_auto/11062b_4d05bd1d3bf14ff196ccc49e36952048~mv2.png",""
"https://www.lifeusa.org/no/tags/share","https://static.wixstatic.com/media/11062b_4d05bd1d3bf14ff196ccc49e36952048~mv2.png/v1/fill/w_28,h_28,al_c,q_85,usm_0.66_1.00_0.01,enc_avif,quality_auto/11062b_4d05bd1d3bf14ff196ccc49e36952048~mv2.png",""
"https://www.lifeusa.org/no/tags/udhiyah","https://static.wixstatic.com/media/11062b_4d05bd1d3bf14ff196ccc49e36952048~mv2.png/v1/fill/w_28,h_28,al_c,q_85,usm_0.66_1.00_0.01,enc_avif,quality_auto/11062b_4d05bd1d3bf14ff196ccc49e36952048~mv2.png",""
"https://www.lifeusa.org/post/winter-blankets-bangladesh","https://static.wixstatic.com/media/11062b_4d05bd1d3bf14ff196ccc49e36952048~mv2.png/v1/fill/w_28,h_28,al_c,q_85,usm_0.66_1.00_0.01,enc_avif,quality_auto/11062b_4d05bd1d3bf14ff196ccc49e36952048~mv2.png",""
"https://www.lifeusa.org/post/when-zakat-islamic-charity-almost-eradicated-poverty","https://static.wixstatic.com/media/11062b_4d05bd1d3bf14ff196ccc49e36952048~mv2.png/v1/fill/w_28,h_28,al_c,q_85,usm_0.66_1.00_0.01,enc_avif,quality_auto/11062b_4d05bd1d3bf14ff196ccc49e36952048~mv2.png",""
"https://www.lifeusa.org/post/life-distributes-ramadan-meals-in-mali","https://static.wixstatic.com/media/11062b_4d05bd1d3bf14ff196ccc49e36952048~mv2.png/v1/fill/w_28,h_28,al_c,q_85,usm_0.66_1.00_0.01,enc_avif,quality_auto/11062b_4d05bd1d3bf14ff196ccc49e36952048~mv2.png",""
"https://www.lifeusa.org/post/pakistan-fresh-meat-distribution-and-orphan-eid-party","https://static.wixstatic.com/media/11062b_4d05bd1d3bf14ff196ccc49e36952048~mv2.png/v1/fill/w_28,h_28,al_c,q_85,usm_0.66_1.00_0.01,enc_avif,quality_auto/11062b_4d05bd1d3bf14ff196ccc49e36952048~mv2.png",""
"https://www.lifeusa.org/post/life-distributes-udhiyah-meat-in-egypt","https://static.wixstatic.com/media/11062b_4d05bd1d3bf14ff196ccc49e36952048~mv2.png/v1/fill/w_28,h_28,al_c,q_85,usm_0.66_1.00_0.01,enc_avif,quality_auto/11062b_4d05bd1d3bf14ff196ccc49e36952048~mv2.png",""
"https://www.lifeusa.org/post/life-distributes-fresh-meat-in-bosnia-and-herzegovina","https://static.wixstatic.com/media/11062b_4d05bd1d3bf14ff196ccc49e36952048~mv2.png/v1/fill/w_28,h_28,al_c,q_85,usm_0.66_1.00_0.01,enc_avif,quality_auto/11062b_4d05bd1d3bf14ff196ccc49e36952048~mv2.png",""
"https://www.lifeusa.org/post/life-distributes-fresh-meat-in-syria","https://static.wixstatic.com/media/11062b_4d05bd1d3bf14ff196ccc49e36952048~mv2.png/v1/fill/w_28,h_28,al_c,q_85,usm_0.66_1.00_0.01,enc_avif,quality_auto/11062b_4d05bd1d3bf14ff196ccc49e36952048~mv2.png",""
"https://www.lifeusa.org/post/life-distributes-ramadan-food-baskets-yemen","https://static.wixstatic.com/media/11062b_4d05bd1d3bf14ff196ccc49e36952048~mv2.png/v1/fill/w_28,h_28,al_c,q_85,usm_0.66_1.00_0.01,enc_avif,quality_auto/11062b_4d05bd1d3bf14ff196ccc49e36952048~mv2.png",""
"https://www.lifeusa.org/post/life-distributes-udhiyah-meat-in-somalia","https://static.wixstatic.com/media/11062b_4d05bd1d3bf14ff196ccc49e36952048~mv2.png/v1/fill/w_28,h_28,al_c,q_85,usm_0.66_1.00_0.01,enc_avif,quality_auto/11062b_4d05bd1d3bf14ff196ccc49e36952048~mv2.png",""
"https://www.lifeusa.org/post/life-distributes-fresh-meat-in-sudan","https://static.wixstatic.com/media/11062b_4d05bd1d3bf14ff196ccc49e36952048~mv2.png/v1/fill/w_28,h_28,al_c,q_85,usm_0.66_1.00_0.01,enc_avif,quality_auto/11062b_4d05bd1d3bf14ff196ccc49e36952048~mv2.png",""
"https://www.lifeusa.org/post/life-distributes-fresh-meat-in-djibouti","https://static.wixstatic.com/media/11062b_4d05bd1d3bf14ff196ccc49e36952048~mv2.png/v1/fill/w_28,h_28,al_c,q_85,usm_0.66_1.00_0.01,enc_avif,quality_auto/11062b_4d05bd1d3bf14ff196ccc49e36952048~mv2.png",""
"https://www.lifeusa.org/post/life-distributes-fresh-meat-in-ethiopia","https://static.wixstatic.com/media/11062b_4d05bd1d3bf14ff196ccc49e36952048~mv2.png/v1/fill/w_28,h_28,al_c,q_85,usm_0.66_1.00_0.01,enc_avif,quality_auto/11062b_4d05bd1d3bf14ff196ccc49e36952048~mv2.png",""
"https://www.lifeusa.org/no/tags/yemen","https://static.wixstatic.com/media/11062b_4d05bd1d3bf14ff196ccc49e36952048~mv2.png/v1/fill/w_28,h_28,al_c,q_85,usm_0.66_1.00_0.01,enc_avif,quality_auto/11062b_4d05bd1d3bf14ff196ccc49e36952048~mv2.png",""
"https://www.lifeusa.org/no/tags/bosnia-1","https://static.wixstatic.com/media/11062b_4d05bd1d3bf14ff196ccc49e36952048~mv2.png/v1/fill/w_28,h_28,al_c,q_85,usm_0.66_1.00_0.01,enc_avif,quality_auto/11062b_4d05bd1d3bf14ff196ccc49e36952048~mv2.png",""
"https://www.lifeusa.org/no/tags/egypt","https://static.wixstatic.com/media/11062b_4d05bd1d3bf14ff196ccc49e36952048~mv2.png/v1/fill/w_28,h_28,al_c,q_85,usm_0.66_1.00_0.01,enc_avif,quality_auto/11062b_4d05bd1d3bf14ff196ccc49e36952048~mv2.png",""
"https://www.lifeusa.org/post/what-is-udhiyah-qurbani-in-islam","https://static.wixstatic.com/media/11062b_4d05bd1d3bf14ff196ccc49e36952048~mv2.png/v1/fill/w_28,h_28,al_c,q_85,usm_0.66_1.00_0.01,enc_avif,quality_auto/11062b_4d05bd1d3bf14ff196ccc49e36952048~mv2.png",""
"https://www.lifeusa.org/no/tags/herzegovina","https://static.wixstatic.com/media/11062b_4d05bd1d3bf14ff196ccc49e36952048~mv2.png/v1/fill/w_28,h_28,al_c,q_85,usm_0.66_1.00_0.01,enc_avif,quality_auto/11062b_4d05bd1d3bf14ff196ccc49e36952048~mv2.png",""
"https://www.lifeusa.org/no/tags/fresh-meat","https://static.wixstatic.com/media/11062b_4d05bd1d3bf14ff196ccc49e36952048~mv2.png/v1/fill/w_28,h_28,al_c,q_85,usm_0.66_1.00_0.01,enc_avif,quality_auto/11062b_4d05bd1d3bf14ff196ccc49e36952048~mv2.png",""
"https://www.lifeusa.org/no/tags/pakistan-1","https://static.wixstatic.com/media/11062b_4d05bd1d3bf14ff196ccc49e36952048~mv2.png/v1/fill/w_28,h_28,al_c,q_85,usm_0.66_1.00_0.01,enc_avif,quality_auto/11062b_4d05bd1d3bf14ff196ccc49e36952048~mv2.png",""
"https://www.lifeusa.org/no/tags/eid","https://static.wixstatic.com/media/11062b_4d05bd1d3bf14ff196ccc49e36952048~mv2.png/v1/fill/w_28,h_28,al_c,q_85,usm_0.66_1.00_0.01,enc_avif,quality_auto/11062b_4d05bd1d3bf14ff196ccc49e36952048~mv2.png",""
"https://www.lifeusa.org/no/tags/orphan-1","https://static.wixstatic.com/media/11062b_4d05bd1d3bf14ff196ccc49e36952048~mv2.png/v1/fill/w_28,h_28,al_c,q_85,usm_0.66_1.00_0.01,enc_avif,quality_auto/11062b_4d05bd1d3bf14ff196ccc49e36952048~mv2.png",""
"https://www.lifeusa.org/no/tags/mali","https://static.wixstatic.com/media/11062b_4d05bd1d3bf14ff196ccc49e36952048~mv2.png/v1/fill/w_28,h_28,al_c,q_85,usm_0.66_1.00_0.01,enc_avif,quality_auto/11062b_4d05bd1d3bf14ff196ccc49e36952048~mv2.png",""
"https://www.lifeusa.org/no/tags/zakat","https://static.wixstatic.com/media/11062b_4d05bd1d3bf14ff196ccc49e36952048~mv2.png/v1/fill/w_28,h_28,al_c,q_85,usm_0.66_1.00_0.01,enc_avif,quality_auto/11062b_4d05bd1d3bf14ff196ccc49e36952048~mv2.png",""
"https://www.lifeusa.org/no/tags/winter","https://static.wixstatic.com/media/11062b_4d05bd1d3bf14ff196ccc49e36952048~mv2.png/v1/fill/w_28,h_28,al_c,q_85,usm_0.66_1.00_0.01,enc_avif,quality_auto/11062b_4d05bd1d3bf14ff196ccc49e36952048~mv2.png",""
"https://www.lifeusa.org/","https://static.wixstatic.com/media/6df904_2b873ec4ddd04226a55cd4e1293515f4~mv2.jpg/v1/fill/w_147,h_260,q_90,enc_avif,quality_auto/6df904_2b873ec4ddd04226a55cd4e1293515f4~mv2.jpg",""
"https://www.lifeusa.org/","https://static.wixstatic.com/media/6df904_e3eb7b7b0e3541f092d45557634329cd~mv2.jpg/v1/fill/w_495,h_508,al_c,q_80,enc_avif,quality_auto/6df904_e3eb7b7b0e3541f092d45557634329cd~mv2.jpg",""
"https://www.lifeusa.org/","https://static.wixstatic.com/media/6df904_e3eb7b7b0e3541f092d45557634329cd~mv2.jpg/v1/fill/w_495,h_508,al_c,q_80,enc_avif,quality_auto/6df904_e3eb7b7b0e3541f092d45557634329cd~mv2.jpg",""
"https://www.lifeusa.org/","https://static.wixstatic.com/media/6df904_b1668dd40bea4956b4326a4f95125324~mv2.png/v1/fill/w_540,h_543,al_c,q_85,enc_avif,quality_auto/6df904_b1668dd40bea4956b4326a4f95125324~mv2.png",""
"https://www.lifeusa.org/","https://static.wixstatic.com/media/6df904_b1668dd40bea4956b4326a4f95125324~mv2.png/v1/fill/w_540,h_543,al_c,q_85,enc_avif,quality_auto/6df904_b1668dd40bea4956b4326a4f95125324~mv2.png",""
"https://www.lifeusa.org/about","https://static.wixstatic.com/media/6df904_b1668dd40bea4956b4326a4f95125324~mv2.png/v1/fill/w_540,h_543,al_c,q_85,enc_avif,quality_auto/6df904_b1668dd40bea4956b4326a4f95125324~mv2.png",""
"https://www.lifeusa.org/about","https://static.wixstatic.com/media/6df904_b1668dd40bea4956b4326a4f95125324~mv2.png/v1/fill/w_540,h_543,al_c,q_85,enc_avif,quality_auto/6df904_b1668dd40bea4956b4326a4f95125324~mv2.png",""
"https://www.lifeusa.org/","https://static.wixstatic.com/media/11062b_c67939a99eaf442d95d3f851857ceedf~mv2.png/v1/fill/w_28,h_28,al_c,q_85,usm_0.66_1.00_0.01,enc_avif,quality_auto/11062b_c67939a99eaf442d95d3f851857ceedf~mv2.png",""
"https://www.lifeusa.org/get-involved","https://static.wixstatic.com/media/11062b_c67939a99eaf442d95d3f851857ceedf~mv2.png/v1/fill/w_28,h_28,al_c,q_85,usm_0.66_1.00_0.01,enc_avif,quality_auto/11062b_c67939a99eaf442d95d3f851857ceedf~mv2.png",""
"https://www.lifeusa.org/about","https://static.wixstatic.com/media/11062b_c67939a99eaf442d95d3f851857ceedf~mv2.png/v1/fill/w_28,h_28,al_c,q_85,usm_0.66_1.00_0.01,enc_avif,quality_auto/11062b_c67939a99eaf442d95d3f851857ceedf~mv2.png",""
"https://www.lifeusa.org/financial-reports","https://static.wixstatic.com/media/11062b_c67939a99eaf442d95d3f851857ceedf~mv2.png/v1/fill/w_28,h_28,al_c,q_85,usm_0.66_1.00_0.01,enc_avif,quality_auto/11062b_c67939a99eaf442d95d3f851857ceedf~mv2.png",""
"https://www.lifeusa.org/post/the-global-environmental-crisis-water-climate-and-life-s-impact","https://static.wixstatic.com/media/11062b_c67939a99eaf442d95d3f851857ceedf~mv2.png/v1/fill/w_28,h_28,al_c,q_85,usm_0.66_1.00_0.01,enc_avif,quality_auto/11062b_c67939a99eaf442d95d3f851857ceedf~mv2.png",""
"https://www.lifeusa.org/board-members","https://static.wixstatic.com/media/11062b_c67939a99eaf442d95d3f851857ceedf~mv2.png/v1/fill/w_28,h_28,al_c,q_85,usm_0.66_1.00_0.01,enc_avif,quality_auto/11062b_c67939a99eaf442d95d3f851857ceedf~mv2.png",""
"https://www.lifeusa.org/annualreports","https://static.wixstatic.com/media/11062b_c67939a99eaf442d95d3f851857ceedf~mv2.png/v1/fill/w_28,h_28,al_c,q_85,usm_0.66_1.00_0.01,enc_avif,quality_auto/11062b_c67939a99eaf442d95d3f851857ceedf~mv2.png",""
"https://www.lifeusa.org/blogs","https://static.wixstatic.com/media/11062b_c67939a99eaf442d95d3f851857ceedf~mv2.png/v1/fill/w_28,h_28,al_c,q_85,usm_0.66_1.00_0.01,enc_avif,quality_auto/11062b_c67939a99eaf442d95d3f851857ceedf~mv2.png",""
"https://www.lifeusa.org/lebanon-emergency-relief","https://static.wixstatic.com/media/11062b_c67939a99eaf442d95d3f851857ceedf~mv2.png/v1/fill/w_28,h_28,al_c,q_85,usm_0.66_1.00_0.01,enc_avif,quality_auto/11062b_c67939a99eaf442d95d3f851857ceedf~mv2.png",""
"https://www.lifeusa.org/post/eid-al-adha-a-celebration-of-unity","https://static.wixstatic.com/media/11062b_c67939a99eaf442d95d3f851857ceedf~mv2.png/v1/fill/w_28,h_28,al_c,q_85,usm_0.66_1.00_0.01,enc_avif,quality_auto/11062b_c67939a99eaf442d95d3f851857ceedf~mv2.png",""
"https://www.lifeusa.org/media","https://static.wixstatic.com/media/11062b_c67939a99eaf442d95d3f851857ceedf~mv2.png/v1/fill/w_28,h_28,al_c,q_85,usm_0.66_1.00_0.01,enc_avif,quality_auto/11062b_c67939a99eaf442d95d3f851857ceedf~mv2.png",""
"https://www.lifeusa.org/privacy-policy","https://static.wixstatic.com/media/11062b_c67939a99eaf442d95d3f851857ceedf~mv2.png/v1/fill/w_28,h_28,al_c,q_85,usm_0.66_1.00_0.01,enc_avif,quality_auto/11062b_c67939a99eaf442d95d3f851857ceedf~mv2.png",""
"https://www.lifeusa.org/waystogive","https://static.wixstatic.com/media/11062b_c67939a99eaf442d95d3f851857ceedf~mv2.png/v1/fill/w_28,h_28,al_c,q_85,usm_0.66_1.00_0.01,enc_avif,quality_auto/11062b_c67939a99eaf442d95d3f851857ceedf~mv2.png",""
"https://www.lifeusa.org/programs","https://static.wixstatic.com/media/11062b_c67939a99eaf442d95d3f851857ceedf~mv2.png/v1/fill/w_28,h_28,al_c,q_85,usm_0.66_1.00_0.01,enc_avif,quality_auto/11062b_c67939a99eaf442d95d3f851857ceedf~mv2.png",""
"https://www.lifeusa.org/post/the-world-keeps-making-more-plastic-and-the-cost-is-human","https://static.wixstatic.com/media/11062b_c67939a99eaf442d95d3f851857ceedf~mv2.png/v1/fill/w_28,h_28,al_c,q_85,usm_0.66_1.00_0.01,enc_avif,quality_auto/11062b_c67939a99eaf442d95d3f851857ceedf~mv2.png",""
"https://www.lifeusa.org/post/children-in-crisis-the-psychological-toll-of-violence","https://static.wixstatic.com/media/11062b_c67939a99eaf442d95d3f851857ceedf~mv2.png/v1/fill/w_28,h_28,al_c,q_85,usm_0.66_1.00_0.01,enc_avif,quality_auto/11062b_c67939a99eaf442d95d3f851857ceedf~mv2.png",""
"https://www.lifeusa.org/volunteer","https://static.wixstatic.com/media/11062b_c67939a99eaf442d95d3f851857ceedf~mv2.png/v1/fill/w_28,h_28,al_c,q_85,usm_0.66_1.00_0.01,enc_avif,quality_auto/11062b_c67939a99eaf442d95d3f851857ceedf~mv2.png",""
"https://www.lifeusa.org/careers","https://static.wixstatic.com/media/11062b_c67939a99eaf442d95d3f851857ceedf~mv2.png/v1/fill/w_28,h_28,al_c,q_85,usm_0.66_1.00_0.01,enc_avif,quality_auto/11062b_c67939a99eaf442d95d3f851857ceedf~mv2.png",""
"https://www.lifeusa.org/fundraising","https://static.wixstatic.com/media/11062b_c67939a99eaf442d95d3f851857ceedf~mv2.png/v1/fill/w_28,h_28,al_c,q_85,usm_0.66_1.00_0.01,enc_avif,quality_auto/11062b_c67939a99eaf442d95d3f851857ceedf~mv2.png",""
"https://www.lifeusa.org/doublethedonation","https://static.wixstatic.com/media/11062b_c67939a99eaf442d95d3f851857ceedf~mv2.png/v1/fill/w_28,h_28,al_c,q_85,usm_0.66_1.00_0.01,enc_avif,quality_auto/11062b_c67939a99eaf442d95d3f851857ceedf~mv2.png",""
"https://www.lifeusa.org/no","https://static.wixstatic.com/media/11062b_c67939a99eaf442d95d3f851857ceedf~mv2.png/v1/fill/w_28,h_28,al_c,q_85,usm_0.66_1.00_0.01,enc_avif,quality_auto/11062b_c67939a99eaf442d95d3f851857ceedf~mv2.png",""
"https://www.lifeusa.org/no/categories/life-blog","https://static.wixstatic.com/media/11062b_c67939a99eaf442d95d3f851857ceedf~mv2.png/v1/fill/w_28,h_28,al_c,q_85,usm_0.66_1.00_0.01,enc_avif,quality_auto/11062b_c67939a99eaf442d95d3f851857ceedf~mv2.png",""
"https://www.lifeusa.org/no/categories/giving-charity","https://static.wixstatic.com/media/11062b_c67939a99eaf442d95d3f851857ceedf~mv2.png/v1/fill/w_28,h_28,al_c,q_85,usm_0.66_1.00_0.01,enc_avif,quality_auto/11062b_c67939a99eaf442d95d3f851857ceedf~mv2.png",""
"https://www.lifeusa.org/no/categories/reports","https://static.wixstatic.com/media/11062b_c67939a99eaf442d95d3f851857ceedf~mv2.png/v1/fill/w_28,h_28,al_c,q_85,usm_0.66_1.00_0.01,enc_avif,quality_auto/11062b_c67939a99eaf442d95d3f851857ceedf~mv2.png",""
"https://www.lifeusa.org/no/categories/tax-write-off","https://static.wixstatic.com/media/11062b_c67939a99eaf442d95d3f851857ceedf~mv2.png/v1/fill/w_28,h_28,al_c,q_85,usm_0.66_1.00_0.01,enc_avif,quality_auto/11062b_c67939a99eaf442d95d3f851857ceedf~mv2.png",""
"https://www.lifeusa.org/no/categories/philosophy","https://static.wixstatic.com/media/11062b_c67939a99eaf442d95d3f851857ceedf~mv2.png/v1/fill/w_28,h_28,al_c,q_85,usm_0.66_1.00_0.01,enc_avif,quality_auto/11062b_c67939a99eaf442d95d3f851857ceedf~mv2.png",""
"https://www.lifeusa.org/post/women-s-empowerment-the-key-to-solving-world-hunger","https://static.wixstatic.com/media/11062b_c67939a99eaf442d95d3f851857ceedf~mv2.png/v1/fill/w_28,h_28,al_c,q_85,usm_0.66_1.00_0.01,enc_avif,quality_auto/11062b_c67939a99eaf442d95d3f851857ceedf~mv2.png",""
"https://www.lifeusa.org/no/categories/purpose","https://static.wixstatic.com/media/11062b_c67939a99eaf442d95d3f851857ceedf~mv2.png/v1/fill/w_28,h_28,al_c,q_85,usm_0.66_1.00_0.01,enc_avif,quality_auto/11062b_c67939a99eaf442d95d3f851857ceedf~mv2.png",""
"https://www.lifeusa.org/post/one-dollar-can-change-someone-s-life","https://static.wixstatic.com/media/11062b_c67939a99eaf442d95d3f851857ceedf~mv2.png/v1/fill/w_28,h_28,al_c,q_85,usm_0.66_1.00_0.01,enc_avif,quality_auto/11062b_c67939a99eaf442d95d3f851857ceedf~mv2.png",""
"https://www.lifeusa.org/post/afghanistan-s-earthquake-stories-of-survival-and-relief","https://static.wixstatic.com/media/11062b_c67939a99eaf442d95d3f851857ceedf~mv2.png/v1/fill/w_28,h_28,al_c,q_85,usm_0.66_1.00_0.01,enc_avif,quality_auto/11062b_c67939a99eaf442d95d3f851857ceedf~mv2.png",""
"https://www.lifeusa.org/post/why-one-gift-means-the-world-to-an-orphaned-child","https://static.wixstatic.com/media/11062b_c67939a99eaf442d95d3f851857ceedf~mv2.png/v1/fill/w_28,h_28,al_c,q_85,usm_0.66_1.00_0.01,enc_avif,quality_auto/11062b_c67939a99eaf442d95d3f851857ceedf~mv2.png",""
"https://www.lifeusa.org/post/children-forced-to-sleep-in-cars-and-on-the-streets-as-over-800-000-are-displaced-in-lebanon","https://static.wixstatic.com/media/11062b_c67939a99eaf442d95d3f851857ceedf~mv2.png/v1/fill/w_28,h_28,al_c,q_85,usm_0.66_1.00_0.01,enc_avif,quality_auto/11062b_c67939a99eaf442d95d3f851857ceedf~mv2.png",""
"https://www.lifeusa.org/post/remembering-judge-frank-caprio-a-judge-who-redefined-leadership-through-compassion","https://static.wixstatic.com/media/11062b_c67939a99eaf442d95d3f851857ceedf~mv2.png/v1/fill/w_28,h_28,al_c,q_85,usm_0.66_1.00_0.01,enc_avif,quality_auto/11062b_c67939a99eaf442d95d3f851857ceedf~mv2.png",""
"https://www.lifeusa.org/post/over-6-5-hungry-in-somalia-why-your-giving-matters-now-more-than-ever","https://static.wixstatic.com/media/11062b_c67939a99eaf442d95d3f851857ceedf~mv2.png/v1/fill/w_28,h_28,al_c,q_85,usm_0.66_1.00_0.01,enc_avif,quality_auto/11062b_c67939a99eaf442d95d3f851857ceedf~mv2.png",""
"https://www.lifeusa.org/post/starvation-in-gaza-why-the-world-must-act-now-before-thousands-more-die","https://static.wixstatic.com/media/11062b_c67939a99eaf442d95d3f851857ceedf~mv2.png/v1/fill/w_28,h_28,al_c,q_85,usm_0.66_1.00_0.01,enc_avif,quality_auto/11062b_c67939a99eaf442d95d3f851857ceedf~mv2.png",""
"https://www.lifeusa.org/post/latest-cuts-to-humanitarian-aid-leave-millions-without-hope","https://static.wixstatic.com/media/11062b_c67939a99eaf442d95d3f851857ceedf~mv2.png/v1/fill/w_28,h_28,al_c,q_85,usm_0.66_1.00_0.01,enc_avif,quality_auto/11062b_c67939a99eaf442d95d3f851857ceedf~mv2.png",""
"https://www.lifeusa.org/legacy","https://static.wixstatic.com/media/11062b_c67939a99eaf442d95d3f851857ceedf~mv2.png/v1/fill/w_28,h_28,al_c,q_85,usm_0.66_1.00_0.01,enc_avif,quality_auto/11062b_c67939a99eaf442d95d3f851857ceedf~mv2.png",""
"https://www.lifeusa.org/copy-of-freewill-landing-page","https://static.wixstatic.com/media/11062b_c67939a99eaf442d95d3f851857ceedf~mv2.png/v1/fill/w_28,h_28,al_c,q_85,usm_0.66_1.00_0.01,enc_avif,quality_auto/11062b_c67939a99eaf442d95d3f851857ceedf~mv2.png",""
"https://www.lifeusa.org/newsletters","https://static.wixstatic.com/media/11062b_c67939a99eaf442d95d3f851857ceedf~mv2.png/v1/fill/w_28,h_28,al_c,q_85,usm_0.66_1.00_0.01,enc_avif,quality_auto/11062b_c67939a99eaf442d95d3f851857ceedf~mv2.png",""
"https://www.lifeusa.org/news","https://static.wixstatic.com/media/11062b_c67939a99eaf442d95d3f851857ceedf~mv2.png/v1/fill/w_28,h_28,al_c,q_85,usm_0.66_1.00_0.01,enc_avif,quality_auto/11062b_c67939a99eaf442d95d3f851857ceedf~mv2.png",""
"https://www.lifeusa.org/press","https://static.wixstatic.com/media/11062b_c67939a99eaf442d95d3f851857ceedf~mv2.png/v1/fill/w_28,h_28,al_c,q_85,usm_0.66_1.00_0.01,enc_avif,quality_auto/11062b_c67939a99eaf442d95d3f851857ceedf~mv2.png",""
"https://www.lifeusa.org/post/building-a-better-world-for-33-years","https://static.wixstatic.com/media/11062b_c67939a99eaf442d95d3f851857ceedf~mv2.png/v1/fill/w_28,h_28,al_c,q_85,usm_0.66_1.00_0.01,enc_avif,quality_auto/11062b_c67939a99eaf442d95d3f851857ceedf~mv2.png",""
"https://www.lifeusa.org/post/write-your-will-for-free-and-let-the-good-you-do-today-last-forever","https://static.wixstatic.com/media/11062b_c67939a99eaf442d95d3f851857ceedf~mv2.png/v1/fill/w_28,h_28,al_c,q_85,usm_0.66_1.00_0.01,enc_avif,quality_auto/11062b_c67939a99eaf442d95d3f851857ceedf~mv2.png",""
"https://www.lifeusa.org/post/charitable-giving-an-advantage-we-never-saw-coming-from-the-one-big-beautiful-bill-act","https://static.wixstatic.com/media/11062b_c67939a99eaf442d95d3f851857ceedf~mv2.png/v1/fill/w_28,h_28,al_c,q_85,usm_0.66_1.00_0.01,enc_avif,quality_auto/11062b_c67939a99eaf442d95d3f851857ceedf~mv2.png",""
"https://www.lifeusa.org/post/double-or-triple-your-donation-without-spending-more-through-life-for-relief-and-development-life","https://static.wixstatic.com/media/11062b_c67939a99eaf442d95d3f851857ceedf~mv2.png/v1/fill/w_28,h_28,al_c,q_85,usm_0.66_1.00_0.01,enc_avif,quality_auto/11062b_c67939a99eaf442d95d3f851857ceedf~mv2.png",""
"https://www.lifeusa.org/post/winter-flooding-in-gaza-leaves-families-cold-and-exhausted","https://static.wixstatic.com/media/11062b_c67939a99eaf442d95d3f851857ceedf~mv2.png/v1/fill/w_28,h_28,al_c,q_85,usm_0.66_1.00_0.01,enc_avif,quality_auto/11062b_c67939a99eaf442d95d3f851857ceedf~mv2.png",""
"https://www.lifeusa.org/post/school-supplies-could-be-the-key-to-ending-poverty","https://static.wixstatic.com/media/11062b_c67939a99eaf442d95d3f851857ceedf~mv2.png/v1/fill/w_28,h_28,al_c,q_85,usm_0.66_1.00_0.01,enc_avif,quality_auto/11062b_c67939a99eaf442d95d3f851857ceedf~mv2.png",""
"https://www.lifeusa.org/post/cold-kills-5-million-a-year-life-s-winter-aid-helps-prevent-this-tragedy","https://static.wixstatic.com/media/11062b_c67939a99eaf442d95d3f851857ceedf~mv2.png/v1/fill/w_28,h_28,al_c,q_85,usm_0.66_1.00_0.01,enc_avif,quality_auto/11062b_c67939a99eaf442d95d3f851857ceedf~mv2.png",""
"https://www.lifeusa.org/post/give-the-smart-way-stop-paying-taxes-on-stocks-and-receive-a-big-tax-deduction","https://static.wixstatic.com/media/11062b_c67939a99eaf442d95d3f851857ceedf~mv2.png/v1/fill/w_28,h_28,al_c,q_85,usm_0.66_1.00_0.01,enc_avif,quality_auto/11062b_c67939a99eaf442d95d3f851857ceedf~mv2.png",""
"https://www.lifeusa.org/post/health-for-all-how-life-is-closing-the-global-healthcare-gap","https://static.wixstatic.com/media/11062b_c67939a99eaf442d95d3f851857ceedf~mv2.png/v1/fill/w_28,h_28,al_c,q_85,usm_0.66_1.00_0.01,enc_avif,quality_auto/11062b_c67939a99eaf442d95d3f851857ceedf~mv2.png",""
"https://www.lifeusa.org/post/recognizing-everyday-leaders-and-heros-this-father-s-day-2025","https://static.wixstatic.com/media/11062b_c67939a99eaf442d95d3f851857ceedf~mv2.png/v1/fill/w_28,h_28,al_c,q_85,usm_0.66_1.00_0.01,enc_avif,quality_auto/11062b_c67939a99eaf442d95d3f851857ceedf~mv2.png",""
"https://www.lifeusa.org/post/she-was-buried-underground-for-13-years-then-she-heard-the-ocean","https://static.wixstatic.com/media/11062b_c67939a99eaf442d95d3f851857ceedf~mv2.png/v1/fill/w_28,h_28,al_c,q_85,usm_0.66_1.00_0.01,enc_avif,quality_auto/11062b_c67939a99eaf442d95d3f851857ceedf~mv2.png",""
"https://www.lifeusa.org/post/when-the-guadalupe-river-roared-texas-tested-with-devastation-and-loss","https://static.wixstatic.com/media/11062b_c67939a99eaf442d95d3f851857ceedf~mv2.png/v1/fill/w_28,h_28,al_c,q_85,usm_0.66_1.00_0.01,enc_avif,quality_auto/11062b_c67939a99eaf442d95d3f851857ceedf~mv2.png",""
"https://www.lifeusa.org/post/the-hidden-price-tag-of-fast-fashion-and-how-life-is-offering-sustainable-solutions-you-can-support","https://static.wixstatic.com/media/11062b_c67939a99eaf442d95d3f851857ceedf~mv2.png/v1/fill/w_28,h_28,al_c,q_85,usm_0.66_1.00_0.01,enc_avif,quality_auto/11062b_c67939a99eaf442d95d3f851857ceedf~mv2.png",""
"https://www.lifeusa.org/post/ramadan-a-place-for-everyone","https://static.wixstatic.com/media/11062b_c67939a99eaf442d95d3f851857ceedf~mv2.png/v1/fill/w_28,h_28,al_c,q_85,usm_0.66_1.00_0.01,enc_avif,quality_auto/11062b_c67939a99eaf442d95d3f851857ceedf~mv2.png",""
"https://www.lifeusa.org/post/a-step-by-step-guide-on-how-to-participate-in-ramadan","https://static.wixstatic.com/media/11062b_c67939a99eaf442d95d3f851857ceedf~mv2.png/v1/fill/w_28,h_28,al_c,q_85,usm_0.66_1.00_0.01,enc_avif,quality_auto/11062b_c67939a99eaf442d95d3f851857ceedf~mv2.png",""
"https://www.lifeusa.org/post/sick-kids-with-no-medicine-in-sight-how-life-is-restoring-healthcare-access-in-africa","https://static.wixstatic.com/media/11062b_c67939a99eaf442d95d3f851857ceedf~mv2.png/v1/fill/w_28,h_28,al_c,q_85,usm_0.66_1.00_0.01,enc_avif,quality_auto/11062b_c67939a99eaf442d95d3f851857ceedf~mv2.png",""
"https://www.lifeusa.org/post/as-middle-east-tensions-rise-families-face-uncertainty-and-compassion-matters-more","https://static.wixstatic.com/media/11062b_c67939a99eaf442d95d3f851857ceedf~mv2.png/v1/fill/w_28,h_28,al_c,q_85,usm_0.66_1.00_0.01,enc_avif,quality_auto/11062b_c67939a99eaf442d95d3f851857ceedf~mv2.png",""
"https://www.lifeusa.org/post/millions-hungry-and-displaced-why-the-sudan-crisis-requires-immediate-action","https://static.wixstatic.com/media/11062b_c67939a99eaf442d95d3f851857ceedf~mv2.png/v1/fill/w_28,h_28,al_c,q_85,usm_0.66_1.00_0.01,enc_avif,quality_auto/11062b_c67939a99eaf442d95d3f851857ceedf~mv2.png",""
"https://www.lifeusa.org/post/maximize-your-tax-write-off-with-charitable-giving-apps","https://static.wixstatic.com/media/11062b_c67939a99eaf442d95d3f851857ceedf~mv2.png/v1/fill/w_28,h_28,al_c,q_85,usm_0.66_1.00_0.01,enc_avif,quality_auto/11062b_c67939a99eaf442d95d3f851857ceedf~mv2.png",""
"https://www.lifeusa.org/post/when-life-becomes-art-finding-flow-purpose-and-the-joy-of-giving","https://static.wixstatic.com/media/11062b_c67939a99eaf442d95d3f851857ceedf~mv2.png/v1/fill/w_28,h_28,al_c,q_85,usm_0.66_1.00_0.01,enc_avif,quality_auto/11062b_c67939a99eaf442d95d3f851857ceedf~mv2.png",""
"https://www.lifeusa.org/post/how-violence-and-war-affect-children-worldwide-and-how-you-can-help","https://static.wixstatic.com/media/11062b_c67939a99eaf442d95d3f851857ceedf~mv2.png/v1/fill/w_28,h_28,al_c,q_85,usm_0.66_1.00_0.01,enc_avif,quality_auto/11062b_c67939a99eaf442d95d3f851857ceedf~mv2.png",""
"https://www.lifeusa.org/post/what-happens-when-you-can-t-see-in-a-refugee-camp","https://static.wixstatic.com/media/11062b_c67939a99eaf442d95d3f851857ceedf~mv2.png/v1/fill/w_28,h_28,al_c,q_85,usm_0.66_1.00_0.01,enc_avif,quality_auto/11062b_c67939a99eaf442d95d3f851857ceedf~mv2.png",""
"https://www.lifeusa.org/post/the-challenges-humanitarian-organizations-face-after-conflict-ends","https://static.wixstatic.com/media/11062b_c67939a99eaf442d95d3f851857ceedf~mv2.png/v1/fill/w_28,h_28,al_c,q_85,usm_0.66_1.00_0.01,enc_avif,quality_auto/11062b_c67939a99eaf442d95d3f851857ceedf~mv2.png",""
"https://www.lifeusa.org/post/the-power-of-listening-and-how-to-harness-it","https://static.wixstatic.com/media/11062b_c67939a99eaf442d95d3f851857ceedf~mv2.png/v1/fill/w_28,h_28,al_c,q_85,usm_0.66_1.00_0.01,enc_avif,quality_auto/11062b_c67939a99eaf442d95d3f851857ceedf~mv2.png",""
"https://www.lifeusa.org/post/monsoon-flood-in-northern-pakistan-takes-everything-from-villagers-life-usa-helps-families-rebuild","https://static.wixstatic.com/media/11062b_c67939a99eaf442d95d3f851857ceedf~mv2.png/v1/fill/w_28,h_28,al_c,q_85,usm_0.66_1.00_0.01,enc_avif,quality_auto/11062b_c67939a99eaf442d95d3f851857ceedf~mv2.png",""
"https://www.lifeusa.org/post/life-s-orphan-sponsorships-keep-children-warm-and-in-school-during-the-winter-months-in-pakistan","https://static.wixstatic.com/media/11062b_c67939a99eaf442d95d3f851857ceedf~mv2.png/v1/fill/w_28,h_28,al_c,q_85,usm_0.66_1.00_0.01,enc_avif,quality_auto/11062b_c67939a99eaf442d95d3f851857ceedf~mv2.png",""
"https://www.lifeusa.org/post/life-supports-mothers-and-orphans-in-gaza-with-critical-baby-formula-and-other-essentials","https://static.wixstatic.com/media/11062b_c67939a99eaf442d95d3f851857ceedf~mv2.png/v1/fill/w_28,h_28,al_c,q_85,usm_0.66_1.00_0.01,enc_avif,quality_auto/11062b_c67939a99eaf442d95d3f851857ceedf~mv2.png",""
"https://www.lifeusa.org/post/hope-returns-to-the-classroom-through-life-for-relief-and-development-life-s-orphan-sponsorship-in","https://static.wixstatic.com/media/11062b_c67939a99eaf442d95d3f851857ceedf~mv2.png/v1/fill/w_28,h_28,al_c,q_85,usm_0.66_1.00_0.01,enc_avif,quality_auto/11062b_c67939a99eaf442d95d3f851857ceedf~mv2.png",""
"https://www.lifeusa.org/post/with-life-water-wells-comes-a-renewed-stability-and-health-for-1-800-people-in-niger","https://static.wixstatic.com/media/11062b_c67939a99eaf442d95d3f851857ceedf~mv2.png/v1/fill/w_28,h_28,al_c,q_85,usm_0.66_1.00_0.01,enc_avif,quality_auto/11062b_c67939a99eaf442d95d3f851857ceedf~mv2.png",""
"https://www.lifeusa.org/post/in-a-tanzanian-village-water-finally-flows-close-to-home","https://static.wixstatic.com/media/11062b_c67939a99eaf442d95d3f851857ceedf~mv2.png/v1/fill/w_28,h_28,al_c,q_85,usm_0.66_1.00_0.01,enc_avif,quality_auto/11062b_c67939a99eaf442d95d3f851857ceedf~mv2.png",""
"https://www.lifeusa.org/post/life-continues-saving-lives-in-gaza-as-emergency-food-and-water-relief-reaches-thousands","https://static.wixstatic.com/media/11062b_c67939a99eaf442d95d3f851857ceedf~mv2.png/v1/fill/w_28,h_28,al_c,q_85,usm_0.66_1.00_0.01,enc_avif,quality_auto/11062b_c67939a99eaf442d95d3f851857ceedf~mv2.png",""
"https://www.lifeusa.org/post/life-supporting-orphans-families-gaza","https://static.wixstatic.com/media/11062b_c67939a99eaf442d95d3f851857ceedf~mv2.png/v1/fill/w_28,h_28,al_c,q_85,usm_0.66_1.00_0.01,enc_avif,quality_auto/11062b_c67939a99eaf442d95d3f851857ceedf~mv2.png",""
"https://www.lifeusa.org/post/fighting-hunger-in-somalia-life-for-relief-and-development-life-s-food-distribution-reaches-displ","https://static.wixstatic.com/media/11062b_c67939a99eaf442d95d3f851857ceedf~mv2.png/v1/fill/w_28,h_28,al_c,q_85,usm_0.66_1.00_0.01,enc_avif,quality_auto/11062b_c67939a99eaf442d95d3f851857ceedf~mv2.png",""
"https://www.lifeusa.org/post/life-for-relief-and-development-life-usa-restores-shelter-and-safety-for-8-050-displaced-individua","https://static.wixstatic.com/media/11062b_c67939a99eaf442d95d3f851857ceedf~mv2.png/v1/fill/w_28,h_28,al_c,q_85,usm_0.66_1.00_0.01,enc_avif,quality_auto/11062b_c67939a99eaf442d95d3f851857ceedf~mv2.png",""
"https://www.lifeusa.org/post/new-solar-powered-water-wells-bring-clean-water-to-3-300-people-in-pakistan","https://static.wixstatic.com/media/11062b_c67939a99eaf442d95d3f851857ceedf~mv2.png/v1/fill/w_28,h_28,al_c,q_85,usm_0.66_1.00_0.01,enc_avif,quality_auto/11062b_c67939a99eaf442d95d3f851857ceedf~mv2.png",""
"https://www.lifeusa.org/post/life-provides-medical-student-scholarships-in-the-west-bank","https://static.wixstatic.com/media/11062b_c67939a99eaf442d95d3f851857ceedf~mv2.png/v1/fill/w_28,h_28,al_c,q_85,usm_0.66_1.00_0.01,enc_avif,quality_auto/11062b_c67939a99eaf442d95d3f851857ceedf~mv2.png",""
"https://www.lifeusa.org/post/life-for-relief-and-development-protects-5-000-children-from-harsh-winter-conditions-in-gaza","https://static.wixstatic.com/media/11062b_c67939a99eaf442d95d3f851857ceedf~mv2.png/v1/fill/w_28,h_28,al_c,q_85,usm_0.66_1.00_0.01,enc_avif,quality_auto/11062b_c67939a99eaf442d95d3f851857ceedf~mv2.png",""
"https://www.lifeusa.org/post/life-for-relief-and-development-sustains-higher-education-in-syria","https://static.wixstatic.com/media/11062b_c67939a99eaf442d95d3f851857ceedf~mv2.png/v1/fill/w_28,h_28,al_c,q_85,usm_0.66_1.00_0.01,enc_avif,quality_auto/11062b_c67939a99eaf442d95d3f851857ceedf~mv2.png",""
"https://www.lifeusa.org/post/over-1-000-orphans-across-jordan-uplifted-through-life-sponsorship-program","https://static.wixstatic.com/media/11062b_c67939a99eaf442d95d3f851857ceedf~mv2.png/v1/fill/w_28,h_28,al_c,q_85,usm_0.66_1.00_0.01,enc_avif,quality_auto/11062b_c67939a99eaf442d95d3f851857ceedf~mv2.png",""
"https://www.lifeusa.org/post/life-for-relief-and-development-life-delivers-emergency-food-and-water-assistance-in-gaza-through","https://static.wixstatic.com/media/11062b_c67939a99eaf442d95d3f851857ceedf~mv2.png/v1/fill/w_28,h_28,al_c,q_85,usm_0.66_1.00_0.01,enc_avif,quality_auto/11062b_c67939a99eaf442d95d3f851857ceedf~mv2.png",""
"https://www.lifeusa.org/post/water-stops-being-a-daily-worry-for-two-communities-in-nepal","https://static.wixstatic.com/media/11062b_c67939a99eaf442d95d3f851857ceedf~mv2.png/v1/fill/w_28,h_28,al_c,q_85,usm_0.66_1.00_0.01,enc_avif,quality_auto/11062b_c67939a99eaf442d95d3f851857ceedf~mv2.png",""
"https://www.lifeusa.org/no/tags/chicago","https://static.wixstatic.com/media/11062b_c67939a99eaf442d95d3f851857ceedf~mv2.png/v1/fill/w_28,h_28,al_c,q_85,usm_0.66_1.00_0.01,enc_avif,quality_auto/11062b_c67939a99eaf442d95d3f851857ceedf~mv2.png",""
"https://www.lifeusa.org/no/tags/usa","https://static.wixstatic.com/media/11062b_c67939a99eaf442d95d3f851857ceedf~mv2.png/v1/fill/w_28,h_28,al_c,q_85,usm_0.66_1.00_0.01,enc_avif,quality_auto/11062b_c67939a99eaf442d95d3f851857ceedf~mv2.png",""
"https://www.lifeusa.org/no/tags/philanthropy","https://static.wixstatic.com/media/11062b_c67939a99eaf442d95d3f851857ceedf~mv2.png/v1/fill/w_28,h_28,al_c,q_85,usm_0.66_1.00_0.01,enc_avif,quality_auto/11062b_c67939a99eaf442d95d3f851857ceedf~mv2.png",""
"https://www.lifeusa.org/no/tags/canada","https://static.wixstatic.com/media/11062b_c67939a99eaf442d95d3f851857ceedf~mv2.png/v1/fill/w_28,h_28,al_c,q_85,usm_0.66_1.00_0.01,enc_avif,quality_auto/11062b_c67939a99eaf442d95d3f851857ceedf~mv2.png",""
"https://www.lifeusa.org/no/hashtags/butterflyeffect","https://static.wixstatic.com/media/11062b_c67939a99eaf442d95d3f851857ceedf~mv2.png/v1/fill/w_28,h_28,al_c,q_85,usm_0.66_1.00_0.01,enc_avif,quality_auto/11062b_c67939a99eaf442d95d3f851857ceedf~mv2.png",""
"https://www.lifeusa.org/no/tags/life-blog","https://static.wixstatic.com/media/11062b_c67939a99eaf442d95d3f851857ceedf~mv2.png/v1/fill/w_28,h_28,al_c,q_85,usm_0.66_1.00_0.01,enc_avif,quality_auto/11062b_c67939a99eaf442d95d3f851857ceedf~mv2.png",""
"https://www.lifeusa.org/no/tags/england","https://static.wixstatic.com/media/11062b_c67939a99eaf442d95d3f851857ceedf~mv2.png/v1/fill/w_28,h_28,al_c,q_85,usm_0.66_1.00_0.01,enc_avif,quality_auto/11062b_c67939a99eaf442d95d3f851857ceedf~mv2.png",""
"https://www.lifeusa.org/no/tags/colorado","https://static.wixstatic.com/media/11062b_c67939a99eaf442d95d3f851857ceedf~mv2.png/v1/fill/w_28,h_28,al_c,q_85,usm_0.66_1.00_0.01,enc_avif,quality_auto/11062b_c67939a99eaf442d95d3f851857ceedf~mv2.png",""
"https://www.lifeusa.org/no/tags/charity","https://static.wixstatic.com/media/11062b_c67939a99eaf442d95d3f851857ceedf~mv2.png/v1/fill/w_28,h_28,al_c,q_85,usm_0.66_1.00_0.01,enc_avif,quality_auto/11062b_c67939a99eaf442d95d3f851857ceedf~mv2.png",""
"https://www.lifeusa.org/no/tags/maryland","https://static.wixstatic.com/media/11062b_c67939a99eaf442d95d3f851857ceedf~mv2.png/v1/fill/w_28,h_28,al_c,q_85,usm_0.66_1.00_0.01,enc_avif,quality_auto/11062b_c67939a99eaf442d95d3f851857ceedf~mv2.png",""
"https://www.lifeusa.org/no/tags/nyc","https://static.wixstatic.com/media/11062b_c67939a99eaf442d95d3f851857ceedf~mv2.png/v1/fill/w_28,h_28,al_c,q_85,usm_0.66_1.00_0.01,enc_avif,quality_auto/11062b_c67939a99eaf442d95d3f851857ceedf~mv2.png",""
"https://www.lifeusa.org/ukrainerelief","https://static.wixstatic.com/media/11062b_c67939a99eaf442d95d3f851857ceedf~mv2.png/v1/fill/w_28,h_28,al_c,q_85,usm_0.66_1.00_0.01,enc_avif,quality_auto/11062b_c67939a99eaf442d95d3f851857ceedf~mv2.png",""
"https://www.lifeusa.org/post/clean-water-restored-through-life-for-relief-and-development-life-s-water-well-projects-in-sierra","https://static.wixstatic.com/media/11062b_c67939a99eaf442d95d3f851857ceedf~mv2.png/v1/fill/w_28,h_28,al_c,q_85,usm_0.66_1.00_0.01,enc_avif,quality_auto/11062b_c67939a99eaf442d95d3f851857ceedf~mv2.png",""
"https://www.lifeusa.org/post/clean-water-new-possibilities-through-life-for-relief-and-development-life-s-water-well-projects","https://static.wixstatic.com/media/11062b_c67939a99eaf442d95d3f851857ceedf~mv2.png/v1/fill/w_28,h_28,al_c,q_85,usm_0.66_1.00_0.01,enc_avif,quality_auto/11062b_c67939a99eaf442d95d3f851857ceedf~mv2.png",""
"https://www.lifeusa.org/post/life-for-relief-and-development-life-s-orphan-sponsorship-supports-152-children-in-indonesia","https://static.wixstatic.com/media/11062b_c67939a99eaf442d95d3f851857ceedf~mv2.png/v1/fill/w_28,h_28,al_c,q_85,usm_0.66_1.00_0.01,enc_avif,quality_auto/11062b_c67939a99eaf442d95d3f851857ceedf~mv2.png",""
"https://www.lifeusa.org/post/clean-water-for-students-as-life-for-relief-and-development-life-installs-solar-water-wells-in-pak","https://static.wixstatic.com/media/11062b_c67939a99eaf442d95d3f851857ceedf~mv2.png/v1/fill/w_28,h_28,al_c,q_85,usm_0.66_1.00_0.01,enc_avif,quality_auto/11062b_c67939a99eaf442d95d3f851857ceedf~mv2.png",""
"https://www.lifeusa.org/post/life-builds-five-clean-water-projects-across-two-regions-in-myanmar","https://static.wixstatic.com/media/11062b_c67939a99eaf442d95d3f851857ceedf~mv2.png/v1/fill/w_28,h_28,al_c,q_85,usm_0.66_1.00_0.01,enc_avif,quality_auto/11062b_c67939a99eaf442d95d3f851857ceedf~mv2.png",""
"https://www.lifeusa.org/winterrelief","https://static.wixstatic.com/media/11062b_c67939a99eaf442d95d3f851857ceedf~mv2.png/v1/fill/w_28,h_28,al_c,q_85,usm_0.66_1.00_0.01,enc_avif,quality_auto/11062b_c67939a99eaf442d95d3f851857ceedf~mv2.png",""
"https://www.lifeusa.org/sudan-emergency-relief","https://static.wixstatic.com/media/11062b_c67939a99eaf442d95d3f851857ceedf~mv2.png/v1/fill/w_28,h_28,al_c,q_85,usm_0.66_1.00_0.01,enc_avif,quality_auto/11062b_c67939a99eaf442d95d3f851857ceedf~mv2.png",""
"https://www.lifeusa.org/no/tags/ukraine","https://static.wixstatic.com/media/11062b_c67939a99eaf442d95d3f851857ceedf~mv2.png/v1/fill/w_28,h_28,al_c,q_85,usm_0.66_1.00_0.01,enc_avif,quality_auto/11062b_c67939a99eaf442d95d3f851857ceedf~mv2.png",""
"https://www.lifeusa.org/no/tags/orphans","https://static.wixstatic.com/media/11062b_c67939a99eaf442d95d3f851857ceedf~mv2.png/v1/fill/w_28,h_28,al_c,q_85,usm_0.66_1.00_0.01,enc_avif,quality_auto/11062b_c67939a99eaf442d95d3f851857ceedf~mv2.png",""
"https://www.lifeusa.org/no/tags/palestine","https://static.wixstatic.com/media/11062b_c67939a99eaf442d95d3f851857ceedf~mv2.png/v1/fill/w_28,h_28,al_c,q_85,usm_0.66_1.00_0.01,enc_avif,quality_auto/11062b_c67939a99eaf442d95d3f851857ceedf~mv2.png",""
"https://www.lifeusa.org/no/tags/orphan-sponsorship","https://static.wixstatic.com/media/11062b_c67939a99eaf442d95d3f851857ceedf~mv2.png/v1/fill/w_28,h_28,al_c,q_85,usm_0.66_1.00_0.01,enc_avif,quality_auto/11062b_c67939a99eaf442d95d3f851857ceedf~mv2.png",""
"https://www.lifeusa.org/no/tags/syria-1","https://static.wixstatic.com/media/11062b_c67939a99eaf442d95d3f851857ceedf~mv2.png/v1/fill/w_28,h_28,al_c,q_85,usm_0.66_1.00_0.01,enc_avif,quality_auto/11062b_c67939a99eaf442d95d3f851857ceedf~mv2.png",""
"https://www.lifeusa.org/no/tags/war","https://static.wixstatic.com/media/11062b_c67939a99eaf442d95d3f851857ceedf~mv2.png/v1/fill/w_28,h_28,al_c,q_85,usm_0.66_1.00_0.01,enc_avif,quality_auto/11062b_c67939a99eaf442d95d3f851857ceedf~mv2.png",""
"https://www.lifeusa.org/no/tags/children","https://static.wixstatic.com/media/11062b_c67939a99eaf442d95d3f851857ceedf~mv2.png/v1/fill/w_28,h_28,al_c,q_85,usm_0.66_1.00_0.01,enc_avif,quality_auto/11062b_c67939a99eaf442d95d3f851857ceedf~mv2.png",""
"https://www.lifeusa.org/no/tags/refugee","https://static.wixstatic.com/media/11062b_c67939a99eaf442d95d3f851857ceedf~mv2.png/v1/fill/w_28,h_28,al_c,q_85,usm_0.66_1.00_0.01,enc_avif,quality_auto/11062b_c67939a99eaf442d95d3f851857ceedf~mv2.png",""
"https://www.lifeusa.org/post/life-hears-the-call-in-colorado","https://static.wixstatic.com/media/11062b_c67939a99eaf442d95d3f851857ceedf~mv2.png/v1/fill/w_28,h_28,al_c,q_85,usm_0.66_1.00_0.01,enc_avif,quality_auto/11062b_c67939a99eaf442d95d3f851857ceedf~mv2.png",""
"https://www.lifeusa.org/post/life-distributes-fresh-meat-in-texas","https://static.wixstatic.com/media/11062b_c67939a99eaf442d95d3f851857ceedf~mv2.png/v1/fill/w_28,h_28,al_c,q_85,usm_0.66_1.00_0.01,enc_avif,quality_auto/11062b_c67939a99eaf442d95d3f851857ceedf~mv2.png",""
"https://www.lifeusa.org/post/hearing-the-call-southwest-florida","https://static.wixstatic.com/media/11062b_c67939a99eaf442d95d3f851857ceedf~mv2.png/v1/fill/w_28,h_28,al_c,q_85,usm_0.66_1.00_0.01,enc_avif,quality_auto/11062b_c67939a99eaf442d95d3f851857ceedf~mv2.png",""
"https://www.lifeusa.org/post/life-provides-backpacks-to-foster-youth-in-the-united-states","https://static.wixstatic.com/media/11062b_c67939a99eaf442d95d3f851857ceedf~mv2.png/v1/fill/w_28,h_28,al_c,q_85,usm_0.66_1.00_0.01,enc_avif,quality_auto/11062b_c67939a99eaf442d95d3f851857ceedf~mv2.png",""
"https://www.lifeusa.org/post/refugee-asylum-seeker-immigrant-and-migrant-what-s-the-difference","https://static.wixstatic.com/media/11062b_c67939a99eaf442d95d3f851857ceedf~mv2.png/v1/fill/w_28,h_28,al_c,q_85,usm_0.66_1.00_0.01,enc_avif,quality_auto/11062b_c67939a99eaf442d95d3f851857ceedf~mv2.png",""
"https://www.lifeusa.org/post/the-biggest-charitable-contributions-in-the-u-s-2023","https://static.wixstatic.com/media/11062b_c67939a99eaf442d95d3f851857ceedf~mv2.png/v1/fill/w_28,h_28,al_c,q_85,usm_0.66_1.00_0.01,enc_avif,quality_auto/11062b_c67939a99eaf442d95d3f851857ceedf~mv2.png",""
"https://www.lifeusa.org/post/a-summer-of-forest-fires","https://static.wixstatic.com/media/11062b_c67939a99eaf442d95d3f851857ceedf~mv2.png/v1/fill/w_28,h_28,al_c,q_85,usm_0.66_1.00_0.01,enc_avif,quality_auto/11062b_c67939a99eaf442d95d3f851857ceedf~mv2.png",""
"https://www.lifeusa.org/post/queen-elizabeth-ii-a-lifetime-of-charity","https://static.wixstatic.com/media/11062b_c67939a99eaf442d95d3f851857ceedf~mv2.png/v1/fill/w_28,h_28,al_c,q_85,usm_0.66_1.00_0.01,enc_avif,quality_auto/11062b_c67939a99eaf442d95d3f851857ceedf~mv2.png",""
"https://www.lifeusa.org/post/food-packages-maryland","https://static.wixstatic.com/media/11062b_c67939a99eaf442d95d3f851857ceedf~mv2.png/v1/fill/w_28,h_28,al_c,q_85,usm_0.66_1.00_0.01,enc_avif,quality_auto/11062b_c67939a99eaf442d95d3f851857ceedf~mv2.png",""
"https://www.lifeusa.org/post/making-houses-into-homes","https://static.wixstatic.com/media/11062b_c67939a99eaf442d95d3f851857ceedf~mv2.png/v1/fill/w_28,h_28,al_c,q_85,usm_0.66_1.00_0.01,enc_avif,quality_auto/11062b_c67939a99eaf442d95d3f851857ceedf~mv2.png",""
"https://www.lifeusa.org/post/hearing-for-the-first-time-in-years","https://static.wixstatic.com/media/11062b_c67939a99eaf442d95d3f851857ceedf~mv2.png/v1/fill/w_28,h_28,al_c,q_85,usm_0.66_1.00_0.01,enc_avif,quality_auto/11062b_c67939a99eaf442d95d3f851857ceedf~mv2.png",""
"https://www.lifeusa.org/post/hearing-aids-colorado","https://static.wixstatic.com/media/11062b_c67939a99eaf442d95d3f851857ceedf~mv2.png/v1/fill/w_28,h_28,al_c,q_85,usm_0.66_1.00_0.01,enc_avif,quality_auto/11062b_c67939a99eaf442d95d3f851857ceedf~mv2.png",""
"https://www.lifeusa.org/gaza","https://static.wixstatic.com/media/11062b_c67939a99eaf442d95d3f851857ceedf~mv2.png/v1/fill/w_28,h_28,al_c,q_85,usm_0.66_1.00_0.01,enc_avif,quality_auto/11062b_c67939a99eaf442d95d3f851857ceedf~mv2.png",""
"https://www.lifeusa.org/post/life-distributes-water-tanks-to-families-in-the-gaza-strip","https://static.wixstatic.com/media/11062b_c67939a99eaf442d95d3f851857ceedf~mv2.png/v1/fill/w_28,h_28,al_c,q_85,usm_0.66_1.00_0.01,enc_avif,quality_auto/11062b_c67939a99eaf442d95d3f851857ceedf~mv2.png",""
"https://www.lifeusa.org/no/tags/syria","https://static.wixstatic.com/media/11062b_c67939a99eaf442d95d3f851857ceedf~mv2.png/v1/fill/w_28,h_28,al_c,q_85,usm_0.66_1.00_0.01,enc_avif,quality_auto/11062b_c67939a99eaf442d95d3f851857ceedf~mv2.png",""
"https://www.lifeusa.org/post/the-crucial-role-of-humanitarian-organizations-in-conflict-zones","https://static.wixstatic.com/media/11062b_c67939a99eaf442d95d3f851857ceedf~mv2.png/v1/fill/w_28,h_28,al_c,q_85,usm_0.66_1.00_0.01,enc_avif,quality_auto/11062b_c67939a99eaf442d95d3f851857ceedf~mv2.png",""
"https://www.lifeusa.org/post/life-continues-to-provide-emergency-aid-in-gaza","https://static.wixstatic.com/media/11062b_c67939a99eaf442d95d3f851857ceedf~mv2.png/v1/fill/w_28,h_28,al_c,q_85,usm_0.66_1.00_0.01,enc_avif,quality_auto/11062b_c67939a99eaf442d95d3f851857ceedf~mv2.png",""
"https://www.lifeusa.org/post/the-world-in-crisis-supporting-from-the-sidelines","https://static.wixstatic.com/media/11062b_c67939a99eaf442d95d3f851857ceedf~mv2.png/v1/fill/w_28,h_28,al_c,q_85,usm_0.66_1.00_0.01,enc_avif,quality_auto/11062b_c67939a99eaf442d95d3f851857ceedf~mv2.png",""
"https://www.lifeusa.org/post/it-s-okay-to-cry-the-ukrainian-refugee-mental-health-crisis","https://static.wixstatic.com/media/11062b_c67939a99eaf442d95d3f851857ceedf~mv2.png/v1/fill/w_28,h_28,al_c,q_85,usm_0.66_1.00_0.01,enc_avif,quality_auto/11062b_c67939a99eaf442d95d3f851857ceedf~mv2.png",""
"https://www.lifeusa.org/post/walk-532-59-miles-in-the-shoes-of-a-ukrainian-refugee","https://static.wixstatic.com/media/11062b_c67939a99eaf442d95d3f851857ceedf~mv2.png/v1/fill/w_28,h_28,al_c,q_85,usm_0.66_1.00_0.01,enc_avif,quality_auto/11062b_c67939a99eaf442d95d3f851857ceedf~mv2.png",""
"https://www.lifeusa.org/post/let-them-play-life-gives-every-child-a-chance-to-be-a-child-at-the-global-orphan-eid-parties","https://static.wixstatic.com/media/11062b_c67939a99eaf442d95d3f851857ceedf~mv2.png/v1/fill/w_28,h_28,al_c,q_85,usm_0.66_1.00_0.01,enc_avif,quality_auto/11062b_c67939a99eaf442d95d3f851857ceedf~mv2.png",""
"https://www.lifeusa.org/post/life-provides-emergency-relief-to-gaza","https://static.wixstatic.com/media/11062b_c67939a99eaf442d95d3f851857ceedf~mv2.png/v1/fill/w_28,h_28,al_c,q_85,usm_0.66_1.00_0.01,enc_avif,quality_auto/11062b_c67939a99eaf442d95d3f851857ceedf~mv2.png",""
"https://www.lifeusa.org/post/a-4-year-old-s-bravery-in-gaza-ahmad-s-story","https://static.wixstatic.com/media/11062b_c67939a99eaf442d95d3f851857ceedf~mv2.png/v1/fill/w_28,h_28,al_c,q_85,usm_0.66_1.00_0.01,enc_avif,quality_auto/11062b_c67939a99eaf442d95d3f851857ceedf~mv2.png",""
"https://www.lifeusa.org/post/life-provides-emergency-relief-to-gaza-1","https://static.wixstatic.com/media/11062b_c67939a99eaf442d95d3f851857ceedf~mv2.png/v1/fill/w_28,h_28,al_c,q_85,usm_0.66_1.00_0.01,enc_avif,quality_auto/11062b_c67939a99eaf442d95d3f851857ceedf~mv2.png",""
"https://www.lifeusa.org/post/gaza-s-daily-bread-life-provides-relief-to-innocent-civilians","https://static.wixstatic.com/media/11062b_c67939a99eaf442d95d3f851857ceedf~mv2.png/v1/fill/w_28,h_28,al_c,q_85,usm_0.66_1.00_0.01,enc_avif,quality_auto/11062b_c67939a99eaf442d95d3f851857ceedf~mv2.png",""
"https://www.lifeusa.org/post/who-will-watch-over-the-orphans-of-gaza","https://static.wixstatic.com/media/11062b_c67939a99eaf442d95d3f851857ceedf~mv2.png/v1/fill/w_28,h_28,al_c,q_85,usm_0.66_1.00_0.01,enc_avif,quality_auto/11062b_c67939a99eaf442d95d3f851857ceedf~mv2.png",""
"https://www.lifeusa.org/post/aiding-in-gaza-s-shelter-crisis","https://static.wixstatic.com/media/11062b_c67939a99eaf442d95d3f851857ceedf~mv2.png/v1/fill/w_28,h_28,al_c,q_85,usm_0.66_1.00_0.01,enc_avif,quality_auto/11062b_c67939a99eaf442d95d3f851857ceedf~mv2.png",""
"https://www.lifeusa.org/post/the-leading-causes-of-orphans-today","https://static.wixstatic.com/media/11062b_c67939a99eaf442d95d3f851857ceedf~mv2.png/v1/fill/w_28,h_28,al_c,q_85,usm_0.66_1.00_0.01,enc_avif,quality_auto/11062b_c67939a99eaf442d95d3f851857ceedf~mv2.png",""
"https://www.lifeusa.org/post/life-for-relief-and-development-life-ambulance-and-distributed-aid-save-countless-lives-after-airs","https://static.wixstatic.com/media/11062b_c67939a99eaf442d95d3f851857ceedf~mv2.png/v1/fill/w_28,h_28,al_c,q_85,usm_0.66_1.00_0.01,enc_avif,quality_auto/11062b_c67939a99eaf442d95d3f851857ceedf~mv2.png",""
"https://www.lifeusa.org/post/what-causes-earthquakes-and-how-they-affect-people","https://static.wixstatic.com/media/11062b_c67939a99eaf442d95d3f851857ceedf~mv2.png/v1/fill/w_28,h_28,al_c,q_85,usm_0.66_1.00_0.01,enc_avif,quality_auto/11062b_c67939a99eaf442d95d3f851857ceedf~mv2.png",""
"https://www.lifeusa.org/post/no-assistance-in-their-time-of-need","https://static.wixstatic.com/media/11062b_c67939a99eaf442d95d3f851857ceedf~mv2.png/v1/fill/w_28,h_28,al_c,q_85,usm_0.66_1.00_0.01,enc_avif,quality_auto/11062b_c67939a99eaf442d95d3f851857ceedf~mv2.png",""
"https://www.lifeusa.org/post/life-s-education-initiatives-in-syria-generate-positive-outcomes-in-enrollment-and-graduation-rate-t","https://static.wixstatic.com/media/11062b_c67939a99eaf442d95d3f851857ceedf~mv2.png/v1/fill/w_28,h_28,al_c,q_85,usm_0.66_1.00_0.01,enc_avif,quality_auto/11062b_c67939a99eaf442d95d3f851857ceedf~mv2.png",""
"https://www.lifeusa.org/post/3-inspiring-ways-to-give-back-to-refugees-this-year","https://static.wixstatic.com/media/11062b_c67939a99eaf442d95d3f851857ceedf~mv2.png/v1/fill/w_28,h_28,al_c,q_85,usm_0.66_1.00_0.01,enc_avif,quality_auto/11062b_c67939a99eaf442d95d3f851857ceedf~mv2.png",""
"https://www.lifeusa.org/post/life-promotes-integrative-healthcare-for-rohingya-refugees-with-the-launch-of-vital-eye-care-clinic","https://static.wixstatic.com/media/11062b_c67939a99eaf442d95d3f851857ceedf~mv2.png/v1/fill/w_28,h_28,al_c,q_85,usm_0.66_1.00_0.01,enc_avif,quality_auto/11062b_c67939a99eaf442d95d3f851857ceedf~mv2.png",""
"https://www.lifeusa.org/no/tags/mental-health","https://static.wixstatic.com/media/11062b_c67939a99eaf442d95d3f851857ceedf~mv2.png/v1/fill/w_28,h_28,al_c,q_85,usm_0.66_1.00_0.01,enc_avif,quality_auto/11062b_c67939a99eaf442d95d3f851857ceedf~mv2.png",""
"https://www.lifeusa.org/no/tags/afghanistan","https://static.wixstatic.com/media/11062b_c67939a99eaf442d95d3f851857ceedf~mv2.png/v1/fill/w_28,h_28,al_c,q_85,usm_0.66_1.00_0.01,enc_avif,quality_auto/11062b_c67939a99eaf442d95d3f851857ceedf~mv2.png",""
"https://www.lifeusa.org/no/tags/earthquake","https://static.wixstatic.com/media/11062b_c67939a99eaf442d95d3f851857ceedf~mv2.png/v1/fill/w_28,h_28,al_c,q_85,usm_0.66_1.00_0.01,enc_avif,quality_auto/11062b_c67939a99eaf442d95d3f851857ceedf~mv2.png",""
"https://www.lifeusa.org/no/tags/emergency-relief","https://static.wixstatic.com/media/11062b_c67939a99eaf442d95d3f851857ceedf~mv2.png/v1/fill/w_28,h_28,al_c,q_85,usm_0.66_1.00_0.01,enc_avif,quality_auto/11062b_c67939a99eaf442d95d3f851857ceedf~mv2.png",""
"https://www.lifeusa.org/no/tags/gaza-1","https://static.wixstatic.com/media/11062b_c67939a99eaf442d95d3f851857ceedf~mv2.png/v1/fill/w_28,h_28,al_c,q_85,usm_0.66_1.00_0.01,enc_avif,quality_auto/11062b_c67939a99eaf442d95d3f851857ceedf~mv2.png",""
"https://www.lifeusa.org/no/tags/water-tanks","https://static.wixstatic.com/media/11062b_c67939a99eaf442d95d3f851857ceedf~mv2.png/v1/fill/w_28,h_28,al_c,q_85,usm_0.66_1.00_0.01,enc_avif,quality_auto/11062b_c67939a99eaf442d95d3f851857ceedf~mv2.png",""
"https://www.lifeusa.org/no/tags/community-development","https://static.wixstatic.com/media/11062b_c67939a99eaf442d95d3f851857ceedf~mv2.png/v1/fill/w_28,h_28,al_c,q_85,usm_0.66_1.00_0.01,enc_avif,quality_auto/11062b_c67939a99eaf442d95d3f851857ceedf~mv2.png",""
"https://www.lifeusa.org/no/tags/food-baskets","https://static.wixstatic.com/media/11062b_c67939a99eaf442d95d3f851857ceedf~mv2.png/v1/fill/w_28,h_28,al_c,q_85,usm_0.66_1.00_0.01,enc_avif,quality_auto/11062b_c67939a99eaf442d95d3f851857ceedf~mv2.png",""
"https://www.lifeusa.org/no/tags/queen-elizabeth","https://static.wixstatic.com/media/11062b_c67939a99eaf442d95d3f851857ceedf~mv2.png/v1/fill/w_28,h_28,al_c,q_85,usm_0.66_1.00_0.01,enc_avif,quality_auto/11062b_c67939a99eaf442d95d3f851857ceedf~mv2.png",""
"https://www.lifeusa.org/no/tags/fire","https://static.wixstatic.com/media/11062b_c67939a99eaf442d95d3f851857ceedf~mv2.png/v1/fill/w_28,h_28,al_c,q_85,usm_0.66_1.00_0.01,enc_avif,quality_auto/11062b_c67939a99eaf442d95d3f851857ceedf~mv2.png",""
"https://www.lifeusa.org/no/tags/forest-fire","https://static.wixstatic.com/media/11062b_c67939a99eaf442d95d3f851857ceedf~mv2.png/v1/fill/w_28,h_28,al_c,q_85,usm_0.66_1.00_0.01,enc_avif,quality_auto/11062b_c67939a99eaf442d95d3f851857ceedf~mv2.png",""
"https://www.lifeusa.org/no/tags/amazon","https://static.wixstatic.com/media/11062b_c67939a99eaf442d95d3f851857ceedf~mv2.png/v1/fill/w_28,h_28,al_c,q_85,usm_0.66_1.00_0.01,enc_avif,quality_auto/11062b_c67939a99eaf442d95d3f851857ceedf~mv2.png",""
"https://www.lifeusa.org/no/tags/jeff-bezos","https://static.wixstatic.com/media/11062b_c67939a99eaf442d95d3f851857ceedf~mv2.png/v1/fill/w_28,h_28,al_c,q_85,usm_0.66_1.00_0.01,enc_avif,quality_auto/11062b_c67939a99eaf442d95d3f851857ceedf~mv2.png",""
"https://www.lifeusa.org/no/tags/bill-gates","https://static.wixstatic.com/media/11062b_c67939a99eaf442d95d3f851857ceedf~mv2.png/v1/fill/w_28,h_28,al_c,q_85,usm_0.66_1.00_0.01,enc_avif,quality_auto/11062b_c67939a99eaf442d95d3f851857ceedf~mv2.png",""
"https://www.lifeusa.org/no/tags/refugee-assistance","https://static.wixstatic.com/media/11062b_c67939a99eaf442d95d3f851857ceedf~mv2.png/v1/fill/w_28,h_28,al_c,q_85,usm_0.66_1.00_0.01,enc_avif,quality_auto/11062b_c67939a99eaf442d95d3f851857ceedf~mv2.png",""
"https://www.lifeusa.org/no/tags/back-to-school","https://static.wixstatic.com/media/11062b_c67939a99eaf442d95d3f851857ceedf~mv2.png/v1/fill/w_28,h_28,al_c,q_85,usm_0.66_1.00_0.01,enc_avif,quality_auto/11062b_c67939a99eaf442d95d3f851857ceedf~mv2.png",""
"https://www.lifeusa.org/no/tags/florida","https://static.wixstatic.com/media/11062b_c67939a99eaf442d95d3f851857ceedf~mv2.png/v1/fill/w_28,h_28,al_c,q_85,usm_0.66_1.00_0.01,enc_avif,quality_auto/11062b_c67939a99eaf442d95d3f851857ceedf~mv2.png",""
"https://www.lifeusa.org/no/tags/hearing-aids","https://static.wixstatic.com/media/11062b_c67939a99eaf442d95d3f851857ceedf~mv2.png/v1/fill/w_28,h_28,al_c,q_85,usm_0.66_1.00_0.01,enc_avif,quality_auto/11062b_c67939a99eaf442d95d3f851857ceedf~mv2.png",""
"https://www.lifeusa.org/no/tags/texas","https://static.wixstatic.com/media/11062b_c67939a99eaf442d95d3f851857ceedf~mv2.png/v1/fill/w_28,h_28,al_c,q_85,usm_0.66_1.00_0.01,enc_avif,quality_auto/11062b_c67939a99eaf442d95d3f851857ceedf~mv2.png",""
"https://www.lifeusa.org/no/tags/rohingya","https://static.wixstatic.com/media/11062b_c67939a99eaf442d95d3f851857ceedf~mv2.png/v1/fill/w_28,h_28,al_c,q_85,usm_0.66_1.00_0.01,enc_avif,quality_auto/11062b_c67939a99eaf442d95d3f851857ceedf~mv2.png",""
"https://www.lifeusa.org/no/tags/health","https://static.wixstatic.com/media/11062b_c67939a99eaf442d95d3f851857ceedf~mv2.png/v1/fill/w_28,h_28,al_c,q_85,usm_0.66_1.00_0.01,enc_avif,quality_auto/11062b_c67939a99eaf442d95d3f851857ceedf~mv2.png",""
"https://www.lifeusa.org/no/tags/bangladesh-1","https://static.wixstatic.com/media/11062b_c67939a99eaf442d95d3f851857ceedf~mv2.png/v1/fill/w_28,h_28,al_c,q_85,usm_0.66_1.00_0.01,enc_avif,quality_auto/11062b_c67939a99eaf442d95d3f851857ceedf~mv2.png",""
"https://www.lifeusa.org/no/tags/education","https://static.wixstatic.com/media/11062b_c67939a99eaf442d95d3f851857ceedf~mv2.png/v1/fill/w_28,h_28,al_c,q_85,usm_0.66_1.00_0.01,enc_avif,quality_auto/11062b_c67939a99eaf442d95d3f851857ceedf~mv2.png",""
"https://www.lifeusa.org/no/tags/life-for-relief-and-development-usa","https://static.wixstatic.com/media/11062b_c67939a99eaf442d95d3f851857ceedf~mv2.png/v1/fill/w_28,h_28,al_c,q_85,usm_0.66_1.00_0.01,enc_avif,quality_auto/11062b_c67939a99eaf442d95d3f851857ceedf~mv2.png",""
"https://www.lifeusa.org/no/tags/turkey","https://static.wixstatic.com/media/11062b_c67939a99eaf442d95d3f851857ceedf~mv2.png/v1/fill/w_28,h_28,al_c,q_85,usm_0.66_1.00_0.01,enc_avif,quality_auto/11062b_c67939a99eaf442d95d3f851857ceedf~mv2.png",""
"https://www.lifeusa.org/no/tags/jordan","https://static.wixstatic.com/media/11062b_c67939a99eaf442d95d3f851857ceedf~mv2.png/v1/fill/w_28,h_28,al_c,q_85,usm_0.66_1.00_0.01,enc_avif,quality_auto/11062b_c67939a99eaf442d95d3f851857ceedf~mv2.png",""
"https://www.lifeusa.org/post/creating-beautiful-tomorrows-in-orphans-today","https://static.wixstatic.com/media/11062b_c67939a99eaf442d95d3f851857ceedf~mv2.png/v1/fill/w_28,h_28,al_c,q_85,usm_0.66_1.00_0.01,enc_avif,quality_auto/11062b_c67939a99eaf442d95d3f851857ceedf~mv2.png",""
"https://www.lifeusa.org/post/life-distributes-udhiyah-meat-in-jordan","https://static.wixstatic.com/media/11062b_c67939a99eaf442d95d3f851857ceedf~mv2.png/v1/fill/w_28,h_28,al_c,q_85,usm_0.66_1.00_0.01,enc_avif,quality_auto/11062b_c67939a99eaf442d95d3f851857ceedf~mv2.png",""
"https://www.lifeusa.org/post/life-s-orphan-sponsorship-program-in-lebanon-and-jordan","https://static.wixstatic.com/media/11062b_c67939a99eaf442d95d3f851857ceedf~mv2.png/v1/fill/w_28,h_28,al_c,q_85,usm_0.66_1.00_0.01,enc_avif,quality_auto/11062b_c67939a99eaf442d95d3f851857ceedf~mv2.png",""
"https://www.lifeusa.org/post/education-is-emancipation-empowering-women-today","https://static.wixstatic.com/media/11062b_c67939a99eaf442d95d3f851857ceedf~mv2.png/v1/fill/w_28,h_28,al_c,q_85,usm_0.66_1.00_0.01,enc_avif,quality_auto/11062b_c67939a99eaf442d95d3f851857ceedf~mv2.png",""
"https://www.lifeusa.org/no/tags/orphan","https://static.wixstatic.com/media/11062b_c67939a99eaf442d95d3f851857ceedf~mv2.png/v1/fill/w_28,h_28,al_c,q_85,usm_0.66_1.00_0.01,enc_avif,quality_auto/11062b_c67939a99eaf442d95d3f851857ceedf~mv2.png",""
"https://www.lifeusa.org/post/hearing-the-call-louisiana","https://static.wixstatic.com/media/11062b_c67939a99eaf442d95d3f851857ceedf~mv2.png/v1/fill/w_28,h_28,al_c,q_85,usm_0.66_1.00_0.01,enc_avif,quality_auto/11062b_c67939a99eaf442d95d3f851857ceedf~mv2.png",""
"https://www.lifeusa.org/post/back-to-school-in-kenya","https://static.wixstatic.com/media/11062b_c67939a99eaf442d95d3f851857ceedf~mv2.png/v1/fill/w_28,h_28,al_c,q_85,usm_0.66_1.00_0.01,enc_avif,quality_auto/11062b_c67939a99eaf442d95d3f851857ceedf~mv2.png",""
"https://www.lifeusa.org/post/back-to-school-project-haiti","https://static.wixstatic.com/media/11062b_c67939a99eaf442d95d3f851857ceedf~mv2.png/v1/fill/w_28,h_28,al_c,q_85,usm_0.66_1.00_0.01,enc_avif,quality_auto/11062b_c67939a99eaf442d95d3f851857ceedf~mv2.png",""
"https://www.lifeusa.org/post/back-to-school-iraq","https://static.wixstatic.com/media/11062b_c67939a99eaf442d95d3f851857ceedf~mv2.png/v1/fill/w_28,h_28,al_c,q_85,usm_0.66_1.00_0.01,enc_avif,quality_auto/11062b_c67939a99eaf442d95d3f851857ceedf~mv2.png",""
"https://www.lifeusa.org/post/food-baskets-in-bangladesh","https://static.wixstatic.com/media/11062b_c67939a99eaf442d95d3f851857ceedf~mv2.png/v1/fill/w_28,h_28,al_c,q_85,usm_0.66_1.00_0.01,enc_avif,quality_auto/11062b_c67939a99eaf442d95d3f851857ceedf~mv2.png",""
"https://www.lifeusa.org/post/the-story-of-resilience-and-hope-life-brings-joy-to-al-islah-village-in-iraq","https://static.wixstatic.com/media/11062b_c67939a99eaf442d95d3f851857ceedf~mv2.png/v1/fill/w_28,h_28,al_c,q_85,usm_0.66_1.00_0.01,enc_avif,quality_auto/11062b_c67939a99eaf442d95d3f851857ceedf~mv2.png",""
"https://www.lifeusa.org/post/life-distributes-ramadan-food-baskets-in-lebanon","https://static.wixstatic.com/media/11062b_c67939a99eaf442d95d3f851857ceedf~mv2.png/v1/fill/w_28,h_28,al_c,q_85,usm_0.66_1.00_0.01,enc_avif,quality_auto/11062b_c67939a99eaf442d95d3f851857ceedf~mv2.png",""
"https://www.lifeusa.org/post/discovering-ramadan-2024-fasting-charity-and-spiritual-nourishment","https://static.wixstatic.com/media/11062b_c67939a99eaf442d95d3f851857ceedf~mv2.png/v1/fill/w_28,h_28,al_c,q_85,usm_0.66_1.00_0.01,enc_avif,quality_auto/11062b_c67939a99eaf442d95d3f851857ceedf~mv2.png",""
"https://www.lifeusa.org/post/united-against-hunger-life-for-relief-and-development-s-life-global-expansion-is-set-to-feed-mill","https://static.wixstatic.com/media/11062b_c67939a99eaf442d95d3f851857ceedf~mv2.png/v1/fill/w_28,h_28,al_c,q_85,usm_0.66_1.00_0.01,enc_avif,quality_auto/11062b_c67939a99eaf442d95d3f851857ceedf~mv2.png",""
"https://www.lifeusa.org/post/life-distributes-ramadan-food-baskets-in-the-horn-of-africa","https://static.wixstatic.com/media/11062b_c67939a99eaf442d95d3f851857ceedf~mv2.png/v1/fill/w_28,h_28,al_c,q_85,usm_0.66_1.00_0.01,enc_avif,quality_auto/11062b_c67939a99eaf442d95d3f851857ceedf~mv2.png",""
"https://www.lifeusa.org/post/life-distributes-food-baskets-during-ramadan-in-bosnia","https://static.wixstatic.com/media/11062b_c67939a99eaf442d95d3f851857ceedf~mv2.png/v1/fill/w_28,h_28,al_c,q_85,usm_0.66_1.00_0.01,enc_avif,quality_auto/11062b_c67939a99eaf442d95d3f851857ceedf~mv2.png",""
"https://www.lifeusa.org/post/life-distributes-ramadan-food-baskets-in-haiti","https://static.wixstatic.com/media/11062b_c67939a99eaf442d95d3f851857ceedf~mv2.png/v1/fill/w_28,h_28,al_c,q_85,usm_0.66_1.00_0.01,enc_avif,quality_auto/11062b_c67939a99eaf442d95d3f851857ceedf~mv2.png",""
"https://www.lifeusa.org/post/life-provides-food-baskets-to-orphans-in-iraq","https://static.wixstatic.com/media/11062b_c67939a99eaf442d95d3f851857ceedf~mv2.png/v1/fill/w_28,h_28,al_c,q_85,usm_0.66_1.00_0.01,enc_avif,quality_auto/11062b_c67939a99eaf442d95d3f851857ceedf~mv2.png",""
"https://www.lifeusa.org/post/why-giving-makes-you-wealthier","https://static.wixstatic.com/media/11062b_c67939a99eaf442d95d3f851857ceedf~mv2.png/v1/fill/w_28,h_28,al_c,q_85,usm_0.66_1.00_0.01,enc_avif,quality_auto/11062b_c67939a99eaf442d95d3f851857ceedf~mv2.png",""
"https://www.lifeusa.org/post/sports-field-rehabilitation-in-iraq","https://static.wixstatic.com/media/11062b_c67939a99eaf442d95d3f851857ceedf~mv2.png/v1/fill/w_28,h_28,al_c,q_85,usm_0.66_1.00_0.01,enc_avif,quality_auto/11062b_c67939a99eaf442d95d3f851857ceedf~mv2.png",""
"https://www.lifeusa.org/post/furniture-for-new-horizon-s-ministries","https://static.wixstatic.com/media/11062b_c67939a99eaf442d95d3f851857ceedf~mv2.png/v1/fill/w_28,h_28,al_c,q_85,usm_0.66_1.00_0.01,enc_avif,quality_auto/11062b_c67939a99eaf442d95d3f851857ceedf~mv2.png",""
"https://www.lifeusa.org/post/unprecedented-flooding-in-libya-a-call-for-global-solidarity-and-action","https://static.wixstatic.com/media/11062b_c67939a99eaf442d95d3f851857ceedf~mv2.png/v1/fill/w_28,h_28,al_c,q_85,usm_0.66_1.00_0.01,enc_avif,quality_auto/11062b_c67939a99eaf442d95d3f851857ceedf~mv2.png",""
"https://www.lifeusa.org/post/how-your-donations-are-reaching-gaza-s-desperate-families-despite-all-odds","https://static.wixstatic.com/media/11062b_c67939a99eaf442d95d3f851857ceedf~mv2.png/v1/fill/w_28,h_28,al_c,q_85,usm_0.66_1.00_0.01,enc_avif,quality_auto/11062b_c67939a99eaf442d95d3f851857ceedf~mv2.png",""
"https://www.lifeusa.org/post/what-to-expect-and-how-to-prepare-for-hurricane-ian","https://static.wixstatic.com/media/11062b_c67939a99eaf442d95d3f851857ceedf~mv2.png/v1/fill/w_28,h_28,al_c,q_85,usm_0.66_1.00_0.01,enc_avif,quality_auto/11062b_c67939a99eaf442d95d3f851857ceedf~mv2.png",""
"https://www.lifeusa.org/post/eastern-africa-is-on-fire","https://static.wixstatic.com/media/11062b_c67939a99eaf442d95d3f851857ceedf~mv2.png/v1/fill/w_28,h_28,al_c,q_85,usm_0.66_1.00_0.01,enc_avif,quality_auto/11062b_c67939a99eaf442d95d3f851857ceedf~mv2.png",""
"https://www.lifeusa.org/post/stuck-between-burning-fire-and-freezing-ice","https://static.wixstatic.com/media/11062b_c67939a99eaf442d95d3f851857ceedf~mv2.png/v1/fill/w_28,h_28,al_c,q_85,usm_0.66_1.00_0.01,enc_avif,quality_auto/11062b_c67939a99eaf442d95d3f851857ceedf~mv2.png",""
"https://www.lifeusa.org/post/be-the-light-this-thanksgiving","https://static.wixstatic.com/media/11062b_c67939a99eaf442d95d3f851857ceedf~mv2.png/v1/fill/w_28,h_28,al_c,q_85,usm_0.66_1.00_0.01,enc_avif,quality_auto/11062b_c67939a99eaf442d95d3f851857ceedf~mv2.png",""
"https://www.lifeusa.org/post/behind-the-label-refugee","https://static.wixstatic.com/media/11062b_c67939a99eaf442d95d3f851857ceedf~mv2.png/v1/fill/w_28,h_28,al_c,q_85,usm_0.66_1.00_0.01,enc_avif,quality_auto/11062b_c67939a99eaf442d95d3f851857ceedf~mv2.png",""
"https://www.lifeusa.org/no/tags/thanksgiving","https://static.wixstatic.com/media/11062b_c67939a99eaf442d95d3f851857ceedf~mv2.png/v1/fill/w_28,h_28,al_c,q_85,usm_0.66_1.00_0.01,enc_avif,quality_auto/11062b_c67939a99eaf442d95d3f851857ceedf~mv2.png",""
"https://www.lifeusa.org/no/tags/winter-warmth","https://static.wixstatic.com/media/11062b_c67939a99eaf442d95d3f851857ceedf~mv2.png/v1/fill/w_28,h_28,al_c,q_85,usm_0.66_1.00_0.01,enc_avif,quality_auto/11062b_c67939a99eaf442d95d3f851857ceedf~mv2.png",""
"https://www.lifeusa.org/post/life-distributes-udhiyah-meat-in-afghanistan","https://static.wixstatic.com/media/11062b_c67939a99eaf442d95d3f851857ceedf~mv2.png/v1/fill/w_28,h_28,al_c,q_85,usm_0.66_1.00_0.01,enc_avif,quality_auto/11062b_c67939a99eaf442d95d3f851857ceedf~mv2.png",""
"https://www.lifeusa.org/no/tags/somalia-1","https://static.wixstatic.com/media/11062b_c67939a99eaf442d95d3f851857ceedf~mv2.png/v1/fill/w_28,h_28,al_c,q_85,usm_0.66_1.00_0.01,enc_avif,quality_auto/11062b_c67939a99eaf442d95d3f851857ceedf~mv2.png",""
"https://www.lifeusa.org/no/tags/seasonal-projects","https://static.wixstatic.com/media/11062b_c67939a99eaf442d95d3f851857ceedf~mv2.png/v1/fill/w_28,h_28,al_c,q_85,usm_0.66_1.00_0.01,enc_avif,quality_auto/11062b_c67939a99eaf442d95d3f851857ceedf~mv2.png",""
"https://www.lifeusa.org/no/tags/hurricane-ian","https://static.wixstatic.com/media/11062b_c67939a99eaf442d95d3f851857ceedf~mv2.png/v1/fill/w_28,h_28,al_c,q_85,usm_0.66_1.00_0.01,enc_avif,quality_auto/11062b_c67939a99eaf442d95d3f851857ceedf~mv2.png",""
"https://www.lifeusa.org/no/tags/hurricane","https://static.wixstatic.com/media/11062b_c67939a99eaf442d95d3f851857ceedf~mv2.png/v1/fill/w_28,h_28,al_c,q_85,usm_0.66_1.00_0.01,enc_avif,quality_auto/11062b_c67939a99eaf442d95d3f851857ceedf~mv2.png",""
"https://www.lifeusa.org/no/tags/charity-builds-wealth","https://static.wixstatic.com/media/11062b_c67939a99eaf442d95d3f851857ceedf~mv2.png/v1/fill/w_28,h_28,al_c,q_85,usm_0.66_1.00_0.01,enc_avif,quality_auto/11062b_c67939a99eaf442d95d3f851857ceedf~mv2.png",""
"https://www.lifeusa.org/no/tags/iraq-1","https://static.wixstatic.com/media/11062b_c67939a99eaf442d95d3f851857ceedf~mv2.png/v1/fill/w_28,h_28,al_c,q_85,usm_0.66_1.00_0.01,enc_avif,quality_auto/11062b_c67939a99eaf442d95d3f851857ceedf~mv2.png",""
"https://www.lifeusa.org/no/tags/furniture","https://static.wixstatic.com/media/11062b_c67939a99eaf442d95d3f851857ceedf~mv2.png/v1/fill/w_28,h_28,al_c,q_85,usm_0.66_1.00_0.01,enc_avif,quality_auto/11062b_c67939a99eaf442d95d3f851857ceedf~mv2.png",""
"https://www.lifeusa.org/no/tags/libya","https://static.wixstatic.com/media/11062b_c67939a99eaf442d95d3f851857ceedf~mv2.png/v1/fill/w_28,h_28,al_c,q_85,usm_0.66_1.00_0.01,enc_avif,quality_auto/11062b_c67939a99eaf442d95d3f851857ceedf~mv2.png",""
"https://www.lifeusa.org/no/tags/ethiopia","https://static.wixstatic.com/media/11062b_c67939a99eaf442d95d3f851857ceedf~mv2.png/v1/fill/w_28,h_28,al_c,q_85,usm_0.66_1.00_0.01,enc_avif,quality_auto/11062b_c67939a99eaf442d95d3f851857ceedf~mv2.png",""
"https://www.lifeusa.org/no/tags/sudan","https://static.wixstatic.com/media/11062b_c67939a99eaf442d95d3f851857ceedf~mv2.png/v1/fill/w_28,h_28,al_c,q_85,usm_0.66_1.00_0.01,enc_avif,quality_auto/11062b_c67939a99eaf442d95d3f851857ceedf~mv2.png",""
"https://www.lifeusa.org/no/tags/bosnia","https://static.wixstatic.com/media/11062b_c67939a99eaf442d95d3f851857ceedf~mv2.png/v1/fill/w_28,h_28,al_c,q_85,usm_0.66_1.00_0.01,enc_avif,quality_auto/11062b_c67939a99eaf442d95d3f851857ceedf~mv2.png",""
"https://www.lifeusa.org/no/tags/uganda","https://static.wixstatic.com/media/11062b_c67939a99eaf442d95d3f851857ceedf~mv2.png/v1/fill/w_28,h_28,al_c,q_85,usm_0.66_1.00_0.01,enc_avif,quality_auto/11062b_c67939a99eaf442d95d3f851857ceedf~mv2.png",""
"https://www.lifeusa.org/no/tags/djibouti","https://static.wixstatic.com/media/11062b_c67939a99eaf442d95d3f851857ceedf~mv2.png/v1/fill/w_28,h_28,al_c,q_85,usm_0.66_1.00_0.01,enc_avif,quality_auto/11062b_c67939a99eaf442d95d3f851857ceedf~mv2.png",""
"https://www.lifeusa.org/no/tags/south-sudan","https://static.wixstatic.com/media/11062b_c67939a99eaf442d95d3f851857ceedf~mv2.png/v1/fill/w_28,h_28,al_c,q_85,usm_0.66_1.00_0.01,enc_avif,quality_auto/11062b_c67939a99eaf442d95d3f851857ceedf~mv2.png",""
"https://www.lifeusa.org/no/tags/somalia","https://static.wixstatic.com/media/11062b_c67939a99eaf442d95d3f851857ceedf~mv2.png/v1/fill/w_28,h_28,al_c,q_85,usm_0.66_1.00_0.01,enc_avif,quality_auto/11062b_c67939a99eaf442d95d3f851857ceedf~mv2.png",""
"https://www.lifeusa.org/no/tags/eritrea","https://static.wixstatic.com/media/11062b_c67939a99eaf442d95d3f851857ceedf~mv2.png/v1/fill/w_28,h_28,al_c,q_85,usm_0.66_1.00_0.01,enc_avif,quality_auto/11062b_c67939a99eaf442d95d3f851857ceedf~mv2.png",""
"https://www.lifeusa.org/no/tags/ramadan","https://static.wixstatic.com/media/11062b_c67939a99eaf442d95d3f851857ceedf~mv2.png/v1/fill/w_28,h_28,al_c,q_85,usm_0.66_1.00_0.01,enc_avif,quality_auto/11062b_c67939a99eaf442d95d3f851857ceedf~mv2.png",""
"https://www.lifeusa.org/no/tags/bangladesh","https://static.wixstatic.com/media/11062b_c67939a99eaf442d95d3f851857ceedf~mv2.png/v1/fill/w_28,h_28,al_c,q_85,usm_0.66_1.00_0.01,enc_avif,quality_auto/11062b_c67939a99eaf442d95d3f851857ceedf~mv2.png",""
"https://www.lifeusa.org/no/tags/iraq","https://static.wixstatic.com/media/11062b_c67939a99eaf442d95d3f851857ceedf~mv2.png/v1/fill/w_28,h_28,al_c,q_85,usm_0.66_1.00_0.01,enc_avif,quality_auto/11062b_c67939a99eaf442d95d3f851857ceedf~mv2.png",""
"https://www.lifeusa.org/no/tags/haiti","https://static.wixstatic.com/media/11062b_c67939a99eaf442d95d3f851857ceedf~mv2.png/v1/fill/w_28,h_28,al_c,q_85,usm_0.66_1.00_0.01,enc_avif,quality_auto/11062b_c67939a99eaf442d95d3f851857ceedf~mv2.png",""
"https://www.lifeusa.org/no/tags/kenya","https://static.wixstatic.com/media/11062b_c67939a99eaf442d95d3f851857ceedf~mv2.png/v1/fill/w_28,h_28,al_c,q_85,usm_0.66_1.00_0.01,enc_avif,quality_auto/11062b_c67939a99eaf442d95d3f851857ceedf~mv2.png",""
"https://www.lifeusa.org/no/tags/national-women-s-month","https://static.wixstatic.com/media/11062b_c67939a99eaf442d95d3f851857ceedf~mv2.png/v1/fill/w_28,h_28,al_c,q_85,usm_0.66_1.00_0.01,enc_avif,quality_auto/11062b_c67939a99eaf442d95d3f851857ceedf~mv2.png",""
"https://www.lifeusa.org/no/tags/lebanon","https://static.wixstatic.com/media/11062b_c67939a99eaf442d95d3f851857ceedf~mv2.png/v1/fill/w_28,h_28,al_c,q_85,usm_0.66_1.00_0.01,enc_avif,quality_auto/11062b_c67939a99eaf442d95d3f851857ceedf~mv2.png",""
"https://www.lifeusa.org/no/tags/share","https://static.wixstatic.com/media/11062b_c67939a99eaf442d95d3f851857ceedf~mv2.png/v1/fill/w_28,h_28,al_c,q_85,usm_0.66_1.00_0.01,enc_avif,quality_auto/11062b_c67939a99eaf442d95d3f851857ceedf~mv2.png",""
"https://www.lifeusa.org/no/tags/udhiyah","https://static.wixstatic.com/media/11062b_c67939a99eaf442d95d3f851857ceedf~mv2.png/v1/fill/w_28,h_28,al_c,q_85,usm_0.66_1.00_0.01,enc_avif,quality_auto/11062b_c67939a99eaf442d95d3f851857ceedf~mv2.png",""
"https://www.lifeusa.org/post/winter-blankets-bangladesh","https://static.wixstatic.com/media/11062b_c67939a99eaf442d95d3f851857ceedf~mv2.png/v1/fill/w_28,h_28,al_c,q_85,usm_0.66_1.00_0.01,enc_avif,quality_auto/11062b_c67939a99eaf442d95d3f851857ceedf~mv2.png",""
"https://www.lifeusa.org/post/when-zakat-islamic-charity-almost-eradicated-poverty","https://static.wixstatic.com/media/11062b_c67939a99eaf442d95d3f851857ceedf~mv2.png/v1/fill/w_28,h_28,al_c,q_85,usm_0.66_1.00_0.01,enc_avif,quality_auto/11062b_c67939a99eaf442d95d3f851857ceedf~mv2.png",""
"https://www.lifeusa.org/post/life-distributes-ramadan-meals-in-mali","https://static.wixstatic.com/media/11062b_c67939a99eaf442d95d3f851857ceedf~mv2.png/v1/fill/w_28,h_28,al_c,q_85,usm_0.66_1.00_0.01,enc_avif,quality_auto/11062b_c67939a99eaf442d95d3f851857ceedf~mv2.png",""
"https://www.lifeusa.org/post/pakistan-fresh-meat-distribution-and-orphan-eid-party","https://static.wixstatic.com/media/11062b_c67939a99eaf442d95d3f851857ceedf~mv2.png/v1/fill/w_28,h_28,al_c,q_85,usm_0.66_1.00_0.01,enc_avif,quality_auto/11062b_c67939a99eaf442d95d3f851857ceedf~mv2.png",""
"https://www.lifeusa.org/post/life-distributes-udhiyah-meat-in-egypt","https://static.wixstatic.com/media/11062b_c67939a99eaf442d95d3f851857ceedf~mv2.png/v1/fill/w_28,h_28,al_c,q_85,usm_0.66_1.00_0.01,enc_avif,quality_auto/11062b_c67939a99eaf442d95d3f851857ceedf~mv2.png",""
"https://www.lifeusa.org/post/life-distributes-fresh-meat-in-bosnia-and-herzegovina","https://static.wixstatic.com/media/11062b_c67939a99eaf442d95d3f851857ceedf~mv2.png/v1/fill/w_28,h_28,al_c,q_85,usm_0.66_1.00_0.01,enc_avif,quality_auto/11062b_c67939a99eaf442d95d3f851857ceedf~mv2.png",""
"https://www.lifeusa.org/post/life-distributes-fresh-meat-in-syria","https://static.wixstatic.com/media/11062b_c67939a99eaf442d95d3f851857ceedf~mv2.png/v1/fill/w_28,h_28,al_c,q_85,usm_0.66_1.00_0.01,enc_avif,quality_auto/11062b_c67939a99eaf442d95d3f851857ceedf~mv2.png",""
"https://www.lifeusa.org/post/life-distributes-ramadan-food-baskets-yemen","https://static.wixstatic.com/media/11062b_c67939a99eaf442d95d3f851857ceedf~mv2.png/v1/fill/w_28,h_28,al_c,q_85,usm_0.66_1.00_0.01,enc_avif,quality_auto/11062b_c67939a99eaf442d95d3f851857ceedf~mv2.png",""
"https://www.lifeusa.org/post/life-distributes-udhiyah-meat-in-somalia","https://static.wixstatic.com/media/11062b_c67939a99eaf442d95d3f851857ceedf~mv2.png/v1/fill/w_28,h_28,al_c,q_85,usm_0.66_1.00_0.01,enc_avif,quality_auto/11062b_c67939a99eaf442d95d3f851857ceedf~mv2.png",""
"https://www.lifeusa.org/post/life-distributes-fresh-meat-in-sudan","https://static.wixstatic.com/media/11062b_c67939a99eaf442d95d3f851857ceedf~mv2.png/v1/fill/w_28,h_28,al_c,q_85,usm_0.66_1.00_0.01,enc_avif,quality_auto/11062b_c67939a99eaf442d95d3f851857ceedf~mv2.png",""
"https://www.lifeusa.org/post/life-distributes-fresh-meat-in-djibouti","https://static.wixstatic.com/media/11062b_c67939a99eaf442d95d3f851857ceedf~mv2.png/v1/fill/w_28,h_28,al_c,q_85,usm_0.66_1.00_0.01,enc_avif,quality_auto/11062b_c67939a99eaf442d95d3f851857ceedf~mv2.png",""
"https://www.lifeusa.org/post/life-distributes-fresh-meat-in-ethiopia","https://static.wixstatic.com/media/11062b_c67939a99eaf442d95d3f851857ceedf~mv2.png/v1/fill/w_28,h_28,al_c,q_85,usm_0.66_1.00_0.01,enc_avif,quality_auto/11062b_c67939a99eaf442d95d3f851857ceedf~mv2.png",""
"https://www.lifeusa.org/no/tags/yemen","https://static.wixstatic.com/media/11062b_c67939a99eaf442d95d3f851857ceedf~mv2.png/v1/fill/w_28,h_28,al_c,q_85,usm_0.66_1.00_0.01,enc_avif,quality_auto/11062b_c67939a99eaf442d95d3f851857ceedf~mv2.png",""
"https://www.lifeusa.org/no/tags/bosnia-1","https://static.wixstatic.com/media/11062b_c67939a99eaf442d95d3f851857ceedf~mv2.png/v1/fill/w_28,h_28,al_c,q_85,usm_0.66_1.00_0.01,enc_avif,quality_auto/11062b_c67939a99eaf442d95d3f851857ceedf~mv2.png",""
"https://www.lifeusa.org/no/tags/egypt","https://static.wixstatic.com/media/11062b_c67939a99eaf442d95d3f851857ceedf~mv2.png/v1/fill/w_28,h_28,al_c,q_85,usm_0.66_1.00_0.01,enc_avif,quality_auto/11062b_c67939a99eaf442d95d3f851857ceedf~mv2.png",""
"https://www.lifeusa.org/post/what-is-udhiyah-qurbani-in-islam","https://static.wixstatic.com/media/11062b_c67939a99eaf442d95d3f851857ceedf~mv2.png/v1/fill/w_28,h_28,al_c,q_85,usm_0.66_1.00_0.01,enc_avif,quality_auto/11062b_c67939a99eaf442d95d3f851857ceedf~mv2.png",""
"https://www.lifeusa.org/no/tags/herzegovina","https://static.wixstatic.com/media/11062b_c67939a99eaf442d95d3f851857ceedf~mv2.png/v1/fill/w_28,h_28,al_c,q_85,usm_0.66_1.00_0.01,enc_avif,quality_auto/11062b_c67939a99eaf442d95d3f851857ceedf~mv2.png",""
"https://www.lifeusa.org/no/tags/fresh-meat","https://static.wixstatic.com/media/11062b_c67939a99eaf442d95d3f851857ceedf~mv2.png/v1/fill/w_28,h_28,al_c,q_85,usm_0.66_1.00_0.01,enc_avif,quality_auto/11062b_c67939a99eaf442d95d3f851857ceedf~mv2.png",""
"https://www.lifeusa.org/no/tags/pakistan-1","https://static.wixstatic.com/media/11062b_c67939a99eaf442d95d3f851857ceedf~mv2.png/v1/fill/w_28,h_28,al_c,q_85,usm_0.66_1.00_0.01,enc_avif,quality_auto/11062b_c67939a99eaf442d95d3f851857ceedf~mv2.png",""
"https://www.lifeusa.org/no/tags/eid","https://static.wixstatic.com/media/11062b_c67939a99eaf442d95d3f851857ceedf~mv2.png/v1/fill/w_28,h_28,al_c,q_85,usm_0.66_1.00_0.01,enc_avif,quality_auto/11062b_c67939a99eaf442d95d3f851857ceedf~mv2.png",""
"https://www.lifeusa.org/no/tags/orphan-1","https://static.wixstatic.com/media/11062b_c67939a99eaf442d95d3f851857ceedf~mv2.png/v1/fill/w_28,h_28,al_c,q_85,usm_0.66_1.00_0.01,enc_avif,quality_auto/11062b_c67939a99eaf442d95d3f851857ceedf~mv2.png",""
"https://www.lifeusa.org/no/tags/mali","https://static.wixstatic.com/media/11062b_c67939a99eaf442d95d3f851857ceedf~mv2.png/v1/fill/w_28,h_28,al_c,q_85,usm_0.66_1.00_0.01,enc_avif,quality_auto/11062b_c67939a99eaf442d95d3f851857ceedf~mv2.png",""
"https://www.lifeusa.org/no/tags/zakat","https://static.wixstatic.com/media/11062b_c67939a99eaf442d95d3f851857ceedf~mv2.png/v1/fill/w_28,h_28,al_c,q_85,usm_0.66_1.00_0.01,enc_avif,quality_auto/11062b_c67939a99eaf442d95d3f851857ceedf~mv2.png",""
"https://www.lifeusa.org/no/tags/winter","https://static.wixstatic.com/media/11062b_c67939a99eaf442d95d3f851857ceedf~mv2.png/v1/fill/w_28,h_28,al_c,q_85,usm_0.66_1.00_0.01,enc_avif,quality_auto/11062b_c67939a99eaf442d95d3f851857ceedf~mv2.png",""
"https://www.lifeusa.org/","https://static.wixstatic.com/media/6df904_7bb6300a23a54ab3ad1af92fd5ffc619~mv2.jpg/v1/fill/w_495,h_508,al_c,q_80,enc_avif,quality_auto/6df904_7bb6300a23a54ab3ad1af92fd5ffc619~mv2.jpg",""
"https://www.lifeusa.org/","https://static.wixstatic.com/media/6df904_7bb6300a23a54ab3ad1af92fd5ffc619~mv2.jpg/v1/fill/w_495,h_508,al_c,q_80,enc_avif,quality_auto/6df904_7bb6300a23a54ab3ad1af92fd5ffc619~mv2.jpg",""
"https://www.lifeusa.org/","https://static.wixstatic.com/media/6df904_fccaa1cedab44d95a9163bf261f0271d~mv2.jpg/v1/fill/w_495,h_508,al_c,q_80,enc_avif,quality_auto/6df904_fccaa1cedab44d95a9163bf261f0271d~mv2.jpg",""
"https://www.lifeusa.org/","https://static.wixstatic.com/media/6df904_fccaa1cedab44d95a9163bf261f0271d~mv2.jpg/v1/fill/w_495,h_508,al_c,q_80,enc_avif,quality_auto/6df904_fccaa1cedab44d95a9163bf261f0271d~mv2.jpg",""
"https://www.lifeusa.org/","https://static.wixstatic.com/media/6df904_aef58c5f84f34fa580190dc7f3e18290~mv2.png/v1/fill/w_147,h_260,q_90,enc_avif,quality_auto/6df904_aef58c5f84f34fa580190dc7f3e18290~mv2.png",""
"https://www.lifeusa.org/about","https://static.wixstatic.com/media/74d008_60373a5651db4d4bba719079dc9ad3a3~mv2.jpg/v1/crop/x_1240,y_0,w_2134,h_1980/fill/w_332,h_304,al_c,q_80,usm_0.66_1.00_0.01,enc_avif,quality_auto/74d008_60373a5651db4d4bba719079dc9ad3a3~mv2.jpg",""
"https://www.lifeusa.org/financial-reports","https://static.wixstatic.com/media/6df904_7046bfa2a7c047e28e29c451502c7c36~mv2.jpg/v1/fill/w_402,h_214,al_c,q_80,usm_0.66_1.00_0.01,enc_avif,quality_auto/6df904_7046bfa2a7c047e28e29c451502c7c36~mv2.jpg",""
"https://www.lifeusa.org/post/the-world-keeps-making-more-plastic-and-the-cost-is-human","https://static.wixstatic.com/media/74d008_54b00c8396124ccbbf6558c8c680bff6~mv2.jpg/v1/fill/w_980,h_735,al_c,q_85,usm_0.66_1.00_0.01,enc_avif,quality_auto/74d008_54b00c8396124ccbbf6558c8c680bff6~mv2.jpg",""
"https://www.lifeusa.org/post/children-in-crisis-the-psychological-toll-of-violence","https://static.wixstatic.com/media/74d008_32b97fd064514478bc3f716a2a003b9d~mv2.jpg/v1/fill/w_980,h_653,al_c,q_85,usm_0.66_1.00_0.01,enc_avif,quality_auto/74d008_32b97fd064514478bc3f716a2a003b9d~mv2.jpg",""
"https://www.lifeusa.org/post/the-global-environmental-crisis-water-climate-and-life-s-impact","https://static.wixstatic.com/media/74d008_e2a9e9488206483689b60d1242091978~mv2.jpg/v1/fill/w_980,h_653,al_c,q_85,usm_0.66_1.00_0.01,enc_avif,quality_auto/74d008_e2a9e9488206483689b60d1242091978~mv2.jpg",""
"https://www.lifeusa.org/post/the-global-environmental-crisis-water-climate-and-life-s-impact","https://static.wixstatic.com/media/74d008_aef8db8ad4e2439f97da09cdd7627f2b~mv2.jpg/v1/fill/w_980,h_653,al_c,q_85,usm_0.66_1.00_0.01,enc_avif,quality_auto/74d008_aef8db8ad4e2439f97da09cdd7627f2b~mv2.jpg",""
"https://www.lifeusa.org/post/the-global-environmental-crisis-water-climate-and-life-s-impact","https://static.wixstatic.com/media/74d008_1c7f9e40793e4de6a4c170d1565568f4~mv2.jpg/v1/fill/w_980,h_653,al_c,q_85,usm_0.66_1.00_0.01,enc_avif,quality_auto/74d008_1c7f9e40793e4de6a4c170d1565568f4~mv2.jpg",""
"https://www.lifeusa.org/post/the-global-environmental-crisis-water-climate-and-life-s-impact","https://static.wixstatic.com/media/74d008_774a5d79b8f043cdbcc6ae31dc50363e~mv2.jpg/v1/fill/w_980,h_653,al_c,q_85,usm_0.66_1.00_0.01,enc_avif,quality_auto/74d008_774a5d79b8f043cdbcc6ae31dc50363e~mv2.jpg",""
"https://www.lifeusa.org/post/the-global-environmental-crisis-water-climate-and-life-s-impact","https://static.wixstatic.com/media/74d008_e9def9fe8aee45598d9260c847368cc3~mv2.jpg/v1/fill/w_980,h_735,al_c,q_85,usm_0.66_1.00_0.01,enc_avif,quality_auto/74d008_e9def9fe8aee45598d9260c847368cc3~mv2.jpg",""
"https://www.lifeusa.org/post/the-global-environmental-crisis-water-climate-and-life-s-impact","https://static.wixstatic.com/media/74d008_d05f3b0b248e4f4dbaff94ded7b31a3e~mv2.jpg/v1/fill/w_980,h_653,al_c,q_85,usm_0.66_1.00_0.01,enc_avif,quality_auto/74d008_d05f3b0b248e4f4dbaff94ded7b31a3e~mv2.jpg",""
"https://www.lifeusa.org/post/the-global-environmental-crisis-water-climate-and-life-s-impact","https://static.wixstatic.com/media/74d008_8bc66045628f49088ad7f647fa207ccb~mv2.jpg/v1/fill/w_980,h_735,al_c,q_85,usm_0.66_1.00_0.01,enc_avif,quality_auto/74d008_8bc66045628f49088ad7f647fa207ccb~mv2.jpg",""
"https://www.lifeusa.org/post/the-global-environmental-crisis-water-climate-and-life-s-impact","https://static.wixstatic.com/media/74d008_5ec66d656e5f4aa8bcba4d98d29da92b~mv2.jpg/v1/fill/w_980,h_551,al_c,q_85,usm_0.66_1.00_0.01,enc_avif,quality_auto/74d008_5ec66d656e5f4aa8bcba4d98d29da92b~mv2.jpg",""
"https://www.lifeusa.org/post/the-global-environmental-crisis-water-climate-and-life-s-impact","https://static.wixstatic.com/media/74d008_4bec74c3884146c5b331b2ab877efc3d~mv2.jpg/v1/fill/w_980,h_551,al_c,q_85,usm_0.66_1.00_0.01,enc_avif,quality_auto/74d008_4bec74c3884146c5b331b2ab877efc3d~mv2.jpg",""
"https://www.lifeusa.org/post/the-global-environmental-crisis-water-climate-and-life-s-impact","https://static.wixstatic.com/media/74d008_a8a1b5de2c1747bc826b7e195525f8dc~mv2.jpg/v1/fill/w_980,h_551,al_c,q_85,usm_0.66_1.00_0.01,enc_avif,quality_auto/74d008_a8a1b5de2c1747bc826b7e195525f8dc~mv2.jpg",""
"https://www.lifeusa.org/post/the-global-environmental-crisis-water-climate-and-life-s-impact","https://static.wixstatic.com/media/74d008_b4022e91eb0547068ae44ce1ec4a93ff~mv2.jpg/v1/fill/w_980,h_653,al_c,q_85,usm_0.66_1.00_0.01,enc_avif,quality_auto/74d008_b4022e91eb0547068ae44ce1ec4a93ff~mv2.jpg",""
"https://www.lifeusa.org/post/the-global-environmental-crisis-water-climate-and-life-s-impact","https://static.wixstatic.com/media/74d008_ca7074cc0ab44d63ba8925f2af75e5d2~mv2.jpg/v1/fill/w_980,h_980,al_c,q_85,usm_0.66_1.00_0.01,enc_avif,quality_auto/74d008_ca7074cc0ab44d63ba8925f2af75e5d2~mv2.jpg",""
"https://www.lifeusa.org/post/the-global-environmental-crisis-water-climate-and-life-s-impact","https://static.wixstatic.com/media/74d008_564ce1225f2d4575bbd6bedbceb421e3~mv2.jpg/v1/fill/w_980,h_654,al_c,q_85,usm_0.66_1.00_0.01,enc_avif,quality_auto/74d008_564ce1225f2d4575bbd6bedbceb421e3~mv2.jpg",""
"https://www.lifeusa.org/post/the-global-environmental-crisis-water-climate-and-life-s-impact","https://static.wixstatic.com/media/74d008_973cd22516eb4841967264e6fbdbbd59~mv2.jpg/v1/fill/w_980,h_654,al_c,q_85,usm_0.66_1.00_0.01,enc_avif,quality_auto/74d008_973cd22516eb4841967264e6fbdbbd59~mv2.jpg",""
"https://www.lifeusa.org/post/the-global-environmental-crisis-water-climate-and-life-s-impact","https://static.wixstatic.com/media/74d008_8b432cba17f34bb386818803f78ebbee~mv2.jpg/v1/fill/w_980,h_735,al_c,q_85,usm_0.66_1.00_0.01,enc_avif,quality_auto/74d008_8b432cba17f34bb386818803f78ebbee~mv2.jpg",""
"https://www.lifeusa.org/post/the-global-environmental-crisis-water-climate-and-life-s-impact","https://static.wixstatic.com/media/74d008_2d1adb32bb4349e3937eef47117b2985~mv2.jpg/v1/fill/w_980,h_653,al_c,q_85,usm_0.66_1.00_0.01,enc_avif,quality_auto/74d008_2d1adb32bb4349e3937eef47117b2985~mv2.jpg",""
"https://www.lifeusa.org/post/the-global-environmental-crisis-water-climate-and-life-s-impact","https://static.wixstatic.com/media/74d008_22c1a3d84aa44dcebba280e413181784~mv2.jpg/v1/fill/w_980,h_653,al_c,q_85,usm_0.66_1.00_0.01,enc_avif,quality_auto/74d008_22c1a3d84aa44dcebba280e413181784~mv2.jpg",""
"https://www.lifeusa.org/post/children-in-crisis-the-psychological-toll-of-violence","https://static.wixstatic.com/media/74d008_957ad6fb65b94cbaabe2963b018e0766~mv2.jpg/v1/fill/w_980,h_653,al_c,q_85,usm_0.66_1.00_0.01,enc_avif,quality_auto/74d008_957ad6fb65b94cbaabe2963b018e0766~mv2.jpg",""
"https://www.lifeusa.org/post/children-in-crisis-the-psychological-toll-of-violence","https://static.wixstatic.com/media/74d008_f27fffde2e2c4c5585ce07340ee6b6c5~mv2.jpg/v1/fill/w_980,h_564,al_c,q_85,usm_0.66_1.00_0.01,enc_avif,quality_auto/74d008_f27fffde2e2c4c5585ce07340ee6b6c5~mv2.jpg",""
"https://www.lifeusa.org/waystogive","https://static.wixstatic.com/media/74d008_99436a522d354e6ca5b1f53e440098ff~mv2.jpg/v1/fill/w_379,h_284,al_c,q_80,usm_0.66_1.00_0.01,enc_avif,quality_auto/74d008_99436a522d354e6ca5b1f53e440098ff~mv2.jpg",""
"https://www.lifeusa.org/media","https://static.wixstatic.com/media/74d008_196b357e0d4647bf85a4792e2dd73e34~mv2.jpg/v1/fill/w_965,h_570,al_c,q_85,usm_0.66_1.00_0.01,enc_avif,quality_auto/74d008_196b357e0d4647bf85a4792e2dd73e34~mv2.jpg",""
"https://www.lifeusa.org/post/what-happens-when-you-can-t-see-in-a-refugee-camp","https://static.wixstatic.com/media/74d008_f77f884049fb4e7282a11180f6a425bf~mv2.jpg/v1/fill/w_980,h_653,al_c,q_85,usm_0.66_1.00_0.01,enc_avif,quality_auto/74d008_f77f884049fb4e7282a11180f6a425bf~mv2.jpg",""
"https://www.lifeusa.org/post/the-power-of-listening-and-how-to-harness-it","https://static.wixstatic.com/media/74d008_296cafc1033f47d387456b0fadc55dec~mv2.jpg/v1/fill/w_900,h_636,al_c,q_85,enc_avif,quality_auto/74d008_296cafc1033f47d387456b0fadc55dec~mv2.jpg",""
"https://www.lifeusa.org/post/life-supports-mothers-and-orphans-in-gaza-with-critical-baby-formula-and-other-essentials","https://static.wixstatic.com/media/74d008_55c4c5d2d813488c81b082e32720a76d~mv2.jpg/v1/fill/w_980,h_551,al_c,q_85,usm_0.66_1.00_0.01,enc_avif,quality_auto/74d008_55c4c5d2d813488c81b082e32720a76d~mv2.jpg",""
"https://www.lifeusa.org/post/life-supports-mothers-and-orphans-in-gaza-with-critical-baby-formula-and-other-essentials","https://static.wixstatic.com/media/74d008_55c4c5d2d813488c81b082e32720a76d~mv2.jpg/v1/fill/w_980,h_551,al_c,q_85,usm_0.66_1.00_0.01,enc_avif,quality_auto/74d008_55c4c5d2d813488c81b082e32720a76d~mv2.jpg",""
"https://www.lifeusa.org/post/one-dollar-can-change-someone-s-life","https://static.wixstatic.com/media/74d008_e79981fc051c4130a751f66b70b9e30e~mv2.jpg/v1/fill/w_980,h_653,al_c,q_85,usm_0.66_1.00_0.01,enc_avif,quality_auto/74d008_e79981fc051c4130a751f66b70b9e30e~mv2.jpg",""
"https://www.lifeusa.org/post/one-dollar-can-change-someone-s-life","https://static.wixstatic.com/media/74d008_fa37bb6430d14ef1bdb7f8b40a30206f~mv2.jpg/v1/fill/w_980,h_935,al_c,q_85,usm_0.66_1.00_0.01,enc_avif,quality_auto/74d008_fa37bb6430d14ef1bdb7f8b40a30206f~mv2.jpg",""
"https://www.lifeusa.org/post/one-dollar-can-change-someone-s-life","https://static.wixstatic.com/media/74d008_649f8e1f93034c4fa2225fa46c2da20e~mv2.jpg/v1/fill/w_980,h_653,al_c,q_85,usm_0.66_1.00_0.01,enc_avif,quality_auto/74d008_649f8e1f93034c4fa2225fa46c2da20e~mv2.jpg",""
"https://www.lifeusa.org/post/one-dollar-can-change-someone-s-life","https://static.wixstatic.com/media/74d008_5db2346bbc9d44289329e9a538960e00~mv2.jpg/v1/fill/w_980,h_908,al_c,q_85,usm_0.66_1.00_0.01,enc_avif,quality_auto/74d008_5db2346bbc9d44289329e9a538960e00~mv2.jpg",""
"https://www.lifeusa.org/post/one-dollar-can-change-someone-s-life","https://static.wixstatic.com/media/74d008_cd12dc4b9ec44b18ba986796f9f43ea8~mv2.jpg/v1/fill/w_980,h_788,al_c,q_85,usm_0.66_1.00_0.01,enc_avif,quality_auto/74d008_cd12dc4b9ec44b18ba986796f9f43ea8~mv2.jpg",""
"https://www.lifeusa.org/post/one-dollar-can-change-someone-s-life","https://static.wixstatic.com/media/74d008_486d62358579436dbfa05a54e3ca5b19~mv2.jpg/v1/fill/w_980,h_735,al_c,q_85,usm_0.66_1.00_0.01,enc_avif,quality_auto/74d008_486d62358579436dbfa05a54e3ca5b19~mv2.jpg",""
"https://www.lifeusa.org/post/one-dollar-can-change-someone-s-life","https://static.wixstatic.com/media/74d008_4a6f2d731cde43c889ff45d63d416ead~mv2.jpg/v1/fill/w_980,h_980,al_c,q_85,usm_0.66_1.00_0.01,enc_avif,quality_auto/74d008_4a6f2d731cde43c889ff45d63d416ead~mv2.jpg",""
"https://www.lifeusa.org/post/charitable-giving-an-advantage-we-never-saw-coming-from-the-one-big-beautiful-bill-act","https://static.wixstatic.com/media/74d008_8b92e63dedcb42e3a48145c98b55a731~mv2.jpg/v1/fill/w_980,h_649,al_c,q_85,usm_0.66_1.00_0.01,enc_avif,quality_auto/74d008_8b92e63dedcb42e3a48145c98b55a731~mv2.jpg",""
"https://www.lifeusa.org/post/remembering-judge-frank-caprio-a-judge-who-redefined-leadership-through-compassion","https://static.wixstatic.com/media/74d008_db3a0eec64eb4bbca88a5df712ca2ddc~mv2.jpg/v1/fill/w_980,h_623,al_c,q_85,usm_0.66_1.00_0.01,enc_avif,quality_auto/74d008_db3a0eec64eb4bbca88a5df712ca2ddc~mv2.jpg",""
"https://www.lifeusa.org/post/one-dollar-can-change-someone-s-life","https://static.wixstatic.com/media/74d008_f291c7ae8e064d62a5b633b243afe84d~mv2.jpg/v1/fill/w_980,h_614,al_c,q_85,usm_0.66_1.00_0.01,enc_avif,quality_auto/74d008_f291c7ae8e064d62a5b633b243afe84d~mv2.jpg",""
"https://www.lifeusa.org/post/afghanistan-s-earthquake-stories-of-survival-and-relief","https://static.wixstatic.com/media/74d008_77382b5a917b4cf3b0c98a7618c47f33~mv2.jpg/v1/fill/w_688,h_445,al_c,q_80,enc_avif,quality_auto/74d008_77382b5a917b4cf3b0c98a7618c47f33~mv2.jpg",""
"https://www.lifeusa.org/post/why-one-gift-means-the-world-to-an-orphaned-child","https://static.wixstatic.com/media/74d008_9687b0c6985b45a18694966690a0bca7~mv2.jpg/v1/fill/w_980,h_571,al_c,q_85,usm_0.66_1.00_0.01,enc_avif,quality_auto/74d008_9687b0c6985b45a18694966690a0bca7~mv2.jpg",""
"https://www.lifeusa.org/post/why-one-gift-means-the-world-to-an-orphaned-child","https://static.wixstatic.com/media/74d008_698e2db810214c2fb4937d1650c42146~mv2.jpg/v1/fill/w_980,h_735,al_c,q_85,usm_0.66_1.00_0.01,enc_avif,quality_auto/74d008_698e2db810214c2fb4937d1650c42146~mv2.jpg",""
"https://www.lifeusa.org/post/why-one-gift-means-the-world-to-an-orphaned-child","https://static.wixstatic.com/media/74d008_d152df3d234c4f91bdd00f56a9a1d902~mv2.jpg/v1/fill/w_980,h_735,al_c,q_85,usm_0.66_1.00_0.01,enc_avif,quality_auto/74d008_d152df3d234c4f91bdd00f56a9a1d902~mv2.jpg",""
"https://www.lifeusa.org/post/why-one-gift-means-the-world-to-an-orphaned-child","https://static.wixstatic.com/media/74d008_8e08096876c64bf49762e5220bee759c~mv2.jpg/v1/fill/w_980,h_735,al_c,q_85,usm_0.66_1.00_0.01,enc_avif,quality_auto/74d008_8e08096876c64bf49762e5220bee759c~mv2.jpg",""
"https://www.lifeusa.org/post/afghanistan-s-earthquake-stories-of-survival-and-relief","https://static.wixstatic.com/media/74d008_08a32f2ed9ae4d389349e77a1b064fd8~mv2.jpg/v1/fill/w_980,h_653,al_c,q_85,usm_0.66_1.00_0.01,enc_avif,quality_auto/74d008_08a32f2ed9ae4d389349e77a1b064fd8~mv2.jpg",""
"https://www.lifeusa.org/post/remembering-judge-frank-caprio-a-judge-who-redefined-leadership-through-compassion","https://static.wixstatic.com/media/74d008_e54359864c8f4fa19f2c919b88f928ad~mv2.jpg/v1/fill/w_980,h_980,al_c,q_85,usm_0.66_1.00_0.01,enc_avif,quality_auto/74d008_e54359864c8f4fa19f2c919b88f928ad~mv2.jpg",""
"https://www.lifeusa.org/post/remembering-judge-frank-caprio-a-judge-who-redefined-leadership-through-compassion","https://static.wixstatic.com/media/74d008_b4a1d9e6636c422b8c322931a2e07ef7~mv2.jpg/v1/fill/w_980,h_735,al_c,q_85,usm_0.66_1.00_0.01,enc_avif,quality_auto/74d008_b4a1d9e6636c422b8c322931a2e07ef7~mv2.jpg",""
"https://www.lifeusa.org/post/remembering-judge-frank-caprio-a-judge-who-redefined-leadership-through-compassion","https://static.wixstatic.com/media/74d008_a187bc34cbd444c9aa5970c29c4ef244~mv2.jpg/v1/fill/w_980,h_654,al_c,q_85,usm_0.66_1.00_0.01,enc_avif,quality_auto/74d008_a187bc34cbd444c9aa5970c29c4ef244~mv2.jpg",""
"https://www.lifeusa.org/post/latest-cuts-to-humanitarian-aid-leave-millions-without-hope","https://static.wixstatic.com/media/74d008_773a81e57e52400a8d8b464a460cd2aa~mv2.jpg/v1/fill/w_980,h_1132,al_c,q_85,usm_0.66_1.00_0.01,enc_avif,quality_auto/74d008_773a81e57e52400a8d8b464a460cd2aa~mv2.jpg",""
"https://www.lifeusa.org/post/latest-cuts-to-humanitarian-aid-leave-millions-without-hope","https://static.wixstatic.com/media/74d008_fa7fd67ffe65418eb7369ad132656c61~mv2.jpg/v1/fill/w_980,h_653,al_c,q_85,usm_0.66_1.00_0.01,enc_avif,quality_auto/74d008_fa7fd67ffe65418eb7369ad132656c61~mv2.jpg",""
"https://www.lifeusa.org/post/latest-cuts-to-humanitarian-aid-leave-millions-without-hope","https://static.wixstatic.com/media/74d008_25aa9d768cc34f22bc4c10a9f066dec3~mv2.jpg/v1/fill/w_980,h_653,al_c,q_85,usm_0.66_1.00_0.01,enc_avif,quality_auto/74d008_25aa9d768cc34f22bc4c10a9f066dec3~mv2.jpg",""
"https://www.lifeusa.org/post/latest-cuts-to-humanitarian-aid-leave-millions-without-hope","https://static.wixstatic.com/media/74d008_dd55de728dab4989bd4ab968487a6c43~mv2.jpg/v1/fill/w_980,h_551,al_c,q_85,usm_0.66_1.00_0.01,enc_avif,quality_auto/74d008_dd55de728dab4989bd4ab968487a6c43~mv2.jpg",""
"https://www.lifeusa.org/post/latest-cuts-to-humanitarian-aid-leave-millions-without-hope","https://static.wixstatic.com/media/74d008_af00a370cebe40e2864a8ddbb18fc089~mv2.jpg/v1/fill/w_980,h_653,al_c,q_85,usm_0.66_1.00_0.01,enc_avif,quality_auto/74d008_af00a370cebe40e2864a8ddbb18fc089~mv2.jpg",""
"https://www.lifeusa.org/post/latest-cuts-to-humanitarian-aid-leave-millions-without-hope","https://static.wixstatic.com/media/74d008_a7fd6147a98049829e4c0c7b759a18c6~mv2.jpg/v1/fill/w_980,h_653,al_c,q_85,usm_0.66_1.00_0.01,enc_avif,quality_auto/74d008_a7fd6147a98049829e4c0c7b759a18c6~mv2.jpg",""
"https://www.lifeusa.org/post/latest-cuts-to-humanitarian-aid-leave-millions-without-hope","https://static.wixstatic.com/media/74d008_512e18e4b8594c3e964272420e8238f8~mv2.jpg/v1/fill/w_980,h_653,al_c,q_85,usm_0.66_1.00_0.01,enc_avif,quality_auto/74d008_512e18e4b8594c3e964272420e8238f8~mv2.jpg",""
"https://www.lifeusa.org/post/latest-cuts-to-humanitarian-aid-leave-millions-without-hope","https://static.wixstatic.com/media/74d008_0fffb7bb90504c6e93ad92269ad685ff~mv2.jpg/v1/fill/w_980,h_653,al_c,q_85,usm_0.66_1.00_0.01,enc_avif,quality_auto/74d008_0fffb7bb90504c6e93ad92269ad685ff~mv2.jpg",""
"https://www.lifeusa.org/post/latest-cuts-to-humanitarian-aid-leave-millions-without-hope","https://static.wixstatic.com/media/74d008_c1cfa743b2104fba9ff9aaee1cc95cb9~mv2.jpg/v1/fill/w_980,h_654,al_c,q_85,usm_0.66_1.00_0.01,enc_avif,quality_auto/74d008_c1cfa743b2104fba9ff9aaee1cc95cb9~mv2.jpg",""
"https://www.lifeusa.org/copy-of-freewill-landing-page","https://static.wixstatic.com/media/1b6426a353dc42a08e864660ae82d1a1.jpg/v1/fill/w_371,h_317,al_c,q_80,usm_0.66_1.00_0.01,enc_avif,quality_auto/1b6426a353dc42a08e864660ae82d1a1.jpg",""
"https://www.lifeusa.org/newsletters","https://static.wixstatic.com/media/6df904_41c5c3ea75d347e89ea611570037ca3d~mv2.jpg/v1/fill/w_980,h_653,al_c,q_85,usm_0.66_1.00_0.01,enc_avif,quality_auto/6df904_41c5c3ea75d347e89ea611570037ca3d~mv2.jpg",""
"https://www.lifeusa.org/post/write-your-will-for-free-and-let-the-good-you-do-today-last-forever","https://static.wixstatic.com/media/74d008_a03d613bbe7241d4b1de9058786ee38b~mv2.jpg/v1/fill/w_251,h_250,fp_0.50_0.50,q_30,blur_30/74d008_a03d613bbe7241d4b1de9058786ee38b~mv2.jpg",""
"https://www.lifeusa.org/post/write-your-will-for-free-and-let-the-good-you-do-today-last-forever","https://static.wixstatic.com/media/74d008_a03d613bbe7241d4b1de9058786ee38b~mv2.jpg/v1/fill/w_324,h_323,fp_0.50_0.50,q_90/74d008_a03d613bbe7241d4b1de9058786ee38b~mv2.jpg",""
"https://www.lifeusa.org/post/write-your-will-for-free-and-let-the-good-you-do-today-last-forever","https://static.wixstatic.com/media/74d008_e218fa6aa1af42a88c98c09f750803c1~mv2.jpg/v1/fill/w_250,h_250,fp_0.50_0.50,q_30,blur_30/74d008_e218fa6aa1af42a88c98c09f750803c1~mv2.jpg",""
"https://www.lifeusa.org/post/write-your-will-for-free-and-let-the-good-you-do-today-last-forever","https://static.wixstatic.com/media/74d008_e755a5e13ded400f8f2a043007ab7c02~mv2.jpg/v1/fill/w_323,h_323,fp_0.50_0.50,q_90/74d008_e755a5e13ded400f8f2a043007ab7c02~mv2.jpg",""
"https://www.lifeusa.org/post/write-your-will-for-free-and-let-the-good-you-do-today-last-forever","https://static.wixstatic.com/media/74d008_e218fa6aa1af42a88c98c09f750803c1~mv2.jpg/v1/fill/w_323,h_323,fp_0.50_0.50,q_90/74d008_e218fa6aa1af42a88c98c09f750803c1~mv2.jpg",""
"https://www.lifeusa.org/post/charitable-giving-an-advantage-we-never-saw-coming-from-the-one-big-beautiful-bill-act","https://static.wixstatic.com/media/74d008_ed9fb6be3c834bd4adb7fae9091191d6~mv2.jpg/v1/fill/w_980,h_735,al_c,q_85,usm_0.66_1.00_0.01,enc_avif,quality_auto/74d008_ed9fb6be3c834bd4adb7fae9091191d6~mv2.jpg",""
"https://www.lifeusa.org/post/charitable-giving-an-advantage-we-never-saw-coming-from-the-one-big-beautiful-bill-act","https://static.wixstatic.com/media/74d008_20d43335b94e4a3da1e2f9f6fa46b001~mv2.jpg/v1/fill/w_980,h_662,al_c,q_85,usm_0.66_1.00_0.01,enc_avif,quality_auto/74d008_20d43335b94e4a3da1e2f9f6fa46b001~mv2.jpg",""
"https://www.lifeusa.org/post/write-your-will-for-free-and-let-the-good-you-do-today-last-forever","https://static.wixstatic.com/media/74d008_e755a5e13ded400f8f2a043007ab7c02~mv2.jpg/v1/fill/w_250,h_250,fp_0.50_0.50,q_30,blur_30/74d008_e755a5e13ded400f8f2a043007ab7c02~mv2.jpg",""
"https://www.lifeusa.org/post/double-or-triple-your-donation-without-spending-more-through-life-for-relief-and-development-life","https://static.wixstatic.com/media/74d008_23104e66d3b14b7c98f45f1292b0982e~mv2.jpg/v1/fill/w_980,h_653,al_c,q_85,usm_0.66_1.00_0.01,enc_avif,quality_auto/74d008_23104e66d3b14b7c98f45f1292b0982e~mv2.jpg",""
"https://www.lifeusa.org/post/double-or-triple-your-donation-without-spending-more-through-life-for-relief-and-development-life","https://static.wixstatic.com/media/74d008_21fb2a8e47264be296f520c55f30735a~mv2.jpg/v1/fill/w_980,h_653,al_c,q_85,usm_0.66_1.00_0.01,enc_avif,quality_auto/74d008_21fb2a8e47264be296f520c55f30735a~mv2.jpg",""
"https://www.lifeusa.org/post/give-the-smart-way-stop-paying-taxes-on-stocks-and-receive-a-big-tax-deduction","https://static.wixstatic.com/media/74d008_651ec0848e3f42238ca60762665ce461~mv2.jpg/v1/fill/w_980,h_649,al_c,q_85,usm_0.66_1.00_0.01,enc_avif,quality_auto/74d008_651ec0848e3f42238ca60762665ce461~mv2.jpg",""
"https://www.lifeusa.org/post/health-for-all-how-life-is-closing-the-global-healthcare-gap","https://static.wixstatic.com/media/74d008_4963c230fd544fe7a55984a98ff31637~mv2.jpg/v1/fill/w_980,h_1028,al_c,q_85,usm_0.66_1.00_0.01,enc_avif,quality_auto/74d008_4963c230fd544fe7a55984a98ff31637~mv2.jpg",""
"https://www.lifeusa.org/post/health-for-all-how-life-is-closing-the-global-healthcare-gap","https://static.wixstatic.com/media/74d008_f227f9d183c949d29d9d862628940389~mv2.jpg/v1/fill/w_980,h_653,al_c,q_85,usm_0.66_1.00_0.01,enc_avif,quality_auto/74d008_f227f9d183c949d29d9d862628940389~mv2.jpg",""
"https://www.lifeusa.org/post/health-for-all-how-life-is-closing-the-global-healthcare-gap","https://static.wixstatic.com/media/74d008_e31e969dca71455a88d69d682c89ae1d~mv2.jpg/v1/fill/w_980,h_653,al_c,q_85,usm_0.66_1.00_0.01,enc_avif,quality_auto/74d008_e31e969dca71455a88d69d682c89ae1d~mv2.jpg",""
"https://www.lifeusa.org/post/health-for-all-how-life-is-closing-the-global-healthcare-gap","https://static.wixstatic.com/media/74d008_bf80eb8560ee421c9bd3b7b3f462a7e1~mv2.jpg/v1/fill/w_980,h_735,al_c,q_85,usm_0.66_1.00_0.01,enc_avif,quality_auto/74d008_bf80eb8560ee421c9bd3b7b3f462a7e1~mv2.jpg",""
"https://www.lifeusa.org/post/health-for-all-how-life-is-closing-the-global-healthcare-gap","https://static.wixstatic.com/media/74d008_da519b73fbc0479cb04af3b546b8064b~mv2.jpg/v1/fill/w_980,h_653,al_c,q_85,usm_0.66_1.00_0.01,enc_avif,quality_auto/74d008_da519b73fbc0479cb04af3b546b8064b~mv2.jpg",""
"https://www.lifeusa.org/post/health-for-all-how-life-is-closing-the-global-healthcare-gap","https://static.wixstatic.com/media/74d008_b9f4343e75d843dd8685c885c126c947~mv2.jpg/v1/fill/w_980,h_784,al_c,q_85,usm_0.66_1.00_0.01,enc_avif,quality_auto/74d008_b9f4343e75d843dd8685c885c126c947~mv2.jpg",""
"https://www.lifeusa.org/post/ceasefire-in-gaza-understanding-the-gaza-peace-deal-and-what-lies-ahead","https://static.wixstatic.com/media/74d008_3cec618a11ff4b6592b9eb19a31c7acc~mv2.jpg/v1/fill/w_980,h_811,al_c,q_85,usm_0.66_1.00_0.01,enc_avif,quality_auto/74d008_3cec618a11ff4b6592b9eb19a31c7acc~mv2.jpg",""
"https://www.lifeusa.org/press","https://static.wixstatic.com/media/6df904_bf5c1e21775848ca9ec4e594e739b7de~mv2.png/v1/fill/w_674,h_873,al_c,q_90,enc_avif,quality_auto/6df904_bf5c1e21775848ca9ec4e594e739b7de~mv2.png",""
"https://www.lifeusa.org/press","https://static.wixstatic.com/media/6df904_f35966d53e624de6b1b2dcd4107b49f2~mv2.png/v1/fill/w_675,h_875,al_c,q_90,enc_avif,quality_auto/6df904_f35966d53e624de6b1b2dcd4107b49f2~mv2.png",""
"https://www.lifeusa.org/press","https://static.wixstatic.com/media/6df904_d939ee0da47e4010bdaa90007688e487~mv2.jpg/v1/fill/w_980,h_1272,al_c,q_85,usm_0.66_1.00_0.01,enc_avif,quality_auto/6df904_d939ee0da47e4010bdaa90007688e487~mv2.jpg",""
"https://www.lifeusa.org/press","https://static.wixstatic.com/media/6df904_0afd42044ef1435d92edb40aeff884d5~mv2.png/v1/fill/w_672,h_874,al_c,q_90,enc_avif,quality_auto/6df904_0afd42044ef1435d92edb40aeff884d5~mv2.png",""
"https://www.lifeusa.org/press","https://static.wixstatic.com/media/6df904_bbf1598f5e7e4a0cbc858e2beefba6fc~mv2.png/v1/fill/w_672,h_869,al_c,q_90,enc_avif,quality_auto/6df904_bbf1598f5e7e4a0cbc858e2beefba6fc~mv2.png",""
"https://www.lifeusa.org/press","https://static.wixstatic.com/media/6df904_9d8ca032b61d442e977490222171ecad~mv2.png/v1/fill/w_678,h_877,al_c,q_90,enc_avif,quality_auto/6df904_9d8ca032b61d442e977490222171ecad~mv2.png",""
"https://www.lifeusa.org/press","https://static.wixstatic.com/media/6df904_ef3421f33c9542d7ba0d44ecce25af11~mv2.png/v1/fill/w_682,h_877,al_c,q_90,enc_avif,quality_auto/6df904_ef3421f33c9542d7ba0d44ecce25af11~mv2.png",""
"https://www.lifeusa.org/press","https://static.wixstatic.com/media/6df904_36d83001ef6b4e4c94a5878a832b27a6~mv2.png/v1/fill/w_680,h_875,al_c,q_90,enc_avif,quality_auto/6df904_36d83001ef6b4e4c94a5878a832b27a6~mv2.png",""
"https://www.lifeusa.org/press","https://static.wixstatic.com/media/6df904_1b8386d430e4450385326d72ee393676~mv2.png/v1/fill/w_673,h_873,al_c,q_90,enc_avif,quality_auto/6df904_1b8386d430e4450385326d72ee393676~mv2.png",""
"https://www.lifeusa.org/press","https://static.wixstatic.com/media/6df904_0b262da7f6d0447a99bb9d2202862f1e~mv2.png/v1/fill/w_674,h_876,al_c,q_90,enc_avif,quality_auto/6df904_0b262da7f6d0447a99bb9d2202862f1e~mv2.png",""
"https://www.lifeusa.org/press","https://static.wixstatic.com/media/6df904_32ac1aa9efd444168b430fa20c5a0923~mv2.png/v1/fill/w_672,h_870,al_c,q_90,enc_avif,quality_auto/6df904_32ac1aa9efd444168b430fa20c5a0923~mv2.png",""
"https://www.lifeusa.org/press","https://static.wixstatic.com/media/6df904_f7f3bce27a494dcaaac9fe1eae6e20ec~mv2.png/v1/fill/w_676,h_875,al_c,q_90,enc_avif,quality_auto/6df904_f7f3bce27a494dcaaac9fe1eae6e20ec~mv2.png",""
"https://www.lifeusa.org/press","https://static.wixstatic.com/media/6df904_85f318f3b5874ff1acc627483e57c83e~mv2.png/v1/fill/w_672,h_871,al_c,q_90,enc_avif,quality_auto/6df904_85f318f3b5874ff1acc627483e57c83e~mv2.png",""
"https://www.lifeusa.org/press","https://static.wixstatic.com/media/6df904_d3dd314fbe30421095bba437c64f73f6~mv2.png/v1/fill/w_672,h_873,al_c,q_90,enc_avif,quality_auto/6df904_d3dd314fbe30421095bba437c64f73f6~mv2.png",""
"https://www.lifeusa.org/press","https://static.wixstatic.com/media/6df904_5b4c8885183f423ea303983f321a0d08~mv2.png/v1/fill/w_676,h_873,al_c,q_90,enc_avif,quality_auto/6df904_5b4c8885183f423ea303983f321a0d08~mv2.png",""
"https://www.lifeusa.org/press","https://static.wixstatic.com/media/6df904_c903a7b9099e437f86000172b0b8c76b~mv2.png/v1/fill/w_675,h_872,al_c,q_90,enc_avif,quality_auto/6df904_c903a7b9099e437f86000172b0b8c76b~mv2.png",""
"https://www.lifeusa.org/post/building-a-better-world-for-33-years","https://static.wixstatic.com/media/74d008_bfd0b972198f4bc4a21c84d99e90b003~mv2.png/v1/fill/w_980,h_653,al_c,q_90,usm_0.66_1.00_0.01,enc_avif,quality_auto/74d008_bfd0b972198f4bc4a21c84d99e90b003~mv2.png",""
"https://www.lifeusa.org/post/building-a-better-world-for-33-years","https://static.wixstatic.com/media/74d008_fd504fa32fba41e2977059fbe45171c4~mv2.png/v1/fill/w_980,h_653,al_c,q_90,usm_0.66_1.00_0.01,enc_avif,quality_auto/74d008_fd504fa32fba41e2977059fbe45171c4~mv2.png",""
"https://www.lifeusa.org/press","https://static.wixstatic.com/media/6df904_749bde3505c84778b3d81e3c77cddeb2~mv2.png/v1/fill/w_676,h_872,al_c,q_90,enc_avif,quality_auto/6df904_749bde3505c84778b3d81e3c77cddeb2~mv2.png",""
"https://www.lifeusa.org/post/building-a-better-world-for-33-years","https://static.wixstatic.com/media/74d008_928685b46a02446395af3a96ccf669c0~mv2.jpg/v1/fill/w_980,h_735,al_c,q_85,usm_0.66_1.00_0.01,enc_avif,quality_auto/74d008_928685b46a02446395af3a96ccf669c0~mv2.jpg",""
"https://www.lifeusa.org/post/building-a-better-world-for-33-years","https://static.wixstatic.com/media/74d008_f6b13a88b4eb4ac8a32b2a0cf93a322a~mv2.jpg/v1/fill/w_980,h_735,al_c,q_85,usm_0.66_1.00_0.01,enc_avif,quality_auto/74d008_f6b13a88b4eb4ac8a32b2a0cf93a322a~mv2.jpg",""
"https://www.lifeusa.org/post/building-a-better-world-for-33-years","https://static.wixstatic.com/media/74d008_3501965e24b1489c808e3dd649209713~mv2.jpg/v1/fill/w_980,h_654,al_c,q_85,usm_0.66_1.00_0.01,enc_avif,quality_auto/74d008_3501965e24b1489c808e3dd649209713~mv2.jpg",""
"https://www.lifeusa.org/post/building-a-better-world-for-33-years","https://static.wixstatic.com/media/74d008_71999fe385c944d7ac6e7a8735784409~mv2.png/v1/fill/w_980,h_653,al_c,q_90,usm_0.66_1.00_0.01,enc_avif,quality_auto/74d008_71999fe385c944d7ac6e7a8735784409~mv2.png",""
"https://www.lifeusa.org/post/building-a-better-world-for-33-years","https://static.wixstatic.com/media/74d008_d6e7060c34074dd4bc00de1a35017f4b~mv2.jpg/v1/fill/w_980,h_785,al_c,q_85,usm_0.66_1.00_0.01,enc_avif,quality_auto/74d008_d6e7060c34074dd4bc00de1a35017f4b~mv2.jpg",""
"https://www.lifeusa.org/post/building-a-better-world-for-33-years","https://static.wixstatic.com/media/74d008_b6a31f999d0f48f899a279595a284734~mv2.jpg/v1/fill/w_980,h_1307,al_c,q_85,usm_0.66_1.00_0.01,enc_avif,quality_auto/74d008_b6a31f999d0f48f899a279595a284734~mv2.jpg",""
"https://www.lifeusa.org/post/building-a-better-world-for-33-years","https://static.wixstatic.com/media/74d008_59a998e9564444dd8f3d028f19f2ff76~mv2.png/v1/fill/w_980,h_653,al_c,q_90,usm_0.66_1.00_0.01,enc_avif,quality_auto/74d008_59a998e9564444dd8f3d028f19f2ff76~mv2.png",""
"https://www.lifeusa.org/post/building-a-better-world-for-33-years","https://static.wixstatic.com/media/74d008_6848b26760e9475f8c3bcd52940cd730~mv2.png/v1/fill/w_980,h_653,al_c,q_90,usm_0.66_1.00_0.01,enc_avif,quality_auto/74d008_6848b26760e9475f8c3bcd52940cd730~mv2.png",""
"https://www.lifeusa.org/post/building-a-better-world-for-33-years","https://static.wixstatic.com/media/74d008_e00c76be7a59418080ef0df33e5dc805~mv2.png/v1/fill/w_980,h_653,al_c,q_90,usm_0.66_1.00_0.01,enc_avif,quality_auto/74d008_e00c76be7a59418080ef0df33e5dc805~mv2.png",""
"https://www.lifeusa.org/post/building-a-better-world-for-33-years","https://static.wixstatic.com/media/74d008_92897e1e7e33402296f3bfe65e0d371c~mv2.png/v1/fill/w_980,h_653,al_c,q_90,usm_0.66_1.00_0.01,enc_avif,quality_auto/74d008_92897e1e7e33402296f3bfe65e0d371c~mv2.png",""
"https://www.lifeusa.org/post/building-a-better-world-for-33-years","https://static.wixstatic.com/media/74d008_537c0c4f564f498883d1933a2e7e99ca~mv2.jpg/v1/fill/w_980,h_832,al_c,q_85,usm_0.66_1.00_0.01,enc_avif,quality_auto/74d008_537c0c4f564f498883d1933a2e7e99ca~mv2.jpg",""
"https://www.lifeusa.org/post/building-a-better-world-for-33-years","https://static.wixstatic.com/media/74d008_3bbd9b6528be4f0fa941063190725473~mv2.png/v1/fill/w_980,h_653,al_c,q_90,usm_0.66_1.00_0.01,enc_avif,quality_auto/74d008_3bbd9b6528be4f0fa941063190725473~mv2.png",""
"https://www.lifeusa.org/post/write-your-will-for-free-and-let-the-good-you-do-today-last-forever","https://static.wixstatic.com/media/74d008_57b15cc8d5ef4775ae39d30f220f9d5b~mv2.png/v1/fill/w_980,h_515,al_c,q_90,usm_0.66_1.00_0.01,enc_avif,quality_auto/74d008_57b15cc8d5ef4775ae39d30f220f9d5b~mv2.png",""
"https://www.lifeusa.org/post/recognizing-everyday-leaders-and-heros-this-father-s-day-2025","https://static.wixstatic.com/media/74d008_dea520bcd84946f0a720038e6d1ac540~mv2.png/v1/fill/w_980,h_980,al_c,q_90,usm_0.66_1.00_0.01,enc_avif,quality_auto/74d008_dea520bcd84946f0a720038e6d1ac540~mv2.png",""
"https://www.lifeusa.org/post/recognizing-everyday-leaders-and-heros-this-father-s-day-2025","https://static.wixstatic.com/media/74d008_ad0f96c8a4f14a029aa8b114323778ea~mv2.jpg/v1/fill/w_980,h_653,al_c,q_85,usm_0.66_1.00_0.01,enc_avif,quality_auto/74d008_ad0f96c8a4f14a029aa8b114323778ea~mv2.jpg",""
"https://www.lifeusa.org/post/recognizing-everyday-leaders-and-heros-this-father-s-day-2025","https://static.wixstatic.com/media/74d008_cb4f0f607e1e49f6a5c4fd031446f486~mv2.jpg/v1/fill/w_980,h_653,al_c,q_85,usm_0.66_1.00_0.01,enc_avif,quality_auto/74d008_cb4f0f607e1e49f6a5c4fd031446f486~mv2.jpg",""
"https://www.lifeusa.org/post/she-was-buried-underground-for-13-years-then-she-heard-the-ocean","https://static.wixstatic.com/media/74d008_ff6f39041f3e495b9c4a2917ed207f06~mv2.jpg/v1/fill/w_980,h_651,al_c,q_85,usm_0.66_1.00_0.01,enc_avif,quality_auto/74d008_ff6f39041f3e495b9c4a2917ed207f06~mv2.jpg",""
"https://www.lifeusa.org/post/recognizing-everyday-leaders-and-heros-this-father-s-day-2025","https://static.wixstatic.com/media/74d008_a0e609a29eda48f58a6676aa57fa695b~mv2.jpg/v1/fill/w_980,h_726,al_c,q_85,usm_0.66_1.00_0.01,enc_avif,quality_auto/74d008_a0e609a29eda48f58a6676aa57fa695b~mv2.jpg",""
"https://www.lifeusa.org/post/recognizing-everyday-leaders-and-heros-this-father-s-day-2025","https://static.wixstatic.com/media/74d008_5eeeb1e2947b40708f32ad43d3e8406a~mv2.jpg/v1/fill/w_980,h_671,al_c,q_85,usm_0.66_1.00_0.01,enc_avif,quality_auto/74d008_5eeeb1e2947b40708f32ad43d3e8406a~mv2.jpg",""
"https://www.lifeusa.org/post/she-was-buried-underground-for-13-years-then-she-heard-the-ocean","https://static.wixstatic.com/media/74d008_63aedefdb383475ea866fdaf4955c810~mv2.jpg/v1/fill/w_980,h_652,al_c,q_85,usm_0.66_1.00_0.01,enc_avif,quality_auto/74d008_63aedefdb383475ea866fdaf4955c810~mv2.jpg",""
"https://www.lifeusa.org/post/she-was-buried-underground-for-13-years-then-she-heard-the-ocean","https://static.wixstatic.com/media/74d008_b76dfd28676f482c840319401e61831e~mv2.jpg/v1/fill/w_980,h_666,al_c,q_85,usm_0.66_1.00_0.01,enc_avif,quality_auto/74d008_b76dfd28676f482c840319401e61831e~mv2.jpg",""
"https://www.lifeusa.org/post/she-was-buried-underground-for-13-years-then-she-heard-the-ocean","https://static.wixstatic.com/media/74d008_a572a85884fd4d02b9e35669d2a51ba2~mv2.jpg/v1/fill/w_980,h_697,al_c,q_85,usm_0.66_1.00_0.01,enc_avif,quality_auto/74d008_a572a85884fd4d02b9e35669d2a51ba2~mv2.jpg",""
"https://www.lifeusa.org/post/recognizing-everyday-leaders-and-heros-this-father-s-day-2025","https://static.wixstatic.com/media/74d008_1f07a3f057d34e4fb1d743ce35baa2ba~mv2.jpg/v1/fill/w_980,h_653,al_c,q_85,usm_0.66_1.00_0.01,enc_avif,quality_auto/74d008_1f07a3f057d34e4fb1d743ce35baa2ba~mv2.jpg",""
"https://www.lifeusa.org/post/when-the-guadalupe-river-roared-texas-tested-with-devastation-and-loss","https://static.wixstatic.com/media/74d008_8be37e6416344872ace5753f9f9d2ce7~mv2.jpg/v1/fill/w_980,h_1010,al_c,q_85,usm_0.66_1.00_0.01,enc_avif,quality_auto/74d008_8be37e6416344872ace5753f9f9d2ce7~mv2.jpg",""
"https://www.lifeusa.org/post/when-the-guadalupe-river-roared-texas-tested-with-devastation-and-loss","https://static.wixstatic.com/media/74d008_f7361d6e61c7482b919fd6f2fa845685~mv2.jpg/v1/fill/w_980,h_654,al_c,q_85,usm_0.66_1.00_0.01,enc_avif,quality_auto/74d008_f7361d6e61c7482b919fd6f2fa845685~mv2.jpg",""
"https://www.lifeusa.org/post/when-the-guadalupe-river-roared-texas-tested-with-devastation-and-loss","https://static.wixstatic.com/media/74d008_eeed0668100a4b87a0cac314ddee0322~mv2.jpg/v1/fill/w_980,h_653,al_c,q_85,usm_0.66_1.00_0.01,enc_avif,quality_auto/74d008_eeed0668100a4b87a0cac314ddee0322~mv2.jpg",""
"https://www.lifeusa.org/post/when-the-guadalupe-river-roared-texas-tested-with-devastation-and-loss","https://static.wixstatic.com/media/74d008_27ed0686ed674102a5d082c0707050f4~mv2.jpg/v1/fill/w_980,h_735,al_c,q_85,usm_0.66_1.00_0.01,enc_avif,quality_auto/74d008_27ed0686ed674102a5d082c0707050f4~mv2.jpg",""
"https://www.lifeusa.org/post/when-the-guadalupe-river-roared-texas-tested-with-devastation-and-loss","https://static.wixstatic.com/media/6df904_3161c9e312044b4995acc60060de779a~mv2.jpg/v1/fill/w_800,h_534,al_c,q_85,enc_avif,quality_auto/6df904_3161c9e312044b4995acc60060de779a~mv2.jpg",""
"https://www.lifeusa.org/post/the-hidden-price-tag-of-fast-fashion-and-how-life-is-offering-sustainable-solutions-you-can-support","https://static.wixstatic.com/media/74d008_a55cb269b1194536bba22c0f64d73bd8~mv2.jpg/v1/fill/w_980,h_662,al_c,q_85,usm_0.66_1.00_0.01,enc_avif,quality_auto/74d008_a55cb269b1194536bba22c0f64d73bd8~mv2.jpg",""
"https://www.lifeusa.org/post/when-the-guadalupe-river-roared-texas-tested-with-devastation-and-loss","https://static.wixstatic.com/media/74d008_6ea1d71c25644e60b311896c7f4af400~mv2.jpg/v1/fill/w_980,h_735,al_c,q_85,usm_0.66_1.00_0.01,enc_avif,quality_auto/74d008_6ea1d71c25644e60b311896c7f4af400~mv2.jpg",""
"https://www.lifeusa.org/post/the-hidden-price-tag-of-fast-fashion-and-how-life-is-offering-sustainable-solutions-you-can-support","https://static.wixstatic.com/media/74d008_81fbf21ccb5d4c6691d4e7479b74c89a~mv2.jpg/v1/fill/w_980,h_653,al_c,q_85,usm_0.66_1.00_0.01,enc_avif,quality_auto/74d008_81fbf21ccb5d4c6691d4e7479b74c89a~mv2.jpg",""
"https://www.lifeusa.org/post/the-hidden-price-tag-of-fast-fashion-and-how-life-is-offering-sustainable-solutions-you-can-support","https://static.wixstatic.com/media/74d008_b161251f30bb4e36a56c6a05e7aa9790~mv2.jpg/v1/fill/w_980,h_609,al_c,q_85,usm_0.66_1.00_0.01,enc_avif,quality_auto/74d008_b161251f30bb4e36a56c6a05e7aa9790~mv2.jpg",""
"https://www.lifeusa.org/post/the-hidden-price-tag-of-fast-fashion-and-how-life-is-offering-sustainable-solutions-you-can-support","https://static.wixstatic.com/media/74d008_4e74c77148514c69b8656e1530a6680f~mv2.jpg/v1/fill/w_980,h_551,al_c,q_85,usm_0.66_1.00_0.01,enc_avif,quality_auto/74d008_4e74c77148514c69b8656e1530a6680f~mv2.jpg",""
"https://www.lifeusa.org/post/a-step-by-step-guide-on-how-to-participate-in-ramadan","https://static.wixstatic.com/media/74d008_dbe48d926008426ab758d8906202aa70~mv2.jpg/v1/fill/w_980,h_654,al_c,q_85,usm_0.66_1.00_0.01,enc_avif,quality_auto/74d008_dbe48d926008426ab758d8906202aa70~mv2.jpg",""
"https://www.lifeusa.org/post/a-step-by-step-guide-on-how-to-participate-in-ramadan","https://static.wixstatic.com/media/74d008_bf480308610b40688c29b2e619d223e3~mv2.jpg/v1/fill/w_980,h_653,al_c,q_85,usm_0.66_1.00_0.01,enc_avif,quality_auto/74d008_bf480308610b40688c29b2e619d223e3~mv2.jpg",""
"https://www.lifeusa.org/post/a-step-by-step-guide-on-how-to-participate-in-ramadan","https://static.wixstatic.com/media/74d008_ee8d66b7610f4bbf832d695b4d65a291~mv2.jpg/v1/fill/w_980,h_653,al_c,q_85,usm_0.66_1.00_0.01,enc_avif,quality_auto/74d008_ee8d66b7610f4bbf832d695b4d65a291~mv2.jpg",""
"https://www.lifeusa.org/post/a-step-by-step-guide-on-how-to-participate-in-ramadan","https://static.wixstatic.com/media/74d008_ad40f251583344c48b6f1ecbcc9c03e2~mv2.jpg/v1/fill/w_980,h_735,al_c,q_85,usm_0.66_1.00_0.01,enc_avif,quality_auto/74d008_ad40f251583344c48b6f1ecbcc9c03e2~mv2.jpg",""
"https://www.lifeusa.org/post/a-step-by-step-guide-on-how-to-participate-in-ramadan","https://static.wixstatic.com/media/74d008_06ac85665bd141a383d4785b1e57f01a~mv2.jpg/v1/fill/w_980,h_475,al_c,q_85,usm_0.66_1.00_0.01,enc_avif,quality_auto/74d008_06ac85665bd141a383d4785b1e57f01a~mv2.jpg",""
"https://www.lifeusa.org/post/a-step-by-step-guide-on-how-to-participate-in-ramadan","https://static.wixstatic.com/media/74d008_1f1abe0205714625bf79a9fdc807869c~mv2.jpg/v1/fill/w_980,h_762,al_c,q_85,usm_0.66_1.00_0.01,enc_avif,quality_auto/74d008_1f1abe0205714625bf79a9fdc807869c~mv2.jpg",""
"https://www.lifeusa.org/post/a-step-by-step-guide-on-how-to-participate-in-ramadan","https://static.wixstatic.com/media/74d008_49ab1a7b4aa74ec68bbd9693fcfcad7e~mv2.jpg/v1/fill/w_980,h_1470,al_c,q_85,usm_0.66_1.00_0.01,enc_avif,quality_auto/74d008_49ab1a7b4aa74ec68bbd9693fcfcad7e~mv2.jpg",""
"https://www.lifeusa.org/post/a-step-by-step-guide-on-how-to-participate-in-ramadan","https://static.wixstatic.com/media/74d008_381b4d316f8e4772af86c715a2746c0b~mv2.jpg/v1/fill/w_980,h_653,al_c,q_85,usm_0.66_1.00_0.01,enc_avif,quality_auto/74d008_381b4d316f8e4772af86c715a2746c0b~mv2.jpg",""
"https://www.lifeusa.org/post/as-middle-east-tensions-rise-families-face-uncertainty-and-compassion-matters-more","https://static.wixstatic.com/media/74d008_3eed377e5f2e42e9bd70a33455206012~mv2.jpeg/v1/fill/w_980,h_735,al_c,q_85,usm_0.66_1.00_0.01,enc_avif,quality_auto/74d008_3eed377e5f2e42e9bd70a33455206012~mv2.jpeg",""
"https://www.lifeusa.org/post/as-middle-east-tensions-rise-families-face-uncertainty-and-compassion-matters-more","https://static.wixstatic.com/media/74d008_26fb65ae356b44f3a17518ed14fea0c5~mv2.jpg/v1/fill/w_980,h_735,al_c,q_85,usm_0.66_1.00_0.01,enc_avif,quality_auto/74d008_26fb65ae356b44f3a17518ed14fea0c5~mv2.jpg",""
"https://www.lifeusa.org/post/as-middle-east-tensions-rise-families-face-uncertainty-and-compassion-matters-more","https://static.wixstatic.com/media/74d008_eb04a4b708444660854068957e4acd2b~mv2.jpg/v1/fill/w_980,h_653,al_c,q_85,usm_0.66_1.00_0.01,enc_avif,quality_auto/74d008_eb04a4b708444660854068957e4acd2b~mv2.jpg",""
"https://www.lifeusa.org/post/as-middle-east-tensions-rise-families-face-uncertainty-and-compassion-matters-more","https://static.wixstatic.com/media/74d008_fa0a8b529df44afaaf9ed709a236175a~mv2.jpg/v1/fill/w_980,h_735,al_c,q_85,usm_0.66_1.00_0.01,enc_avif,quality_auto/74d008_fa0a8b529df44afaaf9ed709a236175a~mv2.jpg",""
"https://www.lifeusa.org/post/ceasefire-in-gaza-understanding-the-gaza-peace-deal-and-what-lies-ahead","https://static.wixstatic.com/media/74d008_80131bd7763e4e7b911e961b6c67969d~mv2.jpg/v1/fill/w_980,h_551,al_c,q_85,usm_0.66_1.00_0.01,enc_avif,quality_auto/74d008_80131bd7763e4e7b911e961b6c67969d~mv2.jpg",""
"https://www.lifeusa.org/post/ceasefire-in-gaza-understanding-the-gaza-peace-deal-and-what-lies-ahead","https://static.wixstatic.com/media/74d008_7d44fa53be54457f829b8c177f71c286~mv2.jpg/v1/fill/w_980,h_653,al_c,q_85,usm_0.66_1.00_0.01,enc_avif,quality_auto/74d008_7d44fa53be54457f829b8c177f71c286~mv2.jpg",""
"https://www.lifeusa.org/post/ceasefire-in-gaza-understanding-the-gaza-peace-deal-and-what-lies-ahead","https://static.wixstatic.com/media/74d008_c51f710831a44740bb612b84a5e7c83d~mv2.jpg/v1/fill/w_980,h_652,al_c,q_85,usm_0.66_1.00_0.01,enc_avif,quality_auto/74d008_c51f710831a44740bb612b84a5e7c83d~mv2.jpg",""
"https://www.lifeusa.org/post/ceasefire-in-gaza-understanding-the-gaza-peace-deal-and-what-lies-ahead","https://static.wixstatic.com/media/74d008_900153f9464e447b90dfb139dadf1a2c~mv2.jpg/v1/fill/w_980,h_551,al_c,q_85,usm_0.66_1.00_0.01,enc_avif,quality_auto/74d008_900153f9464e447b90dfb139dadf1a2c~mv2.jpg",""
"https://www.lifeusa.org/post/ceasefire-in-gaza-understanding-the-gaza-peace-deal-and-what-lies-ahead","https://static.wixstatic.com/media/74d008_ade1f480ae3644b1b72b96f531dd265e~mv2.jpg/v1/fill/w_980,h_551,al_c,q_85,usm_0.66_1.00_0.01,enc_avif,quality_auto/74d008_ade1f480ae3644b1b72b96f531dd265e~mv2.jpg",""
"https://www.lifeusa.org/post/ceasefire-in-gaza-understanding-the-gaza-peace-deal-and-what-lies-ahead","https://static.wixstatic.com/media/74d008_c1f5172cee0e49a398fa6c93dfef6d53~mv2.jpg/v1/fill/w_980,h_551,al_c,q_85,usm_0.66_1.00_0.01,enc_avif,quality_auto/74d008_c1f5172cee0e49a398fa6c93dfef6d53~mv2.jpg",""
"https://www.lifeusa.org/post/ceasefire-in-gaza-understanding-the-gaza-peace-deal-and-what-lies-ahead","https://static.wixstatic.com/media/74d008_910b0a5a3fb2406fb2868d3eb9d9ee88~mv2.jpg/v1/fill/w_980,h_552,al_c,q_85,usm_0.66_1.00_0.01,enc_avif,quality_auto/74d008_910b0a5a3fb2406fb2868d3eb9d9ee88~mv2.jpg",""
"https://www.lifeusa.org/post/maximize-your-tax-write-off-with-charitable-giving-apps","https://static.wixstatic.com/media/74d008_0788621c8e7b4c19b81137adf897c2a1~mv2.jpg/v1/fill/w_980,h_654,al_c,q_85,usm_0.66_1.00_0.01,enc_avif,quality_auto/74d008_0788621c8e7b4c19b81137adf897c2a1~mv2.jpg",""
"https://www.lifeusa.org/post/maximize-your-tax-write-off-with-charitable-giving-apps","https://static.wixstatic.com/media/74d008_a278782f5a374de5a3d2b9db9ab4a52e~mv2.jpg/v1/fill/w_980,h_1470,al_c,q_85,usm_0.66_1.00_0.01,enc_avif,quality_auto/74d008_a278782f5a374de5a3d2b9db9ab4a52e~mv2.jpg",""
"https://www.lifeusa.org/post/maximize-your-tax-write-off-with-charitable-giving-apps","https://static.wixstatic.com/media/74d008_3b364fab01bb4432999814d1a84017a1~mv2.jpg/v1/fill/w_980,h_653,al_c,q_85,usm_0.66_1.00_0.01,enc_avif,quality_auto/74d008_3b364fab01bb4432999814d1a84017a1~mv2.jpg",""
"https://www.lifeusa.org/post/maximize-your-tax-write-off-with-charitable-giving-apps","https://static.wixstatic.com/media/74d008_c08946f648584c4dac8bd3521d4a6a3e~mv2.jpg/v1/fill/w_980,h_653,al_c,q_85,usm_0.66_1.00_0.01,enc_avif,quality_auto/74d008_c08946f648584c4dac8bd3521d4a6a3e~mv2.jpg",""
"https://www.lifeusa.org/post/maximize-your-tax-write-off-with-charitable-giving-apps","https://static.wixstatic.com/media/74d008_9675aabd149541aaaa2051db6574d6c2~mv2.jpg/v1/fill/w_980,h_795,al_c,q_85,usm_0.66_1.00_0.01,enc_avif,quality_auto/74d008_9675aabd149541aaaa2051db6574d6c2~mv2.jpg",""
"https://www.lifeusa.org/post/when-life-becomes-art-finding-flow-purpose-and-the-joy-of-giving","https://static.wixstatic.com/media/74d008_36c64625e7a94d2cb74deb5d7e4d981b~mv2.jpg/v1/fill/w_980,h_656,al_c,q_85,usm_0.66_1.00_0.01,enc_avif,quality_auto/74d008_36c64625e7a94d2cb74deb5d7e4d981b~mv2.jpg",""
"https://www.lifeusa.org/post/when-life-becomes-art-finding-flow-purpose-and-the-joy-of-giving","https://static.wixstatic.com/media/74d008_5365b618039e461898a5b0e82514778e~mv2.jpg/v1/fill/w_980,h_735,al_c,q_85,usm_0.66_1.00_0.01,enc_avif,quality_auto/74d008_5365b618039e461898a5b0e82514778e~mv2.jpg",""
"https://www.lifeusa.org/post/when-life-becomes-art-finding-flow-purpose-and-the-joy-of-giving","https://static.wixstatic.com/media/74d008_9644bd943d8445798e9076d10489e5e9~mv2.jpg/v1/fill/w_980,h_653,al_c,q_85,usm_0.66_1.00_0.01,enc_avif,quality_auto/74d008_9644bd943d8445798e9076d10489e5e9~mv2.jpg",""
"https://www.lifeusa.org/post/when-life-becomes-art-finding-flow-purpose-and-the-joy-of-giving","https://static.wixstatic.com/media/74d008_397c0340ecf14a18b0ba0937b8c18bd7~mv2.jpg/v1/fill/w_980,h_653,al_c,q_85,usm_0.66_1.00_0.01,enc_avif,quality_auto/74d008_397c0340ecf14a18b0ba0937b8c18bd7~mv2.jpg",""
"https://www.lifeusa.org/post/when-life-becomes-art-finding-flow-purpose-and-the-joy-of-giving","https://static.wixstatic.com/media/74d008_49b45692b974479b9cc9ca369fd7dea4~mv2.jpg/v1/fill/w_980,h_735,al_c,q_85,usm_0.66_1.00_0.01,enc_avif,quality_auto/74d008_49b45692b974479b9cc9ca369fd7dea4~mv2.jpg",""
"https://www.lifeusa.org/post/life-supports-mothers-and-orphans-in-gaza-with-critical-baby-formula-and-other-essentials","https://static.wixstatic.com/media/74d008_4c0363fa4e6343bba97889ef899b66aa~mv2.jpg/v1/fill/w_980,h_551,al_c,q_85,usm_0.66_1.00_0.01,enc_avif,quality_auto/74d008_4c0363fa4e6343bba97889ef899b66aa~mv2.jpg",""
"https://www.lifeusa.org/post/life-continues-saving-lives-in-gaza-as-emergency-food-and-water-relief-reaches-thousands","https://static.wixstatic.com/media/74d008_31715a9196f2489a9d521097be68d351~mv2.jpg/v1/fill/w_980,h_551,al_c,q_85,usm_0.66_1.00_0.01,enc_avif,quality_auto/74d008_31715a9196f2489a9d521097be68d351~mv2.jpg",""
"https://www.lifeusa.org/post/life-s-orphan-sponsorships-keep-children-warm-and-in-school-during-the-winter-months-in-pakistan","https://static.wixstatic.com/media/74d008_1ade9bbfde17431b8f3e0fa4b8d650cf~mv2.jpg/v1/fill/w_980,h_551,al_c,q_85,usm_0.66_1.00_0.01,enc_avif,quality_auto/74d008_1ade9bbfde17431b8f3e0fa4b8d650cf~mv2.jpg",""
"https://www.lifeusa.org/post/life-supporting-orphans-families-gaza","https://static.wixstatic.com/media/74d008_7326d883078243868c3c0631bbb3f61c~mv2.png/v1/fill/w_766,h_423,al_c,q_85,enc_avif,quality_auto/74d008_7326d883078243868c3c0631bbb3f61c~mv2.png",""
"https://www.lifeusa.org/post/life-s-orphan-sponsorships-keep-children-warm-and-in-school-during-the-winter-months-in-pakistan","https://static.wixstatic.com/media/74d008_7230f7a927274418bb9d7de6a36b7f6a~mv2.jpg/v1/fill/w_980,h_1743,al_c,q_85,usm_0.66_1.00_0.01,enc_avif,quality_auto/74d008_7230f7a927274418bb9d7de6a36b7f6a~mv2.jpg",""
"https://www.lifeusa.org/post/life-s-orphan-sponsorships-keep-children-warm-and-in-school-during-the-winter-months-in-pakistan","https://static.wixstatic.com/media/74d008_42dcb0838f0148a1a39c3ac847660ff5~mv2.jpg/v1/fill/w_980,h_551,al_c,q_85,usm_0.66_1.00_0.01,enc_avif,quality_auto/74d008_42dcb0838f0148a1a39c3ac847660ff5~mv2.jpg",""
"https://www.lifeusa.org/post/life-s-orphan-sponsorships-keep-children-warm-and-in-school-during-the-winter-months-in-pakistan","https://static.wixstatic.com/media/74d008_66bd41a8423d443580b8f16b5e0b76cf~mv2.jpg/v1/fill/w_980,h_551,al_c,q_85,usm_0.66_1.00_0.01,enc_avif,quality_auto/74d008_66bd41a8423d443580b8f16b5e0b76cf~mv2.jpg",""
"https://www.lifeusa.org/post/hope-returns-to-the-classroom-through-life-for-relief-and-development-life-s-orphan-sponsorship-in","https://static.wixstatic.com/media/74d008_3b320b62e5e149419a35c495dab18c24~mv2.jpg/v1/fill/w_960,h_1280,al_c,q_85,enc_avif,quality_auto/74d008_3b320b62e5e149419a35c495dab18c24~mv2.jpg",""
"https://www.lifeusa.org/post/hope-returns-to-the-classroom-through-life-for-relief-and-development-life-s-orphan-sponsorship-in","https://static.wixstatic.com/media/74d008_6b702c21838c4c0daaf4f8088c1b5774~mv2.jpg/v1/fill/w_980,h_1470,al_c,q_85,usm_0.66_1.00_0.01,enc_avif,quality_auto/74d008_6b702c21838c4c0daaf4f8088c1b5774~mv2.jpg",""
"https://www.lifeusa.org/post/life-for-relief-and-development-life-s-orphan-sponsorship-supports-152-children-in-indonesia","https://static.wixstatic.com/media/74d008_da47959a541a4c7382211a2b0a0aed8d~mv2.jpg/v1/fill/w_980,h_735,al_c,q_85,usm_0.66_1.00_0.01,enc_avif,quality_auto/74d008_da47959a541a4c7382211a2b0a0aed8d~mv2.jpg",""
"https://www.lifeusa.org/post/hope-returns-to-the-classroom-through-life-for-relief-and-development-life-s-orphan-sponsorship-in","https://static.wixstatic.com/media/74d008_d230d87652ea44abb5e0f996bfcf208d~mv2.jpg/v1/fill/w_980,h_653,al_c,q_85,usm_0.66_1.00_0.01,enc_avif,quality_auto/74d008_d230d87652ea44abb5e0f996bfcf208d~mv2.jpg",""
"https://www.lifeusa.org/post/hope-returns-to-the-classroom-through-life-for-relief-and-development-life-s-orphan-sponsorship-in","https://static.wixstatic.com/media/74d008_57afafc9fbf64e7585702e25f631dd3e~mv2.jpg/v1/fill/w_960,h_1280,al_c,q_85,enc_avif,quality_auto/74d008_57afafc9fbf64e7585702e25f631dd3e~mv2.jpg",""
"https://www.lifeusa.org/post/with-life-water-wells-comes-a-renewed-stability-and-health-for-1-800-people-in-niger","https://static.wixstatic.com/media/74d008_f2058563f7bd44bba8950343d05bcd29~mv2.jpg/v1/fill/w_980,h_735,al_c,q_85,usm_0.66_1.00_0.01,enc_avif,quality_auto/74d008_f2058563f7bd44bba8950343d05bcd29~mv2.jpg",""
"https://www.lifeusa.org/post/with-life-water-wells-comes-a-renewed-stability-and-health-for-1-800-people-in-niger","https://static.wixstatic.com/media/74d008_5c77496f614b4fd9a394507a4af61432~mv2.jpg/v1/fill/w_980,h_835,al_c,q_85,usm_0.66_1.00_0.01,enc_avif,quality_auto/74d008_5c77496f614b4fd9a394507a4af61432~mv2.jpg",""
"https://www.lifeusa.org/post/in-a-tanzanian-village-water-finally-flows-close-to-home","https://static.wixstatic.com/media/74d008_ccef7515d7364fe7b46ee782621464f9~mv2.jpg/v1/fill/w_980,h_653,al_c,q_85,usm_0.66_1.00_0.01,enc_avif,quality_auto/74d008_ccef7515d7364fe7b46ee782621464f9~mv2.jpg",""
"https://www.lifeusa.org/post/hope-returns-to-the-classroom-through-life-for-relief-and-development-life-s-orphan-sponsorship-in","https://static.wixstatic.com/media/74d008_8121872ab0c641cbbb6963d591fff5a3~mv2.jpg/v1/fill/w_980,h_1470,al_c,q_85,usm_0.66_1.00_0.01,enc_avif,quality_auto/74d008_8121872ab0c641cbbb6963d591fff5a3~mv2.jpg",""
"https://www.lifeusa.org/post/in-a-tanzanian-village-water-finally-flows-close-to-home","https://static.wixstatic.com/media/74d008_7a5bfb54fba945eabfa610abc176fb33~mv2.jpg/v1/fill/w_980,h_735,al_c,q_85,usm_0.66_1.00_0.01,enc_avif,quality_auto/74d008_7a5bfb54fba945eabfa610abc176fb33~mv2.jpg",""
"https://www.lifeusa.org/post/life-supports-mothers-and-orphans-in-gaza-with-critical-baby-formula-and-other-essentials","https://static.wixstatic.com/media/74d008_3f1abf7c592e4e5eac5bf8c9767da400~mv2.jpg/v1/fill/w_980,h_735,al_c,q_85,usm_0.66_1.00_0.01,enc_avif,quality_auto/74d008_3f1abf7c592e4e5eac5bf8c9767da400~mv2.jpg",""
"https://www.lifeusa.org/post/in-a-tanzanian-village-water-finally-flows-close-to-home","https://static.wixstatic.com/media/74d008_3f1b2e4598b746bdaada5295bc6779c9~mv2.jpg/v1/fill/w_980,h_653,al_c,q_85,usm_0.66_1.00_0.01,enc_avif,quality_auto/74d008_3f1b2e4598b746bdaada5295bc6779c9~mv2.jpg",""
"https://www.lifeusa.org/post/in-a-tanzanian-village-water-finally-flows-close-to-home","https://static.wixstatic.com/media/74d008_52e117b573994223b59c4f1b6c8a4796~mv2.jpg/v1/fill/w_980,h_1307,al_c,q_85,usm_0.66_1.00_0.01,enc_avif,quality_auto/74d008_52e117b573994223b59c4f1b6c8a4796~mv2.jpg",""
"https://www.lifeusa.org/post/life-continues-saving-lives-in-gaza-as-emergency-food-and-water-relief-reaches-thousands","https://static.wixstatic.com/media/74d008_9d37178419a3419ca9807fb4a50ad5cd~mv2.jpg/v1/fill/w_980,h_551,al_c,q_85,usm_0.66_1.00_0.01,enc_avif,quality_auto/74d008_9d37178419a3419ca9807fb4a50ad5cd~mv2.jpg",""
"https://www.lifeusa.org/post/life-continues-saving-lives-in-gaza-as-emergency-food-and-water-relief-reaches-thousands","https://static.wixstatic.com/media/74d008_e6b513ca2ffb4387a58b45e8a9c18005~mv2.jpg/v1/fill/w_980,h_551,al_c,q_85,usm_0.66_1.00_0.01,enc_avif,quality_auto/74d008_e6b513ca2ffb4387a58b45e8a9c18005~mv2.jpg",""
"https://www.lifeusa.org/post/life-continues-saving-lives-in-gaza-as-emergency-food-and-water-relief-reaches-thousands","https://static.wixstatic.com/media/74d008_b2d735bcef2f4db2ac3b8d4fc8a360f9~mv2.jpg/v1/fill/w_980,h_551,al_c,q_85,usm_0.66_1.00_0.01,enc_avif,quality_auto/74d008_b2d735bcef2f4db2ac3b8d4fc8a360f9~mv2.jpg",""
"https://www.lifeusa.org/post/life-supporting-orphans-families-gaza","https://static.wixstatic.com/media/74d008_47789c91bc3b41a5b3a5dd4a12920512~mv2.png/v1/fill/w_768,h_428,al_c,q_85,enc_avif,quality_auto/74d008_47789c91bc3b41a5b3a5dd4a12920512~mv2.png",""
"https://www.lifeusa.org/post/fighting-hunger-in-somalia-life-for-relief-and-development-life-s-food-distribution-reaches-displ","https://static.wixstatic.com/media/74d008_24db9bb0d32f4b919a04de8c3c214d18~mv2.jpeg/v1/fill/w_810,h_1080,al_c,q_85,enc_avif,quality_auto/74d008_24db9bb0d32f4b919a04de8c3c214d18~mv2.jpeg",""
"https://www.lifeusa.org/post/fighting-hunger-in-somalia-life-for-relief-and-development-life-s-food-distribution-reaches-displ","https://static.wixstatic.com/media/74d008_5e840aae6b684096a78cefa9fc0e1e30~mv2.jpg/v1/fill/w_980,h_653,al_c,q_85,usm_0.66_1.00_0.01,enc_avif,quality_auto/74d008_5e840aae6b684096a78cefa9fc0e1e30~mv2.jpg",""
"https://www.lifeusa.org/post/fighting-hunger-in-somalia-life-for-relief-and-development-life-s-food-distribution-reaches-displ","https://static.wixstatic.com/media/74d008_d492ee22d1ab458db1fafa7ce1b5882b~mv2.jpeg/v1/fill/w_810,h_1080,al_c,q_85,enc_avif,quality_auto/74d008_d492ee22d1ab458db1fafa7ce1b5882b~mv2.jpeg",""
"https://www.lifeusa.org/post/fighting-hunger-in-somalia-life-for-relief-and-development-life-s-food-distribution-reaches-displ","https://static.wixstatic.com/media/74d008_642d5f1a370c4a72b13deddfa70a067e~mv2.jpeg/v1/fill/w_810,h_1080,al_c,q_85,enc_avif,quality_auto/74d008_642d5f1a370c4a72b13deddfa70a067e~mv2.jpeg",""
"https://www.lifeusa.org/post/fighting-hunger-in-somalia-life-for-relief-and-development-life-s-food-distribution-reaches-displ","https://static.wixstatic.com/media/74d008_c05cd048f4134fed8abe4c2b78733dec~mv2.jpeg/v1/fill/w_810,h_1080,al_c,q_85,enc_avif,quality_auto/74d008_c05cd048f4134fed8abe4c2b78733dec~mv2.jpeg",""
"https://www.lifeusa.org/post/life-for-relief-and-development-life-usa-restores-shelter-and-safety-for-8-050-displaced-individua","https://static.wixstatic.com/media/74d008_8277bcd814ed48da819d7a564a81b8fc~mv2.jpg/v1/fill/w_980,h_551,al_c,q_85,usm_0.66_1.00_0.01,enc_avif,quality_auto/74d008_8277bcd814ed48da819d7a564a81b8fc~mv2.jpg",""
"https://www.lifeusa.org/post/life-for-relief-and-development-life-usa-restores-shelter-and-safety-for-8-050-displaced-individua","https://static.wixstatic.com/media/74d008_caef50e8f84f4748bf29b4edb7e6bb82~mv2.jpg/v1/fill/w_980,h_551,al_c,q_85,usm_0.66_1.00_0.01,enc_avif,quality_auto/74d008_caef50e8f84f4748bf29b4edb7e6bb82~mv2.jpg",""
"https://www.lifeusa.org/post/life-for-relief-and-development-life-usa-restores-shelter-and-safety-for-8-050-displaced-individua","https://static.wixstatic.com/media/74d008_79da893c3d7d4a9d8d27c049dc7fff3b~mv2.jpg/v1/fill/w_980,h_551,al_c,q_85,usm_0.66_1.00_0.01,enc_avif,quality_auto/74d008_79da893c3d7d4a9d8d27c049dc7fff3b~mv2.jpg",""
"https://www.lifeusa.org/post/new-solar-powered-water-wells-bring-clean-water-to-3-300-people-in-pakistan","https://static.wixstatic.com/media/74d008_93439aff0fcb4a0aade5b491da0ec204~mv2.jpg/v1/fill/w_980,h_735,al_c,q_85,usm_0.66_1.00_0.01,enc_avif,quality_auto/74d008_93439aff0fcb4a0aade5b491da0ec204~mv2.jpg",""
"https://www.lifeusa.org/post/life-for-relief-and-development-life-usa-restores-shelter-and-safety-for-8-050-displaced-individua","https://static.wixstatic.com/media/74d008_44ac1f1359f1495888206065159cbaed~mv2.jpg/v1/fill/w_980,h_551,al_c,q_85,usm_0.66_1.00_0.01,enc_avif,quality_auto/74d008_44ac1f1359f1495888206065159cbaed~mv2.jpg",""
"https://www.lifeusa.org/post/new-solar-powered-water-wells-bring-clean-water-to-3-300-people-in-pakistan","https://static.wixstatic.com/media/74d008_777e1304271942f2806c9ead1056568b~mv2.jpg/v1/fill/w_980,h_735,al_c,q_85,usm_0.66_1.00_0.01,enc_avif,quality_auto/74d008_777e1304271942f2806c9ead1056568b~mv2.jpg",""
"https://www.lifeusa.org/post/life-provides-medical-student-scholarships-in-the-west-bank","https://static.wixstatic.com/media/74d008_595afde92a07441f8aa856cdc2316850~mv2.jpg/v1/fill/w_980,h_1470,al_c,q_85,usm_0.66_1.00_0.01,enc_avif,quality_auto/74d008_595afde92a07441f8aa856cdc2316850~mv2.jpg",""
"https://www.lifeusa.org/post/new-solar-powered-water-wells-bring-clean-water-to-3-300-people-in-pakistan","https://static.wixstatic.com/media/74d008_df432f8f94ad4deeab84f42cb2cb76bc~mv2.jpg/v1/fill/w_980,h_735,al_c,q_85,usm_0.66_1.00_0.01,enc_avif,quality_auto/74d008_df432f8f94ad4deeab84f42cb2cb76bc~mv2.jpg",""
"https://www.lifeusa.org/post/life-for-relief-and-development-protects-5-000-children-from-harsh-winter-conditions-in-gaza","https://static.wixstatic.com/media/74d008_d0e4321e23494a8992f180745e2f11cf~mv2.jpg/v1/fill/w_980,h_735,al_c,q_85,usm_0.66_1.00_0.01,enc_avif,quality_auto/74d008_d0e4321e23494a8992f180745e2f11cf~mv2.jpg",""
"https://www.lifeusa.org/post/life-for-relief-and-development-protects-5-000-children-from-harsh-winter-conditions-in-gaza","https://static.wixstatic.com/media/74d008_025803e77f7340968b81c54fc567b9b1~mv2.jpg/v1/fill/w_980,h_735,al_c,q_85,usm_0.66_1.00_0.01,enc_avif,quality_auto/74d008_025803e77f7340968b81c54fc567b9b1~mv2.jpg",""
"https://www.lifeusa.org/post/new-solar-powered-water-wells-bring-clean-water-to-3-300-people-in-pakistan","https://static.wixstatic.com/media/74d008_ed12331ac5e048a8ad7dcb052f698bc8~mv2.jpg/v1/fill/w_980,h_551,al_c,q_85,usm_0.66_1.00_0.01,enc_avif,quality_auto/74d008_ed12331ac5e048a8ad7dcb052f698bc8~mv2.jpg",""
"https://www.lifeusa.org/post/life-for-relief-and-development-protects-5-000-children-from-harsh-winter-conditions-in-gaza","https://static.wixstatic.com/media/74d008_a9db35f96de24ec4840c7bf9df41e380~mv2.jpg/v1/fill/w_980,h_735,al_c,q_85,usm_0.66_1.00_0.01,enc_avif,quality_auto/74d008_a9db35f96de24ec4840c7bf9df41e380~mv2.jpg",""
"https://www.lifeusa.org/post/life-for-relief-and-development-sustains-higher-education-in-syria","https://static.wixstatic.com/media/74d008_f16b059795d8435a9cac609569ea1b81~mv2.jpg/v1/fill/w_980,h_550,al_c,q_85,usm_0.66_1.00_0.01,enc_avif,quality_auto/74d008_f16b059795d8435a9cac609569ea1b81~mv2.jpg",""
"https://www.lifeusa.org/post/life-for-relief-and-development-sustains-higher-education-in-syria","https://static.wixstatic.com/media/74d008_32f93916278c4bd1a7dff45cfb974ecc~mv2.jpg/v1/fill/w_980,h_550,al_c,q_85,usm_0.66_1.00_0.01,enc_avif,quality_auto/74d008_32f93916278c4bd1a7dff45cfb974ecc~mv2.jpg",""
"https://www.lifeusa.org/post/over-1-000-orphans-across-jordan-uplifted-through-life-sponsorship-program","https://static.wixstatic.com/media/74d008_1d0d8d051ad54f72b4dd6e03c0e74682~mv2.jpg/v1/fill/w_575,h_607,al_c,q_80,enc_avif,quality_auto/74d008_1d0d8d051ad54f72b4dd6e03c0e74682~mv2.jpg",""
"https://www.lifeusa.org/post/over-1-000-orphans-across-jordan-uplifted-through-life-sponsorship-program","https://static.wixstatic.com/media/74d008_ec4411fec68344b5a3fb22e0defa7611~mv2.jpg/v1/fill/w_576,h_523,al_c,q_80,enc_avif,quality_auto/74d008_ec4411fec68344b5a3fb22e0defa7611~mv2.jpg",""
"https://www.lifeusa.org/post/life-for-relief-and-development-life-delivers-emergency-food-and-water-assistance-in-gaza-through","https://static.wixstatic.com/media/74d008_1a87b8341b974d61b23ea37cb1c1ab9b~mv2.png/v1/fill/w_980,h_735,al_c,q_90,usm_0.66_1.00_0.01,enc_avif,quality_auto/74d008_1a87b8341b974d61b23ea37cb1c1ab9b~mv2.png",""
"https://www.lifeusa.org/post/water-stops-being-a-daily-worry-for-two-communities-in-nepal","https://static.wixstatic.com/media/74d008_2061a180031d43f89aab5f1ed2911967~mv2.jpg/v1/fill/w_980,h_751,al_c,q_85,usm_0.66_1.00_0.01,enc_avif,quality_auto/74d008_2061a180031d43f89aab5f1ed2911967~mv2.jpg",""
"https://www.lifeusa.org/post/water-stops-being-a-daily-worry-for-two-communities-in-nepal","https://static.wixstatic.com/media/74d008_7c69306de7374e649f659a0c0b8e919a~mv2.jpg/v1/fill/w_980,h_649,al_c,q_85,usm_0.66_1.00_0.01,enc_avif,quality_auto/74d008_7c69306de7374e649f659a0c0b8e919a~mv2.jpg",""
"https://www.lifeusa.org/post/clean-water-restored-through-life-for-relief-and-development-life-s-water-well-projects-in-sierra","https://static.wixstatic.com/media/74d008_469a27e703234b6fb0d80a4c13df3ce7~mv2.jpg/v1/fill/w_980,h_434,al_c,q_85,usm_0.66_1.00_0.01,enc_avif,quality_auto/74d008_469a27e703234b6fb0d80a4c13df3ce7~mv2.jpg",""
"https://www.lifeusa.org/post/clean-water-restored-through-life-for-relief-and-development-life-s-water-well-projects-in-sierra","https://static.wixstatic.com/media/74d008_6df727c477404bf0b9325adcb041b651~mv2.jpg/v1/fill/w_980,h_551,al_c,q_85,usm_0.66_1.00_0.01,enc_avif,quality_auto/74d008_6df727c477404bf0b9325adcb041b651~mv2.jpg",""
"https://www.lifeusa.org/post/clean-water-restored-through-life-for-relief-and-development-life-s-water-well-projects-in-sierra","https://static.wixstatic.com/media/74d008_3d99cf29d9ed4058bb861bc7d8c673e9~mv2.jpg/v1/fill/w_980,h_434,al_c,q_85,usm_0.66_1.00_0.01,enc_avif,quality_auto/74d008_3d99cf29d9ed4058bb861bc7d8c673e9~mv2.jpg",""
"https://www.lifeusa.org/post/clean-water-new-possibilities-through-life-for-relief-and-development-life-s-water-well-projects","https://static.wixstatic.com/media/74d008_ccd27f5cc10e48aaaef35591b202d952~mv2.jpg/v1/fill/w_980,h_464,al_c,q_85,usm_0.66_1.00_0.01,enc_avif,quality_auto/74d008_ccd27f5cc10e48aaaef35591b202d952~mv2.jpg",""
"https://www.lifeusa.org/post/clean-water-new-possibilities-through-life-for-relief-and-development-life-s-water-well-projects","https://static.wixstatic.com/media/74d008_e894bd42998c49479635608a91831fb9~mv2.jpg/v1/fill/w_980,h_551,al_c,q_85,usm_0.66_1.00_0.01,enc_avif,quality_auto/74d008_e894bd42998c49479635608a91831fb9~mv2.jpg",""
"https://www.lifeusa.org/post/clean-water-new-possibilities-through-life-for-relief-and-development-life-s-water-well-projects","https://static.wixstatic.com/media/74d008_1ec23774ae2947beb7f0106d0971e777~mv2.jpg/v1/fill/w_980,h_464,al_c,q_85,usm_0.66_1.00_0.01,enc_avif,quality_auto/74d008_1ec23774ae2947beb7f0106d0971e777~mv2.jpg",""
"https://www.lifeusa.org/post/clean-water-new-possibilities-through-life-for-relief-and-development-life-s-water-well-projects","https://static.wixstatic.com/media/74d008_8b51e560798a46fdb26cee26c0cb48e8~mv2.jpg/v1/fill/w_980,h_464,al_c,q_85,usm_0.66_1.00_0.01,enc_avif,quality_auto/74d008_8b51e560798a46fdb26cee26c0cb48e8~mv2.jpg",""
"https://www.lifeusa.org/post/clean-water-new-possibilities-through-life-for-relief-and-development-life-s-water-well-projects","https://static.wixstatic.com/media/74d008_80c3449237a5468f8849b00fbf76e85f~mv2.jpg/v1/fill/w_980,h_551,al_c,q_85,usm_0.66_1.00_0.01,enc_avif,quality_auto/74d008_80c3449237a5468f8849b00fbf76e85f~mv2.jpg",""
"https://www.lifeusa.org/post/life-for-relief-and-development-life-s-orphan-sponsorship-supports-152-children-in-indonesia","https://static.wixstatic.com/media/74d008_4e1c542f18f54fbdac11f5c92ddcce8b~mv2.jpg/v1/fill/w_980,h_551,al_c,q_85,usm_0.66_1.00_0.01,enc_avif,quality_auto/74d008_4e1c542f18f54fbdac11f5c92ddcce8b~mv2.jpg",""
"https://www.lifeusa.org/post/life-for-relief-and-development-life-s-orphan-sponsorship-supports-152-children-in-indonesia","https://static.wixstatic.com/media/74d008_9477cbc142e14603b7268dadf83b66eb~mv2.jpg/v1/fill/w_980,h_551,al_c,q_85,usm_0.66_1.00_0.01,enc_avif,quality_auto/74d008_9477cbc142e14603b7268dadf83b66eb~mv2.jpg",""
"https://www.lifeusa.org/post/clean-water-for-students-as-life-for-relief-and-development-life-installs-solar-water-wells-in-pak","https://static.wixstatic.com/media/74d008_9b0e13a871e64b8f96b6e14467aec0af~mv2.jpg/v1/fill/w_980,h_735,al_c,q_85,usm_0.66_1.00_0.01,enc_avif,quality_auto/74d008_9b0e13a871e64b8f96b6e14467aec0af~mv2.jpg",""
"https://www.lifeusa.org/post/clean-water-for-students-as-life-for-relief-and-development-life-installs-solar-water-wells-in-pak","https://static.wixstatic.com/media/74d008_1ad65e154b0d4d6db4a97b2c5cd3cba5~mv2.jpg/v1/fill/w_980,h_735,al_c,q_85,usm_0.66_1.00_0.01,enc_avif,quality_auto/74d008_1ad65e154b0d4d6db4a97b2c5cd3cba5~mv2.jpg",""
"https://www.lifeusa.org/post/clean-water-for-students-as-life-for-relief-and-development-life-installs-solar-water-wells-in-pak","https://static.wixstatic.com/media/74d008_80314459c3694be29df962eb709f0aaa~mv2.jpg/v1/fill/w_980,h_735,al_c,q_85,usm_0.66_1.00_0.01,enc_avif,quality_auto/74d008_80314459c3694be29df962eb709f0aaa~mv2.jpg",""
"https://www.lifeusa.org/post/life-builds-five-clean-water-projects-across-two-regions-in-myanmar","https://static.wixstatic.com/media/74d008_6f0e061b0ad344bf968e553fc528385d~mv2.jpg/v1/fill/w_980,h_653,al_c,q_85,usm_0.66_1.00_0.01,enc_avif,quality_auto/74d008_6f0e061b0ad344bf968e553fc528385d~mv2.jpg",""
"https://www.lifeusa.org/post/clean-water-for-students-as-life-for-relief-and-development-life-installs-solar-water-wells-in-pak","https://static.wixstatic.com/media/74d008_7bcc558741b4487f958a21ce7b2c06b4~mv2.jpg/v1/fill/w_980,h_735,al_c,q_85,usm_0.66_1.00_0.01,enc_avif,quality_auto/74d008_7bcc558741b4487f958a21ce7b2c06b4~mv2.jpg",""
"https://www.lifeusa.org/post/life-builds-five-clean-water-projects-across-two-regions-in-myanmar","https://static.wixstatic.com/media/74d008_caa498396c0e494283641f220afbc71c~mv2.jpg/v1/fill/w_980,h_653,al_c,q_85,usm_0.66_1.00_0.01,enc_avif,quality_auto/74d008_caa498396c0e494283641f220afbc71c~mv2.jpg",""
"https://www.lifeusa.org/winterrelief","https://static.wixstatic.com/media/11062b_64ae2a899006496dac01c2e81fac97f1f000.jpg/v1/fill/w_1920,h_1080,al_c,q_90,enc_avif,quality_auto/11062b_64ae2a899006496dac01c2e81fac97f1f000.jpg",""
"https://www.lifeusa.org/post/who-will-watch-over-the-orphans-of-gaza","https://static.wixstatic.com/media/6df904_a0ec9099343a4646a6be360dc666d892~mv2.png/v1/fill/w_617,h_421,al_c,q_85,enc_avif,quality_auto/6df904_a0ec9099343a4646a6be360dc666d892~mv2.png",""
"https://www.lifeusa.org/post/life-continues-to-provide-emergency-aid-in-gaza","https://static.wixstatic.com/media/6df904_d94f849e8f4c410baffa7d1c5a9a3bf1~mv2.png/v1/fill/w_311,h_250,al_c,blur_30/6df904_d94f849e8f4c410baffa7d1c5a9a3bf1~mv2.png",""
"https://www.lifeusa.org/post/life-continues-to-provide-emergency-aid-in-gaza","https://static.wixstatic.com/media/6df904_c9650ac8bf134fa7b4688be65cf0e6b9~mv2.jpg/v1/fill/w_377,h_250,al_c,q_30,blur_30/6df904_c9650ac8bf134fa7b4688be65cf0e6b9~mv2.jpg",""
"https://www.lifeusa.org/post/life-continues-to-provide-emergency-aid-in-gaza","https://static.wixstatic.com/media/6df904_c9650ac8bf134fa7b4688be65cf0e6b9~mv2.jpg/v1/fill/w_534,h_354,fp_0.50_0.50,q_90/6df904_c9650ac8bf134fa7b4688be65cf0e6b9~mv2.jpg",""
"https://www.lifeusa.org/post/life-continues-to-provide-emergency-aid-in-gaza","https://static.wixstatic.com/media/6df904_d94f849e8f4c410baffa7d1c5a9a3bf1~mv2.png/v1/fill/w_441,h_354,fp_0.50_0.50/6df904_d94f849e8f4c410baffa7d1c5a9a3bf1~mv2.png",""
"https://www.lifeusa.org/post/life-distributes-water-tanks-to-families-in-the-gaza-strip","https://static.wixstatic.com/media/6df904_818438da5fa642219d62737c29e448e9~mv2.png/v1/fill/w_323,h_323,fp_0.50_0.50/6df904_818438da5fa642219d62737c29e448e9~mv2.png",""
"https://www.lifeusa.org/post/life-distributes-water-tanks-to-families-in-the-gaza-strip","https://static.wixstatic.com/media/6df904_2ca3a1273b27485aae02550f620e4a92~mv2.png/v1/fill/w_250,h_250,fp_0.50_0.50,blur_30/6df904_2ca3a1273b27485aae02550f620e4a92~mv2.png",""
"https://www.lifeusa.org/post/life-distributes-water-tanks-to-families-in-the-gaza-strip","https://static.wixstatic.com/media/6df904_e9f2f74fc6ab4f18b32c20239caa272a~mv2.png/v1/fill/w_324,h_323,fp_0.50_0.50/6df904_e9f2f74fc6ab4f18b32c20239caa272a~mv2.png",""
"https://www.lifeusa.org/post/life-distributes-water-tanks-to-families-in-the-gaza-strip","https://static.wixstatic.com/media/6df904_818438da5fa642219d62737c29e448e9~mv2.png/v1/fill/w_250,h_250,fp_0.50_0.50,blur_30/6df904_818438da5fa642219d62737c29e448e9~mv2.png",""
"https://www.lifeusa.org/post/life-distributes-water-tanks-to-families-in-the-gaza-strip","https://static.wixstatic.com/media/6df904_e9f2f74fc6ab4f18b32c20239caa272a~mv2.png/v1/fill/w_251,h_250,fp_0.50_0.50,blur_30/6df904_e9f2f74fc6ab4f18b32c20239caa272a~mv2.png",""
"https://www.lifeusa.org/post/life-distributes-water-tanks-to-families-in-the-gaza-strip","https://static.wixstatic.com/media/6df904_2ca3a1273b27485aae02550f620e4a92~mv2.png/v1/fill/w_323,h_323,fp_0.50_0.50/6df904_2ca3a1273b27485aae02550f620e4a92~mv2.png",""
"https://www.lifeusa.org/gaza","https://static.wixstatic.com/media/6df904_a1078bdd11f645c5af88a2c8b3ea2675~mv2.jpg/v1/fill/w_982,h_420,fp_0.43_0.3,q_90,enc_avif,quality_auto/6df904_a1078bdd11f645c5af88a2c8b3ea2675~mv2.jpg",""
"https://www.lifeusa.org/gaza","https://static.wixstatic.com/media/c1c8c5_c61b25f1767046439e65ee915f1ca5a5~mv2.jpg/v1/fill/w_982,h_420,q_90,enc_avif,quality_auto/c1c8c5_c61b25f1767046439e65ee915f1ca5a5~mv2.jpg",""
"https://www.lifeusa.org/gaza","https://static.wixstatic.com/media/6df904_f515d39bb6ff4654b29ce3fce448695d~mv2.jpg/v1/fill/w_600,h_337,al_c,q_80,usm_0.66_1.00_0.01,enc_avif,quality_auto/6df904_f515d39bb6ff4654b29ce3fce448695d~mv2.jpg",""
"https://www.lifeusa.org/gaza","https://static.wixstatic.com/media/6df904_5414769eebab4fbfb9248fc169b7ee9f~mv2.jpeg/v1/fill/w_982,h_420,q_90,enc_avif,quality_auto/6df904_5414769eebab4fbfb9248fc169b7ee9f~mv2.jpeg",""
"https://www.lifeusa.org/gaza","https://static.wixstatic.com/media/c1c8c5_7022f350d1ba4b8190dd049b6694a0a6~mv2.jpeg/v1/fill/w_982,h_420,q_90,enc_avif,quality_auto/c1c8c5_7022f350d1ba4b8190dd049b6694a0a6~mv2.jpeg",""
"https://www.lifeusa.org/gaza","https://static.wixstatic.com/media/6df904_015d741682324d8b9f1e7cd92732498e~mv2.jpg/v1/fill/w_982,h_420,q_90,enc_avif,quality_auto/6df904_015d741682324d8b9f1e7cd92732498e~mv2.jpg",""
"https://www.lifeusa.org/gaza","https://static.wixstatic.com/media/6df904_6aa1af8210df4c3697205de821001999~mv2.jpg/v1/fill/w_982,h_420,fp_0.48_0.36,q_90,enc_avif,quality_auto/6df904_6aa1af8210df4c3697205de821001999~mv2.jpg",""
"https://www.lifeusa.org/gaza","https://static.wixstatic.com/media/c1c8c5_c5989de5132e4ac4bc201a603f7db6bd~mv2.jpeg/v1/fill/w_982,h_420,q_90,enc_avif,quality_auto/c1c8c5_c5989de5132e4ac4bc201a603f7db6bd~mv2.jpeg",""
"https://www.lifeusa.org/gaza","https://static.wixstatic.com/media/6df904_c846b67ee32249799fdb7fbb1262c66a~mv2.jpg/v1/fill/w_982,h_420,fp_0.47_0.37,q_90,enc_avif,quality_auto/6df904_c846b67ee32249799fdb7fbb1262c66a~mv2.jpg",""
"https://www.lifeusa.org/gaza","https://static.wixstatic.com/media/6df904_488cb81af34e45f48539d6d19c6f9563~mv2.jpg/v1/fill/w_982,h_420,fp_0.41_0.48,q_90,enc_avif,quality_auto/6df904_488cb81af34e45f48539d6d19c6f9563~mv2.jpg",""
"https://www.lifeusa.org/gaza","https://static.wixstatic.com/media/c1c8c5_11229c22573c4e1b9adda5dd710aff29~mv2.jpeg/v1/fill/w_982,h_420,q_90,enc_avif,quality_auto/c1c8c5_11229c22573c4e1b9adda5dd710aff29~mv2.jpeg",""
"https://www.lifeusa.org/gaza","https://static.wixstatic.com/media/6df904_8f72861bfa4840caa042bb3b01ae7d6b~mv2.jpg/v1/fill/w_982,h_420,q_90,enc_avif,quality_auto/6df904_8f72861bfa4840caa042bb3b01ae7d6b~mv2.jpg",""
"https://www.lifeusa.org/gaza","https://static.wixstatic.com/media/6df904_90c59c270eeb4d0cab012b7a2256f54f~mv2.jpg/v1/fill/w_982,h_420,fp_0.42_0.31,q_90,enc_avif,quality_auto/6df904_90c59c270eeb4d0cab012b7a2256f54f~mv2.jpg",""
"https://www.lifeusa.org/gaza","https://static.wixstatic.com/media/c1c8c5_ca97dd4b9fa1451c8b14660733667b85~mv2.jpeg/v1/fill/w_982,h_420,q_90,enc_avif,quality_auto/c1c8c5_ca97dd4b9fa1451c8b14660733667b85~mv2.jpeg",""
"https://www.lifeusa.org/gaza","https://static.wixstatic.com/media/6df904_26759573dda3465aae7c7c53d3f9b8f6~mv2.jpg/v1/fill/w_982,h_420,q_90,enc_avif,quality_auto/6df904_26759573dda3465aae7c7c53d3f9b8f6~mv2.jpg",""
"https://www.lifeusa.org/gaza","https://static.wixstatic.com/media/c1c8c5_ace17568af69420a8703fe1461f75429~mv2.jpeg/v1/fill/w_982,h_420,q_90,enc_avif,quality_auto/c1c8c5_ace17568af69420a8703fe1461f75429~mv2.jpeg",""
"https://www.lifeusa.org/gaza","https://static.wixstatic.com/media/6df904_adee985e151744819bef5e546b6dd925~mv2.jpg/v1/fill/w_982,h_420,fp_0.29_0.25,q_90,enc_avif,quality_auto/6df904_adee985e151744819bef5e546b6dd925~mv2.jpg",""
"https://www.lifeusa.org/gaza","https://static.wixstatic.com/media/74d008_60373a5651db4d4bba719079dc9ad3a3~mv2.jpg/v1/fill/w_600,h_337,al_c,q_80,usm_0.66_1.00_0.01,enc_avif,quality_auto/74d008_60373a5651db4d4bba719079dc9ad3a3~mv2.jpg",""
"https://www.lifeusa.org/gaza","https://static.wixstatic.com/media/c1c8c5_eea1fec5d960491baba238704d0669a1~mv2.jpg/v1/fill/w_982,h_420,q_90,enc_avif,quality_auto/c1c8c5_eea1fec5d960491baba238704d0669a1~mv2.jpg",""
"https://www.lifeusa.org/gaza","https://static.wixstatic.com/media/c1c8c5_9cb6d892c2144885b931ec43dd59920d~mv2.jpeg/v1/fill/w_982,h_420,q_90,enc_avif,quality_auto/c1c8c5_9cb6d892c2144885b931ec43dd59920d~mv2.jpeg",""
"https://www.lifeusa.org/gaza","https://static.wixstatic.com/media/c1c8c5_f0b7aa565bd1478ca40e47b7e53a9fc2~mv2.jpg/v1/fill/w_982,h_420,q_90,enc_avif,quality_auto/c1c8c5_f0b7aa565bd1478ca40e47b7e53a9fc2~mv2.jpg",""
"https://www.lifeusa.org/gaza","https://static.wixstatic.com/media/6df904_b8da9e1adbb04f628a2cb2ab6e78ecde~mv2.jpg/v1/fill/w_982,h_420,fp_0.43_0.16,q_90,enc_avif,quality_auto/6df904_b8da9e1adbb04f628a2cb2ab6e78ecde~mv2.jpg",""
"https://www.lifeusa.org/gaza","https://static.wixstatic.com/media/6df904_f515d39bb6ff4654b29ce3fce448695d~mv2.jpg/v1/fill/w_982,h_420,q_90,enc_avif,quality_auto/6df904_f515d39bb6ff4654b29ce3fce448695d~mv2.jpg",""
"https://www.lifeusa.org/gaza","https://static.wixstatic.com/media/c1c8c5_e0c1f36295f345faa24ca82b21848de2~mv2.jpg/v1/fill/w_982,h_420,q_90,enc_avif,quality_auto/c1c8c5_e0c1f36295f345faa24ca82b21848de2~mv2.jpg",""
"https://www.lifeusa.org/gaza","https://static.wixstatic.com/media/c1c8c5_536b47d2124945fe9b144a23143341ad~mv2.jpg/v1/fill/w_982,h_420,q_90,enc_avif,quality_auto/c1c8c5_536b47d2124945fe9b144a23143341ad~mv2.jpg",""
"https://www.lifeusa.org/gaza","https://static.wixstatic.com/media/c1c8c5_53ea066439234699a265e775076174f5~mv2.jpeg/v1/fill/w_982,h_420,q_90,enc_avif,quality_auto/c1c8c5_53ea066439234699a265e775076174f5~mv2.jpeg",""
"https://www.lifeusa.org/post/hearing-aids-colorado","https://static.wixstatic.com/media/6df904_5c89b2a526c64b12b756651df88bdbdc~mv2.png/v1/fill/w_467,h_277,fp_0.50_0.50/6df904_5c89b2a526c64b12b756651df88bdbdc~mv2.png",""
"https://www.lifeusa.org/gaza","https://static.wixstatic.com/media/c1c8c5_021c7ad955984366a5908143cd431deb~mv2.jpg/v1/fill/w_982,h_420,q_90,enc_avif,quality_auto/c1c8c5_021c7ad955984366a5908143cd431deb~mv2.jpg",""
"https://www.lifeusa.org/post/hearing-aids-colorado","https://static.wixstatic.com/media/6df904_5c89b2a526c64b12b756651df88bdbdc~mv2.png/v1/fill/w_420,h_250,al_c,blur_30/6df904_5c89b2a526c64b12b756651df88bdbdc~mv2.png",""
"https://www.lifeusa.org/post/hearing-aids-colorado","https://static.wixstatic.com/media/6df904_30a5b8df381342949217c279c4974f12~mv2.png/v1/fill/w_445,h_250,al_c,blur_30/6df904_30a5b8df381342949217c279c4974f12~mv2.png",""
"https://www.lifeusa.org/post/hearing-aids-colorado","https://static.wixstatic.com/media/6df904_30a5b8df381342949217c279c4974f12~mv2.png/v1/fill/w_493,h_277,fp_0.50_0.50/6df904_30a5b8df381342949217c279c4974f12~mv2.png",""
"https://www.lifeusa.org/post/making-houses-into-homes","https://static.wixstatic.com/media/6df904_8f63df367e5a4b40b7d75e8f994a42b2~mv2.png/v1/fill/w_975,h_779,al_c,q_90,enc_avif,quality_auto/6df904_8f63df367e5a4b40b7d75e8f994a42b2~mv2.png",""
"https://www.lifeusa.org/post/food-packages-maryland","https://static.wixstatic.com/media/6df904_4a67bbe751e64a678d64aef136d56706~mv2.png/v1/fill/w_313,h_313,fp_0.50_0.50/6df904_4a67bbe751e64a678d64aef136d56706~mv2.png",""
"https://www.lifeusa.org/post/food-packages-maryland","https://static.wixstatic.com/media/6df904_6b072839d78b4c57a014564c8615cbb7~mv2.png/v1/fill/w_250,h_250,fp_0.50_0.50,blur_30/6df904_6b072839d78b4c57a014564c8615cbb7~mv2.png",""
"https://www.lifeusa.org/post/food-packages-maryland","https://static.wixstatic.com/media/6df904_6b072839d78b4c57a014564c8615cbb7~mv2.png/v1/fill/w_313,h_313,fp_0.50_0.50/6df904_6b072839d78b4c57a014564c8615cbb7~mv2.png",""
"https://www.lifeusa.org/post/food-packages-maryland","https://static.wixstatic.com/media/6df904_55761ec7cd5d425b8270c9ba875ebf2f~mv2.png/v1/fill/w_251,h_250,fp_0.50_0.50,blur_30/6df904_55761ec7cd5d425b8270c9ba875ebf2f~mv2.png",""
"https://www.lifeusa.org/post/food-packages-maryland","https://static.wixstatic.com/media/6df904_4a67bbe751e64a678d64aef136d56706~mv2.png/v1/fill/w_250,h_250,fp_0.50_0.50,blur_30/6df904_4a67bbe751e64a678d64aef136d56706~mv2.png",""
"https://www.lifeusa.org/post/food-packages-maryland","https://static.wixstatic.com/media/6df904_55761ec7cd5d425b8270c9ba875ebf2f~mv2.png/v1/fill/w_314,h_313,fp_0.50_0.50/6df904_55761ec7cd5d425b8270c9ba875ebf2f~mv2.png",""
"https://www.lifeusa.org/post/queen-elizabeth-ii-a-lifetime-of-charity","https://static.wixstatic.com/media/6df904_72e492697fee42da90fc7e6c717c5dc1~mv2.jpg/v1/fill/w_980,h_735,al_c,q_85,usm_0.66_1.00_0.01,enc_avif,quality_auto/6df904_72e492697fee42da90fc7e6c717c5dc1~mv2.jpg",""
"https://www.lifeusa.org/post/queen-elizabeth-ii-a-lifetime-of-charity","https://static.wixstatic.com/media/6df904_5e7cb0e67d4e40d2a59798c9a0895ab8~mv2.jpg/v1/fill/w_980,h_802,al_c,q_85,usm_0.66_1.00_0.01,enc_avif,quality_auto/6df904_5e7cb0e67d4e40d2a59798c9a0895ab8~mv2.jpg",""
"https://www.lifeusa.org/post/queen-elizabeth-ii-a-lifetime-of-charity","https://static.wixstatic.com/media/6df904_44d77ac9514b4959a233f7161c19cce6~mv2.jpg/v1/fill/w_980,h_653,al_c,q_85,usm_0.66_1.00_0.01,enc_avif,quality_auto/6df904_44d77ac9514b4959a233f7161c19cce6~mv2.jpg",""
"https://www.lifeusa.org/post/a-summer-of-forest-fires","https://static.wixstatic.com/media/6df904_38c3822a7045484aa4fe1e5cd0307923~mv2.png/v1/fill/w_645,h_362,al_c,q_85,enc_avif,quality_auto/6df904_38c3822a7045484aa4fe1e5cd0307923~mv2.png",""
"https://www.lifeusa.org/post/a-summer-of-forest-fires","https://static.wixstatic.com/media/6df904_25071261ca774c63adc97aed842cf597~mv2.png/v1/fill/w_477,h_423,al_c,q_85,enc_avif,quality_auto/6df904_25071261ca774c63adc97aed842cf597~mv2.png",""
"https://www.lifeusa.org/post/a-summer-of-forest-fires","https://static.wixstatic.com/media/6df904_3294fb4dd59b4e2484af7072d8a048ec~mv2.png/v1/fill/w_980,h_1307,al_c,q_90,usm_0.66_1.00_0.01,enc_avif,quality_auto/6df904_3294fb4dd59b4e2484af7072d8a048ec~mv2.png",""
"https://www.lifeusa.org/post/a-summer-of-forest-fires","https://static.wixstatic.com/media/6df904_756cf29d9fe8426f9bdcca767af0a728~mv2.png/v1/fill/w_980,h_653,al_c,q_90,usm_0.66_1.00_0.01,enc_avif,quality_auto/6df904_756cf29d9fe8426f9bdcca767af0a728~mv2.png",""
"https://www.lifeusa.org/post/the-biggest-charitable-contributions-in-the-u-s-2023","https://static.wixstatic.com/media/6df904_d99dd54ef2954136b692addf947b5039~mv2.png/v1/fill/w_567,h_347,al_c,q_85,enc_avif,quality_auto/6df904_d99dd54ef2954136b692addf947b5039~mv2.png",""
"https://www.lifeusa.org/post/the-biggest-charitable-contributions-in-the-u-s-2023","https://static.wixstatic.com/media/6df904_e4210e6ba8f6493c9eb22f5a8dc10b8d~mv2.png/v1/fill/w_612,h_378,al_c,q_85,enc_avif,quality_auto/6df904_e4210e6ba8f6493c9eb22f5a8dc10b8d~mv2.png",""
"https://www.lifeusa.org/post/life-provides-backpacks-to-foster-youth-in-the-united-states","https://static.wixstatic.com/media/6df904_0d285b6434174e09aae4041e137786ae~mv2.jpg/v1/fill/w_392,h_261,fp_0.50_0.50,q_90/6df904_0d285b6434174e09aae4041e137786ae~mv2.jpg",""
"https://www.lifeusa.org/post/life-provides-backpacks-to-foster-youth-in-the-united-states","https://static.wixstatic.com/media/6df904_1b7ad5a328dc4c79ac8cec647c845fa5~mv2.jpg/v1/fill/w_375,h_250,al_c,q_30,blur_30/6df904_1b7ad5a328dc4c79ac8cec647c845fa5~mv2.jpg",""
"https://www.lifeusa.org/post/life-provides-backpacks-to-foster-youth-in-the-united-states","https://static.wixstatic.com/media/6df904_836bb21fcfad4ffcbf89398efbcff404~mv2.jpg/v1/fill/w_386,h_250,al_c,q_30,blur_30/6df904_836bb21fcfad4ffcbf89398efbcff404~mv2.jpg",""
"https://www.lifeusa.org/post/life-provides-backpacks-to-foster-youth-in-the-united-states","https://static.wixstatic.com/media/6df904_836bb21fcfad4ffcbf89398efbcff404~mv2.jpg/v1/fill/w_404,h_261,fp_0.50_0.50,q_90/6df904_836bb21fcfad4ffcbf89398efbcff404~mv2.jpg",""
"https://www.lifeusa.org/post/life-provides-backpacks-to-foster-youth-in-the-united-states","https://static.wixstatic.com/media/6df904_eddc2db8072d4a579ba31855acfd3201~mv2.jpg/v1/fill/w_174,h_261,fp_0.50_0.50,q_90/6df904_eddc2db8072d4a579ba31855acfd3201~mv2.jpg",""
"https://www.lifeusa.org/post/life-provides-backpacks-to-foster-youth-in-the-united-states","https://static.wixstatic.com/media/6df904_eddc2db8072d4a579ba31855acfd3201~mv2.jpg/v1/fill/w_167,h_250,al_c,q_30,blur_30/6df904_eddc2db8072d4a579ba31855acfd3201~mv2.jpg",""
"https://www.lifeusa.org/post/life-provides-backpacks-to-foster-youth-in-the-united-states","https://static.wixstatic.com/media/6df904_1b7ad5a328dc4c79ac8cec647c845fa5~mv2.jpg/v1/fill/w_450,h_300,fp_0.50_0.50,q_90/6df904_1b7ad5a328dc4c79ac8cec647c845fa5~mv2.jpg",""
"https://www.lifeusa.org/post/hearing-the-call-southwest-florida","https://static.wixstatic.com/media/6df904_edd01ed9f53b4e68828246e8a7affae0~mv2.jpg/v1/fill/w_334,h_250,al_c,q_30,blur_30/6df904_edd01ed9f53b4e68828246e8a7affae0~mv2.jpg",""
"https://www.lifeusa.org/post/hearing-the-call-southwest-florida","https://static.wixstatic.com/media/6df904_65a8576f5f0246088bc0612007d359f3~mv2.jpg/v1/fill/w_347,h_250,al_c,q_30,blur_30/6df904_65a8576f5f0246088bc0612007d359f3~mv2.jpg",""
"https://www.lifeusa.org/post/hearing-the-call-southwest-florida","https://static.wixstatic.com/media/6df904_edd01ed9f53b4e68828246e8a7affae0~mv2.jpg/v1/fill/w_478,h_358,fp_0.50_0.50,q_90/6df904_edd01ed9f53b4e68828246e8a7affae0~mv2.jpg",""
"https://www.lifeusa.org/post/life-provides-backpacks-to-foster-youth-in-the-united-states","https://static.wixstatic.com/media/6df904_0d285b6434174e09aae4041e137786ae~mv2.jpg/v1/fill/w_375,h_250,al_c,q_30,blur_30/6df904_0d285b6434174e09aae4041e137786ae~mv2.jpg",""
"https://www.lifeusa.org/post/hearing-the-call-southwest-florida","https://static.wixstatic.com/media/6df904_65a8576f5f0246088bc0612007d359f3~mv2.jpg/v1/fill/w_497,h_358,fp_0.50_0.50,q_90/6df904_65a8576f5f0246088bc0612007d359f3~mv2.jpg",""
"https://www.lifeusa.org/post/life-distributes-fresh-meat-in-texas","https://static.wixstatic.com/media/6df904_1c75d06a659b431d8ba49726f18d2473~mv2.png/v1/fill/w_250,h_250,fp_0.50_0.50,blur_30/6df904_1c75d06a659b431d8ba49726f18d2473~mv2.png",""
"https://www.lifeusa.org/post/life-distributes-fresh-meat-in-texas","https://static.wixstatic.com/media/6df904_e4bec0622b354932bd5ea91012b179ba~mv2.png/v1/fill/w_323,h_323,fp_0.50_0.50/6df904_e4bec0622b354932bd5ea91012b179ba~mv2.png",""
"https://www.lifeusa.org/post/life-distributes-fresh-meat-in-texas","https://static.wixstatic.com/media/6df904_1c75d06a659b431d8ba49726f18d2473~mv2.png/v1/fill/w_323,h_323,fp_0.50_0.50/6df904_1c75d06a659b431d8ba49726f18d2473~mv2.png",""
"https://www.lifeusa.org/post/life-distributes-fresh-meat-in-texas","https://static.wixstatic.com/media/6df904_4bada6d4956e45e293887cc997f1b1e9~mv2.png/v1/fill/w_251,h_250,fp_0.50_0.50,blur_30/6df904_4bada6d4956e45e293887cc997f1b1e9~mv2.png",""
"https://www.lifeusa.org/post/life-distributes-fresh-meat-in-texas","https://static.wixstatic.com/media/6df904_e4bec0622b354932bd5ea91012b179ba~mv2.png/v1/fill/w_250,h_250,fp_0.50_0.50,blur_30/6df904_e4bec0622b354932bd5ea91012b179ba~mv2.png",""
"https://www.lifeusa.org/post/life-distributes-fresh-meat-in-texas","https://static.wixstatic.com/media/6df904_4bada6d4956e45e293887cc997f1b1e9~mv2.png/v1/fill/w_324,h_323,fp_0.50_0.50/6df904_4bada6d4956e45e293887cc997f1b1e9~mv2.png",""
"https://www.lifeusa.org/post/life-promotes-integrative-healthcare-for-rohingya-refugees-with-the-launch-of-vital-eye-care-clinic","https://static.wixstatic.com/media/6df904_614c319f5c5e4882aff5f050a9a01757~mv2.png/v1/fill/w_804,h_534,al_c,q_90,enc_avif,quality_auto/6df904_614c319f5c5e4882aff5f050a9a01757~mv2.png",""
"https://www.lifeusa.org/post/life-promotes-integrative-healthcare-for-rohingya-refugees-with-the-launch-of-vital-eye-care-clinic","https://static.wixstatic.com/media/6df904_7ea4e45fbde542bb885edeabcb7650f6~mv2.png/v1/fill/w_807,h_536,al_c,q_90,enc_avif,quality_auto/6df904_7ea4e45fbde542bb885edeabcb7650f6~mv2.png",""
"https://www.lifeusa.org/post/no-assistance-in-their-time-of-need","https://static.wixstatic.com/media/6df904_8dbcce5b728f40c89bd0d795139d2147~mv2.png/v1/fill/w_358,h_250,al_c,blur_30/6df904_8dbcce5b728f40c89bd0d795139d2147~mv2.png",""
"https://www.lifeusa.org/post/no-assistance-in-their-time-of-need","https://static.wixstatic.com/media/6df904_d7b78b09df80468c8114f6e5c6d19cb2~mv2.png/v1/fill/w_447,h_250,al_c,blur_30/6df904_d7b78b09df80468c8114f6e5c6d19cb2~mv2.png",""
"https://www.lifeusa.org/post/no-assistance-in-their-time-of-need","https://static.wixstatic.com/media/6df904_8dbcce5b728f40c89bd0d795139d2147~mv2.png/v1/fill/w_434,h_303,fp_0.50_0.50/6df904_8dbcce5b728f40c89bd0d795139d2147~mv2.png",""
"https://www.lifeusa.org/post/no-assistance-in-their-time-of-need","https://static.wixstatic.com/media/6df904_5e974074d8e74891968c30b8bae4ab56~mv2.png/v1/fill/w_980,h_650,al_c,q_90,usm_0.66_1.00_0.01,enc_avif,quality_auto/6df904_5e974074d8e74891968c30b8bae4ab56~mv2.png",""
"https://www.lifeusa.org/post/no-assistance-in-their-time-of-need","https://static.wixstatic.com/media/6df904_d7b78b09df80468c8114f6e5c6d19cb2~mv2.png/v1/fill/w_486,h_271,fp_0.50_0.50/6df904_d7b78b09df80468c8114f6e5c6d19cb2~mv2.png",""
"https://www.lifeusa.org/post/no-assistance-in-their-time-of-need","https://static.wixstatic.com/media/6df904_4e2cdf1ec7804660bfb9e36ef37c68ef~mv2.png/v1/fill/w_451,h_250,al_c,blur_30/6df904_4e2cdf1ec7804660bfb9e36ef37c68ef~mv2.png",""
"https://www.lifeusa.org/post/no-assistance-in-their-time-of-need","https://static.wixstatic.com/media/6df904_6a722b37c8a44701977c6fbbf82d1320~mv2.png/v1/fill/w_446,h_250,al_c,blur_30/6df904_6a722b37c8a44701977c6fbbf82d1320~mv2.png",""
"https://www.lifeusa.org/post/no-assistance-in-their-time-of-need","https://static.wixstatic.com/media/6df904_6a722b37c8a44701977c6fbbf82d1320~mv2.png/v1/fill/w_541,h_303,fp_0.50_0.50/6df904_6a722b37c8a44701977c6fbbf82d1320~mv2.png",""
"https://www.lifeusa.org/post/no-assistance-in-their-time-of-need","https://static.wixstatic.com/media/6df904_4e2cdf1ec7804660bfb9e36ef37c68ef~mv2.png/v1/fill/w_489,h_271,fp_0.50_0.50/6df904_4e2cdf1ec7804660bfb9e36ef37c68ef~mv2.png",""
"https://www.lifeusa.org/post/what-causes-earthquakes-and-how-they-affect-people","https://static.wixstatic.com/media/6df904_360cd84eb7c8427aae1b287ad109f2b1~mv2.png/v1/fill/w_770,h_478,al_c,q_90,enc_avif,quality_auto/6df904_360cd84eb7c8427aae1b287ad109f2b1~mv2.png",""
"https://www.lifeusa.org/post/life-for-relief-and-development-life-ambulance-and-distributed-aid-save-countless-lives-after-airs","https://static.wixstatic.com/media/74d008_bb5b40e9f8c04066b04fc6dc95a95461~mv2.jpg/v1/fill/w_980,h_653,al_c,q_85,usm_0.66_1.00_0.01,enc_avif,quality_auto/74d008_bb5b40e9f8c04066b04fc6dc95a95461~mv2.jpg",""
"https://www.lifeusa.org/post/aiding-in-gaza-s-shelter-crisis","https://static.wixstatic.com/media/6df904_636f5c11ccae47a1979bff1df891dad2~mv2.png/v1/fill/w_447,h_250,al_c,blur_30/6df904_636f5c11ccae47a1979bff1df891dad2~mv2.png",""
"https://www.lifeusa.org/post/aiding-in-gaza-s-shelter-crisis","https://static.wixstatic.com/media/6df904_4c6c7dd530964182a4264af964dd29df~mv2.png/v1/fill/w_586,h_336,al_c,q_85,enc_avif,quality_auto/6df904_4c6c7dd530964182a4264af964dd29df~mv2.png",""
"https://www.lifeusa.org/post/aiding-in-gaza-s-shelter-crisis","https://static.wixstatic.com/media/6df904_8e841b957e614574aff337cd6d8f0042~mv2.png/v1/fill/w_411,h_315,fp_0.50_0.50/6df904_8e841b957e614574aff337cd6d8f0042~mv2.png",""
"https://www.lifeusa.org/post/aiding-in-gaza-s-shelter-crisis","https://static.wixstatic.com/media/6df904_8e841b957e614574aff337cd6d8f0042~mv2.png/v1/fill/w_326,h_250,al_c,blur_30/6df904_8e841b957e614574aff337cd6d8f0042~mv2.png",""
"https://www.lifeusa.org/post/aiding-in-gaza-s-shelter-crisis","https://static.wixstatic.com/media/6df904_636f5c11ccae47a1979bff1df891dad2~mv2.png/v1/fill/w_565,h_315,fp_0.50_0.50/6df904_636f5c11ccae47a1979bff1df891dad2~mv2.png",""
"https://www.lifeusa.org/post/aiding-in-gaza-s-shelter-crisis","https://static.wixstatic.com/media/6df904_0d35245693f743b6bf20d2b118dd468c~mv2.png/v1/fill/w_613,h_406,al_c,q_85,enc_avif,quality_auto/6df904_0d35245693f743b6bf20d2b118dd468c~mv2.png",""
"https://www.lifeusa.org/post/gaza-s-daily-bread-life-provides-relief-to-innocent-civilians","https://static.wixstatic.com/media/6df904_8e85c852eba0405b8b96fdc10865f82b~mv2.png/v1/fill/w_489,h_408,fp_0.50_0.50/6df904_8e85c852eba0405b8b96fdc10865f82b~mv2.png",""
"https://www.lifeusa.org/post/gaza-s-daily-bread-life-provides-relief-to-innocent-civilians","https://static.wixstatic.com/media/6df904_b7494651885942f0a7a71de5b64a6bee~mv2.png/v1/fill/w_298,h_250,al_c,blur_30/6df904_b7494651885942f0a7a71de5b64a6bee~mv2.png",""
"https://www.lifeusa.org/post/gaza-s-daily-bread-life-provides-relief-to-innocent-civilians","https://static.wixstatic.com/media/6df904_8e85c852eba0405b8b96fdc10865f82b~mv2.png/v1/fill/w_300,h_250,al_c,blur_30/6df904_8e85c852eba0405b8b96fdc10865f82b~mv2.png",""
"https://www.lifeusa.org/post/life-provides-emergency-relief-to-gaza-1","https://static.wixstatic.com/media/6df904_635d0b5858ec4726a3e7812313d2ab7c~mv2.jpg/v1/fill/w_490,h_324,fp_0.50_0.50,q_90/6df904_635d0b5858ec4726a3e7812313d2ab7c~mv2.jpg",""
"https://www.lifeusa.org/post/gaza-s-daily-bread-life-provides-relief-to-innocent-civilians","https://static.wixstatic.com/media/6df904_b7494651885942f0a7a71de5b64a6bee~mv2.png/v1/fill/w_486,h_408,fp_0.50_0.50/6df904_b7494651885942f0a7a71de5b64a6bee~mv2.png",""
"https://www.lifeusa.org/post/life-provides-emergency-relief-to-gaza-1","https://static.wixstatic.com/media/6df904_c5e491520a384473bd2c05eeb388b237~mv2.png/v1/fill/w_487,h_324,fp_0.50_0.50/6df904_c5e491520a384473bd2c05eeb388b237~mv2.png",""
"https://www.lifeusa.org/post/life-provides-emergency-relief-to-gaza-1","https://static.wixstatic.com/media/6df904_635d0b5858ec4726a3e7812313d2ab7c~mv2.jpg/v1/fill/w_378,h_250,al_c,q_30,blur_30/6df904_635d0b5858ec4726a3e7812313d2ab7c~mv2.jpg",""
"https://www.lifeusa.org/post/life-provides-emergency-relief-to-gaza-1","https://static.wixstatic.com/media/6df904_7749d9f6e1044cbc8b9fdd94ee9a02bf~mv2.png/v1/fill/w_377,h_250,al_c,blur_30/6df904_7749d9f6e1044cbc8b9fdd94ee9a02bf~mv2.png",""
"https://www.lifeusa.org/post/life-provides-emergency-relief-to-gaza-1","https://static.wixstatic.com/media/6df904_a8b655cd2be54fda9155fffd4ef47aa1~mv2.png/v1/fill/w_485,h_324,fp_0.50_0.50/6df904_a8b655cd2be54fda9155fffd4ef47aa1~mv2.png",""
"https://www.lifeusa.org/post/life-provides-emergency-relief-to-gaza-1","https://static.wixstatic.com/media/6df904_7749d9f6e1044cbc8b9fdd94ee9a02bf~mv2.png/v1/fill/w_488,h_324,fp_0.50_0.50/6df904_7749d9f6e1044cbc8b9fdd94ee9a02bf~mv2.png",""
"https://www.lifeusa.org/post/life-provides-emergency-relief-to-gaza-1","https://static.wixstatic.com/media/6df904_c5e491520a384473bd2c05eeb388b237~mv2.png/v1/fill/w_376,h_250,al_c,blur_30/6df904_c5e491520a384473bd2c05eeb388b237~mv2.png",""
"https://www.lifeusa.org/post/life-provides-emergency-relief-to-gaza-1","https://static.wixstatic.com/media/6df904_a8b655cd2be54fda9155fffd4ef47aa1~mv2.png/v1/fill/w_375,h_250,al_c,blur_30/6df904_a8b655cd2be54fda9155fffd4ef47aa1~mv2.png",""
"https://www.lifeusa.org/post/life-provides-emergency-relief-to-gaza","https://static.wixstatic.com/media/6df904_1de248cb2d984d2982c76713b23057c4~mv2.png/v1/fill/w_369,h_250,al_c,blur_30/6df904_1de248cb2d984d2982c76713b23057c4~mv2.png",""
"https://www.lifeusa.org/post/life-provides-emergency-relief-to-gaza","https://static.wixstatic.com/media/6df904_fc8cd533ae924a33a9c064f4b1ae6518~mv2.png/v1/fill/w_381,h_250,al_c,blur_30/6df904_fc8cd533ae924a33a9c064f4b1ae6518~mv2.png",""
"https://www.lifeusa.org/post/life-provides-emergency-relief-to-gaza","https://static.wixstatic.com/media/6df904_7f03a452403e4a799a01960af66ce42a~mv2.png/v1/fill/w_488,h_323,fp_0.50_0.50/6df904_7f03a452403e4a799a01960af66ce42a~mv2.png",""
"https://www.lifeusa.org/post/life-provides-emergency-relief-to-gaza","https://static.wixstatic.com/media/6df904_7f03a452403e4a799a01960af66ce42a~mv2.png/v1/fill/w_378,h_250,al_c,blur_30/6df904_7f03a452403e4a799a01960af66ce42a~mv2.png",""
"https://www.lifeusa.org/post/life-provides-emergency-relief-to-gaza","https://static.wixstatic.com/media/6df904_1200959b458042989c12332d74187b89~mv2.png/v1/fill/w_377,h_250,al_c,blur_30/6df904_1200959b458042989c12332d74187b89~mv2.png",""
"https://www.lifeusa.org/post/life-provides-emergency-relief-to-gaza","https://static.wixstatic.com/media/6df904_fc8cd533ae924a33a9c064f4b1ae6518~mv2.png/v1/fill/w_495,h_325,fp_0.50_0.50/6df904_fc8cd533ae924a33a9c064f4b1ae6518~mv2.png",""
"https://www.lifeusa.org/post/life-provides-emergency-relief-to-gaza","https://static.wixstatic.com/media/6df904_1de248cb2d984d2982c76713b23057c4~mv2.png/v1/fill/w_480,h_325,fp_0.50_0.50/6df904_1de248cb2d984d2982c76713b23057c4~mv2.png",""
"https://www.lifeusa.org/post/life-provides-emergency-relief-to-gaza","https://static.wixstatic.com/media/6df904_1200959b458042989c12332d74187b89~mv2.png/v1/fill/w_487,h_323,fp_0.50_0.50/6df904_1200959b458042989c12332d74187b89~mv2.png",""
"https://www.lifeusa.org/post/let-them-play-life-gives-every-child-a-chance-to-be-a-child-at-the-global-orphan-eid-parties","https://static.wixstatic.com/media/6df904_ad1ae9772b3f400ea66310b126d38671~mv2.png/v1/fill/w_621,h_410,al_c,q_85,enc_avif,quality_auto/6df904_ad1ae9772b3f400ea66310b126d38671~mv2.png",""
"https://www.lifeusa.org/post/stuck-between-burning-fire-and-freezing-ice","https://static.wixstatic.com/media/6df904_5da3e739fa024432bd3caff130cea9e9~mv2.png/v1/fill/w_652,h_490,al_c,q_85,enc_avif,quality_auto/6df904_5da3e739fa024432bd3caff130cea9e9~mv2.png",""
"https://www.lifeusa.org/post/stuck-between-burning-fire-and-freezing-ice","https://static.wixstatic.com/media/6df904_5b891ef2bfe245ad9a42b18d1357571b~mv2.png/v1/fill/w_597,h_447,al_c,q_85,enc_avif,quality_auto/6df904_5b891ef2bfe245ad9a42b18d1357571b~mv2.png",""
"https://www.lifeusa.org/post/behind-the-label-refugee","https://static.wixstatic.com/media/6df904_97be1056925749e787b181fc838c986c~mv2.png/v1/fill/w_621,h_410,al_c,q_85,enc_avif,quality_auto/6df904_97be1056925749e787b181fc838c986c~mv2.png",""
"https://www.lifeusa.org/post/life-distributes-udhiyah-meat-in-afghanistan","https://static.wixstatic.com/media/6df904_05e0bfe92fc844029d33f42995f88f11~mv2.jpg/v1/fill/w_385,h_250,al_c,q_30,blur_30/6df904_05e0bfe92fc844029d33f42995f88f11~mv2.jpg",""
"https://www.lifeusa.org/post/life-distributes-udhiyah-meat-in-afghanistan","https://static.wixstatic.com/media/6df904_51de41de85094efd94ae55b612d7b50b~mv2.jpg/v1/fill/w_488,h_317,fp_0.50_0.50,q_90/6df904_51de41de85094efd94ae55b612d7b50b~mv2.jpg",""
"https://www.lifeusa.org/post/life-distributes-udhiyah-meat-in-afghanistan","https://static.wixstatic.com/media/6df904_51de41de85094efd94ae55b612d7b50b~mv2.jpg/v1/fill/w_385,h_250,al_c,q_30,blur_30/6df904_51de41de85094efd94ae55b612d7b50b~mv2.jpg",""
"https://www.lifeusa.org/post/life-distributes-udhiyah-meat-in-afghanistan","https://static.wixstatic.com/media/6df904_05e0bfe92fc844029d33f42995f88f11~mv2.jpg/v1/fill/w_487,h_317,fp_0.50_0.50,q_90/6df904_05e0bfe92fc844029d33f42995f88f11~mv2.jpg",""
"https://www.lifeusa.org/post/behind-the-label-refugee","https://static.wixstatic.com/media/6df904_928d6ff0a2714cb392b5a72df63e2300~mv2.png/v1/fill/w_619,h_411,al_c,q_85,enc_avif,quality_auto/6df904_928d6ff0a2714cb392b5a72df63e2300~mv2.png",""
"https://www.lifeusa.org/post/what-to-expect-and-how-to-prepare-for-hurricane-ian","https://static.wixstatic.com/media/6df904_b7625fb4192b4e86aea95981fbc269c9~mv2.png/v1/fill/w_617,h_638,al_c,q_90,enc_avif,quality_auto/6df904_b7625fb4192b4e86aea95981fbc269c9~mv2.png",""
"https://www.lifeusa.org/post/what-to-expect-and-how-to-prepare-for-hurricane-ian","https://static.wixstatic.com/media/6df904_4ca744d8c81449c68cb0d700330a5edc~mv2.png/v1/fill/w_974,h_650,al_c,q_90,enc_avif,quality_auto/6df904_4ca744d8c81449c68cb0d700330a5edc~mv2.png",""
"https://www.lifeusa.org/post/what-to-expect-and-how-to-prepare-for-hurricane-ian","https://static.wixstatic.com/media/6df904_45a4459e264441dbaee4aa11d101b17a~mv2.png/v1/fill/w_975,h_650,al_c,q_90,enc_avif,quality_auto/6df904_45a4459e264441dbaee4aa11d101b17a~mv2.png",""
"https://www.lifeusa.org/post/life-distributes-food-baskets-during-ramadan-in-bosnia","https://static.wixstatic.com/media/6df904_283c442f6b4947d39ac84dd59579c854~mv2.png/v1/fill/w_323,h_323,fp_0.50_0.50/6df904_283c442f6b4947d39ac84dd59579c854~mv2.png",""
"https://www.lifeusa.org/post/life-distributes-food-baskets-during-ramadan-in-bosnia","https://static.wixstatic.com/media/6df904_01c248f167b5473fbe50068943fb9b10~mv2.png/v1/fill/w_251,h_250,fp_0.50_0.50,blur_30/6df904_01c248f167b5473fbe50068943fb9b10~mv2.png",""
"https://www.lifeusa.org/post/life-distributes-food-baskets-during-ramadan-in-bosnia","https://static.wixstatic.com/media/6df904_3135ef120f684f2a8f5ad90080cd7b68~mv2.png/v1/fill/w_323,h_323,fp_0.50_0.50/6df904_3135ef120f684f2a8f5ad90080cd7b68~mv2.png",""
"https://www.lifeusa.org/post/life-distributes-food-baskets-during-ramadan-in-bosnia","https://static.wixstatic.com/media/6df904_283c442f6b4947d39ac84dd59579c854~mv2.png/v1/fill/w_250,h_250,fp_0.50_0.50,blur_30/6df904_283c442f6b4947d39ac84dd59579c854~mv2.png",""
"https://www.lifeusa.org/post/life-distributes-food-baskets-during-ramadan-in-bosnia","https://static.wixstatic.com/media/6df904_3135ef120f684f2a8f5ad90080cd7b68~mv2.png/v1/fill/w_250,h_250,fp_0.50_0.50,blur_30/6df904_3135ef120f684f2a8f5ad90080cd7b68~mv2.png",""
"https://www.lifeusa.org/post/life-distributes-food-baskets-during-ramadan-in-bosnia","https://static.wixstatic.com/media/6df904_01c248f167b5473fbe50068943fb9b10~mv2.png/v1/fill/w_324,h_323,fp_0.50_0.50/6df904_01c248f167b5473fbe50068943fb9b10~mv2.png",""
"https://www.lifeusa.org/post/life-distributes-ramadan-food-baskets-in-the-horn-of-africa","https://static.wixstatic.com/media/6df904_3b08e36ee2274eed889f6e2861647143~mv2.png/v1/fill/w_316,h_250,fp_0.50_0.50,blur_30/6df904_3b08e36ee2274eed889f6e2861647143~mv2.png",""
"https://www.lifeusa.org/post/life-distributes-ramadan-food-baskets-in-the-horn-of-africa","https://static.wixstatic.com/media/6df904_58a8bcf1dfc4499a9fe97af9aea12961~mv2.png/v1/fill/w_323,h_231,fp_0.50_0.50/6df904_58a8bcf1dfc4499a9fe97af9aea12961~mv2.png",""
"https://www.lifeusa.org/post/life-distributes-ramadan-food-baskets-in-the-horn-of-africa","https://static.wixstatic.com/media/6df904_7f8e937961384f108a8b5a2db9d094ec~mv2.png/v1/fill/w_315,h_250,fp_0.50_0.50,blur_30/6df904_7f8e937961384f108a8b5a2db9d094ec~mv2.png",""
"https://www.lifeusa.org/post/life-distributes-ramadan-food-baskets-in-the-horn-of-africa","https://static.wixstatic.com/media/6df904_58a8bcf1dfc4499a9fe97af9aea12961~mv2.png/v1/fill/w_350,h_250,fp_0.50_0.50,lg_1,blur_30/6df904_58a8bcf1dfc4499a9fe97af9aea12961~mv2.png",""
"https://www.lifeusa.org/post/life-distributes-ramadan-food-baskets-in-the-horn-of-africa","https://static.wixstatic.com/media/6df904_3b08e36ee2274eed889f6e2861647143~mv2.png/v1/fill/w_324,h_257,fp_0.50_0.50/6df904_3b08e36ee2274eed889f6e2861647143~mv2.png",""
"https://www.lifeusa.org/post/life-distributes-ramadan-food-baskets-in-the-horn-of-africa","https://static.wixstatic.com/media/6df904_7f8e937961384f108a8b5a2db9d094ec~mv2.png/v1/fill/w_323,h_257,fp_0.50_0.50/6df904_7f8e937961384f108a8b5a2db9d094ec~mv2.png",""
"https://www.lifeusa.org/post/discovering-ramadan-2024-fasting-charity-and-spiritual-nourishment","https://static.wixstatic.com/media/6df904_ed653222dd2d4fcd843e0bf26317ae7c~mv2.png/v1/fill/w_415,h_450,al_c,q_85,enc_avif,quality_auto/6df904_ed653222dd2d4fcd843e0bf26317ae7c~mv2.png",""
"https://www.lifeusa.org/post/life-distributes-ramadan-food-baskets-in-lebanon","https://static.wixstatic.com/media/6df904_d6c5965d3f1b4f509871050f3817e5f5~mv2.jpg/v1/fill/w_251,h_250,fp_0.50_0.50,q_30,blur_30/6df904_d6c5965d3f1b4f509871050f3817e5f5~mv2.jpg",""
"https://www.lifeusa.org/post/life-distributes-ramadan-food-baskets-in-lebanon","https://static.wixstatic.com/media/6df904_fc712f127b1f49f790d05b26a41afe37~mv2.jpg/v1/fill/w_323,h_323,fp_0.50_0.50,q_90/6df904_fc712f127b1f49f790d05b26a41afe37~mv2.jpg",""
"https://www.lifeusa.org/post/life-distributes-ramadan-food-baskets-in-lebanon","https://static.wixstatic.com/media/6df904_c7be987063594f00a68579f4bce99df6~mv2.jpg/v1/fill/w_250,h_250,fp_0.50_0.50,q_30,blur_30/6df904_c7be987063594f00a68579f4bce99df6~mv2.jpg",""
"https://www.lifeusa.org/post/life-distributes-ramadan-food-baskets-in-lebanon","https://static.wixstatic.com/media/6df904_d6c5965d3f1b4f509871050f3817e5f5~mv2.jpg/v1/fill/w_324,h_323,fp_0.50_0.50,q_90/6df904_d6c5965d3f1b4f509871050f3817e5f5~mv2.jpg",""
"https://www.lifeusa.org/post/life-distributes-ramadan-food-baskets-in-lebanon","https://static.wixstatic.com/media/6df904_fc712f127b1f49f790d05b26a41afe37~mv2.jpg/v1/fill/w_250,h_250,fp_0.50_0.50,q_30,blur_30/6df904_fc712f127b1f49f790d05b26a41afe37~mv2.jpg",""
"https://www.lifeusa.org/post/life-distributes-ramadan-food-baskets-in-lebanon","https://static.wixstatic.com/media/6df904_c7be987063594f00a68579f4bce99df6~mv2.jpg/v1/fill/w_323,h_323,fp_0.50_0.50,q_90/6df904_c7be987063594f00a68579f4bce99df6~mv2.jpg",""
"https://www.lifeusa.org/post/food-baskets-in-bangladesh","https://static.wixstatic.com/media/6df904_e799640fddf94fb990a0b22a75f350f9~mv2.jpg/v1/fill/w_487,h_324,fp_0.50_0.50,q_90/6df904_e799640fddf94fb990a0b22a75f350f9~mv2.jpg",""
"https://www.lifeusa.org/post/food-baskets-in-bangladesh","https://static.wixstatic.com/media/6df904_c6b4773e474d45eca39ec965aa6b2600~mv2.jpg/v1/fill/w_488,h_324,fp_0.50_0.50,q_90/6df904_c6b4773e474d45eca39ec965aa6b2600~mv2.jpg",""
"https://www.lifeusa.org/post/food-baskets-in-bangladesh","https://static.wixstatic.com/media/6df904_c6b4773e474d45eca39ec965aa6b2600~mv2.jpg/v1/fill/w_377,h_250,al_c,q_30,blur_30/6df904_c6b4773e474d45eca39ec965aa6b2600~mv2.jpg",""
"https://www.lifeusa.org/post/food-baskets-in-bangladesh","https://static.wixstatic.com/media/6df904_e799640fddf94fb990a0b22a75f350f9~mv2.jpg/v1/fill/w_376,h_250,al_c,q_30,blur_30/6df904_e799640fddf94fb990a0b22a75f350f9~mv2.jpg",""
"https://www.lifeusa.org/post/back-to-school-iraq","https://static.wixstatic.com/media/6df904_3c119a9584a941ec873ea5e28284c750~mv2.png/v1/fill/w_449,h_268,fp_0.50_0.50/6df904_3c119a9584a941ec873ea5e28284c750~mv2.png",""
"https://www.lifeusa.org/post/back-to-school-iraq","https://static.wixstatic.com/media/6df904_3c119a9584a941ec873ea5e28284c750~mv2.png/v1/fill/w_415,h_250,al_c,blur_30/6df904_3c119a9584a941ec873ea5e28284c750~mv2.png",""
"https://www.lifeusa.org/post/back-to-school-iraq","https://static.wixstatic.com/media/6df904_762356f1991e47e0bf708d7d92f4e0f9~mv2.png/v1/fill/w_512,h_268,fp_0.50_0.50/6df904_762356f1991e47e0bf708d7d92f4e0f9~mv2.png",""
"https://www.lifeusa.org/post/back-to-school-iraq","https://static.wixstatic.com/media/6df904_762356f1991e47e0bf708d7d92f4e0f9~mv2.png/v1/fill/w_478,h_250,al_c,blur_30/6df904_762356f1991e47e0bf708d7d92f4e0f9~mv2.png",""
"https://www.lifeusa.org/post/back-to-school-project-haiti","https://static.wixstatic.com/media/6df904_54aef1fdf20e4f1199c226ad809fe576~mv2.png/v1/fill/w_266,h_300,fp_0.50_0.50/6df904_54aef1fdf20e4f1199c226ad809fe576~mv2.png",""
"https://www.lifeusa.org/post/back-to-school-project-haiti","https://static.wixstatic.com/media/6df904_1d29d120c9a94899b3f186c4e5078577~mv2.png/v1/fill/w_218,h_250,al_c,blur_30/6df904_1d29d120c9a94899b3f186c4e5078577~mv2.png",""
"https://www.lifeusa.org/post/back-to-school-project-haiti","https://static.wixstatic.com/media/6df904_1d29d120c9a94899b3f186c4e5078577~mv2.png/v1/fill/w_262,h_300,fp_0.50_0.50/6df904_1d29d120c9a94899b3f186c4e5078577~mv2.png",""
"https://www.lifeusa.org/post/back-to-school-project-haiti","https://static.wixstatic.com/media/6df904_54aef1fdf20e4f1199c226ad809fe576~mv2.png/v1/fill/w_221,h_250,al_c,blur_30/6df904_54aef1fdf20e4f1199c226ad809fe576~mv2.png",""
"https://www.lifeusa.org/post/back-to-school-in-kenya","https://static.wixstatic.com/media/11062b_d681f86999ee4a71a54315cff50d467f~mv2.jpg/v1/fill/w_980,h_653,al_c,q_85,usm_0.66_1.00_0.01,enc_avif,quality_auto/11062b_d681f86999ee4a71a54315cff50d467f~mv2.jpg",""
"https://www.lifeusa.org/post/life-s-orphan-sponsorship-program-in-lebanon-and-jordan","https://static.wixstatic.com/media/6df904_64c19699767b4ecb8f0c01fdf8b0f970~mv2.png/v1/fill/w_669,h_267,fp_0.50_0.50/6df904_64c19699767b4ecb8f0c01fdf8b0f970~mv2.png",""
"https://www.lifeusa.org/post/life-s-orphan-sponsorship-program-in-lebanon-and-jordan","https://static.wixstatic.com/media/6df904_9ebd13ab8ce34e459f24b89e79927cb2~mv2.png/v1/fill/w_306,h_267,fp_0.50_0.50/6df904_9ebd13ab8ce34e459f24b89e79927cb2~mv2.png",""
"https://www.lifeusa.org/post/life-s-orphan-sponsorship-program-in-lebanon-and-jordan","https://static.wixstatic.com/media/6df904_b6255fa15d7e400c8636434eda6e8436~mv2.png/v1/fill/w_980,h_599,al_c,q_90,usm_0.66_1.00_0.01,enc_avif,quality_auto/6df904_b6255fa15d7e400c8636434eda6e8436~mv2.png",""
"https://www.lifeusa.org/post/life-s-orphan-sponsorship-program-in-lebanon-and-jordan","https://static.wixstatic.com/media/6df904_9ebd13ab8ce34e459f24b89e79927cb2~mv2.png/v1/fill/w_286,h_250,al_c,blur_30/6df904_9ebd13ab8ce34e459f24b89e79927cb2~mv2.png",""
"https://www.lifeusa.org/post/life-s-orphan-sponsorship-program-in-lebanon-and-jordan","https://static.wixstatic.com/media/6df904_64c19699767b4ecb8f0c01fdf8b0f970~mv2.png/v1/fill/w_625,h_250,al_c,blur_30/6df904_64c19699767b4ecb8f0c01fdf8b0f970~mv2.png",""
"https://www.lifeusa.org/post/life-distributes-udhiyah-meat-in-jordan","https://static.wixstatic.com/media/6df904_60242de9f9594cd6b2efbd0848509b4f~mv2.png/v1/fill/w_378,h_250,al_c,blur_30/6df904_60242de9f9594cd6b2efbd0848509b4f~mv2.png",""
"https://www.lifeusa.org/post/life-distributes-udhiyah-meat-in-jordan","https://static.wixstatic.com/media/6df904_9bec1d0c89a2445fbee3d8547c664beb~mv2.jpg/v1/fill/w_343,h_250,al_c,q_30,blur_30/6df904_9bec1d0c89a2445fbee3d8547c664beb~mv2.jpg",""
"https://www.lifeusa.org/post/life-distributes-udhiyah-meat-in-jordan","https://static.wixstatic.com/media/6df904_60242de9f9594cd6b2efbd0848509b4f~mv2.png/v1/fill/w_511,h_338,fp_0.50_0.50/6df904_60242de9f9594cd6b2efbd0848509b4f~mv2.png",""
"https://www.lifeusa.org/post/life-distributes-udhiyah-meat-in-jordan","https://static.wixstatic.com/media/6df904_9bec1d0c89a2445fbee3d8547c664beb~mv2.jpg/v1/fill/w_464,h_338,fp_0.50_0.50,q_90/6df904_9bec1d0c89a2445fbee3d8547c664beb~mv2.jpg",""
"https://www.lifeusa.org/post/life-distributes-ramadan-food-baskets-yemen","https://static.wixstatic.com/media/6df904_5edaa31898f643f7b494fe1d5d797a7e~mv2.png",""
"https://www.lifeusa.org/post/life-distributes-ramadan-food-baskets-yemen","https://static.wixstatic.com/media/6df904_1c342d530751490792c63c1a9df9469f~mv2.png/v1/fill/w_334,h_250,al_c,blur_30/6df904_1c342d530751490792c63c1a9df9469f~mv2.png",""
"https://www.lifeusa.org/post/life-distributes-udhiyah-meat-in-somalia","https://static.wixstatic.com/media/6df904_0fd3aa4586c74ae0a7d07d23803e7972~mv2.jpg/v1/fill/w_833,h_596,al_c,q_85,enc_avif,quality_auto/6df904_0fd3aa4586c74ae0a7d07d23803e7972~mv2.jpg",""
"https://www.lifeusa.org/post/life-distributes-ramadan-food-baskets-yemen","https://static.wixstatic.com/media/6df904_5edaa31898f643f7b494fe1d5d797a7e~mv2.png/v1/fill/w_330,h_250,al_c,blur_30/6df904_5edaa31898f643f7b494fe1d5d797a7e~mv2.png",""
"https://www.lifeusa.org/post/life-distributes-fresh-meat-in-sudan","https://static.wixstatic.com/media/6df904_c006afee765745d2900d3579e4c0d0eb~mv2.png/v1/fill/w_895,h_571,al_c,q_90,enc_avif,quality_auto/6df904_c006afee765745d2900d3579e4c0d0eb~mv2.png",""
"https://www.lifeusa.org/post/life-distributes-ramadan-food-baskets-yemen","https://static.wixstatic.com/media/6df904_1c342d530751490792c63c1a9df9469f~mv2.png",""
"https://www.lifeusa.org/post/life-distributes-fresh-meat-in-syria","https://static.wixstatic.com/media/6df904_95bcfe5e963a40fab65d35966a046f3f~mv2.png/v1/fill/w_484,h_379,fp_0.50_0.50/6df904_95bcfe5e963a40fab65d35966a046f3f~mv2.png",""
"https://www.lifeusa.org/post/life-distributes-fresh-meat-in-syria","https://static.wixstatic.com/media/6df904_060dde6c6d7d4180abd9006ee6f631e9~mv2.png/v1/fill/w_324,h_250,al_c,blur_30/6df904_060dde6c6d7d4180abd9006ee6f631e9~mv2.png",""
"https://www.lifeusa.org/post/life-distributes-fresh-meat-in-syria","https://static.wixstatic.com/media/6df904_060dde6c6d7d4180abd9006ee6f631e9~mv2.png/v1/fill/w_491,h_379,fp_0.50_0.50/6df904_060dde6c6d7d4180abd9006ee6f631e9~mv2.png",""
"https://www.lifeusa.org/post/life-distributes-fresh-meat-in-djibouti","https://static.wixstatic.com/media/6df904_7809deb74a4346e09a401ee9b4a6d985~mv2.jpg/v1/fill/w_909,h_645,al_c,q_85,enc_avif,quality_auto/6df904_7809deb74a4346e09a401ee9b4a6d985~mv2.jpg",""
"https://www.lifeusa.org/post/life-distributes-fresh-meat-in-syria","https://static.wixstatic.com/media/6df904_95bcfe5e963a40fab65d35966a046f3f~mv2.png/v1/fill/w_320,h_250,al_c,blur_30/6df904_95bcfe5e963a40fab65d35966a046f3f~mv2.png",""
"https://www.lifeusa.org/post/life-distributes-fresh-meat-in-ethiopia","https://static.wixstatic.com/media/6df904_bbf2daa4e742482789f51ec49e0c17bc~mv2.jpg/v1/fill/w_874,h_593,al_c,q_85,enc_avif,quality_auto/6df904_bbf2daa4e742482789f51ec49e0c17bc~mv2.jpg",""
"https://www.lifeusa.org/post/life-distributes-fresh-meat-in-bosnia-and-herzegovina","https://static.wixstatic.com/media/6df904_3382e023a98940609c9a7a68f2b8a1d2~mv2.png/v1/fill/w_332,h_250,al_c,blur_30/6df904_3382e023a98940609c9a7a68f2b8a1d2~mv2.png",""
"https://www.lifeusa.org/post/life-distributes-fresh-meat-in-bosnia-and-herzegovina","https://static.wixstatic.com/media/6df904_8afe750f6e5d4413ad3872a38e978920~mv2.png",""
"https://www.lifeusa.org/post/life-distributes-fresh-meat-in-bosnia-and-herzegovina","https://static.wixstatic.com/media/6df904_3382e023a98940609c9a7a68f2b8a1d2~mv2.png",""
"https://www.lifeusa.org/post/life-distributes-fresh-meat-in-bosnia-and-herzegovina","https://static.wixstatic.com/media/6df904_8afe750f6e5d4413ad3872a38e978920~mv2.png/v1/fill/w_331,h_250,al_c,blur_30/6df904_8afe750f6e5d4413ad3872a38e978920~mv2.png",""
"https://www.lifeusa.org/post/life-distributes-udhiyah-meat-in-egypt","https://static.wixstatic.com/media/6df904_cb67da6b97ed46fdb01646dd329dc3ea~mv2.jpg/v1/fill/w_410,h_300,fp_0.50_0.50,q_90/6df904_cb67da6b97ed46fdb01646dd329dc3ea~mv2.jpg",""
"https://www.lifeusa.org/post/life-distributes-udhiyah-meat-in-egypt","https://static.wixstatic.com/media/6df904_47e865676dd843aaa5c22af2a537ab6a~mv2.jpg/v1/fill/w_233,h_300,fp_0.50_0.50,q_90/6df904_47e865676dd843aaa5c22af2a537ab6a~mv2.jpg",""
"https://www.lifeusa.org/post/life-distributes-udhiyah-meat-in-egypt","https://static.wixstatic.com/media/6df904_cb67da6b97ed46fdb01646dd329dc3ea~mv2.jpg/v1/fill/w_341,h_250,al_c,q_30,blur_30/6df904_cb67da6b97ed46fdb01646dd329dc3ea~mv2.jpg",""
"https://www.lifeusa.org/post/life-distributes-udhiyah-meat-in-egypt","https://static.wixstatic.com/media/6df904_47e865676dd843aaa5c22af2a537ab6a~mv2.jpg/v1/fill/w_194,h_250,al_c,q_30,blur_30/6df904_47e865676dd843aaa5c22af2a537ab6a~mv2.jpg",""
"https://www.lifeusa.org/post/pakistan-fresh-meat-distribution-and-orphan-eid-party","https://static.wixstatic.com/media/6df904_4327e3eff5cb4d2d99ce125277c742fc~mv2.jpg/v1/fill/w_362,h_250,al_c,q_30,blur_30/6df904_4327e3eff5cb4d2d99ce125277c742fc~mv2.jpg",""
"https://www.lifeusa.org/post/pakistan-fresh-meat-distribution-and-orphan-eid-party","https://static.wixstatic.com/media/6df904_158a8096e9e94ca798d3bb3e2e0ca0ce~mv2.jpg/v1/fill/w_373,h_250,al_c,q_30,blur_30/6df904_158a8096e9e94ca798d3bb3e2e0ca0ce~mv2.jpg",""
"https://www.lifeusa.org/post/pakistan-fresh-meat-distribution-and-orphan-eid-party","https://static.wixstatic.com/media/6df904_4327e3eff5cb4d2d99ce125277c742fc~mv2.jpg/v1/fill/w_408,h_281,fp_0.50_0.50,q_90/6df904_4327e3eff5cb4d2d99ce125277c742fc~mv2.jpg",""
"https://www.lifeusa.org/post/pakistan-fresh-meat-distribution-and-orphan-eid-party","https://static.wixstatic.com/media/6df904_7c8152630afa408abf06683476330930~mv2.jpg/v1/fill/w_431,h_250,al_c,q_30,blur_30/6df904_7c8152630afa408abf06683476330930~mv2.jpg",""
"https://www.lifeusa.org/post/pakistan-fresh-meat-distribution-and-orphan-eid-party","https://static.wixstatic.com/media/6df904_960cbe7c2a30413ea4eadd66561a4e9b~mv2.png/v1/fill/w_505,h_250,al_c,blur_30/6df904_960cbe7c2a30413ea4eadd66561a4e9b~mv2.png",""
"https://www.lifeusa.org/post/pakistan-fresh-meat-distribution-and-orphan-eid-party","https://static.wixstatic.com/media/6df904_960cbe7c2a30413ea4eadd66561a4e9b~mv2.png/v1/fill/w_568,h_281,fp_0.50_0.50/6df904_960cbe7c2a30413ea4eadd66561a4e9b~mv2.png",""
"https://www.lifeusa.org/post/pakistan-fresh-meat-distribution-and-orphan-eid-party","https://static.wixstatic.com/media/6df904_7c8152630afa408abf06683476330930~mv2.jpg/v1/fill/w_523,h_303,fp_0.50_0.50,q_90/6df904_7c8152630afa408abf06683476330930~mv2.jpg",""
"https://www.lifeusa.org/post/pakistan-fresh-meat-distribution-and-orphan-eid-party","https://static.wixstatic.com/media/6df904_158a8096e9e94ca798d3bb3e2e0ca0ce~mv2.jpg/v1/fill/w_452,h_303,fp_0.50_0.50,q_90/6df904_158a8096e9e94ca798d3bb3e2e0ca0ce~mv2.jpg",""
"https://www.lifeusa.org/post/winter-blankets-bangladesh","https://static.wixstatic.com/media/6df904_88bf29949b0c493fa81d0bfb30f86ae8~mv2.png",""
"https://www.lifeusa.org/post/winter-blankets-bangladesh","https://static.wixstatic.com/media/6df904_88bf29949b0c493fa81d0bfb30f86ae8~mv2.png/v1/fill/w_180,h_250,al_c,blur_30/6df904_88bf29949b0c493fa81d0bfb30f86ae8~mv2.png",""
"https://www.lifeusa.org/post/winter-blankets-bangladesh","https://static.wixstatic.com/media/6df904_c4df2ef8789345079349a8c5d8cf6cd6~mv2.png/v1/fill/w_371,h_250,al_c,blur_30/6df904_c4df2ef8789345079349a8c5d8cf6cd6~mv2.png",""
"https://www.lifeusa.org/post/winter-blankets-bangladesh","https://static.wixstatic.com/media/6df904_c4df2ef8789345079349a8c5d8cf6cd6~mv2.png/v1/fill/w_314,h_211,fp_0.50_0.50/6df904_c4df2ef8789345079349a8c5d8cf6cd6~mv2.png",""
"https://www.lifeusa.org/post/winter-blankets-bangladesh","https://static.wixstatic.com/media/6df904_eb08607ed5e94e1691dc707b1ce56a4b~mv2.png/v1/fill/w_313,h_205,fp_0.50_0.50/6df904_eb08607ed5e94e1691dc707b1ce56a4b~mv2.png",""
"https://www.lifeusa.org/post/winter-blankets-bangladesh","https://static.wixstatic.com/media/6df904_eb08607ed5e94e1691dc707b1ce56a4b~mv2.png/v1/fill/w_381,h_250,al_c,blur_30/6df904_eb08607ed5e94e1691dc707b1ce56a4b~mv2.png",""
"https://www.lifeusa.org/post/what-is-udhiyah-qurbani-in-islam","https://static.wixstatic.com/media/6df904_5f0bd5f5bd984abdb59ce646279fb0b0~mv2.png/v1/fill/w_741,h_496,al_c,q_90,enc_avif,quality_auto/6df904_5f0bd5f5bd984abdb59ce646279fb0b0~mv2.png",""
