"Type","Source","Destination","Size (Bytes)"
"Image","https://www.lifeusa.org/","https://static.wixstatic.com/media/6df904_1a8d057726e3438c8b4a3f1312f00b60~mv2.png/v1/fill/w_980,h_217,al_c,q_85,usm_0.66_1.00_0.01,enc_avif,quality_auto/6df904_1a8d057726e3438c8b4a3f1312f00b60~mv2.png","372614"
"Image","https://www.lifeusa.org/","https://static.wixstatic.com/media/6df904_56bae0daca894748954c5d479a52f0c8~mv2.png/v1/fill/w_980,h_217,al_c,q_85,usm_0.66_1.00_0.01,enc_avif,quality_auto/6df904_56bae0daca894748954c5d479a52f0c8~mv2.png","549183"
"Image","https://www.lifeusa.org/","https://static.wixstatic.com/media/6df904_56bae0daca894748954c5d479a52f0c8~mv2.png/v1/fill/w_980,h_217,al_c,q_85,usm_0.66_1.00_0.01,enc_avif,quality_auto/6df904_56bae0daca894748954c5d479a52f0c8~mv2.png","549183"
"Image","https://www.lifeusa.org/","https://static.wixstatic.com/media/6df904_4f8fdc48193442ba868715b9c98d9cd8~mv2.jpg/v1/crop/x_647,y_0,w_950,h_1236/fill/w_461,h_600,al_c,q_80,usm_0.66_1.00_0.01,enc_avif,quality_auto/somal.jpg","135096"
"Image","https://www.lifeusa.org/","https://static.wixstatic.com/media/6df904_5f47e8f8d7e4434888883330b7f7cb57~mv2.png/v1/fill/w_980,h_217,al_c,q_85,usm_0.66_1.00_0.01,enc_avif,quality_auto/6df904_5f47e8f8d7e4434888883330b7f7cb57~mv2.png","437249"
"Image","https://www.lifeusa.org/","https://static.wixstatic.com/media/6df904_b89658f93f7d435b81bb92f57a906506~mv2.png/v1/fill/w_146,h_260,q_90,enc_avif,quality_auto/6df904_b89658f93f7d435b81bb92f57a906506~mv2.png","105031"
"Image","https://www.lifeusa.org/","https://static.wixstatic.com/media/799a91_92467a46d0f74e4e9f5769b4800fc578~mv2.png/v1/fill/w_500,h_500,al_c,q_85,enc_avif,quality_auto/799a91_92467a46d0f74e4e9f5769b4800fc578~mv2.png","145306"
"Image","https://www.lifeusa.org/","https://static.wixstatic.com/media/799a91_92467a46d0f74e4e9f5769b4800fc578~mv2.png/v1/fill/w_500,h_500,al_c,q_85,enc_avif,quality_auto/799a91_92467a46d0f74e4e9f5769b4800fc578~mv2.png","145306"
"Image","https://www.lifeusa.org/about","https://static.wixstatic.com/media/799a91_92467a46d0f74e4e9f5769b4800fc578~mv2.png/v1/fill/w_500,h_500,al_c,q_85,enc_avif,quality_auto/799a91_92467a46d0f74e4e9f5769b4800fc578~mv2.png","145306"
"Image","https://www.lifeusa.org/about","https://static.wixstatic.com/media/799a91_92467a46d0f74e4e9f5769b4800fc578~mv2.png/v1/fill/w_500,h_500,al_c,q_85,enc_avif,quality_auto/799a91_92467a46d0f74e4e9f5769b4800fc578~mv2.png","145306"
"Image","https://www.lifeusa.org/","https://static.wixstatic.com/media/6df904_992d8e298816430b8a47cb179a437511~mv2.jpg/v1/crop/x_206,y_0,w_1494,h_1944/fill/w_461,h_600,al_c,q_80,usm_0.66_1.00_0.01,enc_avif,quality_auto/DJI_0890_edited.jpg","200254"
"Image","https://www.lifeusa.org/","https://static.wixstatic.com/media/6df904_06d554234cb343a28552a9594074712c~mv2.jpg/v1/crop/x_310,y_0,w_1236,h_1236/fill/w_542,h_542,al_c,q_80,usm_0.66_1.00_0.01,enc_avif,quality_auto/93de3ffb-1db5-4e0a-acdc-a23bb68f4e6a.jpg","113299"
"Image","https://www.lifeusa.org/get-involved","https://static.wixstatic.com/media/c1c8c5_41934d34597c4806bd77a6b338922e9c~mv2.jpg/v1/fill/w_932,h_621,al_c,q_85,usm_0.66_1.00_0.01,enc_avif,quality_auto/c1c8c5_41934d34597c4806bd77a6b338922e9c~mv2.jpg","139587"
"Image","https://www.lifeusa.org/get-involved","https://static.wixstatic.com/media/6df904_3049f5431dde40f9b66ce08c756bba9f~mv2.png/v1/crop/x_20,y_0,w_830,h_553/fill/w_356,h_237,al_c,q_85,usm_0.66_1.00_0.01,enc_avif,quality_auto/image.png","232479"
"Image","https://www.lifeusa.org/get-involved","https://static.wixstatic.com/media/6df904_4e2cdf1ec7804660bfb9e36ef37c68ef~mv2.png/v1/crop/x_83,y_0,w_826,h_550/fill/w_356,h_237,al_c,q_85,usm_0.66_1.00_0.01,enc_avif,quality_auto/image.png","218730"
"Image","https://www.lifeusa.org/about","https://static.wixstatic.com/media/c1c8c5_608bf321374f4a45a70d13842aa39aea~mv2.jpg/v1/fill/w_957,h_639,al_c,q_85,usm_0.66_1.00_0.01,enc_avif,quality_auto/c1c8c5_608bf321374f4a45a70d13842aa39aea~mv2.jpg","212081"
"Image","https://donate.lifeusa.org/donorportal/login","https://donate.lifeusa.org/donorportal/webruntime/org-asset/50a8e07e9e/resource/081Vy0000005faP","159635"
"Image","https://donate.lifeusa.org/donorportal/cart","https://donate.lifeusa.org/donorportal/webruntime/org-asset/50a8e07e9e/resource/081Vy0000005faP","159635"
"Image","https://www.lifeusa.org/financial-reports","https://static.wixstatic.com/media/6df904_1aff97915c1d41d9a59cfc864060ae96~mv2.jpg/v1/fill/w_751,h_977,al_c,q_85,enc_avif,quality_auto/6df904_1aff97915c1d41d9a59cfc864060ae96~mv2.jpg","205632"
"Image","https://www.lifeusa.org/financial-reports","https://static.wixstatic.com/media/6df904_2095ffed2be54e83b8baff2ecfd18ac3~mv2.png/v1/fill/w_980,h_1268,al_c,q_90,usm_0.66_1.00_0.01,enc_avif,quality_auto/6df904_2095ffed2be54e83b8baff2ecfd18ac3~mv2.png","833916"
"Image","https://www.lifeusa.org/financial-reports","https://static.wixstatic.com/media/6df904_3abc3f94ed5c410f92df0195b99d3aac~mv2.png/v1/fill/w_980,h_1272,al_c,q_90,usm_0.66_1.00_0.01,enc_avif,quality_auto/6df904_3abc3f94ed5c410f92df0195b99d3aac~mv2.png","771363"
"Image","https://www.lifeusa.org/financial-reports","https://static.wixstatic.com/media/6df904_202b122dd521433fa1f1997fe7dce941~mv2.png/v1/fill/w_459,h_589,al_c,q_85,enc_avif,quality_auto/6df904_202b122dd521433fa1f1997fe7dce941~mv2.png","147008"
"Image","https://www.lifeusa.org/post/the-global-environmental-crisis-water-climate-and-life-s-impact","https://static.wixstatic.com/media/74d008_32b97fd064514478bc3f716a2a003b9d~mv2.jpg/v1/fill/w_980,h_653,al_c,q_85,usm_0.66_1.00_0.01,enc_avif,quality_auto/74d008_32b97fd064514478bc3f716a2a003b9d~mv2.jpg","119098"
"Image","https://www.lifeusa.org/post/the-world-keeps-making-more-plastic-and-the-cost-is-human","https://static.wixstatic.com/media/74d008_32b97fd064514478bc3f716a2a003b9d~mv2.jpg/v1/fill/w_980,h_653,al_c,q_85,usm_0.66_1.00_0.01,enc_avif,quality_auto/74d008_32b97fd064514478bc3f716a2a003b9d~mv2.jpg","119098"
"Image","https://www.lifeusa.org/post/children-in-crisis-the-psychological-toll-of-violence","https://static.wixstatic.com/media/74d008_32b97fd064514478bc3f716a2a003b9d~mv2.jpg/v1/fill/w_980,h_653,al_c,q_85,usm_0.66_1.00_0.01,enc_avif,quality_auto/74d008_32b97fd064514478bc3f716a2a003b9d~mv2.jpg","119098"
"Image","https://www.lifeusa.org/post/women-s-empowerment-the-key-to-solving-world-hunger","https://static.wixstatic.com/media/74d008_32b97fd064514478bc3f716a2a003b9d~mv2.jpg/v1/fill/w_980,h_653,al_c,q_85,usm_0.66_1.00_0.01,enc_avif,quality_auto/74d008_32b97fd064514478bc3f716a2a003b9d~mv2.jpg","119098"
"Image","https://www.lifeusa.org/post/afghanistan-s-earthquake-stories-of-survival-and-relief","https://static.wixstatic.com/media/74d008_32b97fd064514478bc3f716a2a003b9d~mv2.jpg/v1/fill/w_980,h_653,al_c,q_85,usm_0.66_1.00_0.01,enc_avif,quality_auto/74d008_32b97fd064514478bc3f716a2a003b9d~mv2.jpg","119098"
"Image","https://www.lifeusa.org/post/why-one-gift-means-the-world-to-an-orphaned-child","https://static.wixstatic.com/media/74d008_32b97fd064514478bc3f716a2a003b9d~mv2.jpg/v1/fill/w_980,h_653,al_c,q_85,usm_0.66_1.00_0.01,enc_avif,quality_auto/74d008_32b97fd064514478bc3f716a2a003b9d~mv2.jpg","119098"
"Image","https://www.lifeusa.org/post/children-forced-to-sleep-in-cars-and-on-the-streets-as-over-800-000-are-displaced-in-lebanon","https://static.wixstatic.com/media/74d008_32b97fd064514478bc3f716a2a003b9d~mv2.jpg/v1/fill/w_980,h_653,al_c,q_85,usm_0.66_1.00_0.01,enc_avif,quality_auto/74d008_32b97fd064514478bc3f716a2a003b9d~mv2.jpg","119098"
"Image","https://www.lifeusa.org/post/remembering-judge-frank-caprio-a-judge-who-redefined-leadership-through-compassion","https://static.wixstatic.com/media/74d008_32b97fd064514478bc3f716a2a003b9d~mv2.jpg/v1/fill/w_980,h_653,al_c,q_85,usm_0.66_1.00_0.01,enc_avif,quality_auto/74d008_32b97fd064514478bc3f716a2a003b9d~mv2.jpg","119098"
"Image","https://www.lifeusa.org/post/over-6-5-hungry-in-somalia-why-your-giving-matters-now-more-than-ever","https://static.wixstatic.com/media/74d008_32b97fd064514478bc3f716a2a003b9d~mv2.jpg/v1/fill/w_980,h_653,al_c,q_85,usm_0.66_1.00_0.01,enc_avif,quality_auto/74d008_32b97fd064514478bc3f716a2a003b9d~mv2.jpg","119098"
"Image","https://www.lifeusa.org/post/starvation-in-gaza-why-the-world-must-act-now-before-thousands-more-die","https://static.wixstatic.com/media/74d008_32b97fd064514478bc3f716a2a003b9d~mv2.jpg/v1/fill/w_980,h_653,al_c,q_85,usm_0.66_1.00_0.01,enc_avif,quality_auto/74d008_32b97fd064514478bc3f716a2a003b9d~mv2.jpg","119098"
"Image","https://www.lifeusa.org/post/latest-cuts-to-humanitarian-aid-leave-millions-without-hope","https://static.wixstatic.com/media/74d008_32b97fd064514478bc3f716a2a003b9d~mv2.jpg/v1/fill/w_980,h_653,al_c,q_85,usm_0.66_1.00_0.01,enc_avif,quality_auto/74d008_32b97fd064514478bc3f716a2a003b9d~mv2.jpg","119098"
"Image","https://www.lifeusa.org/post/building-a-better-world-for-33-years","https://static.wixstatic.com/media/74d008_32b97fd064514478bc3f716a2a003b9d~mv2.jpg/v1/fill/w_980,h_653,al_c,q_85,usm_0.66_1.00_0.01,enc_avif,quality_auto/74d008_32b97fd064514478bc3f716a2a003b9d~mv2.jpg","119098"
"Image","https://www.lifeusa.org/post/charitable-giving-an-advantage-we-never-saw-coming-from-the-one-big-beautiful-bill-act","https://static.wixstatic.com/media/74d008_32b97fd064514478bc3f716a2a003b9d~mv2.jpg/v1/fill/w_980,h_653,al_c,q_85,usm_0.66_1.00_0.01,enc_avif,quality_auto/74d008_32b97fd064514478bc3f716a2a003b9d~mv2.jpg","119098"
"Image","https://www.lifeusa.org/post/double-or-triple-your-donation-without-spending-more-through-life-for-relief-and-development-life","https://static.wixstatic.com/media/74d008_32b97fd064514478bc3f716a2a003b9d~mv2.jpg/v1/fill/w_980,h_653,al_c,q_85,usm_0.66_1.00_0.01,enc_avif,quality_auto/74d008_32b97fd064514478bc3f716a2a003b9d~mv2.jpg","119098"
"Image","https://www.lifeusa.org/post/winter-flooding-in-gaza-leaves-families-cold-and-exhausted","https://static.wixstatic.com/media/74d008_32b97fd064514478bc3f716a2a003b9d~mv2.jpg/v1/fill/w_980,h_653,al_c,q_85,usm_0.66_1.00_0.01,enc_avif,quality_auto/74d008_32b97fd064514478bc3f716a2a003b9d~mv2.jpg","119098"
"Image","https://www.lifeusa.org/post/school-supplies-could-be-the-key-to-ending-poverty","https://static.wixstatic.com/media/74d008_32b97fd064514478bc3f716a2a003b9d~mv2.jpg/v1/fill/w_980,h_653,al_c,q_85,usm_0.66_1.00_0.01,enc_avif,quality_auto/74d008_32b97fd064514478bc3f716a2a003b9d~mv2.jpg","119098"
"Image","https://www.lifeusa.org/post/cold-kills-5-million-a-year-life-s-winter-aid-helps-prevent-this-tragedy","https://static.wixstatic.com/media/74d008_32b97fd064514478bc3f716a2a003b9d~mv2.jpg/v1/fill/w_980,h_653,al_c,q_85,usm_0.66_1.00_0.01,enc_avif,quality_auto/74d008_32b97fd064514478bc3f716a2a003b9d~mv2.jpg","119098"
"Image","https://www.lifeusa.org/post/give-the-smart-way-stop-paying-taxes-on-stocks-and-receive-a-big-tax-deduction","https://static.wixstatic.com/media/74d008_32b97fd064514478bc3f716a2a003b9d~mv2.jpg/v1/fill/w_980,h_653,al_c,q_85,usm_0.66_1.00_0.01,enc_avif,quality_auto/74d008_32b97fd064514478bc3f716a2a003b9d~mv2.jpg","119098"
"Image","https://www.lifeusa.org/post/health-for-all-how-life-is-closing-the-global-healthcare-gap","https://static.wixstatic.com/media/74d008_32b97fd064514478bc3f716a2a003b9d~mv2.jpg/v1/fill/w_980,h_653,al_c,q_85,usm_0.66_1.00_0.01,enc_avif,quality_auto/74d008_32b97fd064514478bc3f716a2a003b9d~mv2.jpg","119098"
"Image","https://www.lifeusa.org/post/eid-al-adha-a-celebration-of-unity","https://static.wixstatic.com/media/74d008_32b97fd064514478bc3f716a2a003b9d~mv2.jpg/v1/fill/w_980,h_653,al_c,q_85,usm_0.66_1.00_0.01,enc_avif,quality_auto/74d008_32b97fd064514478bc3f716a2a003b9d~mv2.jpg","119098"
"Image","https://www.lifeusa.org/post/recognizing-everyday-leaders-and-heros-this-father-s-day-2025","https://static.wixstatic.com/media/74d008_32b97fd064514478bc3f716a2a003b9d~mv2.jpg/v1/fill/w_980,h_653,al_c,q_85,usm_0.66_1.00_0.01,enc_avif,quality_auto/74d008_32b97fd064514478bc3f716a2a003b9d~mv2.jpg","119098"
"Image","https://www.lifeusa.org/post/she-was-buried-underground-for-13-years-then-she-heard-the-ocean","https://static.wixstatic.com/media/74d008_32b97fd064514478bc3f716a2a003b9d~mv2.jpg/v1/fill/w_980,h_653,al_c,q_85,usm_0.66_1.00_0.01,enc_avif,quality_auto/74d008_32b97fd064514478bc3f716a2a003b9d~mv2.jpg","119098"
"Image","https://www.lifeusa.org/post/when-the-guadalupe-river-roared-texas-tested-with-devastation-and-loss","https://static.wixstatic.com/media/74d008_32b97fd064514478bc3f716a2a003b9d~mv2.jpg/v1/fill/w_980,h_653,al_c,q_85,usm_0.66_1.00_0.01,enc_avif,quality_auto/74d008_32b97fd064514478bc3f716a2a003b9d~mv2.jpg","119098"
"Image","https://www.lifeusa.org/post/the-hidden-price-tag-of-fast-fashion-and-how-life-is-offering-sustainable-solutions-you-can-support","https://static.wixstatic.com/media/74d008_32b97fd064514478bc3f716a2a003b9d~mv2.jpg/v1/fill/w_980,h_653,al_c,q_85,usm_0.66_1.00_0.01,enc_avif,quality_auto/74d008_32b97fd064514478bc3f716a2a003b9d~mv2.jpg","119098"
"Image","https://www.lifeusa.org/post/ramadan-a-place-for-everyone","https://static.wixstatic.com/media/74d008_32b97fd064514478bc3f716a2a003b9d~mv2.jpg/v1/fill/w_980,h_653,al_c,q_85,usm_0.66_1.00_0.01,enc_avif,quality_auto/74d008_32b97fd064514478bc3f716a2a003b9d~mv2.jpg","119098"
"Image","https://www.lifeusa.org/post/a-step-by-step-guide-on-how-to-participate-in-ramadan","https://static.wixstatic.com/media/74d008_32b97fd064514478bc3f716a2a003b9d~mv2.jpg/v1/fill/w_980,h_653,al_c,q_85,usm_0.66_1.00_0.01,enc_avif,quality_auto/74d008_32b97fd064514478bc3f716a2a003b9d~mv2.jpg","119098"
"Image","https://www.lifeusa.org/post/sick-kids-with-no-medicine-in-sight-how-life-is-restoring-healthcare-access-in-africa","https://static.wixstatic.com/media/74d008_32b97fd064514478bc3f716a2a003b9d~mv2.jpg/v1/fill/w_980,h_653,al_c,q_85,usm_0.66_1.00_0.01,enc_avif,quality_auto/74d008_32b97fd064514478bc3f716a2a003b9d~mv2.jpg","119098"
"Image","https://www.lifeusa.org/post/as-middle-east-tensions-rise-families-face-uncertainty-and-compassion-matters-more","https://static.wixstatic.com/media/74d008_32b97fd064514478bc3f716a2a003b9d~mv2.jpg/v1/fill/w_980,h_653,al_c,q_85,usm_0.66_1.00_0.01,enc_avif,quality_auto/74d008_32b97fd064514478bc3f716a2a003b9d~mv2.jpg","119098"
"Image","https://www.lifeusa.org/post/millions-hungry-and-displaced-why-the-sudan-crisis-requires-immediate-action","https://static.wixstatic.com/media/74d008_32b97fd064514478bc3f716a2a003b9d~mv2.jpg/v1/fill/w_980,h_653,al_c,q_85,usm_0.66_1.00_0.01,enc_avif,quality_auto/74d008_32b97fd064514478bc3f716a2a003b9d~mv2.jpg","119098"
"Image","https://www.lifeusa.org/post/ceasefire-in-gaza-understanding-the-gaza-peace-deal-and-what-lies-ahead","https://static.wixstatic.com/media/74d008_32b97fd064514478bc3f716a2a003b9d~mv2.jpg/v1/fill/w_980,h_653,al_c,q_85,usm_0.66_1.00_0.01,enc_avif,quality_auto/74d008_32b97fd064514478bc3f716a2a003b9d~mv2.jpg","119098"
"Image","https://www.lifeusa.org/post/maximize-your-tax-write-off-with-charitable-giving-apps","https://static.wixstatic.com/media/74d008_32b97fd064514478bc3f716a2a003b9d~mv2.jpg/v1/fill/w_980,h_653,al_c,q_85,usm_0.66_1.00_0.01,enc_avif,quality_auto/74d008_32b97fd064514478bc3f716a2a003b9d~mv2.jpg","119098"
"Image","https://www.lifeusa.org/post/when-life-becomes-art-finding-flow-purpose-and-the-joy-of-giving","https://static.wixstatic.com/media/74d008_32b97fd064514478bc3f716a2a003b9d~mv2.jpg/v1/fill/w_980,h_653,al_c,q_85,usm_0.66_1.00_0.01,enc_avif,quality_auto/74d008_32b97fd064514478bc3f716a2a003b9d~mv2.jpg","119098"
"Image","https://www.lifeusa.org/post/how-violence-and-war-affect-children-worldwide-and-how-you-can-help","https://static.wixstatic.com/media/74d008_32b97fd064514478bc3f716a2a003b9d~mv2.jpg/v1/fill/w_980,h_653,al_c,q_85,usm_0.66_1.00_0.01,enc_avif,quality_auto/74d008_32b97fd064514478bc3f716a2a003b9d~mv2.jpg","119098"
"Image","https://www.lifeusa.org/post/what-happens-when-you-can-t-see-in-a-refugee-camp","https://static.wixstatic.com/media/74d008_32b97fd064514478bc3f716a2a003b9d~mv2.jpg/v1/fill/w_980,h_653,al_c,q_85,usm_0.66_1.00_0.01,enc_avif,quality_auto/74d008_32b97fd064514478bc3f716a2a003b9d~mv2.jpg","119098"
"Image","https://www.lifeusa.org/post/the-challenges-humanitarian-organizations-face-after-conflict-ends","https://static.wixstatic.com/media/74d008_32b97fd064514478bc3f716a2a003b9d~mv2.jpg/v1/fill/w_980,h_653,al_c,q_85,usm_0.66_1.00_0.01,enc_avif,quality_auto/74d008_32b97fd064514478bc3f716a2a003b9d~mv2.jpg","119098"
"Image","https://www.lifeusa.org/post/the-power-of-listening-and-how-to-harness-it","https://static.wixstatic.com/media/74d008_32b97fd064514478bc3f716a2a003b9d~mv2.jpg/v1/fill/w_980,h_653,al_c,q_85,usm_0.66_1.00_0.01,enc_avif,quality_auto/74d008_32b97fd064514478bc3f716a2a003b9d~mv2.jpg","119098"
"Image","https://www.lifeusa.org/post/monsoon-flood-in-northern-pakistan-takes-everything-from-villagers-life-usa-helps-families-rebuild","https://static.wixstatic.com/media/74d008_32b97fd064514478bc3f716a2a003b9d~mv2.jpg/v1/fill/w_980,h_653,al_c,q_85,usm_0.66_1.00_0.01,enc_avif,quality_auto/74d008_32b97fd064514478bc3f716a2a003b9d~mv2.jpg","119098"
"Image","https://www.lifeusa.org/post/life-hears-the-call-in-colorado","https://static.wixstatic.com/media/74d008_32b97fd064514478bc3f716a2a003b9d~mv2.jpg/v1/fill/w_980,h_653,al_c,q_85,usm_0.66_1.00_0.01,enc_avif,quality_auto/74d008_32b97fd064514478bc3f716a2a003b9d~mv2.jpg","119098"
"Image","https://www.lifeusa.org/post/refugee-asylum-seeker-immigrant-and-migrant-what-s-the-difference","https://static.wixstatic.com/media/74d008_32b97fd064514478bc3f716a2a003b9d~mv2.jpg/v1/fill/w_980,h_653,al_c,q_85,usm_0.66_1.00_0.01,enc_avif,quality_auto/74d008_32b97fd064514478bc3f716a2a003b9d~mv2.jpg","119098"
"Image","https://www.lifeusa.org/post/the-biggest-charitable-contributions-in-the-u-s-2023","https://static.wixstatic.com/media/74d008_32b97fd064514478bc3f716a2a003b9d~mv2.jpg/v1/fill/w_980,h_653,al_c,q_85,usm_0.66_1.00_0.01,enc_avif,quality_auto/74d008_32b97fd064514478bc3f716a2a003b9d~mv2.jpg","119098"
"Image","https://www.lifeusa.org/post/a-summer-of-forest-fires","https://static.wixstatic.com/media/74d008_32b97fd064514478bc3f716a2a003b9d~mv2.jpg/v1/fill/w_980,h_653,al_c,q_85,usm_0.66_1.00_0.01,enc_avif,quality_auto/74d008_32b97fd064514478bc3f716a2a003b9d~mv2.jpg","119098"
"Image","https://www.lifeusa.org/post/queen-elizabeth-ii-a-lifetime-of-charity","https://static.wixstatic.com/media/74d008_32b97fd064514478bc3f716a2a003b9d~mv2.jpg/v1/fill/w_980,h_653,al_c,q_85,usm_0.66_1.00_0.01,enc_avif,quality_auto/74d008_32b97fd064514478bc3f716a2a003b9d~mv2.jpg","119098"
"Image","https://www.lifeusa.org/post/making-houses-into-homes","https://static.wixstatic.com/media/74d008_32b97fd064514478bc3f716a2a003b9d~mv2.jpg/v1/fill/w_980,h_653,al_c,q_85,usm_0.66_1.00_0.01,enc_avif,quality_auto/74d008_32b97fd064514478bc3f716a2a003b9d~mv2.jpg","119098"
"Image","https://www.lifeusa.org/post/hearing-for-the-first-time-in-years","https://static.wixstatic.com/media/74d008_32b97fd064514478bc3f716a2a003b9d~mv2.jpg/v1/fill/w_980,h_653,al_c,q_85,usm_0.66_1.00_0.01,enc_avif,quality_auto/74d008_32b97fd064514478bc3f716a2a003b9d~mv2.jpg","119098"
"Image","https://www.lifeusa.org/post/the-crucial-role-of-humanitarian-organizations-in-conflict-zones","https://static.wixstatic.com/media/74d008_32b97fd064514478bc3f716a2a003b9d~mv2.jpg/v1/fill/w_980,h_653,al_c,q_85,usm_0.66_1.00_0.01,enc_avif,quality_auto/74d008_32b97fd064514478bc3f716a2a003b9d~mv2.jpg","119098"
"Image","https://www.lifeusa.org/post/the-world-in-crisis-supporting-from-the-sidelines","https://static.wixstatic.com/media/74d008_32b97fd064514478bc3f716a2a003b9d~mv2.jpg/v1/fill/w_980,h_653,al_c,q_85,usm_0.66_1.00_0.01,enc_avif,quality_auto/74d008_32b97fd064514478bc3f716a2a003b9d~mv2.jpg","119098"
"Image","https://www.lifeusa.org/post/it-s-okay-to-cry-the-ukrainian-refugee-mental-health-crisis","https://static.wixstatic.com/media/74d008_32b97fd064514478bc3f716a2a003b9d~mv2.jpg/v1/fill/w_980,h_653,al_c,q_85,usm_0.66_1.00_0.01,enc_avif,quality_auto/74d008_32b97fd064514478bc3f716a2a003b9d~mv2.jpg","119098"
"Image","https://www.lifeusa.org/post/walk-532-59-miles-in-the-shoes-of-a-ukrainian-refugee","https://static.wixstatic.com/media/74d008_32b97fd064514478bc3f716a2a003b9d~mv2.jpg/v1/fill/w_980,h_653,al_c,q_85,usm_0.66_1.00_0.01,enc_avif,quality_auto/74d008_32b97fd064514478bc3f716a2a003b9d~mv2.jpg","119098"
"Image","https://www.lifeusa.org/post/a-4-year-old-s-bravery-in-gaza-ahmad-s-story","https://static.wixstatic.com/media/74d008_32b97fd064514478bc3f716a2a003b9d~mv2.jpg/v1/fill/w_980,h_653,al_c,q_85,usm_0.66_1.00_0.01,enc_avif,quality_auto/74d008_32b97fd064514478bc3f716a2a003b9d~mv2.jpg","119098"
"Image","https://www.lifeusa.org/post/gaza-s-daily-bread-life-provides-relief-to-innocent-civilians","https://static.wixstatic.com/media/74d008_32b97fd064514478bc3f716a2a003b9d~mv2.jpg/v1/fill/w_980,h_653,al_c,q_85,usm_0.66_1.00_0.01,enc_avif,quality_auto/74d008_32b97fd064514478bc3f716a2a003b9d~mv2.jpg","119098"
"Image","https://www.lifeusa.org/post/who-will-watch-over-the-orphans-of-gaza","https://static.wixstatic.com/media/74d008_32b97fd064514478bc3f716a2a003b9d~mv2.jpg/v1/fill/w_980,h_653,al_c,q_85,usm_0.66_1.00_0.01,enc_avif,quality_auto/74d008_32b97fd064514478bc3f716a2a003b9d~mv2.jpg","119098"
"Image","https://www.lifeusa.org/post/aiding-in-gaza-s-shelter-crisis","https://static.wixstatic.com/media/74d008_32b97fd064514478bc3f716a2a003b9d~mv2.jpg/v1/fill/w_980,h_653,al_c,q_85,usm_0.66_1.00_0.01,enc_avif,quality_auto/74d008_32b97fd064514478bc3f716a2a003b9d~mv2.jpg","119098"
"Image","https://www.lifeusa.org/post/the-leading-causes-of-orphans-today","https://static.wixstatic.com/media/74d008_32b97fd064514478bc3f716a2a003b9d~mv2.jpg/v1/fill/w_980,h_653,al_c,q_85,usm_0.66_1.00_0.01,enc_avif,quality_auto/74d008_32b97fd064514478bc3f716a2a003b9d~mv2.jpg","119098"
"Image","https://www.lifeusa.org/post/life-for-relief-and-development-life-ambulance-and-distributed-aid-save-countless-lives-after-airs","https://static.wixstatic.com/media/74d008_32b97fd064514478bc3f716a2a003b9d~mv2.jpg/v1/fill/w_980,h_653,al_c,q_85,usm_0.66_1.00_0.01,enc_avif,quality_auto/74d008_32b97fd064514478bc3f716a2a003b9d~mv2.jpg","119098"
"Image","https://www.lifeusa.org/post/what-causes-earthquakes-and-how-they-affect-people","https://static.wixstatic.com/media/74d008_32b97fd064514478bc3f716a2a003b9d~mv2.jpg/v1/fill/w_980,h_653,al_c,q_85,usm_0.66_1.00_0.01,enc_avif,quality_auto/74d008_32b97fd064514478bc3f716a2a003b9d~mv2.jpg","119098"
"Image","https://www.lifeusa.org/post/no-assistance-in-their-time-of-need","https://static.wixstatic.com/media/74d008_32b97fd064514478bc3f716a2a003b9d~mv2.jpg/v1/fill/w_980,h_653,al_c,q_85,usm_0.66_1.00_0.01,enc_avif,quality_auto/74d008_32b97fd064514478bc3f716a2a003b9d~mv2.jpg","119098"
"Image","https://www.lifeusa.org/post/life-s-education-initiatives-in-syria-generate-positive-outcomes-in-enrollment-and-graduation-rate-t","https://static.wixstatic.com/media/74d008_32b97fd064514478bc3f716a2a003b9d~mv2.jpg/v1/fill/w_980,h_653,al_c,q_85,usm_0.66_1.00_0.01,enc_avif,quality_auto/74d008_32b97fd064514478bc3f716a2a003b9d~mv2.jpg","119098"
"Image","https://www.lifeusa.org/post/3-inspiring-ways-to-give-back-to-refugees-this-year","https://static.wixstatic.com/media/74d008_32b97fd064514478bc3f716a2a003b9d~mv2.jpg/v1/fill/w_980,h_653,al_c,q_85,usm_0.66_1.00_0.01,enc_avif,quality_auto/74d008_32b97fd064514478bc3f716a2a003b9d~mv2.jpg","119098"
"Image","https://www.lifeusa.org/post/life-promotes-integrative-healthcare-for-rohingya-refugees-with-the-launch-of-vital-eye-care-clinic","https://static.wixstatic.com/media/74d008_32b97fd064514478bc3f716a2a003b9d~mv2.jpg/v1/fill/w_980,h_653,al_c,q_85,usm_0.66_1.00_0.01,enc_avif,quality_auto/74d008_32b97fd064514478bc3f716a2a003b9d~mv2.jpg","119098"
"Image","https://www.lifeusa.org/post/creating-beautiful-tomorrows-in-orphans-today","https://static.wixstatic.com/media/74d008_32b97fd064514478bc3f716a2a003b9d~mv2.jpg/v1/fill/w_980,h_653,al_c,q_85,usm_0.66_1.00_0.01,enc_avif,quality_auto/74d008_32b97fd064514478bc3f716a2a003b9d~mv2.jpg","119098"
"Image","https://www.lifeusa.org/post/education-is-emancipation-empowering-women-today","https://static.wixstatic.com/media/74d008_32b97fd064514478bc3f716a2a003b9d~mv2.jpg/v1/fill/w_980,h_653,al_c,q_85,usm_0.66_1.00_0.01,enc_avif,quality_auto/74d008_32b97fd064514478bc3f716a2a003b9d~mv2.jpg","119098"
"Image","https://www.lifeusa.org/post/the-story-of-resilience-and-hope-life-brings-joy-to-al-islah-village-in-iraq","https://static.wixstatic.com/media/74d008_32b97fd064514478bc3f716a2a003b9d~mv2.jpg/v1/fill/w_980,h_653,al_c,q_85,usm_0.66_1.00_0.01,enc_avif,quality_auto/74d008_32b97fd064514478bc3f716a2a003b9d~mv2.jpg","119098"
"Image","https://www.lifeusa.org/post/discovering-ramadan-2024-fasting-charity-and-spiritual-nourishment","https://static.wixstatic.com/media/74d008_32b97fd064514478bc3f716a2a003b9d~mv2.jpg/v1/fill/w_980,h_653,al_c,q_85,usm_0.66_1.00_0.01,enc_avif,quality_auto/74d008_32b97fd064514478bc3f716a2a003b9d~mv2.jpg","119098"
"Image","https://www.lifeusa.org/post/united-against-hunger-life-for-relief-and-development-s-life-global-expansion-is-set-to-feed-mill","https://static.wixstatic.com/media/74d008_32b97fd064514478bc3f716a2a003b9d~mv2.jpg/v1/fill/w_980,h_653,al_c,q_85,usm_0.66_1.00_0.01,enc_avif,quality_auto/74d008_32b97fd064514478bc3f716a2a003b9d~mv2.jpg","119098"
"Image","https://www.lifeusa.org/post/why-giving-makes-you-wealthier","https://static.wixstatic.com/media/74d008_32b97fd064514478bc3f716a2a003b9d~mv2.jpg/v1/fill/w_980,h_653,al_c,q_85,usm_0.66_1.00_0.01,enc_avif,quality_auto/74d008_32b97fd064514478bc3f716a2a003b9d~mv2.jpg","119098"
"Image","https://www.lifeusa.org/post/unprecedented-flooding-in-libya-a-call-for-global-solidarity-and-action","https://static.wixstatic.com/media/74d008_32b97fd064514478bc3f716a2a003b9d~mv2.jpg/v1/fill/w_980,h_653,al_c,q_85,usm_0.66_1.00_0.01,enc_avif,quality_auto/74d008_32b97fd064514478bc3f716a2a003b9d~mv2.jpg","119098"
"Image","https://www.lifeusa.org/post/what-to-expect-and-how-to-prepare-for-hurricane-ian","https://static.wixstatic.com/media/74d008_32b97fd064514478bc3f716a2a003b9d~mv2.jpg/v1/fill/w_980,h_653,al_c,q_85,usm_0.66_1.00_0.01,enc_avif,quality_auto/74d008_32b97fd064514478bc3f716a2a003b9d~mv2.jpg","119098"
"Image","https://www.lifeusa.org/post/eastern-africa-is-on-fire","https://static.wixstatic.com/media/74d008_32b97fd064514478bc3f716a2a003b9d~mv2.jpg/v1/fill/w_980,h_653,al_c,q_85,usm_0.66_1.00_0.01,enc_avif,quality_auto/74d008_32b97fd064514478bc3f716a2a003b9d~mv2.jpg","119098"
"Image","https://www.lifeusa.org/post/stuck-between-burning-fire-and-freezing-ice","https://static.wixstatic.com/media/74d008_32b97fd064514478bc3f716a2a003b9d~mv2.jpg/v1/fill/w_980,h_653,al_c,q_85,usm_0.66_1.00_0.01,enc_avif,quality_auto/74d008_32b97fd064514478bc3f716a2a003b9d~mv2.jpg","119098"
"Image","https://www.lifeusa.org/post/be-the-light-this-thanksgiving","https://static.wixstatic.com/media/74d008_32b97fd064514478bc3f716a2a003b9d~mv2.jpg/v1/fill/w_980,h_653,al_c,q_85,usm_0.66_1.00_0.01,enc_avif,quality_auto/74d008_32b97fd064514478bc3f716a2a003b9d~mv2.jpg","119098"
"Image","https://www.lifeusa.org/post/behind-the-label-refugee","https://static.wixstatic.com/media/74d008_32b97fd064514478bc3f716a2a003b9d~mv2.jpg/v1/fill/w_980,h_653,al_c,q_85,usm_0.66_1.00_0.01,enc_avif,quality_auto/74d008_32b97fd064514478bc3f716a2a003b9d~mv2.jpg","119098"
"Image","https://www.lifeusa.org/post/when-zakat-islamic-charity-almost-eradicated-poverty","https://static.wixstatic.com/media/74d008_32b97fd064514478bc3f716a2a003b9d~mv2.jpg/v1/fill/w_980,h_653,al_c,q_85,usm_0.66_1.00_0.01,enc_avif,quality_auto/74d008_32b97fd064514478bc3f716a2a003b9d~mv2.jpg","119098"
"Image","https://www.lifeusa.org/post/what-is-udhiyah-qurbani-in-islam","https://static.wixstatic.com/media/74d008_32b97fd064514478bc3f716a2a003b9d~mv2.jpg/v1/fill/w_980,h_653,al_c,q_85,usm_0.66_1.00_0.01,enc_avif,quality_auto/74d008_32b97fd064514478bc3f716a2a003b9d~mv2.jpg","119098"
"Image","https://www.lifeusa.org/post/the-global-environmental-crisis-water-climate-and-life-s-impact","https://static.wixstatic.com/media/74d008_e2a9e9488206483689b60d1242091978~mv2.jpg/v1/fill/w_980,h_653,al_c,q_85,usm_0.66_1.00_0.01,enc_avif,quality_auto/74d008_e2a9e9488206483689b60d1242091978~mv2.jpg","203491"
"Image","https://www.lifeusa.org/post/the-global-environmental-crisis-water-climate-and-life-s-impact","https://static.wixstatic.com/media/74d008_aef8db8ad4e2439f97da09cdd7627f2b~mv2.jpg/v1/fill/w_980,h_653,al_c,q_85,usm_0.66_1.00_0.01,enc_avif,quality_auto/74d008_aef8db8ad4e2439f97da09cdd7627f2b~mv2.jpg","151513"
"Image","https://www.lifeusa.org/post/the-global-environmental-crisis-water-climate-and-life-s-impact","https://static.wixstatic.com/media/74d008_774a5d79b8f043cdbcc6ae31dc50363e~mv2.jpg/v1/fill/w_980,h_653,al_c,q_85,usm_0.66_1.00_0.01,enc_avif,quality_auto/74d008_774a5d79b8f043cdbcc6ae31dc50363e~mv2.jpg","229501"
"Image","https://www.lifeusa.org/post/the-global-environmental-crisis-water-climate-and-life-s-impact","https://static.wixstatic.com/media/74d008_e9def9fe8aee45598d9260c847368cc3~mv2.jpg/v1/fill/w_980,h_735,al_c,q_85,usm_0.66_1.00_0.01,enc_avif,quality_auto/74d008_e9def9fe8aee45598d9260c847368cc3~mv2.jpg","227715"
"Image","https://www.lifeusa.org/post/the-global-environmental-crisis-water-climate-and-life-s-impact","https://static.wixstatic.com/media/74d008_468bfb7ebcc549c08f7ad8ab8936d2ce~mv2.jpg/v1/fill/w_980,h_1225,al_c,q_85,usm_0.66_1.00_0.01,enc_avif,quality_auto/74d008_468bfb7ebcc549c08f7ad8ab8936d2ce~mv2.jpg","154504"
"Image","https://www.lifeusa.org/post/the-world-keeps-making-more-plastic-and-the-cost-is-human","https://static.wixstatic.com/media/74d008_468bfb7ebcc549c08f7ad8ab8936d2ce~mv2.jpg/v1/fill/w_980,h_1225,al_c,q_85,usm_0.66_1.00_0.01,enc_avif,quality_auto/74d008_468bfb7ebcc549c08f7ad8ab8936d2ce~mv2.jpg","154504"
"Image","https://www.lifeusa.org/post/children-in-crisis-the-psychological-toll-of-violence","https://static.wixstatic.com/media/74d008_468bfb7ebcc549c08f7ad8ab8936d2ce~mv2.jpg/v1/fill/w_980,h_1225,al_c,q_85,usm_0.66_1.00_0.01,enc_avif,quality_auto/74d008_468bfb7ebcc549c08f7ad8ab8936d2ce~mv2.jpg","154504"
"Image","https://www.lifeusa.org/post/the-global-environmental-crisis-water-climate-and-life-s-impact","https://static.wixstatic.com/media/74d008_d05f3b0b248e4f4dbaff94ded7b31a3e~mv2.jpg/v1/fill/w_980,h_653,al_c,q_85,usm_0.66_1.00_0.01,enc_avif,quality_auto/74d008_d05f3b0b248e4f4dbaff94ded7b31a3e~mv2.jpg","128546"
"Image","https://www.lifeusa.org/post/the-global-environmental-crisis-water-climate-and-life-s-impact","https://static.wixstatic.com/media/74d008_8bc66045628f49088ad7f647fa207ccb~mv2.jpg/v1/fill/w_980,h_735,al_c,q_85,usm_0.66_1.00_0.01,enc_avif,quality_auto/74d008_8bc66045628f49088ad7f647fa207ccb~mv2.jpg","309663"
"Image","https://www.lifeusa.org/post/the-global-environmental-crisis-water-climate-and-life-s-impact","https://static.wixstatic.com/media/74d008_5ec66d656e5f4aa8bcba4d98d29da92b~mv2.jpg/v1/fill/w_980,h_551,al_c,q_85,usm_0.66_1.00_0.01,enc_avif,quality_auto/74d008_5ec66d656e5f4aa8bcba4d98d29da92b~mv2.jpg","186303"
"Image","https://www.lifeusa.org/post/the-global-environmental-crisis-water-climate-and-life-s-impact","https://static.wixstatic.com/media/74d008_4bec74c3884146c5b331b2ab877efc3d~mv2.jpg/v1/fill/w_980,h_551,al_c,q_85,usm_0.66_1.00_0.01,enc_avif,quality_auto/74d008_4bec74c3884146c5b331b2ab877efc3d~mv2.jpg","232177"
"Image","https://www.lifeusa.org/post/the-global-environmental-crisis-water-climate-and-life-s-impact","https://static.wixstatic.com/media/74d008_a8a1b5de2c1747bc826b7e195525f8dc~mv2.jpg/v1/fill/w_980,h_551,al_c,q_85,usm_0.66_1.00_0.01,enc_avif,quality_auto/74d008_a8a1b5de2c1747bc826b7e195525f8dc~mv2.jpg","190111"
"Image","https://www.lifeusa.org/post/the-global-environmental-crisis-water-climate-and-life-s-impact","https://static.wixstatic.com/media/74d008_b4022e91eb0547068ae44ce1ec4a93ff~mv2.jpg/v1/fill/w_980,h_653,al_c,q_85,usm_0.66_1.00_0.01,enc_avif,quality_auto/74d008_b4022e91eb0547068ae44ce1ec4a93ff~mv2.jpg","136173"
"Image","https://www.lifeusa.org/post/the-global-environmental-crisis-water-climate-and-life-s-impact","https://static.wixstatic.com/media/74d008_ca7074cc0ab44d63ba8925f2af75e5d2~mv2.jpg/v1/fill/w_980,h_980,al_c,q_85,usm_0.66_1.00_0.01,enc_avif,quality_auto/74d008_ca7074cc0ab44d63ba8925f2af75e5d2~mv2.jpg","162453"
"Image","https://www.lifeusa.org/post/the-global-environmental-crisis-water-climate-and-life-s-impact","https://static.wixstatic.com/media/74d008_564ce1225f2d4575bbd6bedbceb421e3~mv2.jpg/v1/fill/w_980,h_654,al_c,q_85,usm_0.66_1.00_0.01,enc_avif,quality_auto/74d008_564ce1225f2d4575bbd6bedbceb421e3~mv2.jpg","159640"
"Image","https://www.lifeusa.org/post/the-world-keeps-making-more-plastic-and-the-cost-is-human","https://static.wixstatic.com/media/74d008_564ce1225f2d4575bbd6bedbceb421e3~mv2.jpg/v1/fill/w_980,h_654,al_c,q_85,usm_0.66_1.00_0.01,enc_avif,quality_auto/74d008_564ce1225f2d4575bbd6bedbceb421e3~mv2.jpg","159640"
"Image","https://www.lifeusa.org/post/children-in-crisis-the-psychological-toll-of-violence","https://static.wixstatic.com/media/74d008_564ce1225f2d4575bbd6bedbceb421e3~mv2.jpg/v1/fill/w_980,h_654,al_c,q_85,usm_0.66_1.00_0.01,enc_avif,quality_auto/74d008_564ce1225f2d4575bbd6bedbceb421e3~mv2.jpg","159640"
"Image","https://www.lifeusa.org/post/women-s-empowerment-the-key-to-solving-world-hunger","https://static.wixstatic.com/media/74d008_564ce1225f2d4575bbd6bedbceb421e3~mv2.jpg/v1/fill/w_980,h_654,al_c,q_85,usm_0.66_1.00_0.01,enc_avif,quality_auto/74d008_564ce1225f2d4575bbd6bedbceb421e3~mv2.jpg","159640"
"Image","https://www.lifeusa.org/post/afghanistan-s-earthquake-stories-of-survival-and-relief","https://static.wixstatic.com/media/74d008_564ce1225f2d4575bbd6bedbceb421e3~mv2.jpg/v1/fill/w_980,h_654,al_c,q_85,usm_0.66_1.00_0.01,enc_avif,quality_auto/74d008_564ce1225f2d4575bbd6bedbceb421e3~mv2.jpg","159640"
"Image","https://www.lifeusa.org/post/why-one-gift-means-the-world-to-an-orphaned-child","https://static.wixstatic.com/media/74d008_564ce1225f2d4575bbd6bedbceb421e3~mv2.jpg/v1/fill/w_980,h_654,al_c,q_85,usm_0.66_1.00_0.01,enc_avif,quality_auto/74d008_564ce1225f2d4575bbd6bedbceb421e3~mv2.jpg","159640"
"Image","https://www.lifeusa.org/post/children-forced-to-sleep-in-cars-and-on-the-streets-as-over-800-000-are-displaced-in-lebanon","https://static.wixstatic.com/media/74d008_564ce1225f2d4575bbd6bedbceb421e3~mv2.jpg/v1/fill/w_980,h_654,al_c,q_85,usm_0.66_1.00_0.01,enc_avif,quality_auto/74d008_564ce1225f2d4575bbd6bedbceb421e3~mv2.jpg","159640"
"Image","https://www.lifeusa.org/post/remembering-judge-frank-caprio-a-judge-who-redefined-leadership-through-compassion","https://static.wixstatic.com/media/74d008_564ce1225f2d4575bbd6bedbceb421e3~mv2.jpg/v1/fill/w_980,h_654,al_c,q_85,usm_0.66_1.00_0.01,enc_avif,quality_auto/74d008_564ce1225f2d4575bbd6bedbceb421e3~mv2.jpg","159640"
"Image","https://www.lifeusa.org/post/over-6-5-hungry-in-somalia-why-your-giving-matters-now-more-than-ever","https://static.wixstatic.com/media/74d008_564ce1225f2d4575bbd6bedbceb421e3~mv2.jpg/v1/fill/w_980,h_654,al_c,q_85,usm_0.66_1.00_0.01,enc_avif,quality_auto/74d008_564ce1225f2d4575bbd6bedbceb421e3~mv2.jpg","159640"
"Image","https://www.lifeusa.org/post/starvation-in-gaza-why-the-world-must-act-now-before-thousands-more-die","https://static.wixstatic.com/media/74d008_564ce1225f2d4575bbd6bedbceb421e3~mv2.jpg/v1/fill/w_980,h_654,al_c,q_85,usm_0.66_1.00_0.01,enc_avif,quality_auto/74d008_564ce1225f2d4575bbd6bedbceb421e3~mv2.jpg","159640"
"Image","https://www.lifeusa.org/post/latest-cuts-to-humanitarian-aid-leave-millions-without-hope","https://static.wixstatic.com/media/74d008_564ce1225f2d4575bbd6bedbceb421e3~mv2.jpg/v1/fill/w_980,h_654,al_c,q_85,usm_0.66_1.00_0.01,enc_avif,quality_auto/74d008_564ce1225f2d4575bbd6bedbceb421e3~mv2.jpg","159640"
"Image","https://www.lifeusa.org/post/building-a-better-world-for-33-years","https://static.wixstatic.com/media/74d008_564ce1225f2d4575bbd6bedbceb421e3~mv2.jpg/v1/fill/w_980,h_654,al_c,q_85,usm_0.66_1.00_0.01,enc_avif,quality_auto/74d008_564ce1225f2d4575bbd6bedbceb421e3~mv2.jpg","159640"
"Image","https://www.lifeusa.org/post/charitable-giving-an-advantage-we-never-saw-coming-from-the-one-big-beautiful-bill-act","https://static.wixstatic.com/media/74d008_564ce1225f2d4575bbd6bedbceb421e3~mv2.jpg/v1/fill/w_980,h_654,al_c,q_85,usm_0.66_1.00_0.01,enc_avif,quality_auto/74d008_564ce1225f2d4575bbd6bedbceb421e3~mv2.jpg","159640"
"Image","https://www.lifeusa.org/post/double-or-triple-your-donation-without-spending-more-through-life-for-relief-and-development-life","https://static.wixstatic.com/media/74d008_564ce1225f2d4575bbd6bedbceb421e3~mv2.jpg/v1/fill/w_980,h_654,al_c,q_85,usm_0.66_1.00_0.01,enc_avif,quality_auto/74d008_564ce1225f2d4575bbd6bedbceb421e3~mv2.jpg","159640"
"Image","https://www.lifeusa.org/post/winter-flooding-in-gaza-leaves-families-cold-and-exhausted","https://static.wixstatic.com/media/74d008_564ce1225f2d4575bbd6bedbceb421e3~mv2.jpg/v1/fill/w_980,h_654,al_c,q_85,usm_0.66_1.00_0.01,enc_avif,quality_auto/74d008_564ce1225f2d4575bbd6bedbceb421e3~mv2.jpg","159640"
"Image","https://www.lifeusa.org/post/school-supplies-could-be-the-key-to-ending-poverty","https://static.wixstatic.com/media/74d008_564ce1225f2d4575bbd6bedbceb421e3~mv2.jpg/v1/fill/w_980,h_654,al_c,q_85,usm_0.66_1.00_0.01,enc_avif,quality_auto/74d008_564ce1225f2d4575bbd6bedbceb421e3~mv2.jpg","159640"
"Image","https://www.lifeusa.org/post/cold-kills-5-million-a-year-life-s-winter-aid-helps-prevent-this-tragedy","https://static.wixstatic.com/media/74d008_564ce1225f2d4575bbd6bedbceb421e3~mv2.jpg/v1/fill/w_980,h_654,al_c,q_85,usm_0.66_1.00_0.01,enc_avif,quality_auto/74d008_564ce1225f2d4575bbd6bedbceb421e3~mv2.jpg","159640"
"Image","https://www.lifeusa.org/post/give-the-smart-way-stop-paying-taxes-on-stocks-and-receive-a-big-tax-deduction","https://static.wixstatic.com/media/74d008_564ce1225f2d4575bbd6bedbceb421e3~mv2.jpg/v1/fill/w_980,h_654,al_c,q_85,usm_0.66_1.00_0.01,enc_avif,quality_auto/74d008_564ce1225f2d4575bbd6bedbceb421e3~mv2.jpg","159640"
"Image","https://www.lifeusa.org/post/health-for-all-how-life-is-closing-the-global-healthcare-gap","https://static.wixstatic.com/media/74d008_564ce1225f2d4575bbd6bedbceb421e3~mv2.jpg/v1/fill/w_980,h_654,al_c,q_85,usm_0.66_1.00_0.01,enc_avif,quality_auto/74d008_564ce1225f2d4575bbd6bedbceb421e3~mv2.jpg","159640"
"Image","https://www.lifeusa.org/post/eid-al-adha-a-celebration-of-unity","https://static.wixstatic.com/media/74d008_564ce1225f2d4575bbd6bedbceb421e3~mv2.jpg/v1/fill/w_980,h_654,al_c,q_85,usm_0.66_1.00_0.01,enc_avif,quality_auto/74d008_564ce1225f2d4575bbd6bedbceb421e3~mv2.jpg","159640"
"Image","https://www.lifeusa.org/post/recognizing-everyday-leaders-and-heros-this-father-s-day-2025","https://static.wixstatic.com/media/74d008_564ce1225f2d4575bbd6bedbceb421e3~mv2.jpg/v1/fill/w_980,h_654,al_c,q_85,usm_0.66_1.00_0.01,enc_avif,quality_auto/74d008_564ce1225f2d4575bbd6bedbceb421e3~mv2.jpg","159640"
"Image","https://www.lifeusa.org/post/she-was-buried-underground-for-13-years-then-she-heard-the-ocean","https://static.wixstatic.com/media/74d008_564ce1225f2d4575bbd6bedbceb421e3~mv2.jpg/v1/fill/w_980,h_654,al_c,q_85,usm_0.66_1.00_0.01,enc_avif,quality_auto/74d008_564ce1225f2d4575bbd6bedbceb421e3~mv2.jpg","159640"
"Image","https://www.lifeusa.org/post/when-the-guadalupe-river-roared-texas-tested-with-devastation-and-loss","https://static.wixstatic.com/media/74d008_564ce1225f2d4575bbd6bedbceb421e3~mv2.jpg/v1/fill/w_980,h_654,al_c,q_85,usm_0.66_1.00_0.01,enc_avif,quality_auto/74d008_564ce1225f2d4575bbd6bedbceb421e3~mv2.jpg","159640"
"Image","https://www.lifeusa.org/post/the-hidden-price-tag-of-fast-fashion-and-how-life-is-offering-sustainable-solutions-you-can-support","https://static.wixstatic.com/media/74d008_564ce1225f2d4575bbd6bedbceb421e3~mv2.jpg/v1/fill/w_980,h_654,al_c,q_85,usm_0.66_1.00_0.01,enc_avif,quality_auto/74d008_564ce1225f2d4575bbd6bedbceb421e3~mv2.jpg","159640"
"Image","https://www.lifeusa.org/post/ramadan-a-place-for-everyone","https://static.wixstatic.com/media/74d008_564ce1225f2d4575bbd6bedbceb421e3~mv2.jpg/v1/fill/w_980,h_654,al_c,q_85,usm_0.66_1.00_0.01,enc_avif,quality_auto/74d008_564ce1225f2d4575bbd6bedbceb421e3~mv2.jpg","159640"
"Image","https://www.lifeusa.org/post/a-step-by-step-guide-on-how-to-participate-in-ramadan","https://static.wixstatic.com/media/74d008_564ce1225f2d4575bbd6bedbceb421e3~mv2.jpg/v1/fill/w_980,h_654,al_c,q_85,usm_0.66_1.00_0.01,enc_avif,quality_auto/74d008_564ce1225f2d4575bbd6bedbceb421e3~mv2.jpg","159640"
"Image","https://www.lifeusa.org/post/sick-kids-with-no-medicine-in-sight-how-life-is-restoring-healthcare-access-in-africa","https://static.wixstatic.com/media/74d008_564ce1225f2d4575bbd6bedbceb421e3~mv2.jpg/v1/fill/w_980,h_654,al_c,q_85,usm_0.66_1.00_0.01,enc_avif,quality_auto/74d008_564ce1225f2d4575bbd6bedbceb421e3~mv2.jpg","159640"
"Image","https://www.lifeusa.org/post/as-middle-east-tensions-rise-families-face-uncertainty-and-compassion-matters-more","https://static.wixstatic.com/media/74d008_564ce1225f2d4575bbd6bedbceb421e3~mv2.jpg/v1/fill/w_980,h_654,al_c,q_85,usm_0.66_1.00_0.01,enc_avif,quality_auto/74d008_564ce1225f2d4575bbd6bedbceb421e3~mv2.jpg","159640"
"Image","https://www.lifeusa.org/post/millions-hungry-and-displaced-why-the-sudan-crisis-requires-immediate-action","https://static.wixstatic.com/media/74d008_564ce1225f2d4575bbd6bedbceb421e3~mv2.jpg/v1/fill/w_980,h_654,al_c,q_85,usm_0.66_1.00_0.01,enc_avif,quality_auto/74d008_564ce1225f2d4575bbd6bedbceb421e3~mv2.jpg","159640"
"Image","https://www.lifeusa.org/post/ceasefire-in-gaza-understanding-the-gaza-peace-deal-and-what-lies-ahead","https://static.wixstatic.com/media/74d008_564ce1225f2d4575bbd6bedbceb421e3~mv2.jpg/v1/fill/w_980,h_654,al_c,q_85,usm_0.66_1.00_0.01,enc_avif,quality_auto/74d008_564ce1225f2d4575bbd6bedbceb421e3~mv2.jpg","159640"
"Image","https://www.lifeusa.org/post/maximize-your-tax-write-off-with-charitable-giving-apps","https://static.wixstatic.com/media/74d008_564ce1225f2d4575bbd6bedbceb421e3~mv2.jpg/v1/fill/w_980,h_654,al_c,q_85,usm_0.66_1.00_0.01,enc_avif,quality_auto/74d008_564ce1225f2d4575bbd6bedbceb421e3~mv2.jpg","159640"
"Image","https://www.lifeusa.org/post/when-life-becomes-art-finding-flow-purpose-and-the-joy-of-giving","https://static.wixstatic.com/media/74d008_564ce1225f2d4575bbd6bedbceb421e3~mv2.jpg/v1/fill/w_980,h_654,al_c,q_85,usm_0.66_1.00_0.01,enc_avif,quality_auto/74d008_564ce1225f2d4575bbd6bedbceb421e3~mv2.jpg","159640"
"Image","https://www.lifeusa.org/post/how-violence-and-war-affect-children-worldwide-and-how-you-can-help","https://static.wixstatic.com/media/74d008_564ce1225f2d4575bbd6bedbceb421e3~mv2.jpg/v1/fill/w_980,h_654,al_c,q_85,usm_0.66_1.00_0.01,enc_avif,quality_auto/74d008_564ce1225f2d4575bbd6bedbceb421e3~mv2.jpg","159640"
"Image","https://www.lifeusa.org/post/what-happens-when-you-can-t-see-in-a-refugee-camp","https://static.wixstatic.com/media/74d008_564ce1225f2d4575bbd6bedbceb421e3~mv2.jpg/v1/fill/w_980,h_654,al_c,q_85,usm_0.66_1.00_0.01,enc_avif,quality_auto/74d008_564ce1225f2d4575bbd6bedbceb421e3~mv2.jpg","159640"
"Image","https://www.lifeusa.org/post/the-challenges-humanitarian-organizations-face-after-conflict-ends","https://static.wixstatic.com/media/74d008_564ce1225f2d4575bbd6bedbceb421e3~mv2.jpg/v1/fill/w_980,h_654,al_c,q_85,usm_0.66_1.00_0.01,enc_avif,quality_auto/74d008_564ce1225f2d4575bbd6bedbceb421e3~mv2.jpg","159640"
"Image","https://www.lifeusa.org/post/the-power-of-listening-and-how-to-harness-it","https://static.wixstatic.com/media/74d008_564ce1225f2d4575bbd6bedbceb421e3~mv2.jpg/v1/fill/w_980,h_654,al_c,q_85,usm_0.66_1.00_0.01,enc_avif,quality_auto/74d008_564ce1225f2d4575bbd6bedbceb421e3~mv2.jpg","159640"
"Image","https://www.lifeusa.org/post/monsoon-flood-in-northern-pakistan-takes-everything-from-villagers-life-usa-helps-families-rebuild","https://static.wixstatic.com/media/74d008_564ce1225f2d4575bbd6bedbceb421e3~mv2.jpg/v1/fill/w_980,h_654,al_c,q_85,usm_0.66_1.00_0.01,enc_avif,quality_auto/74d008_564ce1225f2d4575bbd6bedbceb421e3~mv2.jpg","159640"
"Image","https://www.lifeusa.org/post/life-hears-the-call-in-colorado","https://static.wixstatic.com/media/74d008_564ce1225f2d4575bbd6bedbceb421e3~mv2.jpg/v1/fill/w_980,h_654,al_c,q_85,usm_0.66_1.00_0.01,enc_avif,quality_auto/74d008_564ce1225f2d4575bbd6bedbceb421e3~mv2.jpg","159640"
"Image","https://www.lifeusa.org/post/refugee-asylum-seeker-immigrant-and-migrant-what-s-the-difference","https://static.wixstatic.com/media/74d008_564ce1225f2d4575bbd6bedbceb421e3~mv2.jpg/v1/fill/w_980,h_654,al_c,q_85,usm_0.66_1.00_0.01,enc_avif,quality_auto/74d008_564ce1225f2d4575bbd6bedbceb421e3~mv2.jpg","159640"
"Image","https://www.lifeusa.org/post/the-biggest-charitable-contributions-in-the-u-s-2023","https://static.wixstatic.com/media/74d008_564ce1225f2d4575bbd6bedbceb421e3~mv2.jpg/v1/fill/w_980,h_654,al_c,q_85,usm_0.66_1.00_0.01,enc_avif,quality_auto/74d008_564ce1225f2d4575bbd6bedbceb421e3~mv2.jpg","159640"
"Image","https://www.lifeusa.org/post/a-summer-of-forest-fires","https://static.wixstatic.com/media/74d008_564ce1225f2d4575bbd6bedbceb421e3~mv2.jpg/v1/fill/w_980,h_654,al_c,q_85,usm_0.66_1.00_0.01,enc_avif,quality_auto/74d008_564ce1225f2d4575bbd6bedbceb421e3~mv2.jpg","159640"
"Image","https://www.lifeusa.org/post/queen-elizabeth-ii-a-lifetime-of-charity","https://static.wixstatic.com/media/74d008_564ce1225f2d4575bbd6bedbceb421e3~mv2.jpg/v1/fill/w_980,h_654,al_c,q_85,usm_0.66_1.00_0.01,enc_avif,quality_auto/74d008_564ce1225f2d4575bbd6bedbceb421e3~mv2.jpg","159640"
"Image","https://www.lifeusa.org/post/making-houses-into-homes","https://static.wixstatic.com/media/74d008_564ce1225f2d4575bbd6bedbceb421e3~mv2.jpg/v1/fill/w_980,h_654,al_c,q_85,usm_0.66_1.00_0.01,enc_avif,quality_auto/74d008_564ce1225f2d4575bbd6bedbceb421e3~mv2.jpg","159640"
"Image","https://www.lifeusa.org/post/hearing-for-the-first-time-in-years","https://static.wixstatic.com/media/74d008_564ce1225f2d4575bbd6bedbceb421e3~mv2.jpg/v1/fill/w_980,h_654,al_c,q_85,usm_0.66_1.00_0.01,enc_avif,quality_auto/74d008_564ce1225f2d4575bbd6bedbceb421e3~mv2.jpg","159640"
"Image","https://www.lifeusa.org/post/the-crucial-role-of-humanitarian-organizations-in-conflict-zones","https://static.wixstatic.com/media/74d008_564ce1225f2d4575bbd6bedbceb421e3~mv2.jpg/v1/fill/w_980,h_654,al_c,q_85,usm_0.66_1.00_0.01,enc_avif,quality_auto/74d008_564ce1225f2d4575bbd6bedbceb421e3~mv2.jpg","159640"
"Image","https://www.lifeusa.org/post/the-world-in-crisis-supporting-from-the-sidelines","https://static.wixstatic.com/media/74d008_564ce1225f2d4575bbd6bedbceb421e3~mv2.jpg/v1/fill/w_980,h_654,al_c,q_85,usm_0.66_1.00_0.01,enc_avif,quality_auto/74d008_564ce1225f2d4575bbd6bedbceb421e3~mv2.jpg","159640"
"Image","https://www.lifeusa.org/post/it-s-okay-to-cry-the-ukrainian-refugee-mental-health-crisis","https://static.wixstatic.com/media/74d008_564ce1225f2d4575bbd6bedbceb421e3~mv2.jpg/v1/fill/w_980,h_654,al_c,q_85,usm_0.66_1.00_0.01,enc_avif,quality_auto/74d008_564ce1225f2d4575bbd6bedbceb421e3~mv2.jpg","159640"
"Image","https://www.lifeusa.org/post/walk-532-59-miles-in-the-shoes-of-a-ukrainian-refugee","https://static.wixstatic.com/media/74d008_564ce1225f2d4575bbd6bedbceb421e3~mv2.jpg/v1/fill/w_980,h_654,al_c,q_85,usm_0.66_1.00_0.01,enc_avif,quality_auto/74d008_564ce1225f2d4575bbd6bedbceb421e3~mv2.jpg","159640"
"Image","https://www.lifeusa.org/post/a-4-year-old-s-bravery-in-gaza-ahmad-s-story","https://static.wixstatic.com/media/74d008_564ce1225f2d4575bbd6bedbceb421e3~mv2.jpg/v1/fill/w_980,h_654,al_c,q_85,usm_0.66_1.00_0.01,enc_avif,quality_auto/74d008_564ce1225f2d4575bbd6bedbceb421e3~mv2.jpg","159640"
"Image","https://www.lifeusa.org/post/gaza-s-daily-bread-life-provides-relief-to-innocent-civilians","https://static.wixstatic.com/media/74d008_564ce1225f2d4575bbd6bedbceb421e3~mv2.jpg/v1/fill/w_980,h_654,al_c,q_85,usm_0.66_1.00_0.01,enc_avif,quality_auto/74d008_564ce1225f2d4575bbd6bedbceb421e3~mv2.jpg","159640"
"Image","https://www.lifeusa.org/post/who-will-watch-over-the-orphans-of-gaza","https://static.wixstatic.com/media/74d008_564ce1225f2d4575bbd6bedbceb421e3~mv2.jpg/v1/fill/w_980,h_654,al_c,q_85,usm_0.66_1.00_0.01,enc_avif,quality_auto/74d008_564ce1225f2d4575bbd6bedbceb421e3~mv2.jpg","159640"
"Image","https://www.lifeusa.org/post/aiding-in-gaza-s-shelter-crisis","https://static.wixstatic.com/media/74d008_564ce1225f2d4575bbd6bedbceb421e3~mv2.jpg/v1/fill/w_980,h_654,al_c,q_85,usm_0.66_1.00_0.01,enc_avif,quality_auto/74d008_564ce1225f2d4575bbd6bedbceb421e3~mv2.jpg","159640"
"Image","https://www.lifeusa.org/post/the-leading-causes-of-orphans-today","https://static.wixstatic.com/media/74d008_564ce1225f2d4575bbd6bedbceb421e3~mv2.jpg/v1/fill/w_980,h_654,al_c,q_85,usm_0.66_1.00_0.01,enc_avif,quality_auto/74d008_564ce1225f2d4575bbd6bedbceb421e3~mv2.jpg","159640"
"Image","https://www.lifeusa.org/post/life-for-relief-and-development-life-ambulance-and-distributed-aid-save-countless-lives-after-airs","https://static.wixstatic.com/media/74d008_564ce1225f2d4575bbd6bedbceb421e3~mv2.jpg/v1/fill/w_980,h_654,al_c,q_85,usm_0.66_1.00_0.01,enc_avif,quality_auto/74d008_564ce1225f2d4575bbd6bedbceb421e3~mv2.jpg","159640"
"Image","https://www.lifeusa.org/post/what-causes-earthquakes-and-how-they-affect-people","https://static.wixstatic.com/media/74d008_564ce1225f2d4575bbd6bedbceb421e3~mv2.jpg/v1/fill/w_980,h_654,al_c,q_85,usm_0.66_1.00_0.01,enc_avif,quality_auto/74d008_564ce1225f2d4575bbd6bedbceb421e3~mv2.jpg","159640"
"Image","https://www.lifeusa.org/post/no-assistance-in-their-time-of-need","https://static.wixstatic.com/media/74d008_564ce1225f2d4575bbd6bedbceb421e3~mv2.jpg/v1/fill/w_980,h_654,al_c,q_85,usm_0.66_1.00_0.01,enc_avif,quality_auto/74d008_564ce1225f2d4575bbd6bedbceb421e3~mv2.jpg","159640"
"Image","https://www.lifeusa.org/post/life-s-education-initiatives-in-syria-generate-positive-outcomes-in-enrollment-and-graduation-rate-t","https://static.wixstatic.com/media/74d008_564ce1225f2d4575bbd6bedbceb421e3~mv2.jpg/v1/fill/w_980,h_654,al_c,q_85,usm_0.66_1.00_0.01,enc_avif,quality_auto/74d008_564ce1225f2d4575bbd6bedbceb421e3~mv2.jpg","159640"
"Image","https://www.lifeusa.org/post/3-inspiring-ways-to-give-back-to-refugees-this-year","https://static.wixstatic.com/media/74d008_564ce1225f2d4575bbd6bedbceb421e3~mv2.jpg/v1/fill/w_980,h_654,al_c,q_85,usm_0.66_1.00_0.01,enc_avif,quality_auto/74d008_564ce1225f2d4575bbd6bedbceb421e3~mv2.jpg","159640"
"Image","https://www.lifeusa.org/post/life-promotes-integrative-healthcare-for-rohingya-refugees-with-the-launch-of-vital-eye-care-clinic","https://static.wixstatic.com/media/74d008_564ce1225f2d4575bbd6bedbceb421e3~mv2.jpg/v1/fill/w_980,h_654,al_c,q_85,usm_0.66_1.00_0.01,enc_avif,quality_auto/74d008_564ce1225f2d4575bbd6bedbceb421e3~mv2.jpg","159640"
"Image","https://www.lifeusa.org/post/creating-beautiful-tomorrows-in-orphans-today","https://static.wixstatic.com/media/74d008_564ce1225f2d4575bbd6bedbceb421e3~mv2.jpg/v1/fill/w_980,h_654,al_c,q_85,usm_0.66_1.00_0.01,enc_avif,quality_auto/74d008_564ce1225f2d4575bbd6bedbceb421e3~mv2.jpg","159640"
"Image","https://www.lifeusa.org/post/education-is-emancipation-empowering-women-today","https://static.wixstatic.com/media/74d008_564ce1225f2d4575bbd6bedbceb421e3~mv2.jpg/v1/fill/w_980,h_654,al_c,q_85,usm_0.66_1.00_0.01,enc_avif,quality_auto/74d008_564ce1225f2d4575bbd6bedbceb421e3~mv2.jpg","159640"
"Image","https://www.lifeusa.org/post/the-story-of-resilience-and-hope-life-brings-joy-to-al-islah-village-in-iraq","https://static.wixstatic.com/media/74d008_564ce1225f2d4575bbd6bedbceb421e3~mv2.jpg/v1/fill/w_980,h_654,al_c,q_85,usm_0.66_1.00_0.01,enc_avif,quality_auto/74d008_564ce1225f2d4575bbd6bedbceb421e3~mv2.jpg","159640"
"Image","https://www.lifeusa.org/post/discovering-ramadan-2024-fasting-charity-and-spiritual-nourishment","https://static.wixstatic.com/media/74d008_564ce1225f2d4575bbd6bedbceb421e3~mv2.jpg/v1/fill/w_980,h_654,al_c,q_85,usm_0.66_1.00_0.01,enc_avif,quality_auto/74d008_564ce1225f2d4575bbd6bedbceb421e3~mv2.jpg","159640"
"Image","https://www.lifeusa.org/post/united-against-hunger-life-for-relief-and-development-s-life-global-expansion-is-set-to-feed-mill","https://static.wixstatic.com/media/74d008_564ce1225f2d4575bbd6bedbceb421e3~mv2.jpg/v1/fill/w_980,h_654,al_c,q_85,usm_0.66_1.00_0.01,enc_avif,quality_auto/74d008_564ce1225f2d4575bbd6bedbceb421e3~mv2.jpg","159640"
"Image","https://www.lifeusa.org/post/why-giving-makes-you-wealthier","https://static.wixstatic.com/media/74d008_564ce1225f2d4575bbd6bedbceb421e3~mv2.jpg/v1/fill/w_980,h_654,al_c,q_85,usm_0.66_1.00_0.01,enc_avif,quality_auto/74d008_564ce1225f2d4575bbd6bedbceb421e3~mv2.jpg","159640"
"Image","https://www.lifeusa.org/post/unprecedented-flooding-in-libya-a-call-for-global-solidarity-and-action","https://static.wixstatic.com/media/74d008_564ce1225f2d4575bbd6bedbceb421e3~mv2.jpg/v1/fill/w_980,h_654,al_c,q_85,usm_0.66_1.00_0.01,enc_avif,quality_auto/74d008_564ce1225f2d4575bbd6bedbceb421e3~mv2.jpg","159640"
"Image","https://www.lifeusa.org/post/what-to-expect-and-how-to-prepare-for-hurricane-ian","https://static.wixstatic.com/media/74d008_564ce1225f2d4575bbd6bedbceb421e3~mv2.jpg/v1/fill/w_980,h_654,al_c,q_85,usm_0.66_1.00_0.01,enc_avif,quality_auto/74d008_564ce1225f2d4575bbd6bedbceb421e3~mv2.jpg","159640"
"Image","https://www.lifeusa.org/post/eastern-africa-is-on-fire","https://static.wixstatic.com/media/74d008_564ce1225f2d4575bbd6bedbceb421e3~mv2.jpg/v1/fill/w_980,h_654,al_c,q_85,usm_0.66_1.00_0.01,enc_avif,quality_auto/74d008_564ce1225f2d4575bbd6bedbceb421e3~mv2.jpg","159640"
"Image","https://www.lifeusa.org/post/stuck-between-burning-fire-and-freezing-ice","https://static.wixstatic.com/media/74d008_564ce1225f2d4575bbd6bedbceb421e3~mv2.jpg/v1/fill/w_980,h_654,al_c,q_85,usm_0.66_1.00_0.01,enc_avif,quality_auto/74d008_564ce1225f2d4575bbd6bedbceb421e3~mv2.jpg","159640"
"Image","https://www.lifeusa.org/post/be-the-light-this-thanksgiving","https://static.wixstatic.com/media/74d008_564ce1225f2d4575bbd6bedbceb421e3~mv2.jpg/v1/fill/w_980,h_654,al_c,q_85,usm_0.66_1.00_0.01,enc_avif,quality_auto/74d008_564ce1225f2d4575bbd6bedbceb421e3~mv2.jpg","159640"
"Image","https://www.lifeusa.org/post/behind-the-label-refugee","https://static.wixstatic.com/media/74d008_564ce1225f2d4575bbd6bedbceb421e3~mv2.jpg/v1/fill/w_980,h_654,al_c,q_85,usm_0.66_1.00_0.01,enc_avif,quality_auto/74d008_564ce1225f2d4575bbd6bedbceb421e3~mv2.jpg","159640"
"Image","https://www.lifeusa.org/post/when-zakat-islamic-charity-almost-eradicated-poverty","https://static.wixstatic.com/media/74d008_564ce1225f2d4575bbd6bedbceb421e3~mv2.jpg/v1/fill/w_980,h_654,al_c,q_85,usm_0.66_1.00_0.01,enc_avif,quality_auto/74d008_564ce1225f2d4575bbd6bedbceb421e3~mv2.jpg","159640"
"Image","https://www.lifeusa.org/post/what-is-udhiyah-qurbani-in-islam","https://static.wixstatic.com/media/74d008_564ce1225f2d4575bbd6bedbceb421e3~mv2.jpg/v1/fill/w_980,h_654,al_c,q_85,usm_0.66_1.00_0.01,enc_avif,quality_auto/74d008_564ce1225f2d4575bbd6bedbceb421e3~mv2.jpg","159640"
"Image","https://www.lifeusa.org/post/the-global-environmental-crisis-water-climate-and-life-s-impact","https://static.wixstatic.com/media/74d008_973cd22516eb4841967264e6fbdbbd59~mv2.jpg/v1/fill/w_980,h_654,al_c,q_85,usm_0.66_1.00_0.01,enc_avif,quality_auto/74d008_973cd22516eb4841967264e6fbdbbd59~mv2.jpg","188347"
"Image","https://www.lifeusa.org/post/the-global-environmental-crisis-water-climate-and-life-s-impact","https://static.wixstatic.com/media/74d008_8b432cba17f34bb386818803f78ebbee~mv2.jpg/v1/fill/w_980,h_735,al_c,q_85,usm_0.66_1.00_0.01,enc_avif,quality_auto/74d008_8b432cba17f34bb386818803f78ebbee~mv2.jpg","358592"
"Image","https://www.lifeusa.org/post/the-global-environmental-crisis-water-climate-and-life-s-impact","https://static.wixstatic.com/media/74d008_2d1adb32bb4349e3937eef47117b2985~mv2.jpg/v1/fill/w_980,h_653,al_c,q_85,usm_0.66_1.00_0.01,enc_avif,quality_auto/74d008_2d1adb32bb4349e3937eef47117b2985~mv2.jpg","114227"
"Image","https://www.lifeusa.org/post/the-global-environmental-crisis-water-climate-and-life-s-impact","https://static.wixstatic.com/media/74d008_22c1a3d84aa44dcebba280e413181784~mv2.jpg/v1/fill/w_980,h_653,al_c,q_85,usm_0.66_1.00_0.01,enc_avif,quality_auto/74d008_22c1a3d84aa44dcebba280e413181784~mv2.jpg","239683"
"Image","https://www.lifeusa.org/board-members","https://static.wixstatic.com/media/c1c8c5_8fe91cca238d4ed199757b9256e2add6~mv2.jpg/v1/fill/w_980,h_551,al_c,q_85,usm_0.66_1.00_0.01,enc_avif,quality_auto/c1c8c5_8fe91cca238d4ed199757b9256e2add6~mv2.jpg","141334"
"Image","https://www.lifeusa.org/annualreports","https://static.wixstatic.com/media/6df904_9bfc4c86bcb34e05a2511709bcd226ec~mv2.jpg/v1/fill/w_980,h_1268,al_c,q_85,usm_0.66_1.00_0.01,enc_avif,quality_auto/6df904_9bfc4c86bcb34e05a2511709bcd226ec~mv2.jpg","151115"
"Image","https://www.lifeusa.org/annualreports","https://static.wixstatic.com/media/6df904_235ed5d70d7b4805a94c013b7ff9bbd5~mv2.png/v1/fill/w_613,h_793,al_c,q_90,enc_avif,quality_auto/6df904_235ed5d70d7b4805a94c013b7ff9bbd5~mv2.png","1081964"
"Image","https://www.lifeusa.org/annualreports","https://static.wixstatic.com/media/6df904_03bf864ab01942db979842b40be66a1f~mv2.png/v1/fill/w_980,h_1268,al_c,q_90,usm_0.66_1.00_0.01,enc_avif,quality_auto/6df904_03bf864ab01942db979842b40be66a1f~mv2.png","1100996"
"Image","https://www.lifeusa.org/annualreports","https://static.wixstatic.com/media/6df904_4fdef214c3a84153ade43c6859caeb54~mv2.png/v1/fill/w_465,h_602,al_c,q_85,enc_avif,quality_auto/6df904_4fdef214c3a84153ade43c6859caeb54~mv2.png","591781"
"Image","https://www.lifeusa.org/annualreports","https://static.wixstatic.com/media/6df904_0429dd61d3ff48e7a59d700af71d7ab2~mv2.png/v1/fill/w_613,h_793,al_c,q_90,enc_avif,quality_auto/6df904_0429dd61d3ff48e7a59d700af71d7ab2~mv2.png","756215"
"Image","https://www.lifeusa.org/annualreports","https://static.wixstatic.com/media/6df904_f827869c1b3648ec8d59ef7388560d73~mv2.jpg/v1/fill/w_980,h_1268,al_c,q_85,usm_0.66_1.00_0.01,enc_avif,quality_auto/6df904_f827869c1b3648ec8d59ef7388560d73~mv2.jpg","235913"
"Image","https://www.lifeusa.org/annualreports","https://static.wixstatic.com/media/c1c8c5_f28091686ffa459096c8cd0b2f682285~mv2.jpg/v1/fill/w_844,h_563,al_c,q_85,usm_0.66_1.00_0.01,enc_avif,quality_auto/c1c8c5_f28091686ffa459096c8cd0b2f682285~mv2.jpg","171487"
"Image","https://www.lifeusa.org/blogs","https://static.wixstatic.com/media/c1c8c5_60dbec9a2bbe40d9b421b17cec1fdb91~mv2.jpg/v1/fill/w_980,h_550,al_c,q_85,usm_0.66_1.00_0.01,enc_avif,quality_auto/c1c8c5_60dbec9a2bbe40d9b421b17cec1fdb91~mv2.jpg","148700"
"Image","https://www.lifeusa.org/blogs","https://static.wixstatic.com/media/74d008_fd504fa32fba41e2977059fbe45171c4~mv2.png/v1/fill/w_315,h_236,fp_0.50_0.50,q_95,enc_avif,quality_auto/74d008_fd504fa32fba41e2977059fbe45171c4~mv2.webp","196066"
"Image","https://www.lifeusa.org/post/children-in-crisis-the-psychological-toll-of-violence","https://static.wixstatic.com/media/74d008_9a7e4a9d90134a8daf0aed33aacb4f0d~mv2.jpg/v1/fill/w_980,h_735,al_c,q_85,usm_0.66_1.00_0.01,enc_avif,quality_auto/74d008_9a7e4a9d90134a8daf0aed33aacb4f0d~mv2.jpg","137324"
"Image","https://www.lifeusa.org/post/children-in-crisis-the-psychological-toll-of-violence","https://static.wixstatic.com/media/74d008_e2c52b693ea94adda076cb7eaa2de49e~mv2.jpg/v1/fill/w_980,h_735,al_c,q_85,usm_0.66_1.00_0.01,enc_avif,quality_auto/74d008_e2c52b693ea94adda076cb7eaa2de49e~mv2.jpg","183564"
"Image","https://www.lifeusa.org/post/children-in-crisis-the-psychological-toll-of-violence","https://static.wixstatic.com/media/74d008_957ad6fb65b94cbaabe2963b018e0766~mv2.jpg/v1/fill/w_980,h_653,al_c,q_85,usm_0.66_1.00_0.01,enc_avif,quality_auto/74d008_957ad6fb65b94cbaabe2963b018e0766~mv2.jpg","155760"
"Image","https://www.lifeusa.org/post/children-in-crisis-the-psychological-toll-of-violence","https://static.wixstatic.com/media/74d008_5608775458d842979bcc218cbde6f0df~mv2.jpg/v1/fill/w_980,h_735,al_c,q_85,usm_0.66_1.00_0.01,enc_avif,quality_auto/74d008_5608775458d842979bcc218cbde6f0df~mv2.jpg","213904"
"Image","https://www.lifeusa.org/post/children-in-crisis-the-psychological-toll-of-violence","https://static.wixstatic.com/media/74d008_3cd2291aa32e4e25ab6948041af19b96~mv2.jpg/v1/fill/w_980,h_652,al_c,q_85,usm_0.66_1.00_0.01,enc_avif,quality_auto/74d008_3cd2291aa32e4e25ab6948041af19b96~mv2.jpg","178833"
"Image","https://www.lifeusa.org/post/the-world-keeps-making-more-plastic-and-the-cost-is-human","https://static.wixstatic.com/media/74d008_9f26d02d78264a27848819cf4c746148~mv2.jpg/v1/fill/w_980,h_653,al_c,q_85,usm_0.66_1.00_0.01,enc_avif,quality_auto/74d008_9f26d02d78264a27848819cf4c746148~mv2.jpg","249265"
"Image","https://www.lifeusa.org/post/the-world-keeps-making-more-plastic-and-the-cost-is-human","https://static.wixstatic.com/media/74d008_099aa26624d6460f82c59d8264570b1d~mv2.jpg/v1/fill/w_980,h_853,al_c,q_85,usm_0.66_1.00_0.01,enc_avif,quality_auto/74d008_099aa26624d6460f82c59d8264570b1d~mv2.jpg","232910"
"Image","https://www.lifeusa.org/post/the-world-keeps-making-more-plastic-and-the-cost-is-human","https://static.wixstatic.com/media/74d008_bdc949d6267648d79559e1c202effa41~mv2.jpg/v1/fill/w_980,h_851,al_c,q_85,usm_0.66_1.00_0.01,enc_avif,quality_auto/74d008_bdc949d6267648d79559e1c202effa41~mv2.jpg","179000"
"Image","https://www.lifeusa.org/post/the-world-keeps-making-more-plastic-and-the-cost-is-human","https://static.wixstatic.com/media/74d008_42ef668f110e46d799d3b25fe994312d~mv2.jpg/v1/fill/w_980,h_654,al_c,q_85,usm_0.66_1.00_0.01,enc_avif,quality_auto/74d008_42ef668f110e46d799d3b25fe994312d~mv2.jpg","111165"
"Image","https://www.lifeusa.org/post/the-world-keeps-making-more-plastic-and-the-cost-is-human","https://static.wixstatic.com/media/74d008_6f90f8f03f4a4caf9709bf49afe79211~mv2.jpg/v1/fill/w_980,h_653,al_c,q_85,usm_0.66_1.00_0.01,enc_avif,quality_auto/74d008_6f90f8f03f4a4caf9709bf49afe79211~mv2.jpg","230132"
"Image","https://www.lifeusa.org/post/the-world-keeps-making-more-plastic-and-the-cost-is-human","https://static.wixstatic.com/media/74d008_2524a3c68f51439087a6a6d07bf5438e~mv2.jpg/v1/fill/w_980,h_587,al_c,q_85,usm_0.66_1.00_0.01,enc_avif,quality_auto/74d008_2524a3c68f51439087a6a6d07bf5438e~mv2.jpg","209077"
"Image","https://www.lifeusa.org/programs","https://static.wixstatic.com/media/c1c8c5_fade6b04bd2947248eabc663b327a2d1~mv2.jpg/v1/fill/w_853,h_569,al_c,q_85,usm_0.66_1.00_0.01,enc_avif,quality_auto/c1c8c5_fade6b04bd2947248eabc663b327a2d1~mv2.jpg","125224"
"Image","https://www.lifeusa.org/post/the-world-keeps-making-more-plastic-and-the-cost-is-human","https://static.wixstatic.com/media/74d008_b8fcb5bd35cf4550a744a13ed27ea677~mv2.jpg/v1/fill/w_980,h_735,al_c,q_85,usm_0.66_1.00_0.01,enc_avif,quality_auto/74d008_b8fcb5bd35cf4550a744a13ed27ea677~mv2.jpg","158871"
"Image","https://www.lifeusa.org/post/the-world-keeps-making-more-plastic-and-the-cost-is-human","https://static.wixstatic.com/media/74d008_6cb80cf314e54adb9b980605199e5346~mv2.jpg/v1/fill/w_980,h_653,al_c,q_85,usm_0.66_1.00_0.01,enc_avif,quality_auto/74d008_6cb80cf314e54adb9b980605199e5346~mv2.jpg","277241"
"Image","https://www.lifeusa.org/privacy-policy","https://static.wixstatic.com/media/c1c8c5_8ad1eb97c77f44f7ac05451c34d9d74f~mv2.jpg/v1/fill/w_915,h_610,al_c,q_85,usm_0.66_1.00_0.01,enc_avif,quality_auto/c1c8c5_8ad1eb97c77f44f7ac05451c34d9d74f~mv2.jpg","187954"
"Image","https://donate.lifeusa.org/donorportal/?donate=true","https://donate.lifeusa.org/donorportal/webruntime/org-asset/4b9fffd575/resource/081Vy0000005faP","159635"
"Image","https://donate.lifeusa.org/donorportal/SelfRegister","https://donate.lifeusa.org/donorportal/webruntime/org-asset/4b9fffd575/resource/081Vy0000005faP","159635"
"Image","https://donate.lifeusa.org/donorportal/udhiyah","https://donate.lifeusa.org/donorportal/webruntime/org-asset/22b004e4a8/resource/081Vy0000005faP","159635"
"Image","https://donate.lifeusa.org/donorportal/gaza-relief","https://pub-5ea48cd755a54b908ece1db4f4289576.r2.dev/Ramadan%20Mubarak/Gaza%20Tents%20720.png","558357"
"Image","https://donate.lifeusa.org/donorportal/seasonal-designations","https://pub-5ea48cd755a54b908ece1db4f4289576.r2.dev/Ramadan%20Mubarak/Gaza%20Tents%20720.png","558357"
"Image","https://donate.lifeusa.org/donorportal/gaza-relief","https://donate.lifeusa.org/donorportal/webruntime/org-asset/14a9f9b1ca/resource/081Vy0000005faP","159635"
"Image","https://donate.lifeusa.org/donorportal/campaign?UTM_SourceCode=LebanonEmergencyRelief26&CampaignID=701Vy00001Nj9MLIAZ","https://donate.lifeusa.org/donorportal/webruntime/org-asset/14a9f9b1ca/resource/081Vy0000005faP","159635"
"Image","https://donate.lifeusa.org/donorportal/campaign?UTM_SourceCode=UkraineEmergencyRelief&CampaignID=701Vy00001QJyCHIA1","https://donate.lifeusa.org/donorportal/webruntime/org-asset/14a9f9b1ca/resource/081Vy0000005faP","159635"
"Image","https://www.lifeusa.org/lebanon-emergency-relief","https://static.wixstatic.com/media/6df904_5be7e6bc6f1e4ce88a576b260a96b431~mv2.png/v1/fill/w_980,h_502,al_c,q_90,usm_0.66_1.00_0.01,enc_avif,quality_auto/Lebanon%20Emergency.png","1078848"
"Image","https://www.lifeusa.org/post/what-happens-when-you-can-t-see-in-a-refugee-camp","https://static.wixstatic.com/media/74d008_caf1ff1456e649b8a7b338675113dde8~mv2.jpg/v1/fill/w_980,h_738,al_c,q_85,usm_0.66_1.00_0.01,enc_avif,quality_auto/74d008_caf1ff1456e649b8a7b338675113dde8~mv2.jpg","115142"
"Image","https://www.lifeusa.org/post/what-happens-when-you-can-t-see-in-a-refugee-camp","https://static.wixstatic.com/media/74d008_8b6caea3e9ef4d9f9a709a9c4cf16bc0~mv2.jpg/v1/fill/w_980,h_738,al_c,q_85,usm_0.66_1.00_0.01,enc_avif,quality_auto/74d008_8b6caea3e9ef4d9f9a709a9c4cf16bc0~mv2.jpg","130342"
"Image","https://www.lifeusa.org/post/what-happens-when-you-can-t-see-in-a-refugee-camp","https://static.wixstatic.com/media/74d008_f77f884049fb4e7282a11180f6a425bf~mv2.jpg/v1/fill/w_980,h_653,al_c,q_85,usm_0.66_1.00_0.01,enc_avif,quality_auto/74d008_f77f884049fb4e7282a11180f6a425bf~mv2.jpg","185781"
"Image","https://www.lifeusa.org/post/what-happens-when-you-can-t-see-in-a-refugee-camp","https://static.wixstatic.com/media/74d008_2659d1c0582a443abe21f88591e79231~mv2.jpg/v1/fill/w_980,h_1302,al_c,q_85,usm_0.66_1.00_0.01,enc_avif,quality_auto/74d008_2659d1c0582a443abe21f88591e79231~mv2.jpg","337304"
"Image","https://www.lifeusa.org/post/the-challenges-humanitarian-organizations-face-after-conflict-ends","https://static.wixstatic.com/media/74d008_1b9145f0b0ea422cb029f067a9d3e14a~mv2.jpg/v1/fill/w_980,h_653,al_c,q_85,usm_0.66_1.00_0.01,enc_avif,quality_auto/74d008_1b9145f0b0ea422cb029f067a9d3e14a~mv2.jpg","163663"
"Image","https://www.lifeusa.org/post/the-challenges-humanitarian-organizations-face-after-conflict-ends","https://static.wixstatic.com/media/74d008_ebfad58ff280410fbcc0dc7f3172cd94~mv2.jpg/v1/fill/w_980,h_594,al_c,q_85,usm_0.66_1.00_0.01,enc_avif,quality_auto/74d008_ebfad58ff280410fbcc0dc7f3172cd94~mv2.jpg","152580"
"Image","https://www.lifeusa.org/post/the-challenges-humanitarian-organizations-face-after-conflict-ends","https://static.wixstatic.com/media/74d008_5d94dff0a7b447abaab12feb15bf4388~mv2.jpg/v1/fill/w_980,h_551,al_c,q_85,usm_0.66_1.00_0.01,enc_avif,quality_auto/74d008_5d94dff0a7b447abaab12feb15bf4388~mv2.jpg","107678"
"Image","https://www.lifeusa.org/post/the-challenges-humanitarian-organizations-face-after-conflict-ends","https://static.wixstatic.com/media/74d008_a82548c4fd814f3c8011bd97fe781436~mv2.jpg/v1/fill/w_980,h_555,al_c,q_85,usm_0.66_1.00_0.01,enc_avif,quality_auto/74d008_a82548c4fd814f3c8011bd97fe781436~mv2.jpg","153784"
"Image","https://www.lifeusa.org/post/the-challenges-humanitarian-organizations-face-after-conflict-ends","https://static.wixstatic.com/media/74d008_3ac8242ab0734fabae314db55fc3f7a0~mv2.jpeg/v1/fill/w_980,h_735,al_c,q_85,usm_0.66_1.00_0.01,enc_avif,quality_auto/74d008_3ac8242ab0734fabae314db55fc3f7a0~mv2.jpeg","147674"
"Image","https://www.lifeusa.org/post/the-power-of-listening-and-how-to-harness-it","https://static.wixstatic.com/media/74d008_296cafc1033f47d387456b0fadc55dec~mv2.jpg/v1/fill/w_900,h_636,al_c,q_85,enc_avif,quality_auto/74d008_296cafc1033f47d387456b0fadc55dec~mv2.jpg","129718"
"Image","https://www.lifeusa.org/post/the-power-of-listening-and-how-to-harness-it","https://static.wixstatic.com/media/74d008_636544f9ef124d5b983767b45860c2bc~mv2.jpg/v1/fill/w_980,h_653,al_c,q_85,usm_0.66_1.00_0.01,enc_avif,quality_auto/74d008_636544f9ef124d5b983767b45860c2bc~mv2.jpg","119350"
"Image","https://www.lifeusa.org/post/monsoon-flood-in-northern-pakistan-takes-everything-from-villagers-life-usa-helps-families-rebuild","https://static.wixstatic.com/media/74d008_71b036d552c14afe92310d0e191f5ec8~mv2.jpg/v1/fill/w_980,h_1604,al_c,q_85,usm_0.66_1.00_0.01,enc_avif,quality_auto/74d008_71b036d552c14afe92310d0e191f5ec8~mv2.jpg","294884"
"Image","https://www.lifeusa.org/post/monsoon-flood-in-northern-pakistan-takes-everything-from-villagers-life-usa-helps-families-rebuild","https://static.wixstatic.com/media/74d008_087bf460aca74c4c9dd062be1f2da7f9~mv2.jpg/v1/fill/w_980,h_735,al_c,q_85,usm_0.66_1.00_0.01,enc_avif,quality_auto/74d008_087bf460aca74c4c9dd062be1f2da7f9~mv2.jpg","223319"
"Image","https://www.lifeusa.org/post/monsoon-flood-in-northern-pakistan-takes-everything-from-villagers-life-usa-helps-families-rebuild","https://static.wixstatic.com/media/74d008_e038a57f49a14d95b8cebf3209774a5b~mv2.jpeg/v1/fill/w_980,h_1307,al_c,q_85,usm_0.66_1.00_0.01,enc_avif,quality_auto/74d008_e038a57f49a14d95b8cebf3209774a5b~mv2.jpeg","343009"
"Image","https://www.lifeusa.org/post/what-happens-when-you-can-t-see-in-a-refugee-camp","https://static.wixstatic.com/media/74d008_60eaf92f17fe4ed0a4c00f1376e5d739~mv2.jpg/v1/fill/w_980,h_693,al_c,q_85,usm_0.66_1.00_0.01,enc_avif,quality_auto/74d008_60eaf92f17fe4ed0a4c00f1376e5d739~mv2.jpg","113114"
"Image","https://www.lifeusa.org/no/categories/life-blog","https://static.wixstatic.com/media/74d008_fd504fa32fba41e2977059fbe45171c4~mv2.png/v1/fill/w_292,h_219,fp_0.50_0.50,q_95,enc_avif,quality_auto/74d008_fd504fa32fba41e2977059fbe45171c4~mv2.webp","170207"
"Image","https://www.lifeusa.org/no/categories/reports","https://static.wixstatic.com/media/74d008_1a87b8341b974d61b23ea37cb1c1ab9b~mv2.png/v1/fill/w_292,h_219,fp_0.50_0.50,q_95,enc_avif,quality_auto/74d008_1a87b8341b974d61b23ea37cb1c1ab9b~mv2.webp","160731"
"Image","https://www.lifeusa.org/post/women-s-empowerment-the-key-to-solving-world-hunger","https://static.wixstatic.com/media/74d008_dc47b9c7c63c4053a0463a90fd65aac2~mv2.jpg/v1/fill/w_980,h_634,al_c,q_85,usm_0.66_1.00_0.01,enc_avif,quality_auto/74d008_dc47b9c7c63c4053a0463a90fd65aac2~mv2.jpg","182964"
"Image","https://www.lifeusa.org/post/women-s-empowerment-the-key-to-solving-world-hunger","https://static.wixstatic.com/media/74d008_66c17d6ff99d4cb3b21264f7290155c2~mv2.jpg/v1/fill/w_980,h_735,al_c,q_85,usm_0.66_1.00_0.01,enc_avif,quality_auto/74d008_66c17d6ff99d4cb3b21264f7290155c2~mv2.jpg","242143"
"Image","https://www.lifeusa.org/post/women-s-empowerment-the-key-to-solving-world-hunger","https://static.wixstatic.com/media/74d008_a66bb63990f346dbaab1d28bf1bfd614~mv2.jpg/v1/fill/w_980,h_576,al_c,q_85,usm_0.66_1.00_0.01,enc_avif,quality_auto/74d008_a66bb63990f346dbaab1d28bf1bfd614~mv2.jpg","181210"
"Image","https://www.lifeusa.org/post/women-s-empowerment-the-key-to-solving-world-hunger","https://static.wixstatic.com/media/74d008_7d6ba460dfe84d20b16eeb4541603b05~mv2.jpg/v1/fill/w_980,h_652,al_c,q_85,usm_0.66_1.00_0.01,enc_avif,quality_auto/74d008_7d6ba460dfe84d20b16eeb4541603b05~mv2.jpg","164406"
"Image","https://www.lifeusa.org/post/women-s-empowerment-the-key-to-solving-world-hunger","https://static.wixstatic.com/media/74d008_547d4b2fcbad42d8af0764ad4b0c2184~mv2.jpg/v1/fill/w_980,h_653,al_c,q_85,usm_0.66_1.00_0.01,enc_avif,quality_auto/74d008_547d4b2fcbad42d8af0764ad4b0c2184~mv2.jpg","114841"
"Image","https://www.lifeusa.org/post/women-s-empowerment-the-key-to-solving-world-hunger","https://static.wixstatic.com/media/74d008_1f65aebf4972493b9382184207a38fc0~mv2.jpg/v1/fill/w_980,h_653,al_c,q_85,usm_0.66_1.00_0.01,enc_avif,quality_auto/74d008_1f65aebf4972493b9382184207a38fc0~mv2.jpg","165459"
"Image","https://www.lifeusa.org/post/women-s-empowerment-the-key-to-solving-world-hunger","https://static.wixstatic.com/media/74d008_55c4c5d2d813488c81b082e32720a76d~mv2.jpg/v1/fill/w_980,h_551,al_c,q_85,usm_0.66_1.00_0.01,enc_avif,quality_auto/74d008_55c4c5d2d813488c81b082e32720a76d~mv2.jpg","165792"
"Image","https://www.lifeusa.org/post/life-supports-mothers-and-orphans-in-gaza-with-critical-baby-formula-and-other-essentials","https://static.wixstatic.com/media/74d008_55c4c5d2d813488c81b082e32720a76d~mv2.jpg/v1/fill/w_980,h_551,al_c,q_85,usm_0.66_1.00_0.01,enc_avif,quality_auto/74d008_55c4c5d2d813488c81b082e32720a76d~mv2.jpg","165792"
"Image","https://www.lifeusa.org/post/life-supports-mothers-and-orphans-in-gaza-with-critical-baby-formula-and-other-essentials","https://static.wixstatic.com/media/74d008_55c4c5d2d813488c81b082e32720a76d~mv2.jpg/v1/fill/w_980,h_551,al_c,q_85,usm_0.66_1.00_0.01,enc_avif,quality_auto/74d008_55c4c5d2d813488c81b082e32720a76d~mv2.jpg","165792"
"Image","https://www.lifeusa.org/post/women-s-empowerment-the-key-to-solving-world-hunger","https://static.wixstatic.com/media/74d008_9aec3c2d29474b2c88a0f544d423a29a~mv2.jpg/v1/fill/w_980,h_663,al_c,q_85,usm_0.66_1.00_0.01,enc_avif,quality_auto/74d008_9aec3c2d29474b2c88a0f544d423a29a~mv2.jpg","114201"
"Image","https://www.lifeusa.org/post/women-s-empowerment-the-key-to-solving-world-hunger","https://static.wixstatic.com/media/74d008_de554501d2bb438397ba519f27f4dc2b~mv2.jpg/v1/fill/w_980,h_652,al_c,q_85,usm_0.66_1.00_0.01,enc_avif,quality_auto/74d008_de554501d2bb438397ba519f27f4dc2b~mv2.jpg","150206"
"Image","https://www.lifeusa.org/post/one-dollar-can-change-someone-s-life","https://static.wixstatic.com/media/74d008_fa37bb6430d14ef1bdb7f8b40a30206f~mv2.jpg/v1/fill/w_980,h_935,al_c,q_85,usm_0.66_1.00_0.01,enc_avif,quality_auto/74d008_fa37bb6430d14ef1bdb7f8b40a30206f~mv2.jpg","188430"
"Image","https://www.lifeusa.org/post/one-dollar-can-change-someone-s-life","https://static.wixstatic.com/media/74d008_acd9c117b5e14c04bb92beeeec64c210~mv2.jpg/v1/fill/w_980,h_612,al_c,q_85,usm_0.66_1.00_0.01,enc_avif,quality_auto/74d008_acd9c117b5e14c04bb92beeeec64c210~mv2.jpg","134561"
"Image","https://www.lifeusa.org/post/one-dollar-can-change-someone-s-life","https://static.wixstatic.com/media/74d008_5db2346bbc9d44289329e9a538960e00~mv2.jpg/v1/fill/w_980,h_908,al_c,q_85,usm_0.66_1.00_0.01,enc_avif,quality_auto/74d008_5db2346bbc9d44289329e9a538960e00~mv2.jpg","116244"
"Image","https://www.lifeusa.org/post/one-dollar-can-change-someone-s-life","https://static.wixstatic.com/media/74d008_4a6f2d731cde43c889ff45d63d416ead~mv2.jpg/v1/fill/w_980,h_980,al_c,q_85,usm_0.66_1.00_0.01,enc_avif,quality_auto/74d008_4a6f2d731cde43c889ff45d63d416ead~mv2.jpg","248907"
"Image","https://www.lifeusa.org/post/one-dollar-can-change-someone-s-life","https://static.wixstatic.com/media/74d008_8b92e63dedcb42e3a48145c98b55a731~mv2.jpg/v1/fill/w_980,h_649,al_c,q_85,usm_0.66_1.00_0.01,enc_avif,quality_auto/74d008_8b92e63dedcb42e3a48145c98b55a731~mv2.jpg","122284"
"Image","https://www.lifeusa.org/post/write-your-will-for-free-and-let-the-good-you-do-today-last-forever","https://static.wixstatic.com/media/74d008_8b92e63dedcb42e3a48145c98b55a731~mv2.jpg/v1/fill/w_980,h_649,al_c,q_85,usm_0.66_1.00_0.01,enc_avif,quality_auto/74d008_8b92e63dedcb42e3a48145c98b55a731~mv2.jpg","122284"
"Image","https://www.lifeusa.org/post/charitable-giving-an-advantage-we-never-saw-coming-from-the-one-big-beautiful-bill-act","https://static.wixstatic.com/media/74d008_8b92e63dedcb42e3a48145c98b55a731~mv2.jpg/v1/fill/w_980,h_649,al_c,q_85,usm_0.66_1.00_0.01,enc_avif,quality_auto/74d008_8b92e63dedcb42e3a48145c98b55a731~mv2.jpg","122284"
"Image","https://www.lifeusa.org/post/one-dollar-can-change-someone-s-life","https://static.wixstatic.com/media/74d008_db3a0eec64eb4bbca88a5df712ca2ddc~mv2.jpg/v1/fill/w_980,h_623,al_c,q_85,usm_0.66_1.00_0.01,enc_avif,quality_auto/74d008_db3a0eec64eb4bbca88a5df712ca2ddc~mv2.jpg","120641"
"Image","https://www.lifeusa.org/post/remembering-judge-frank-caprio-a-judge-who-redefined-leadership-through-compassion","https://static.wixstatic.com/media/74d008_db3a0eec64eb4bbca88a5df712ca2ddc~mv2.jpg/v1/fill/w_980,h_623,al_c,q_85,usm_0.66_1.00_0.01,enc_avif,quality_auto/74d008_db3a0eec64eb4bbca88a5df712ca2ddc~mv2.jpg","120641"
"Image","https://www.lifeusa.org/post/afghanistan-s-earthquake-stories-of-survival-and-relief","https://static.wixstatic.com/media/74d008_1ce8ec2b69a045329d7b2a5d8f808205~mv2.jpg/v1/fill/w_980,h_653,al_c,q_85,usm_0.66_1.00_0.01,enc_avif,quality_auto/74d008_1ce8ec2b69a045329d7b2a5d8f808205~mv2.jpg","232522"
"Image","https://www.lifeusa.org/post/afghanistan-s-earthquake-stories-of-survival-and-relief","https://static.wixstatic.com/media/74d008_ce2f976467ea447c8bf0ba4a8c4284b3~mv2.jpg/v1/fill/w_980,h_653,al_c,q_85,usm_0.66_1.00_0.01,enc_avif,quality_auto/74d008_ce2f976467ea447c8bf0ba4a8c4284b3~mv2.jpg","246896"
"Image","https://www.lifeusa.org/post/afghanistan-s-earthquake-stories-of-survival-and-relief","https://static.wixstatic.com/media/74d008_ffe9a7369d00418fa4a8ffca1b88d4c6~mv2.jpg/v1/fill/w_980,h_735,al_c,q_85,usm_0.66_1.00_0.01,enc_avif,quality_auto/74d008_ffe9a7369d00418fa4a8ffca1b88d4c6~mv2.jpg","298701"
"Image","https://www.lifeusa.org/post/why-one-gift-means-the-world-to-an-orphaned-child","https://static.wixstatic.com/media/74d008_698e2db810214c2fb4937d1650c42146~mv2.jpg/v1/fill/w_980,h_735,al_c,q_85,usm_0.66_1.00_0.01,enc_avif,quality_auto/74d008_698e2db810214c2fb4937d1650c42146~mv2.jpg","205115"
"Image","https://www.lifeusa.org/post/why-one-gift-means-the-world-to-an-orphaned-child","https://static.wixstatic.com/media/74d008_d152df3d234c4f91bdd00f56a9a1d902~mv2.jpg/v1/fill/w_980,h_735,al_c,q_85,usm_0.66_1.00_0.01,enc_avif,quality_auto/74d008_d152df3d234c4f91bdd00f56a9a1d902~mv2.jpg","114802"
"Image","https://www.lifeusa.org/post/why-one-gift-means-the-world-to-an-orphaned-child","https://static.wixstatic.com/media/74d008_8e08096876c64bf49762e5220bee759c~mv2.jpg/v1/fill/w_980,h_735,al_c,q_85,usm_0.66_1.00_0.01,enc_avif,quality_auto/74d008_8e08096876c64bf49762e5220bee759c~mv2.jpg","186819"
"Image","https://www.lifeusa.org/post/children-forced-to-sleep-in-cars-and-on-the-streets-as-over-800-000-are-displaced-in-lebanon","https://static.wixstatic.com/media/74d008_7e45207c7d3943ea9d9ed2cd569251c7~mv2.jpg/v1/fill/w_980,h_264,al_c,q_80,usm_0.66_1.00_0.01,enc_avif,quality_auto/74d008_7e45207c7d3943ea9d9ed2cd569251c7~mv2.jpg","108290"
"Image","https://www.lifeusa.org/post/children-forced-to-sleep-in-cars-and-on-the-streets-as-over-800-000-are-displaced-in-lebanon","https://static.wixstatic.com/media/74d008_46e2166c30aa42b386018b74b1dc8690~mv2.jpg/v1/fill/w_980,h_653,al_c,q_85,usm_0.66_1.00_0.01,enc_avif,quality_auto/74d008_46e2166c30aa42b386018b74b1dc8690~mv2.jpg","276469"
"Image","https://www.lifeusa.org/post/children-forced-to-sleep-in-cars-and-on-the-streets-as-over-800-000-are-displaced-in-lebanon","https://static.wixstatic.com/media/74d008_5f74e2a6b56f41e093ab59222f5a9291~mv2.jpg/v1/fill/w_980,h_1096,al_c,q_85,usm_0.66_1.00_0.01,enc_avif,quality_auto/74d008_5f74e2a6b56f41e093ab59222f5a9291~mv2.jpg","166686"
"Image","https://www.lifeusa.org/post/afghanistan-s-earthquake-stories-of-survival-and-relief","https://static.wixstatic.com/media/74d008_08a32f2ed9ae4d389349e77a1b064fd8~mv2.jpg/v1/fill/w_980,h_653,al_c,q_85,usm_0.66_1.00_0.01,enc_avif,quality_auto/74d008_08a32f2ed9ae4d389349e77a1b064fd8~mv2.jpg","154517"
"Image","https://www.lifeusa.org/post/over-6-5-hungry-in-somalia-why-your-giving-matters-now-more-than-ever","https://static.wixstatic.com/media/74d008_f1a158f8ae9d4124972a328db06561c0~mv2.jpg/v1/fill/w_980,h_653,al_c,q_85,usm_0.66_1.00_0.01,enc_avif,quality_auto/74d008_f1a158f8ae9d4124972a328db06561c0~mv2.jpg","193393"
"Image","https://www.lifeusa.org/post/over-6-5-hungry-in-somalia-why-your-giving-matters-now-more-than-ever","https://static.wixstatic.com/media/74d008_f830d0152cc44719b0ed18183117bbdc~mv2.jpg/v1/fill/w_980,h_653,al_c,q_85,usm_0.66_1.00_0.01,enc_avif,quality_auto/74d008_f830d0152cc44719b0ed18183117bbdc~mv2.jpg","124392"
"Image","https://www.lifeusa.org/post/over-6-5-hungry-in-somalia-why-your-giving-matters-now-more-than-ever","https://static.wixstatic.com/media/74d008_b03c4054625647d8ab6f2dd91978d0f2~mv2.jpg/v1/fill/w_980,h_653,al_c,q_85,usm_0.66_1.00_0.01,enc_avif,quality_auto/74d008_b03c4054625647d8ab6f2dd91978d0f2~mv2.jpg","134966"
"Image","https://www.lifeusa.org/post/over-6-5-hungry-in-somalia-why-your-giving-matters-now-more-than-ever","https://static.wixstatic.com/media/74d008_2caef8065140406ba069525da1e25f87~mv2.jpg/v1/fill/w_980,h_653,al_c,q_85,usm_0.66_1.00_0.01,enc_avif,quality_auto/74d008_2caef8065140406ba069525da1e25f87~mv2.jpg","141990"
"Image","https://www.lifeusa.org/post/over-6-5-hungry-in-somalia-why-your-giving-matters-now-more-than-ever","https://static.wixstatic.com/media/74d008_6be68cabbd4f492cb3a4fe94d71729f4~mv2.jpg/v1/fill/w_980,h_653,al_c,q_85,usm_0.66_1.00_0.01,enc_avif,quality_auto/74d008_6be68cabbd4f492cb3a4fe94d71729f4~mv2.jpg","153972"
"Image","https://www.lifeusa.org/post/starvation-in-gaza-why-the-world-must-act-now-before-thousands-more-die","https://static.wixstatic.com/media/92f354_7e527e3634df456a9cd67575d789a869~mv2.png/v1/fill/w_514,h_209,al_c,q_85,enc_avif,quality_auto/92f354_7e527e3634df456a9cd67575d789a869~mv2.png","321351"
"Image","https://www.lifeusa.org/post/starvation-in-gaza-why-the-world-must-act-now-before-thousands-more-die","https://static.wixstatic.com/media/74d008_d6e51b9da833447e86d0198d63ab7bbc~mv2.jpg/v1/fill/w_980,h_551,al_c,q_85,usm_0.66_1.00_0.01,enc_avif,quality_auto/74d008_d6e51b9da833447e86d0198d63ab7bbc~mv2.jpg","119997"
"Image","https://www.lifeusa.org/post/starvation-in-gaza-why-the-world-must-act-now-before-thousands-more-die","https://static.wixstatic.com/media/74d008_0007d4e6ba574c7891d411f61a6aee11~mv2.jpg/v1/fill/w_980,h_653,al_c,q_85,usm_0.66_1.00_0.01,enc_avif,quality_auto/74d008_0007d4e6ba574c7891d411f61a6aee11~mv2.jpg","159859"
"Image","https://www.lifeusa.org/post/latest-cuts-to-humanitarian-aid-leave-millions-without-hope","https://static.wixstatic.com/media/74d008_773a81e57e52400a8d8b464a460cd2aa~mv2.jpg/v1/fill/w_980,h_1132,al_c,q_85,usm_0.66_1.00_0.01,enc_avif,quality_auto/74d008_773a81e57e52400a8d8b464a460cd2aa~mv2.jpg","180733"
"Image","https://www.lifeusa.org/post/starvation-in-gaza-why-the-world-must-act-now-before-thousands-more-die","https://static.wixstatic.com/media/74d008_dd43fd8f96cc4bb49c8541c00148d3a4~mv2.jpg/v1/fill/w_980,h_551,al_c,q_85,usm_0.66_1.00_0.01,enc_avif,quality_auto/74d008_dd43fd8f96cc4bb49c8541c00148d3a4~mv2.jpg","131172"
"Image","https://www.lifeusa.org/post/latest-cuts-to-humanitarian-aid-leave-millions-without-hope","https://static.wixstatic.com/media/74d008_fa7fd67ffe65418eb7369ad132656c61~mv2.jpg/v1/fill/w_980,h_653,al_c,q_85,usm_0.66_1.00_0.01,enc_avif,quality_auto/74d008_fa7fd67ffe65418eb7369ad132656c61~mv2.jpg","154322"
"Image","https://www.lifeusa.org/post/latest-cuts-to-humanitarian-aid-leave-millions-without-hope","https://static.wixstatic.com/media/74d008_25aa9d768cc34f22bc4c10a9f066dec3~mv2.jpg/v1/fill/w_980,h_653,al_c,q_85,usm_0.66_1.00_0.01,enc_avif,quality_auto/74d008_25aa9d768cc34f22bc4c10a9f066dec3~mv2.jpg","113557"
"Image","https://www.lifeusa.org/post/latest-cuts-to-humanitarian-aid-leave-millions-without-hope","https://static.wixstatic.com/media/74d008_dd55de728dab4989bd4ab968487a6c43~mv2.jpg/v1/fill/w_980,h_551,al_c,q_85,usm_0.66_1.00_0.01,enc_avif,quality_auto/74d008_dd55de728dab4989bd4ab968487a6c43~mv2.jpg","185697"
"Image","https://www.lifeusa.org/post/latest-cuts-to-humanitarian-aid-leave-millions-without-hope","https://static.wixstatic.com/media/74d008_af00a370cebe40e2864a8ddbb18fc089~mv2.jpg/v1/fill/w_980,h_653,al_c,q_85,usm_0.66_1.00_0.01,enc_avif,quality_auto/74d008_af00a370cebe40e2864a8ddbb18fc089~mv2.jpg","177546"
"Image","https://donate.lifeusa.org/donorportal/emergency-relief?EmergencyReliefProgram=11WVy000001QlE2MAK","https://donate.lifeusa.org/donorportal/webruntime/org-asset/9f8d82666d/resource/081Vy0000005faP","159635"
"Image","https://www.lifeusa.org/newsletters","https://static.wixstatic.com/media/6df904_41c5c3ea75d347e89ea611570037ca3d~mv2.jpg/v1/fill/w_980,h_653,al_c,q_85,usm_0.66_1.00_0.01,enc_avif,quality_auto/6df904_41c5c3ea75d347e89ea611570037ca3d~mv2.jpg","137594"
"Image","https://www.lifeusa.org/newsletters","https://static.wixstatic.com/media/799a91_d2f3a8ac15a748d19fe8959daa3f5eb4~mv2_d_3564_2380_s_2.png/v1/fill/w_980,h_654,al_c,q_90,usm_0.66_1.00_0.01,enc_avif,quality_auto/799a91_d2f3a8ac15a748d19fe8959daa3f5eb4~mv2_d_3564_2380_s_2.png","1229857"
"Image","https://www.lifeusa.org/newsletters","https://static.wixstatic.com/media/4dc3f8_14b106fdf22744a09a2e7788a0ee2855~mv2.png/v1/fill/w_915,h_610,al_c,q_90,enc_avif,quality_auto/4dc3f8_14b106fdf22744a09a2e7788a0ee2855~mv2.png","1248806"
"Image","https://www.lifeusa.org/newsletters","https://static.wixstatic.com/media/6df904_b77eb85d275c40e680a9676a2cac0ffa~mv2.jpg/v1/fill/w_769,h_516,al_c,q_85,enc_avif,quality_auto/6df904_b77eb85d275c40e680a9676a2cac0ffa~mv2.jpg","118607"
"Image","https://www.lifeusa.org/newsletters","https://static.wixstatic.com/media/6df904_d674613bc3a544a3858dc462c7697e6c~mv2.png/v1/fill/w_980,h_677,al_c,q_90,usm_0.66_1.00_0.01,enc_avif,quality_auto/6df904_d674613bc3a544a3858dc462c7697e6c~mv2.png","533572"
"Image","https://www.lifeusa.org/post/write-your-will-for-free-and-let-the-good-you-do-today-last-forever","https://static.wixstatic.com/media/74d008_8aaf024946e44f42b5c9dc07d82f1ba6~mv2.jpg/v1/fill/w_980,h_735,al_c,q_85,usm_0.66_1.00_0.01,enc_avif,quality_auto/74d008_8aaf024946e44f42b5c9dc07d82f1ba6~mv2.jpg","181914"
"Image","https://www.lifeusa.org/post/the-challenges-humanitarian-organizations-face-after-conflict-ends","https://static.wixstatic.com/media/74d008_8aaf024946e44f42b5c9dc07d82f1ba6~mv2.jpg/v1/fill/w_980,h_735,al_c,q_85,usm_0.66_1.00_0.01,enc_avif,quality_auto/74d008_8aaf024946e44f42b5c9dc07d82f1ba6~mv2.jpg","181914"
"Image","https://www.lifeusa.org/post/write-your-will-for-free-and-let-the-good-you-do-today-last-forever","https://static.wixstatic.com/media/74d008_232a647fed284318a5cff34d815da1fa~mv2.jpg/v1/fill/w_980,h_653,al_c,q_85,usm_0.66_1.00_0.01,enc_avif,quality_auto/74d008_232a647fed284318a5cff34d815da1fa~mv2.jpg","141183"
"Image","https://www.lifeusa.org/post/write-your-will-for-free-and-let-the-good-you-do-today-last-forever","https://static.wixstatic.com/media/74d008_478bc09c59db469c9eea3c642b36db94~mv2.jpg/v1/fill/w_980,h_653,al_c,q_85,usm_0.66_1.00_0.01,enc_avif,quality_auto/74d008_478bc09c59db469c9eea3c642b36db94~mv2.jpg","111971"
"Image","https://www.lifeusa.org/post/write-your-will-for-free-and-let-the-good-you-do-today-last-forever","https://static.wixstatic.com/media/74d008_533a52639fcf424aa615db701399ab50~mv2.jpg/v1/fill/w_980,h_855,al_c,q_85,usm_0.66_1.00_0.01,enc_avif,quality_auto/74d008_533a52639fcf424aa615db701399ab50~mv2.jpg","144327"
"Image","https://www.lifeusa.org/post/charitable-giving-an-advantage-we-never-saw-coming-from-the-one-big-beautiful-bill-act","https://static.wixstatic.com/media/74d008_ed9fb6be3c834bd4adb7fae9091191d6~mv2.jpg/v1/fill/w_980,h_735,al_c,q_85,usm_0.66_1.00_0.01,enc_avif,quality_auto/74d008_ed9fb6be3c834bd4adb7fae9091191d6~mv2.jpg","272723"
"Image","https://www.lifeusa.org/post/winter-flooding-in-gaza-leaves-families-cold-and-exhausted","https://static.wixstatic.com/media/74d008_05f7596afec647e9811e48d09cffc7f3~mv2.jpg/v1/fill/w_980,h_735,al_c,q_85,usm_0.66_1.00_0.01,enc_avif,quality_auto/74d008_05f7596afec647e9811e48d09cffc7f3~mv2.jpg","138368"
"Image","https://www.lifeusa.org/post/winter-flooding-in-gaza-leaves-families-cold-and-exhausted","https://static.wixstatic.com/media/74d008_3f6aafb0a6cb47d3a2c44f15157a34ed~mv2.jpg/v1/fill/w_980,h_735,al_c,q_85,usm_0.66_1.00_0.01,enc_avif,quality_auto/74d008_3f6aafb0a6cb47d3a2c44f15157a34ed~mv2.jpg","164157"
"Image","https://www.lifeusa.org/post/winter-flooding-in-gaza-leaves-families-cold-and-exhausted","https://static.wixstatic.com/media/74d008_471678df05cc4a68b074c97a0b738b4c~mv2.jpg/v1/fill/w_980,h_735,al_c,q_85,usm_0.66_1.00_0.01,enc_avif,quality_auto/74d008_471678df05cc4a68b074c97a0b738b4c~mv2.jpg","119405"
"Image","https://www.lifeusa.org/post/winter-flooding-in-gaza-leaves-families-cold-and-exhausted","https://static.wixstatic.com/media/74d008_c21cf8f2b10e42ae89ae4ae8f4a518d6~mv2.jpg/v1/fill/w_980,h_735,al_c,q_85,usm_0.66_1.00_0.01,enc_avif,quality_auto/74d008_c21cf8f2b10e42ae89ae4ae8f4a518d6~mv2.jpg","118494"
"Image","https://www.lifeusa.org/post/winter-flooding-in-gaza-leaves-families-cold-and-exhausted","https://static.wixstatic.com/media/74d008_5af5e82839954807b6241c2cdac7cf43~mv2.jpg/v1/fill/w_980,h_653,al_c,q_85,usm_0.66_1.00_0.01,enc_avif,quality_auto/74d008_5af5e82839954807b6241c2cdac7cf43~mv2.jpg","121491"
"Image","https://www.lifeusa.org/post/winter-flooding-in-gaza-leaves-families-cold-and-exhausted","https://static.wixstatic.com/media/74d008_0d9a836e7ddd4253adef11e4533c715f~mv2.jpg/v1/fill/w_980,h_653,al_c,q_85,usm_0.66_1.00_0.01,enc_avif,quality_auto/74d008_0d9a836e7ddd4253adef11e4533c715f~mv2.jpg","151421"
"Image","https://www.lifeusa.org/post/school-supplies-could-be-the-key-to-ending-poverty","https://static.wixstatic.com/media/74d008_cd4fed9121114c88b8427a98e682be11~mv2.jpg/v1/fill/w_980,h_653,al_c,q_85,usm_0.66_1.00_0.01,enc_avif,quality_auto/74d008_cd4fed9121114c88b8427a98e682be11~mv2.jpg","113824"
"Image","https://www.lifeusa.org/post/school-supplies-could-be-the-key-to-ending-poverty","https://static.wixstatic.com/media/74d008_5e39717df3564db1a963fadd34a47893~mv2.png/v1/fill/w_980,h_653,al_c,q_90,usm_0.66_1.00_0.01,enc_avif,quality_auto/74d008_5e39717df3564db1a963fadd34a47893~mv2.png","1380762"
"Image","https://www.lifeusa.org/post/school-supplies-could-be-the-key-to-ending-poverty","https://static.wixstatic.com/media/74d008_4a22ec4632664108a1687e8ae18d5c78~mv2.jpg/v1/fill/w_980,h_653,al_c,q_85,usm_0.66_1.00_0.01,enc_avif,quality_auto/74d008_4a22ec4632664108a1687e8ae18d5c78~mv2.jpg","183189"
"Image","https://www.lifeusa.org/post/school-supplies-could-be-the-key-to-ending-poverty","https://static.wixstatic.com/media/74d008_eee817f6312148c7970752711d99e07b~mv2.jpg/v1/fill/w_980,h_653,al_c,q_85,usm_0.66_1.00_0.01,enc_avif,quality_auto/74d008_eee817f6312148c7970752711d99e07b~mv2.jpg","173986"
"Image","https://www.lifeusa.org/post/school-supplies-could-be-the-key-to-ending-poverty","https://static.wixstatic.com/media/74d008_d359cc0e919847fabace23e51a0fd847~mv2.jpg/v1/fill/w_980,h_653,al_c,q_85,usm_0.66_1.00_0.01,enc_avif,quality_auto/74d008_d359cc0e919847fabace23e51a0fd847~mv2.jpg","116027"
"Image","https://www.lifeusa.org/post/cold-kills-5-million-a-year-life-s-winter-aid-helps-prevent-this-tragedy","https://static.wixstatic.com/media/74d008_4b08bf941ec3438bb6f58080c27f626c~mv2.png/v1/fill/w_980,h_735,al_c,q_90,usm_0.66_1.00_0.01,enc_avif,quality_auto/74d008_4b08bf941ec3438bb6f58080c27f626c~mv2.png","1715879"
"Image","https://www.lifeusa.org/post/school-supplies-could-be-the-key-to-ending-poverty","https://static.wixstatic.com/media/74d008_c4b57377cb23443ca7752d9cb9293788~mv2.jpg/v1/fill/w_980,h_653,al_c,q_85,usm_0.66_1.00_0.01,enc_avif,quality_auto/74d008_c4b57377cb23443ca7752d9cb9293788~mv2.jpg","144421"
"Image","https://www.lifeusa.org/post/cold-kills-5-million-a-year-life-s-winter-aid-helps-prevent-this-tragedy","https://static.wixstatic.com/media/74d008_9d5910ac566941c68bb89b22c0e70d99~mv2.jpg/v1/fill/w_980,h_735,al_c,q_85,usm_0.66_1.00_0.01,enc_avif,quality_auto/74d008_9d5910ac566941c68bb89b22c0e70d99~mv2.jpg","163550"
"Image","https://www.lifeusa.org/post/school-supplies-could-be-the-key-to-ending-poverty","https://static.wixstatic.com/media/74d008_df26c79438544543954fa731d1ba1210~mv2.jpg/v1/fill/w_980,h_1088,al_c,q_85,usm_0.66_1.00_0.01,enc_avif,quality_auto/74d008_df26c79438544543954fa731d1ba1210~mv2.jpg","155375"
"Image","https://www.lifeusa.org/post/cold-kills-5-million-a-year-life-s-winter-aid-helps-prevent-this-tragedy","https://static.wixstatic.com/media/74d008_1eb0bed6d1944db293b00b4a6fa835cd~mv2.jpg/v1/fill/w_980,h_735,al_c,q_85,usm_0.66_1.00_0.01,enc_avif,quality_auto/74d008_1eb0bed6d1944db293b00b4a6fa835cd~mv2.jpg","121771"
"Image","https://www.lifeusa.org/post/cold-kills-5-million-a-year-life-s-winter-aid-helps-prevent-this-tragedy","https://static.wixstatic.com/media/74d008_7c69611be17f4845bb400deb0ef520ba~mv2.jpg/v1/fill/w_980,h_653,al_c,q_85,usm_0.66_1.00_0.01,enc_avif,quality_auto/74d008_7c69611be17f4845bb400deb0ef520ba~mv2.jpg","116655"
"Image","https://www.lifeusa.org/post/cold-kills-5-million-a-year-life-s-winter-aid-helps-prevent-this-tragedy","https://static.wixstatic.com/media/74d008_16ea71070baf4f25a7294c8e6375b945~mv2.jpeg/v1/fill/w_980,h_735,al_c,q_85,usm_0.66_1.00_0.01,enc_avif,quality_auto/74d008_16ea71070baf4f25a7294c8e6375b945~mv2.jpeg","144484"
"Image","https://www.lifeusa.org/post/cold-kills-5-million-a-year-life-s-winter-aid-helps-prevent-this-tragedy","https://static.wixstatic.com/media/74d008_40de9b06b96c4c3985d0e244d08ec116~mv2.jpg/v1/fill/w_980,h_695,al_c,q_85,usm_0.66_1.00_0.01,enc_avif,quality_auto/74d008_40de9b06b96c4c3985d0e244d08ec116~mv2.jpg","152997"
"Image","https://www.lifeusa.org/post/give-the-smart-way-stop-paying-taxes-on-stocks-and-receive-a-big-tax-deduction","https://static.wixstatic.com/media/74d008_660a80f179bc4e1fb89ec806071f928a~mv2.jpg/v1/fill/w_980,h_653,al_c,q_85,usm_0.66_1.00_0.01,enc_avif,quality_auto/74d008_660a80f179bc4e1fb89ec806071f928a~mv2.jpg","113410"
"Image","https://www.lifeusa.org/post/give-the-smart-way-stop-paying-taxes-on-stocks-and-receive-a-big-tax-deduction","https://static.wixstatic.com/media/74d008_0da10936757a48ffa947f7a7d9ded552~mv2.jpg/v1/fill/w_980,h_1438,al_c,q_85,usm_0.66_1.00_0.01,enc_avif,quality_auto/74d008_0da10936757a48ffa947f7a7d9ded552~mv2.jpg","109331"
"Image","https://www.lifeusa.org/post/health-for-all-how-life-is-closing-the-global-healthcare-gap","https://static.wixstatic.com/media/74d008_4963c230fd544fe7a55984a98ff31637~mv2.jpg/v1/fill/w_980,h_1028,al_c,q_85,usm_0.66_1.00_0.01,enc_avif,quality_auto/74d008_4963c230fd544fe7a55984a98ff31637~mv2.jpg","111917"
"Image","https://www.lifeusa.org/post/health-for-all-how-life-is-closing-the-global-healthcare-gap","https://static.wixstatic.com/media/74d008_1e56e1264754439a87a5d7e67c1b1b1d~mv2.jpg/v1/fill/w_980,h_735,al_c,q_85,usm_0.66_1.00_0.01,enc_avif,quality_auto/74d008_1e56e1264754439a87a5d7e67c1b1b1d~mv2.jpg","298701"
"Image","https://www.lifeusa.org/post/health-for-all-how-life-is-closing-the-global-healthcare-gap","https://static.wixstatic.com/media/74d008_b9f4343e75d843dd8685c885c126c947~mv2.jpg/v1/fill/w_980,h_784,al_c,q_85,usm_0.66_1.00_0.01,enc_avif,quality_auto/74d008_b9f4343e75d843dd8685c885c126c947~mv2.jpg","130362"
"Image","https://www.lifeusa.org/post/health-for-all-how-life-is-closing-the-global-healthcare-gap","https://static.wixstatic.com/media/74d008_3cec618a11ff4b6592b9eb19a31c7acc~mv2.jpg/v1/fill/w_980,h_811,al_c,q_85,usm_0.66_1.00_0.01,enc_avif,quality_auto/74d008_3cec618a11ff4b6592b9eb19a31c7acc~mv2.jpg","154557"
"Image","https://www.lifeusa.org/post/ceasefire-in-gaza-understanding-the-gaza-peace-deal-and-what-lies-ahead","https://static.wixstatic.com/media/74d008_3cec618a11ff4b6592b9eb19a31c7acc~mv2.jpg/v1/fill/w_980,h_811,al_c,q_85,usm_0.66_1.00_0.01,enc_avif,quality_auto/74d008_3cec618a11ff4b6592b9eb19a31c7acc~mv2.jpg","154557"
"Image","https://www.lifeusa.org/post/health-for-all-how-life-is-closing-the-global-healthcare-gap","https://static.wixstatic.com/media/74d008_fbfccbec7e41490ba245dbea012ba629~mv2.jpg/v1/fill/w_980,h_653,al_c,q_85,usm_0.66_1.00_0.01,enc_avif,quality_auto/74d008_fbfccbec7e41490ba245dbea012ba629~mv2.jpg","146446"
"Image","https://donate.lifeusa.org/donorportal/project-designations?Program=11WVy000001QlE7MAK","https://donate.lifeusa.org/donorportal/webruntime/org-asset/d3ae3bad35/resource/081Vy0000005faP","159635"
"Image","https://donate.lifeusa.org/donorportal/project-designations?Program=11WVy000001QlE9MAK","https://donate.lifeusa.org/donorportal/webruntime/org-asset/d3ae3bad35/resource/081Vy0000005faP","159635"
"Image","https://donate.lifeusa.org/donorportal/project-designations?Program=11WVy000001QlE8MAK","https://donate.lifeusa.org/donorportal/webruntime/org-asset/d3ae3bad35/resource/081Vy0000005faP","159635"
"Image","https://donate.lifeusa.org/donorportal/project-designations?Program=11WVy000001QlE4MAK","https://donate.lifeusa.org/donorportal/webruntime/org-asset/d3ae3bad35/resource/081Vy0000005faP","159635"
"Image","https://donate.lifeusa.org/donorportal/project-designations?Program=11WVy000001QlE5MAK","https://donate.lifeusa.org/donorportal/webruntime/org-asset/d3ae3bad35/resource/081Vy0000005faP","159635"
"Image","https://www.lifeusa.org/volunteer","https://static.wixstatic.com/media/c1c8c5_a7fdc712bea44fc893dcbd639026e535~mv2.jpeg/v1/fill/w_975,h_650,al_c,q_85,usm_0.66_1.00_0.01,enc_avif,quality_auto/c1c8c5_a7fdc712bea44fc893dcbd639026e535~mv2.jpeg","133487"
"Image","https://www.lifeusa.org/careers","https://static.wixstatic.com/media/c1c8c5_32bc80f61b9a41e6bf0c3ec6dd309358~mv2.jpg/v1/fill/w_980,h_653,al_c,q_85,usm_0.66_1.00_0.01,enc_avif,quality_auto/c1c8c5_32bc80f61b9a41e6bf0c3ec6dd309358~mv2.jpg","185595"
"Image","https://www.lifeusa.org/fundraising","https://static.wixstatic.com/media/c1c8c5_264f6d751c204cc6b29de5571749e0bd~mv2.jpeg/v1/fill/w_968,h_645,al_c,q_85,usm_0.66_1.00_0.01,enc_avif,quality_auto/c1c8c5_264f6d751c204cc6b29de5571749e0bd~mv2.jpeg","131708"
"Image","https://www.lifeusa.org/no","https://static.wixstatic.com/media/74d008_7326d883078243868c3c0631bbb3f61c~mv2.png/v1/fill/w_292,h_219,fp_0.50_0.50,q_95,enc_avif,quality_auto/74d008_7326d883078243868c3c0631bbb3f61c~mv2.webp","191719"
"Image","https://www.lifeusa.org/no/categories/reports","https://static.wixstatic.com/media/74d008_7326d883078243868c3c0631bbb3f61c~mv2.png/v1/fill/w_292,h_219,fp_0.50_0.50,q_95,enc_avif,quality_auto/74d008_7326d883078243868c3c0631bbb3f61c~mv2.webp","191719"
"Image","https://www.lifeusa.org/news","https://static.wixstatic.com/media/74d008_1a87b8341b974d61b23ea37cb1c1ab9b~mv2.png/v1/fill/w_302,h_227,fp_0.50_0.50,q_95,enc_avif,quality_auto/74d008_1a87b8341b974d61b23ea37cb1c1ab9b~mv2.webp","171422"
"Image","https://www.lifeusa.org/news","https://static.wixstatic.com/media/74d008_7326d883078243868c3c0631bbb3f61c~mv2.png/v1/fill/w_302,h_227,fp_0.50_0.50,q_95,enc_avif,quality_auto/74d008_7326d883078243868c3c0631bbb3f61c~mv2.webp","204875"
"Image","https://www.lifeusa.org/press","https://static.wixstatic.com/media/6df904_bf5c1e21775848ca9ec4e594e739b7de~mv2.png/v1/fill/w_674,h_873,al_c,q_90,enc_avif,quality_auto/6df904_bf5c1e21775848ca9ec4e594e739b7de~mv2.png","304527"
"Image","https://www.lifeusa.org/press","https://static.wixstatic.com/media/74d008_d8714f5c8d684f2cbd1ea17738032718~mv2.jpg/v1/fill/w_980,h_1268,al_c,q_85,usm_0.66_1.00_0.01,enc_avif,quality_auto/74d008_d8714f5c8d684f2cbd1ea17738032718~mv2.jpg","209405"
"Image","https://www.lifeusa.org/press","https://static.wixstatic.com/media/6df904_f35966d53e624de6b1b2dcd4107b49f2~mv2.png/v1/fill/w_675,h_875,al_c,q_90,enc_avif,quality_auto/6df904_f35966d53e624de6b1b2dcd4107b49f2~mv2.png","254198"
"Image","https://www.lifeusa.org/press","https://static.wixstatic.com/media/6df904_d939ee0da47e4010bdaa90007688e487~mv2.jpg/v1/fill/w_980,h_1272,al_c,q_85,usm_0.66_1.00_0.01,enc_avif,quality_auto/6df904_d939ee0da47e4010bdaa90007688e487~mv2.jpg","271404"
"Image","https://www.lifeusa.org/press","https://static.wixstatic.com/media/6df904_0afd42044ef1435d92edb40aeff884d5~mv2.png/v1/fill/w_672,h_874,al_c,q_90,enc_avif,quality_auto/6df904_0afd42044ef1435d92edb40aeff884d5~mv2.png","309620"
"Image","https://www.lifeusa.org/press","https://static.wixstatic.com/media/6df904_bbf1598f5e7e4a0cbc858e2beefba6fc~mv2.png/v1/fill/w_672,h_869,al_c,q_90,enc_avif,quality_auto/6df904_bbf1598f5e7e4a0cbc858e2beefba6fc~mv2.png","277513"
"Image","https://www.lifeusa.org/press","https://static.wixstatic.com/media/6df904_9d8ca032b61d442e977490222171ecad~mv2.png/v1/fill/w_678,h_877,al_c,q_90,enc_avif,quality_auto/6df904_9d8ca032b61d442e977490222171ecad~mv2.png","425084"
"Image","https://www.lifeusa.org/press","https://static.wixstatic.com/media/6df904_ef3421f33c9542d7ba0d44ecce25af11~mv2.png/v1/fill/w_682,h_877,al_c,q_90,enc_avif,quality_auto/6df904_ef3421f33c9542d7ba0d44ecce25af11~mv2.png","267650"
"Image","https://www.lifeusa.org/press","https://static.wixstatic.com/media/c1c8c5_cfd4c3de8ed74154898cb438918d185a~mv2.jpg/v1/fill/w_980,h_551,al_c,q_85,usm_0.66_1.00_0.01,enc_avif,quality_auto/c1c8c5_cfd4c3de8ed74154898cb438918d185a~mv2.jpg","140513"
"Image","https://www.lifeusa.org/press","https://static.wixstatic.com/media/6df904_36d83001ef6b4e4c94a5878a832b27a6~mv2.png/v1/fill/w_680,h_875,al_c,q_90,enc_avif,quality_auto/6df904_36d83001ef6b4e4c94a5878a832b27a6~mv2.png","283917"
"Image","https://www.lifeusa.org/press","https://static.wixstatic.com/media/74d008_6f30f720c0e946a29c27b1db03845a4d~mv2.jpg/v1/fill/w_980,h_1268,al_c,q_85,usm_0.66_1.00_0.01,enc_avif,quality_auto/74d008_6f30f720c0e946a29c27b1db03845a4d~mv2.jpg","199379"
"Image","https://www.lifeusa.org/press","https://static.wixstatic.com/media/6df904_1b8386d430e4450385326d72ee393676~mv2.png/v1/fill/w_673,h_873,al_c,q_90,enc_avif,quality_auto/6df904_1b8386d430e4450385326d72ee393676~mv2.png","249986"
"Image","https://www.lifeusa.org/press","https://static.wixstatic.com/media/74d008_fdce8db55eb94b38abdcd150d5cad9dd~mv2.jpg/v1/fill/w_980,h_1268,al_c,q_85,usm_0.66_1.00_0.01,enc_avif,quality_auto/74d008_fdce8db55eb94b38abdcd150d5cad9dd~mv2.jpg","205769"
"Image","https://www.lifeusa.org/press","https://static.wixstatic.com/media/6df904_0b262da7f6d0447a99bb9d2202862f1e~mv2.png/v1/fill/w_674,h_876,al_c,q_90,enc_avif,quality_auto/6df904_0b262da7f6d0447a99bb9d2202862f1e~mv2.png","542858"
"Image","https://www.lifeusa.org/press","https://static.wixstatic.com/media/6df904_32ac1aa9efd444168b430fa20c5a0923~mv2.png/v1/fill/w_672,h_870,al_c,q_90,enc_avif,quality_auto/6df904_32ac1aa9efd444168b430fa20c5a0923~mv2.png","419750"
"Image","https://www.lifeusa.org/press","https://static.wixstatic.com/media/6df904_85f318f3b5874ff1acc627483e57c83e~mv2.png/v1/fill/w_672,h_871,al_c,q_90,enc_avif,quality_auto/6df904_85f318f3b5874ff1acc627483e57c83e~mv2.png","264914"
"Image","https://www.lifeusa.org/press","https://static.wixstatic.com/media/6df904_d3dd314fbe30421095bba437c64f73f6~mv2.png/v1/fill/w_672,h_873,al_c,q_90,enc_avif,quality_auto/6df904_d3dd314fbe30421095bba437c64f73f6~mv2.png","288176"
"Image","https://www.lifeusa.org/press","https://static.wixstatic.com/media/6df904_c903a7b9099e437f86000172b0b8c76b~mv2.png/v1/fill/w_675,h_872,al_c,q_90,enc_avif,quality_auto/6df904_c903a7b9099e437f86000172b0b8c76b~mv2.png","305044"
"Image","https://www.lifeusa.org/post/building-a-better-world-for-33-years","https://static.wixstatic.com/media/74d008_bfd0b972198f4bc4a21c84d99e90b003~mv2.png/v1/fill/w_980,h_653,al_c,q_90,usm_0.66_1.00_0.01,enc_avif,quality_auto/74d008_bfd0b972198f4bc4a21c84d99e90b003~mv2.png","1205667"
"Image","https://www.lifeusa.org/post/building-a-better-world-for-33-years","https://static.wixstatic.com/media/74d008_fd504fa32fba41e2977059fbe45171c4~mv2.png/v1/fill/w_980,h_653,al_c,q_90,usm_0.66_1.00_0.01,enc_avif,quality_auto/74d008_fd504fa32fba41e2977059fbe45171c4~mv2.png","1574236"
"Image","https://www.lifeusa.org/press","https://static.wixstatic.com/media/6df904_749bde3505c84778b3d81e3c77cddeb2~mv2.png/v1/fill/w_676,h_872,al_c,q_90,enc_avif,quality_auto/6df904_749bde3505c84778b3d81e3c77cddeb2~mv2.png","322327"
"Image","https://www.lifeusa.org/post/building-a-better-world-for-33-years","https://static.wixstatic.com/media/74d008_928685b46a02446395af3a96ccf669c0~mv2.jpg/v1/fill/w_980,h_735,al_c,q_85,usm_0.66_1.00_0.01,enc_avif,quality_auto/74d008_928685b46a02446395af3a96ccf669c0~mv2.jpg","190161"
"Image","https://www.lifeusa.org/post/building-a-better-world-for-33-years","https://static.wixstatic.com/media/74d008_f6b13a88b4eb4ac8a32b2a0cf93a322a~mv2.jpg/v1/fill/w_980,h_735,al_c,q_85,usm_0.66_1.00_0.01,enc_avif,quality_auto/74d008_f6b13a88b4eb4ac8a32b2a0cf93a322a~mv2.jpg","128813"
"Image","https://www.lifeusa.org/post/building-a-better-world-for-33-years","https://static.wixstatic.com/media/74d008_3501965e24b1489c808e3dd649209713~mv2.jpg/v1/fill/w_980,h_654,al_c,q_85,usm_0.66_1.00_0.01,enc_avif,quality_auto/74d008_3501965e24b1489c808e3dd649209713~mv2.jpg","140052"
"Image","https://www.lifeusa.org/post/building-a-better-world-for-33-years","https://static.wixstatic.com/media/74d008_71999fe385c944d7ac6e7a8735784409~mv2.png/v1/fill/w_980,h_653,al_c,q_90,usm_0.66_1.00_0.01,enc_avif,quality_auto/74d008_71999fe385c944d7ac6e7a8735784409~mv2.png","1176783"
"Image","https://www.lifeusa.org/post/building-a-better-world-for-33-years","https://static.wixstatic.com/media/74d008_b6a31f999d0f48f899a279595a284734~mv2.jpg/v1/fill/w_980,h_1307,al_c,q_85,usm_0.66_1.00_0.01,enc_avif,quality_auto/74d008_b6a31f999d0f48f899a279595a284734~mv2.jpg","381201"
"Image","https://www.lifeusa.org/post/monsoon-flood-in-northern-pakistan-takes-everything-from-villagers-life-usa-helps-families-rebuild","https://static.wixstatic.com/media/74d008_b6a31f999d0f48f899a279595a284734~mv2.jpg/v1/fill/w_980,h_1307,al_c,q_85,usm_0.66_1.00_0.01,enc_avif,quality_auto/74d008_b6a31f999d0f48f899a279595a284734~mv2.jpg","381201"
"Image","https://www.lifeusa.org/post/building-a-better-world-for-33-years","https://static.wixstatic.com/media/74d008_59a998e9564444dd8f3d028f19f2ff76~mv2.png/v1/fill/w_980,h_653,al_c,q_90,usm_0.66_1.00_0.01,enc_avif,quality_auto/74d008_59a998e9564444dd8f3d028f19f2ff76~mv2.png","1181058"
"Image","https://www.lifeusa.org/post/building-a-better-world-for-33-years","https://static.wixstatic.com/media/74d008_6848b26760e9475f8c3bcd52940cd730~mv2.png/v1/fill/w_980,h_653,al_c,q_90,usm_0.66_1.00_0.01,enc_avif,quality_auto/74d008_6848b26760e9475f8c3bcd52940cd730~mv2.png","1200636"
"Image","https://www.lifeusa.org/post/building-a-better-world-for-33-years","https://static.wixstatic.com/media/74d008_e00c76be7a59418080ef0df33e5dc805~mv2.png/v1/fill/w_980,h_653,al_c,q_90,usm_0.66_1.00_0.01,enc_avif,quality_auto/74d008_e00c76be7a59418080ef0df33e5dc805~mv2.png","1219776"
"Image","https://www.lifeusa.org/post/building-a-better-world-for-33-years","https://static.wixstatic.com/media/74d008_92897e1e7e33402296f3bfe65e0d371c~mv2.png/v1/fill/w_980,h_653,al_c,q_90,usm_0.66_1.00_0.01,enc_avif,quality_auto/74d008_92897e1e7e33402296f3bfe65e0d371c~mv2.png","1143098"
"Image","https://www.lifeusa.org/post/building-a-better-world-for-33-years","https://static.wixstatic.com/media/74d008_537c0c4f564f498883d1933a2e7e99ca~mv2.jpg/v1/fill/w_980,h_832,al_c,q_85,usm_0.66_1.00_0.01,enc_avif,quality_auto/74d008_537c0c4f564f498883d1933a2e7e99ca~mv2.jpg","175131"
"Image","https://www.lifeusa.org/post/building-a-better-world-for-33-years","https://static.wixstatic.com/media/74d008_3bbd9b6528be4f0fa941063190725473~mv2.png/v1/fill/w_980,h_653,al_c,q_90,usm_0.66_1.00_0.01,enc_avif,quality_auto/74d008_3bbd9b6528be4f0fa941063190725473~mv2.png","1232175"
"Image","https://www.lifeusa.org/post/health-for-all-how-life-is-closing-the-global-healthcare-gap","https://static.wixstatic.com/media/74d008_315105f54bb44393bf0c484fcb7cc81a~mv2.png/v1/fill/w_750,h_430,al_c,q_85,enc_avif,quality_auto/74d008_315105f54bb44393bf0c484fcb7cc81a~mv2.png","578401"
"Image","https://www.lifeusa.org/post/eid-al-adha-a-celebration-of-unity","https://static.wixstatic.com/media/74d008_39a6fc8bc8b94d9b99452850a9f11aea~mv2.jpg/v1/fill/w_980,h_653,al_c,q_85,usm_0.66_1.00_0.01,enc_avif,quality_auto/74d008_39a6fc8bc8b94d9b99452850a9f11aea~mv2.jpg","105028"
"Image","https://www.lifeusa.org/post/eid-al-adha-a-celebration-of-unity","https://static.wixstatic.com/media/74d008_3f2d452894954e77a4e272a34ea81339~mv2.jpg/v1/fill/w_980,h_551,al_c,q_85,usm_0.66_1.00_0.01,enc_avif,quality_auto/74d008_3f2d452894954e77a4e272a34ea81339~mv2.jpg","165082"
"Image","https://www.lifeusa.org/post/eid-al-adha-a-celebration-of-unity","https://static.wixstatic.com/media/74d008_f74484999f204c81aabca46da0667152~mv2.jpg/v1/fill/w_980,h_458,al_c,q_85,usm_0.66_1.00_0.01,enc_avif,quality_auto/74d008_f74484999f204c81aabca46da0667152~mv2.jpg","132782"
"Image","https://www.lifeusa.org/post/write-your-will-for-free-and-let-the-good-you-do-today-last-forever","https://static.wixstatic.com/media/74d008_57b15cc8d5ef4775ae39d30f220f9d5b~mv2.png/v1/fill/w_980,h_515,al_c,q_90,usm_0.66_1.00_0.01,enc_avif,quality_auto/74d008_57b15cc8d5ef4775ae39d30f220f9d5b~mv2.png","453247"
"Image","https://www.lifeusa.org/post/recognizing-everyday-leaders-and-heros-this-father-s-day-2025","https://static.wixstatic.com/media/74d008_dea520bcd84946f0a720038e6d1ac540~mv2.png/v1/fill/w_980,h_980,al_c,q_90,usm_0.66_1.00_0.01,enc_avif,quality_auto/74d008_dea520bcd84946f0a720038e6d1ac540~mv2.png","1032480"
"Image","https://www.lifeusa.org/post/recognizing-everyday-leaders-and-heros-this-father-s-day-2025","https://static.wixstatic.com/media/74d008_ad0f96c8a4f14a029aa8b114323778ea~mv2.jpg/v1/fill/w_980,h_653,al_c,q_85,usm_0.66_1.00_0.01,enc_avif,quality_auto/74d008_ad0f96c8a4f14a029aa8b114323778ea~mv2.jpg","111771"
"Image","https://www.lifeusa.org/post/recognizing-everyday-leaders-and-heros-this-father-s-day-2025","https://static.wixstatic.com/media/74d008_cb4f0f607e1e49f6a5c4fd031446f486~mv2.jpg/v1/fill/w_980,h_653,al_c,q_85,usm_0.66_1.00_0.01,enc_avif,quality_auto/74d008_cb4f0f607e1e49f6a5c4fd031446f486~mv2.jpg","102810"
"Image","https://www.lifeusa.org/post/she-was-buried-underground-for-13-years-then-she-heard-the-ocean","https://static.wixstatic.com/media/74d008_a572a85884fd4d02b9e35669d2a51ba2~mv2.jpg/v1/fill/w_980,h_697,al_c,q_85,usm_0.66_1.00_0.01,enc_avif,quality_auto/74d008_a572a85884fd4d02b9e35669d2a51ba2~mv2.jpg","165546"
"Image","https://www.lifeusa.org/post/when-the-guadalupe-river-roared-texas-tested-with-devastation-and-loss","https://static.wixstatic.com/media/74d008_8be37e6416344872ace5753f9f9d2ce7~mv2.jpg/v1/fill/w_980,h_1010,al_c,q_85,usm_0.66_1.00_0.01,enc_avif,quality_auto/74d008_8be37e6416344872ace5753f9f9d2ce7~mv2.jpg","197241"
"Image","https://www.lifeusa.org/post/when-the-guadalupe-river-roared-texas-tested-with-devastation-and-loss","https://static.wixstatic.com/media/74d008_27ed0686ed674102a5d082c0707050f4~mv2.jpg/v1/fill/w_980,h_735,al_c,q_85,usm_0.66_1.00_0.01,enc_avif,quality_auto/74d008_27ed0686ed674102a5d082c0707050f4~mv2.jpg","225939"
"Image","https://www.lifeusa.org/post/when-the-guadalupe-river-roared-texas-tested-with-devastation-and-loss","https://static.wixstatic.com/media/6df904_3161c9e312044b4995acc60060de779a~mv2.jpg/v1/fill/w_800,h_534,al_c,q_85,enc_avif,quality_auto/6df904_3161c9e312044b4995acc60060de779a~mv2.jpg","108756"
"Image","https://www.lifeusa.org/post/the-hidden-price-tag-of-fast-fashion-and-how-life-is-offering-sustainable-solutions-you-can-support","https://static.wixstatic.com/media/74d008_baa1786f51544beda6268ac226c04b31~mv2.jpg/v1/fill/w_980,h_653,al_c,q_85,usm_0.66_1.00_0.01,enc_avif,quality_auto/74d008_baa1786f51544beda6268ac226c04b31~mv2.jpg","149609"
"Image","https://www.lifeusa.org/post/when-the-guadalupe-river-roared-texas-tested-with-devastation-and-loss","https://static.wixstatic.com/media/74d008_6ea1d71c25644e60b311896c7f4af400~mv2.jpg/v1/fill/w_980,h_735,al_c,q_85,usm_0.66_1.00_0.01,enc_avif,quality_auto/74d008_6ea1d71c25644e60b311896c7f4af400~mv2.jpg","250378"
"Image","https://www.lifeusa.org/post/the-hidden-price-tag-of-fast-fashion-and-how-life-is-offering-sustainable-solutions-you-can-support","https://static.wixstatic.com/media/74d008_b161251f30bb4e36a56c6a05e7aa9790~mv2.jpg/v1/fill/w_980,h_609,al_c,q_85,usm_0.66_1.00_0.01,enc_avif,quality_auto/74d008_b161251f30bb4e36a56c6a05e7aa9790~mv2.jpg","146718"
"Image","https://www.lifeusa.org/post/the-hidden-price-tag-of-fast-fashion-and-how-life-is-offering-sustainable-solutions-you-can-support","https://static.wixstatic.com/media/74d008_de6d4253734842e1b8a2348b10b1183c~mv2.jpg/v1/fill/w_980,h_653,al_c,q_85,usm_0.66_1.00_0.01,enc_avif,quality_auto/74d008_de6d4253734842e1b8a2348b10b1183c~mv2.jpg","156577"
"Image","https://www.lifeusa.org/post/the-hidden-price-tag-of-fast-fashion-and-how-life-is-offering-sustainable-solutions-you-can-support","https://static.wixstatic.com/media/74d008_4e74c77148514c69b8656e1530a6680f~mv2.jpg/v1/fill/w_980,h_551,al_c,q_85,usm_0.66_1.00_0.01,enc_avif,quality_auto/74d008_4e74c77148514c69b8656e1530a6680f~mv2.jpg","123372"
"Image","https://www.lifeusa.org/post/ramadan-a-place-for-everyone","https://static.wixstatic.com/media/74d008_4824c8a46624438e80cd0f4f89c34128~mv2.png/v1/fill/w_775,h_801,al_c,q_90,enc_avif,quality_auto/74d008_4824c8a46624438e80cd0f4f89c34128~mv2.png","1689285"
"Image","https://www.lifeusa.org/post/ramadan-a-place-for-everyone","https://static.wixstatic.com/media/74d008_78c7c56750074c418c078c3a0d4e5598~mv2.jpg/v1/fill/w_980,h_735,al_c,q_85,usm_0.66_1.00_0.01,enc_avif,quality_auto/74d008_78c7c56750074c418c078c3a0d4e5598~mv2.jpg","206398"
"Image","https://www.lifeusa.org/post/ramadan-a-place-for-everyone","https://static.wixstatic.com/media/74d008_8b671df3a6ec4c77af2b2da43a36be16~mv2.png/v1/fill/w_776,h_576,al_c,q_90,enc_avif,quality_auto/74d008_8b671df3a6ec4c77af2b2da43a36be16~mv2.png","1060758"
"Image","https://www.lifeusa.org/post/ramadan-a-place-for-everyone","https://static.wixstatic.com/media/74d008_1dc7020a7a8944bfb06f95e1893cc512~mv2.jpg/v1/fill/w_980,h_735,al_c,q_85,usm_0.66_1.00_0.01,enc_avif,quality_auto/74d008_1dc7020a7a8944bfb06f95e1893cc512~mv2.jpg","119917"
"Image","https://www.lifeusa.org/post/ramadan-a-place-for-everyone","https://static.wixstatic.com/media/74d008_2d398e9cf3c84ec4ad63edbc86bc3791~mv2.jpg/v1/fill/w_980,h_656,al_c,q_85,usm_0.66_1.00_0.01,enc_avif,quality_auto/74d008_2d398e9cf3c84ec4ad63edbc86bc3791~mv2.jpg","104117"
"Image","https://www.lifeusa.org/post/ramadan-a-place-for-everyone","https://static.wixstatic.com/media/74d008_764050376af940d180cc1b2db22c83b3~mv2.jpg/v1/fill/w_980,h_551,al_c,q_85,usm_0.66_1.00_0.01,enc_avif,quality_auto/74d008_764050376af940d180cc1b2db22c83b3~mv2.jpg","135811"
"Image","https://www.lifeusa.org/post/ramadan-a-place-for-everyone","https://static.wixstatic.com/media/74d008_387c55ca1a514eae995a30f8536cde7e~mv2.png/v1/fill/w_777,h_437,al_c,q_85,enc_avif,quality_auto/74d008_387c55ca1a514eae995a30f8536cde7e~mv2.png","1007736"
"Image","https://www.lifeusa.org/post/ramadan-a-place-for-everyone","https://static.wixstatic.com/media/74d008_bfd79c55b75446dab4935e64518c8935~mv2.jpg/v1/fill/w_980,h_653,al_c,q_85,usm_0.66_1.00_0.01,enc_avif,quality_auto/74d008_bfd79c55b75446dab4935e64518c8935~mv2.jpg","183094"
"Image","https://www.lifeusa.org/post/a-step-by-step-guide-on-how-to-participate-in-ramadan","https://static.wixstatic.com/media/74d008_dbe48d926008426ab758d8906202aa70~mv2.jpg/v1/fill/w_980,h_654,al_c,q_85,usm_0.66_1.00_0.01,enc_avif,quality_auto/74d008_dbe48d926008426ab758d8906202aa70~mv2.jpg","171674"
"Image","https://www.lifeusa.org/post/a-step-by-step-guide-on-how-to-participate-in-ramadan","https://static.wixstatic.com/media/74d008_bf480308610b40688c29b2e619d223e3~mv2.jpg/v1/fill/w_980,h_653,al_c,q_85,usm_0.66_1.00_0.01,enc_avif,quality_auto/74d008_bf480308610b40688c29b2e619d223e3~mv2.jpg","149744"
"Image","https://www.lifeusa.org/post/ramadan-a-place-for-everyone","https://static.wixstatic.com/media/74d008_ca3639e6d9e041adb63b76b15d7fbdf6~mv2.jpg/v1/fill/w_980,h_735,al_c,q_85,usm_0.66_1.00_0.01,enc_avif,quality_auto/74d008_ca3639e6d9e041adb63b76b15d7fbdf6~mv2.jpg","272424"
"Image","https://www.lifeusa.org/post/ramadan-a-place-for-everyone","https://static.wixstatic.com/media/74d008_69ce12d613674b6c94591e8c01216362~mv2.jpg/v1/fill/w_980,h_653,al_c,q_85,usm_0.66_1.00_0.01,enc_avif,quality_auto/74d008_69ce12d613674b6c94591e8c01216362~mv2.jpg","163348"
"Image","https://www.lifeusa.org/post/a-step-by-step-guide-on-how-to-participate-in-ramadan","https://static.wixstatic.com/media/74d008_ee8d66b7610f4bbf832d695b4d65a291~mv2.jpg/v1/fill/w_980,h_653,al_c,q_85,usm_0.66_1.00_0.01,enc_avif,quality_auto/74d008_ee8d66b7610f4bbf832d695b4d65a291~mv2.jpg","185617"
"Image","https://www.lifeusa.org/post/a-step-by-step-guide-on-how-to-participate-in-ramadan","https://static.wixstatic.com/media/74d008_ad40f251583344c48b6f1ecbcc9c03e2~mv2.jpg/v1/fill/w_980,h_735,al_c,q_85,usm_0.66_1.00_0.01,enc_avif,quality_auto/74d008_ad40f251583344c48b6f1ecbcc9c03e2~mv2.jpg","215349"
"Image","https://www.lifeusa.org/post/a-step-by-step-guide-on-how-to-participate-in-ramadan","https://static.wixstatic.com/media/74d008_1f1abe0205714625bf79a9fdc807869c~mv2.jpg/v1/fill/w_980,h_762,al_c,q_85,usm_0.66_1.00_0.01,enc_avif,quality_auto/74d008_1f1abe0205714625bf79a9fdc807869c~mv2.jpg","106462"
"Image","https://www.lifeusa.org/post/a-step-by-step-guide-on-how-to-participate-in-ramadan","https://static.wixstatic.com/media/74d008_49ab1a7b4aa74ec68bbd9693fcfcad7e~mv2.jpg/v1/fill/w_980,h_1470,al_c,q_85,usm_0.66_1.00_0.01,enc_avif,quality_auto/74d008_49ab1a7b4aa74ec68bbd9693fcfcad7e~mv2.jpg","411828"
"Image","https://www.lifeusa.org/post/sick-kids-with-no-medicine-in-sight-how-life-is-restoring-healthcare-access-in-africa","https://static.wixstatic.com/media/74d008_109c068f5ccd4c998d8374603b7dd2c7~mv2.jpg/v1/fill/w_980,h_653,al_c,q_85,usm_0.66_1.00_0.01,enc_avif,quality_auto/74d008_109c068f5ccd4c998d8374603b7dd2c7~mv2.jpg","118415"
"Image","https://www.lifeusa.org/post/a-step-by-step-guide-on-how-to-participate-in-ramadan","https://static.wixstatic.com/media/74d008_381b4d316f8e4772af86c715a2746c0b~mv2.jpg/v1/fill/w_980,h_653,al_c,q_85,usm_0.66_1.00_0.01,enc_avif,quality_auto/74d008_381b4d316f8e4772af86c715a2746c0b~mv2.jpg","131833"
"Image","https://www.lifeusa.org/post/sick-kids-with-no-medicine-in-sight-how-life-is-restoring-healthcare-access-in-africa","https://static.wixstatic.com/media/74d008_a608e63f84a44c01a831cebdae72600f~mv2.jpg/v1/fill/w_980,h_653,al_c,q_85,usm_0.66_1.00_0.01,enc_avif,quality_auto/74d008_a608e63f84a44c01a831cebdae72600f~mv2.jpg","133895"
"Image","https://www.lifeusa.org/post/sick-kids-with-no-medicine-in-sight-how-life-is-restoring-healthcare-access-in-africa","https://static.wixstatic.com/media/74d008_3b3be868f20a4922aa24d04e02c2cca0~mv2.jpg/v1/fill/w_980,h_653,al_c,q_85,usm_0.66_1.00_0.01,enc_avif,quality_auto/74d008_3b3be868f20a4922aa24d04e02c2cca0~mv2.jpg","136135"
"Image","https://www.lifeusa.org/post/sick-kids-with-no-medicine-in-sight-how-life-is-restoring-healthcare-access-in-africa","https://static.wixstatic.com/media/74d008_37739cf8a82f4c13a193773df42fee3e~mv2.jpg/v1/fill/w_980,h_653,al_c,q_85,usm_0.66_1.00_0.01,enc_avif,quality_auto/74d008_37739cf8a82f4c13a193773df42fee3e~mv2.jpg","249265"
"Image","https://www.lifeusa.org/post/sick-kids-with-no-medicine-in-sight-how-life-is-restoring-healthcare-access-in-africa","https://static.wixstatic.com/media/74d008_a3e000c051a94513a44bd75bd541e210~mv2.jpg/v1/fill/w_909,h_938,al_c,q_85,enc_avif,quality_auto/74d008_a3e000c051a94513a44bd75bd541e210~mv2.jpg","106035"
"Image","https://www.lifeusa.org/post/as-middle-east-tensions-rise-families-face-uncertainty-and-compassion-matters-more","https://static.wixstatic.com/media/74d008_3eed377e5f2e42e9bd70a33455206012~mv2.jpeg/v1/fill/w_980,h_735,al_c,q_85,usm_0.66_1.00_0.01,enc_avif,quality_auto/74d008_3eed377e5f2e42e9bd70a33455206012~mv2.jpeg","182030"
"Image","https://www.lifeusa.org/post/as-middle-east-tensions-rise-families-face-uncertainty-and-compassion-matters-more","https://static.wixstatic.com/media/74d008_26fb65ae356b44f3a17518ed14fea0c5~mv2.jpg/v1/fill/w_980,h_735,al_c,q_85,usm_0.66_1.00_0.01,enc_avif,quality_auto/74d008_26fb65ae356b44f3a17518ed14fea0c5~mv2.jpg","199680"
"Image","https://www.lifeusa.org/post/as-middle-east-tensions-rise-families-face-uncertainty-and-compassion-matters-more","https://static.wixstatic.com/media/74d008_eb04a4b708444660854068957e4acd2b~mv2.jpg/v1/fill/w_980,h_653,al_c,q_85,usm_0.66_1.00_0.01,enc_avif,quality_auto/74d008_eb04a4b708444660854068957e4acd2b~mv2.jpg","228439"
"Image","https://www.lifeusa.org/post/sick-kids-with-no-medicine-in-sight-how-life-is-restoring-healthcare-access-in-africa","https://static.wixstatic.com/media/74d008_e3f118ddb40d43f7a7a117a617d40586~mv2.jpg/v1/fill/w_980,h_653,al_c,q_85,usm_0.66_1.00_0.01,enc_avif,quality_auto/74d008_e3f118ddb40d43f7a7a117a617d40586~mv2.jpg","116973"
"Image","https://www.lifeusa.org/post/sick-kids-with-no-medicine-in-sight-how-life-is-restoring-healthcare-access-in-africa","https://static.wixstatic.com/media/74d008_3f9f933a92784403b79b49928d4d734a~mv2.jpg/v1/fill/w_980,h_653,al_c,q_85,usm_0.66_1.00_0.01,enc_avif,quality_auto/74d008_3f9f933a92784403b79b49928d4d734a~mv2.jpg","244993"
"Image","https://www.lifeusa.org/post/millions-hungry-and-displaced-why-the-sudan-crisis-requires-immediate-action","https://static.wixstatic.com/media/74d008_8ad5c2120a854de3ada7dfb745da9ffb~mv2.jpg/v1/fill/w_980,h_1132,al_c,q_85,usm_0.66_1.00_0.01,enc_avif,quality_auto/74d008_8ad5c2120a854de3ada7dfb745da9ffb~mv2.jpg","181402"
"Image","https://www.lifeusa.org/post/millions-hungry-and-displaced-why-the-sudan-crisis-requires-immediate-action","https://static.wixstatic.com/media/74d008_b5e935aae0fa45b0a146f0f23f761eda~mv2.jpg/v1/fill/w_980,h_653,al_c,q_85,usm_0.66_1.00_0.01,enc_avif,quality_auto/74d008_b5e935aae0fa45b0a146f0f23f761eda~mv2.jpg","124848"
"Image","https://www.lifeusa.org/post/millions-hungry-and-displaced-why-the-sudan-crisis-requires-immediate-action","https://static.wixstatic.com/media/74d008_dc30c951b1ef4c5ca347de8ab6a6490d~mv2.jpg/v1/fill/w_980,h_653,al_c,q_85,usm_0.66_1.00_0.01,enc_avif,quality_auto/74d008_dc30c951b1ef4c5ca347de8ab6a6490d~mv2.jpg","173762"
"Image","https://www.lifeusa.org/post/millions-hungry-and-displaced-why-the-sudan-crisis-requires-immediate-action","https://static.wixstatic.com/media/74d008_99bb2e4837fc4c7f94ed03220a01274b~mv2.jpg/v1/fill/w_980,h_653,al_c,q_85,usm_0.66_1.00_0.01,enc_avif,quality_auto/74d008_99bb2e4837fc4c7f94ed03220a01274b~mv2.jpg","139418"
"Image","https://www.lifeusa.org/post/ceasefire-in-gaza-understanding-the-gaza-peace-deal-and-what-lies-ahead","https://static.wixstatic.com/media/74d008_80131bd7763e4e7b911e961b6c67969d~mv2.jpg/v1/fill/w_980,h_551,al_c,q_85,usm_0.66_1.00_0.01,enc_avif,quality_auto/74d008_80131bd7763e4e7b911e961b6c67969d~mv2.jpg","139922"
"Image","https://www.lifeusa.org/post/ceasefire-in-gaza-understanding-the-gaza-peace-deal-and-what-lies-ahead","https://static.wixstatic.com/media/74d008_900153f9464e447b90dfb139dadf1a2c~mv2.jpg/v1/fill/w_980,h_551,al_c,q_85,usm_0.66_1.00_0.01,enc_avif,quality_auto/74d008_900153f9464e447b90dfb139dadf1a2c~mv2.jpg","128930"
"Image","https://www.lifeusa.org/post/ceasefire-in-gaza-understanding-the-gaza-peace-deal-and-what-lies-ahead","https://static.wixstatic.com/media/74d008_ade1f480ae3644b1b72b96f531dd265e~mv2.jpg/v1/fill/w_980,h_551,al_c,q_85,usm_0.66_1.00_0.01,enc_avif,quality_auto/74d008_ade1f480ae3644b1b72b96f531dd265e~mv2.jpg","185829"
"Image","https://www.lifeusa.org/post/ceasefire-in-gaza-understanding-the-gaza-peace-deal-and-what-lies-ahead","https://static.wixstatic.com/media/74d008_c1f5172cee0e49a398fa6c93dfef6d53~mv2.jpg/v1/fill/w_980,h_551,al_c,q_85,usm_0.66_1.00_0.01,enc_avif,quality_auto/74d008_c1f5172cee0e49a398fa6c93dfef6d53~mv2.jpg","157520"
"Image","https://www.lifeusa.org/post/ceasefire-in-gaza-understanding-the-gaza-peace-deal-and-what-lies-ahead","https://static.wixstatic.com/media/74d008_910b0a5a3fb2406fb2868d3eb9d9ee88~mv2.jpg/v1/fill/w_980,h_552,al_c,q_85,usm_0.66_1.00_0.01,enc_avif,quality_auto/74d008_910b0a5a3fb2406fb2868d3eb9d9ee88~mv2.jpg","154168"
"Image","https://www.lifeusa.org/post/maximize-your-tax-write-off-with-charitable-giving-apps","https://static.wixstatic.com/media/74d008_a278782f5a374de5a3d2b9db9ab4a52e~mv2.jpg/v1/fill/w_980,h_1470,al_c,q_85,usm_0.66_1.00_0.01,enc_avif,quality_auto/74d008_a278782f5a374de5a3d2b9db9ab4a52e~mv2.jpg","198420"
"Image","https://www.lifeusa.org/post/maximize-your-tax-write-off-with-charitable-giving-apps","https://static.wixstatic.com/media/74d008_9675aabd149541aaaa2051db6574d6c2~mv2.jpg/v1/fill/w_980,h_795,al_c,q_85,usm_0.66_1.00_0.01,enc_avif,quality_auto/74d008_9675aabd149541aaaa2051db6574d6c2~mv2.jpg","242622"
"Image","https://www.lifeusa.org/post/when-life-becomes-art-finding-flow-purpose-and-the-joy-of-giving","https://static.wixstatic.com/media/74d008_36c64625e7a94d2cb74deb5d7e4d981b~mv2.jpg/v1/fill/w_980,h_656,al_c,q_85,usm_0.66_1.00_0.01,enc_avif,quality_auto/74d008_36c64625e7a94d2cb74deb5d7e4d981b~mv2.jpg","111945"
"Image","https://www.lifeusa.org/post/how-violence-and-war-affect-children-worldwide-and-how-you-can-help","https://static.wixstatic.com/media/74d008_811cd7a3f89a4e708ed7686db3137e1f~mv2.jpg/v1/fill/w_980,h_653,al_c,q_85,usm_0.66_1.00_0.01,enc_avif,quality_auto/74d008_811cd7a3f89a4e708ed7686db3137e1f~mv2.jpg","166490"
"Image","https://www.lifeusa.org/post/how-violence-and-war-affect-children-worldwide-and-how-you-can-help","https://static.wixstatic.com/media/74d008_a5e1611a01be4704822a335f0faf660f~mv2.jpg/v1/fill/w_980,h_653,al_c,q_85,usm_0.66_1.00_0.01,enc_avif,quality_auto/74d008_a5e1611a01be4704822a335f0faf660f~mv2.jpg","155727"
"Image","https://www.lifeusa.org/post/how-violence-and-war-affect-children-worldwide-and-how-you-can-help","https://static.wixstatic.com/media/74d008_6f842342c4f246ef9a288df10bf15071~mv2.jpg/v1/fill/w_980,h_869,al_c,q_85,usm_0.66_1.00_0.01,enc_avif,quality_auto/74d008_6f842342c4f246ef9a288df10bf15071~mv2.jpg","128594"
"Image","https://www.lifeusa.org/post/life-s-orphan-sponsorships-keep-children-warm-and-in-school-during-the-winter-months-in-pakistan","https://static.wixstatic.com/media/74d008_4c0363fa4e6343bba97889ef899b66aa~mv2.jpg/v1/fill/w_980,h_551,al_c,q_85,usm_0.66_1.00_0.01,enc_avif,quality_auto/74d008_4c0363fa4e6343bba97889ef899b66aa~mv2.jpg","153099"
"Image","https://www.lifeusa.org/post/life-supports-mothers-and-orphans-in-gaza-with-critical-baby-formula-and-other-essentials","https://static.wixstatic.com/media/74d008_4c0363fa4e6343bba97889ef899b66aa~mv2.jpg/v1/fill/w_980,h_551,al_c,q_85,usm_0.66_1.00_0.01,enc_avif,quality_auto/74d008_4c0363fa4e6343bba97889ef899b66aa~mv2.jpg","153099"
"Image","https://www.lifeusa.org/post/hope-returns-to-the-classroom-through-life-for-relief-and-development-life-s-orphan-sponsorship-in","https://static.wixstatic.com/media/74d008_4c0363fa4e6343bba97889ef899b66aa~mv2.jpg/v1/fill/w_980,h_551,al_c,q_85,usm_0.66_1.00_0.01,enc_avif,quality_auto/74d008_4c0363fa4e6343bba97889ef899b66aa~mv2.jpg","153099"
"Image","https://www.lifeusa.org/post/with-life-water-wells-comes-a-renewed-stability-and-health-for-1-800-people-in-niger","https://static.wixstatic.com/media/74d008_4c0363fa4e6343bba97889ef899b66aa~mv2.jpg/v1/fill/w_980,h_551,al_c,q_85,usm_0.66_1.00_0.01,enc_avif,quality_auto/74d008_4c0363fa4e6343bba97889ef899b66aa~mv2.jpg","153099"
"Image","https://www.lifeusa.org/post/in-a-tanzanian-village-water-finally-flows-close-to-home","https://static.wixstatic.com/media/74d008_4c0363fa4e6343bba97889ef899b66aa~mv2.jpg/v1/fill/w_980,h_551,al_c,q_85,usm_0.66_1.00_0.01,enc_avif,quality_auto/74d008_4c0363fa4e6343bba97889ef899b66aa~mv2.jpg","153099"
"Image","https://www.lifeusa.org/post/life-continues-saving-lives-in-gaza-as-emergency-food-and-water-relief-reaches-thousands","https://static.wixstatic.com/media/74d008_4c0363fa4e6343bba97889ef899b66aa~mv2.jpg/v1/fill/w_980,h_551,al_c,q_85,usm_0.66_1.00_0.01,enc_avif,quality_auto/74d008_4c0363fa4e6343bba97889ef899b66aa~mv2.jpg","153099"
"Image","https://www.lifeusa.org/post/life-supporting-orphans-families-gaza","https://static.wixstatic.com/media/74d008_4c0363fa4e6343bba97889ef899b66aa~mv2.jpg/v1/fill/w_980,h_551,al_c,q_85,usm_0.66_1.00_0.01,enc_avif,quality_auto/74d008_4c0363fa4e6343bba97889ef899b66aa~mv2.jpg","153099"
"Image","https://www.lifeusa.org/post/fighting-hunger-in-somalia-life-for-relief-and-development-life-s-food-distribution-reaches-displ","https://static.wixstatic.com/media/74d008_4c0363fa4e6343bba97889ef899b66aa~mv2.jpg/v1/fill/w_980,h_551,al_c,q_85,usm_0.66_1.00_0.01,enc_avif,quality_auto/74d008_4c0363fa4e6343bba97889ef899b66aa~mv2.jpg","153099"
"Image","https://www.lifeusa.org/post/life-for-relief-and-development-life-usa-restores-shelter-and-safety-for-8-050-displaced-individua","https://static.wixstatic.com/media/74d008_4c0363fa4e6343bba97889ef899b66aa~mv2.jpg/v1/fill/w_980,h_551,al_c,q_85,usm_0.66_1.00_0.01,enc_avif,quality_auto/74d008_4c0363fa4e6343bba97889ef899b66aa~mv2.jpg","153099"
"Image","https://www.lifeusa.org/post/new-solar-powered-water-wells-bring-clean-water-to-3-300-people-in-pakistan","https://static.wixstatic.com/media/74d008_4c0363fa4e6343bba97889ef899b66aa~mv2.jpg/v1/fill/w_980,h_551,al_c,q_85,usm_0.66_1.00_0.01,enc_avif,quality_auto/74d008_4c0363fa4e6343bba97889ef899b66aa~mv2.jpg","153099"
"Image","https://www.lifeusa.org/post/life-provides-medical-student-scholarships-in-the-west-bank","https://static.wixstatic.com/media/74d008_4c0363fa4e6343bba97889ef899b66aa~mv2.jpg/v1/fill/w_980,h_551,al_c,q_85,usm_0.66_1.00_0.01,enc_avif,quality_auto/74d008_4c0363fa4e6343bba97889ef899b66aa~mv2.jpg","153099"
"Image","https://www.lifeusa.org/post/life-for-relief-and-development-protects-5-000-children-from-harsh-winter-conditions-in-gaza","https://static.wixstatic.com/media/74d008_4c0363fa4e6343bba97889ef899b66aa~mv2.jpg/v1/fill/w_980,h_551,al_c,q_85,usm_0.66_1.00_0.01,enc_avif,quality_auto/74d008_4c0363fa4e6343bba97889ef899b66aa~mv2.jpg","153099"
"Image","https://www.lifeusa.org/post/life-for-relief-and-development-sustains-higher-education-in-syria","https://static.wixstatic.com/media/74d008_4c0363fa4e6343bba97889ef899b66aa~mv2.jpg/v1/fill/w_980,h_551,al_c,q_85,usm_0.66_1.00_0.01,enc_avif,quality_auto/74d008_4c0363fa4e6343bba97889ef899b66aa~mv2.jpg","153099"
"Image","https://www.lifeusa.org/post/over-1-000-orphans-across-jordan-uplifted-through-life-sponsorship-program","https://static.wixstatic.com/media/74d008_4c0363fa4e6343bba97889ef899b66aa~mv2.jpg/v1/fill/w_980,h_551,al_c,q_85,usm_0.66_1.00_0.01,enc_avif,quality_auto/74d008_4c0363fa4e6343bba97889ef899b66aa~mv2.jpg","153099"
"Image","https://www.lifeusa.org/post/life-for-relief-and-development-life-delivers-emergency-food-and-water-assistance-in-gaza-through","https://static.wixstatic.com/media/74d008_4c0363fa4e6343bba97889ef899b66aa~mv2.jpg/v1/fill/w_980,h_551,al_c,q_85,usm_0.66_1.00_0.01,enc_avif,quality_auto/74d008_4c0363fa4e6343bba97889ef899b66aa~mv2.jpg","153099"
"Image","https://www.lifeusa.org/post/water-stops-being-a-daily-worry-for-two-communities-in-nepal","https://static.wixstatic.com/media/74d008_4c0363fa4e6343bba97889ef899b66aa~mv2.jpg/v1/fill/w_980,h_551,al_c,q_85,usm_0.66_1.00_0.01,enc_avif,quality_auto/74d008_4c0363fa4e6343bba97889ef899b66aa~mv2.jpg","153099"
"Image","https://www.lifeusa.org/post/clean-water-restored-through-life-for-relief-and-development-life-s-water-well-projects-in-sierra","https://static.wixstatic.com/media/74d008_4c0363fa4e6343bba97889ef899b66aa~mv2.jpg/v1/fill/w_980,h_551,al_c,q_85,usm_0.66_1.00_0.01,enc_avif,quality_auto/74d008_4c0363fa4e6343bba97889ef899b66aa~mv2.jpg","153099"
"Image","https://www.lifeusa.org/post/clean-water-new-possibilities-through-life-for-relief-and-development-life-s-water-well-projects","https://static.wixstatic.com/media/74d008_4c0363fa4e6343bba97889ef899b66aa~mv2.jpg/v1/fill/w_980,h_551,al_c,q_85,usm_0.66_1.00_0.01,enc_avif,quality_auto/74d008_4c0363fa4e6343bba97889ef899b66aa~mv2.jpg","153099"
"Image","https://www.lifeusa.org/post/life-for-relief-and-development-life-s-orphan-sponsorship-supports-152-children-in-indonesia","https://static.wixstatic.com/media/74d008_4c0363fa4e6343bba97889ef899b66aa~mv2.jpg/v1/fill/w_980,h_551,al_c,q_85,usm_0.66_1.00_0.01,enc_avif,quality_auto/74d008_4c0363fa4e6343bba97889ef899b66aa~mv2.jpg","153099"
"Image","https://www.lifeusa.org/post/clean-water-for-students-as-life-for-relief-and-development-life-installs-solar-water-wells-in-pak","https://static.wixstatic.com/media/74d008_4c0363fa4e6343bba97889ef899b66aa~mv2.jpg/v1/fill/w_980,h_551,al_c,q_85,usm_0.66_1.00_0.01,enc_avif,quality_auto/74d008_4c0363fa4e6343bba97889ef899b66aa~mv2.jpg","153099"
"Image","https://www.lifeusa.org/post/life-builds-five-clean-water-projects-across-two-regions-in-myanmar","https://static.wixstatic.com/media/74d008_4c0363fa4e6343bba97889ef899b66aa~mv2.jpg/v1/fill/w_980,h_551,al_c,q_85,usm_0.66_1.00_0.01,enc_avif,quality_auto/74d008_4c0363fa4e6343bba97889ef899b66aa~mv2.jpg","153099"
"Image","https://www.lifeusa.org/post/life-distributes-fresh-meat-in-texas","https://static.wixstatic.com/media/74d008_4c0363fa4e6343bba97889ef899b66aa~mv2.jpg/v1/fill/w_980,h_551,al_c,q_85,usm_0.66_1.00_0.01,enc_avif,quality_auto/74d008_4c0363fa4e6343bba97889ef899b66aa~mv2.jpg","153099"
"Image","https://www.lifeusa.org/post/hearing-the-call-southwest-florida","https://static.wixstatic.com/media/74d008_4c0363fa4e6343bba97889ef899b66aa~mv2.jpg/v1/fill/w_980,h_551,al_c,q_85,usm_0.66_1.00_0.01,enc_avif,quality_auto/74d008_4c0363fa4e6343bba97889ef899b66aa~mv2.jpg","153099"
"Image","https://www.lifeusa.org/post/life-provides-backpacks-to-foster-youth-in-the-united-states","https://static.wixstatic.com/media/74d008_4c0363fa4e6343bba97889ef899b66aa~mv2.jpg/v1/fill/w_980,h_551,al_c,q_85,usm_0.66_1.00_0.01,enc_avif,quality_auto/74d008_4c0363fa4e6343bba97889ef899b66aa~mv2.jpg","153099"
"Image","https://www.lifeusa.org/post/food-packages-maryland","https://static.wixstatic.com/media/74d008_4c0363fa4e6343bba97889ef899b66aa~mv2.jpg/v1/fill/w_980,h_551,al_c,q_85,usm_0.66_1.00_0.01,enc_avif,quality_auto/74d008_4c0363fa4e6343bba97889ef899b66aa~mv2.jpg","153099"
"Image","https://www.lifeusa.org/post/hearing-aids-colorado","https://static.wixstatic.com/media/74d008_4c0363fa4e6343bba97889ef899b66aa~mv2.jpg/v1/fill/w_980,h_551,al_c,q_85,usm_0.66_1.00_0.01,enc_avif,quality_auto/74d008_4c0363fa4e6343bba97889ef899b66aa~mv2.jpg","153099"
"Image","https://www.lifeusa.org/post/life-distributes-water-tanks-to-families-in-the-gaza-strip","https://static.wixstatic.com/media/74d008_4c0363fa4e6343bba97889ef899b66aa~mv2.jpg/v1/fill/w_980,h_551,al_c,q_85,usm_0.66_1.00_0.01,enc_avif,quality_auto/74d008_4c0363fa4e6343bba97889ef899b66aa~mv2.jpg","153099"
"Image","https://www.lifeusa.org/post/life-continues-to-provide-emergency-aid-in-gaza","https://static.wixstatic.com/media/74d008_4c0363fa4e6343bba97889ef899b66aa~mv2.jpg/v1/fill/w_980,h_551,al_c,q_85,usm_0.66_1.00_0.01,enc_avif,quality_auto/74d008_4c0363fa4e6343bba97889ef899b66aa~mv2.jpg","153099"
"Image","https://www.lifeusa.org/post/life-provides-emergency-relief-to-gaza","https://static.wixstatic.com/media/74d008_4c0363fa4e6343bba97889ef899b66aa~mv2.jpg/v1/fill/w_980,h_551,al_c,q_85,usm_0.66_1.00_0.01,enc_avif,quality_auto/74d008_4c0363fa4e6343bba97889ef899b66aa~mv2.jpg","153099"
"Image","https://www.lifeusa.org/post/life-provides-emergency-relief-to-gaza-1","https://static.wixstatic.com/media/74d008_4c0363fa4e6343bba97889ef899b66aa~mv2.jpg/v1/fill/w_980,h_551,al_c,q_85,usm_0.66_1.00_0.01,enc_avif,quality_auto/74d008_4c0363fa4e6343bba97889ef899b66aa~mv2.jpg","153099"
"Image","https://www.lifeusa.org/post/life-distributes-udhiyah-meat-in-jordan","https://static.wixstatic.com/media/74d008_4c0363fa4e6343bba97889ef899b66aa~mv2.jpg/v1/fill/w_980,h_551,al_c,q_85,usm_0.66_1.00_0.01,enc_avif,quality_auto/74d008_4c0363fa4e6343bba97889ef899b66aa~mv2.jpg","153099"
"Image","https://www.lifeusa.org/post/life-s-orphan-sponsorship-program-in-lebanon-and-jordan","https://static.wixstatic.com/media/74d008_4c0363fa4e6343bba97889ef899b66aa~mv2.jpg/v1/fill/w_980,h_551,al_c,q_85,usm_0.66_1.00_0.01,enc_avif,quality_auto/74d008_4c0363fa4e6343bba97889ef899b66aa~mv2.jpg","153099"
"Image","https://www.lifeusa.org/post/hearing-the-call-louisiana","https://static.wixstatic.com/media/74d008_4c0363fa4e6343bba97889ef899b66aa~mv2.jpg/v1/fill/w_980,h_551,al_c,q_85,usm_0.66_1.00_0.01,enc_avif,quality_auto/74d008_4c0363fa4e6343bba97889ef899b66aa~mv2.jpg","153099"
"Image","https://www.lifeusa.org/post/back-to-school-in-kenya","https://static.wixstatic.com/media/74d008_4c0363fa4e6343bba97889ef899b66aa~mv2.jpg/v1/fill/w_980,h_551,al_c,q_85,usm_0.66_1.00_0.01,enc_avif,quality_auto/74d008_4c0363fa4e6343bba97889ef899b66aa~mv2.jpg","153099"
"Image","https://www.lifeusa.org/post/back-to-school-project-haiti","https://static.wixstatic.com/media/74d008_4c0363fa4e6343bba97889ef899b66aa~mv2.jpg/v1/fill/w_980,h_551,al_c,q_85,usm_0.66_1.00_0.01,enc_avif,quality_auto/74d008_4c0363fa4e6343bba97889ef899b66aa~mv2.jpg","153099"
"Image","https://www.lifeusa.org/post/back-to-school-iraq","https://static.wixstatic.com/media/74d008_4c0363fa4e6343bba97889ef899b66aa~mv2.jpg/v1/fill/w_980,h_551,al_c,q_85,usm_0.66_1.00_0.01,enc_avif,quality_auto/74d008_4c0363fa4e6343bba97889ef899b66aa~mv2.jpg","153099"
"Image","https://www.lifeusa.org/post/food-baskets-in-bangladesh","https://static.wixstatic.com/media/74d008_4c0363fa4e6343bba97889ef899b66aa~mv2.jpg/v1/fill/w_980,h_551,al_c,q_85,usm_0.66_1.00_0.01,enc_avif,quality_auto/74d008_4c0363fa4e6343bba97889ef899b66aa~mv2.jpg","153099"
"Image","https://www.lifeusa.org/post/life-distributes-ramadan-food-baskets-in-lebanon","https://static.wixstatic.com/media/74d008_4c0363fa4e6343bba97889ef899b66aa~mv2.jpg/v1/fill/w_980,h_551,al_c,q_85,usm_0.66_1.00_0.01,enc_avif,quality_auto/74d008_4c0363fa4e6343bba97889ef899b66aa~mv2.jpg","153099"
"Image","https://www.lifeusa.org/post/life-distributes-ramadan-food-baskets-in-the-horn-of-africa","https://static.wixstatic.com/media/74d008_4c0363fa4e6343bba97889ef899b66aa~mv2.jpg/v1/fill/w_980,h_551,al_c,q_85,usm_0.66_1.00_0.01,enc_avif,quality_auto/74d008_4c0363fa4e6343bba97889ef899b66aa~mv2.jpg","153099"
"Image","https://www.lifeusa.org/post/life-distributes-food-baskets-during-ramadan-in-bosnia","https://static.wixstatic.com/media/74d008_4c0363fa4e6343bba97889ef899b66aa~mv2.jpg/v1/fill/w_980,h_551,al_c,q_85,usm_0.66_1.00_0.01,enc_avif,quality_auto/74d008_4c0363fa4e6343bba97889ef899b66aa~mv2.jpg","153099"
"Image","https://www.lifeusa.org/post/life-distributes-ramadan-food-baskets-in-haiti","https://static.wixstatic.com/media/74d008_4c0363fa4e6343bba97889ef899b66aa~mv2.jpg/v1/fill/w_980,h_551,al_c,q_85,usm_0.66_1.00_0.01,enc_avif,quality_auto/74d008_4c0363fa4e6343bba97889ef899b66aa~mv2.jpg","153099"
"Image","https://www.lifeusa.org/post/life-provides-food-baskets-to-orphans-in-iraq","https://static.wixstatic.com/media/74d008_4c0363fa4e6343bba97889ef899b66aa~mv2.jpg/v1/fill/w_980,h_551,al_c,q_85,usm_0.66_1.00_0.01,enc_avif,quality_auto/74d008_4c0363fa4e6343bba97889ef899b66aa~mv2.jpg","153099"
"Image","https://www.lifeusa.org/post/sports-field-rehabilitation-in-iraq","https://static.wixstatic.com/media/74d008_4c0363fa4e6343bba97889ef899b66aa~mv2.jpg/v1/fill/w_980,h_551,al_c,q_85,usm_0.66_1.00_0.01,enc_avif,quality_auto/74d008_4c0363fa4e6343bba97889ef899b66aa~mv2.jpg","153099"
"Image","https://www.lifeusa.org/post/furniture-for-new-horizon-s-ministries","https://static.wixstatic.com/media/74d008_4c0363fa4e6343bba97889ef899b66aa~mv2.jpg/v1/fill/w_980,h_551,al_c,q_85,usm_0.66_1.00_0.01,enc_avif,quality_auto/74d008_4c0363fa4e6343bba97889ef899b66aa~mv2.jpg","153099"
"Image","https://www.lifeusa.org/post/life-distributes-udhiyah-meat-in-afghanistan","https://static.wixstatic.com/media/74d008_4c0363fa4e6343bba97889ef899b66aa~mv2.jpg/v1/fill/w_980,h_551,al_c,q_85,usm_0.66_1.00_0.01,enc_avif,quality_auto/74d008_4c0363fa4e6343bba97889ef899b66aa~mv2.jpg","153099"
"Image","https://www.lifeusa.org/post/winter-blankets-bangladesh","https://static.wixstatic.com/media/74d008_4c0363fa4e6343bba97889ef899b66aa~mv2.jpg/v1/fill/w_980,h_551,al_c,q_85,usm_0.66_1.00_0.01,enc_avif,quality_auto/74d008_4c0363fa4e6343bba97889ef899b66aa~mv2.jpg","153099"
"Image","https://www.lifeusa.org/post/life-distributes-ramadan-meals-in-mali","https://static.wixstatic.com/media/74d008_4c0363fa4e6343bba97889ef899b66aa~mv2.jpg/v1/fill/w_980,h_551,al_c,q_85,usm_0.66_1.00_0.01,enc_avif,quality_auto/74d008_4c0363fa4e6343bba97889ef899b66aa~mv2.jpg","153099"
"Image","https://www.lifeusa.org/post/pakistan-fresh-meat-distribution-and-orphan-eid-party","https://static.wixstatic.com/media/74d008_4c0363fa4e6343bba97889ef899b66aa~mv2.jpg/v1/fill/w_980,h_551,al_c,q_85,usm_0.66_1.00_0.01,enc_avif,quality_auto/74d008_4c0363fa4e6343bba97889ef899b66aa~mv2.jpg","153099"
"Image","https://www.lifeusa.org/post/life-distributes-udhiyah-meat-in-egypt","https://static.wixstatic.com/media/74d008_4c0363fa4e6343bba97889ef899b66aa~mv2.jpg/v1/fill/w_980,h_551,al_c,q_85,usm_0.66_1.00_0.01,enc_avif,quality_auto/74d008_4c0363fa4e6343bba97889ef899b66aa~mv2.jpg","153099"
"Image","https://www.lifeusa.org/post/life-distributes-fresh-meat-in-bosnia-and-herzegovina","https://static.wixstatic.com/media/74d008_4c0363fa4e6343bba97889ef899b66aa~mv2.jpg/v1/fill/w_980,h_551,al_c,q_85,usm_0.66_1.00_0.01,enc_avif,quality_auto/74d008_4c0363fa4e6343bba97889ef899b66aa~mv2.jpg","153099"
"Image","https://www.lifeusa.org/post/life-distributes-fresh-meat-in-syria","https://static.wixstatic.com/media/74d008_4c0363fa4e6343bba97889ef899b66aa~mv2.jpg/v1/fill/w_980,h_551,al_c,q_85,usm_0.66_1.00_0.01,enc_avif,quality_auto/74d008_4c0363fa4e6343bba97889ef899b66aa~mv2.jpg","153099"
"Image","https://www.lifeusa.org/post/life-distributes-ramadan-food-baskets-yemen","https://static.wixstatic.com/media/74d008_4c0363fa4e6343bba97889ef899b66aa~mv2.jpg/v1/fill/w_980,h_551,al_c,q_85,usm_0.66_1.00_0.01,enc_avif,quality_auto/74d008_4c0363fa4e6343bba97889ef899b66aa~mv2.jpg","153099"
"Image","https://www.lifeusa.org/post/life-distributes-udhiyah-meat-in-somalia","https://static.wixstatic.com/media/74d008_4c0363fa4e6343bba97889ef899b66aa~mv2.jpg/v1/fill/w_980,h_551,al_c,q_85,usm_0.66_1.00_0.01,enc_avif,quality_auto/74d008_4c0363fa4e6343bba97889ef899b66aa~mv2.jpg","153099"
"Image","https://www.lifeusa.org/post/life-distributes-fresh-meat-in-sudan","https://static.wixstatic.com/media/74d008_4c0363fa4e6343bba97889ef899b66aa~mv2.jpg/v1/fill/w_980,h_551,al_c,q_85,usm_0.66_1.00_0.01,enc_avif,quality_auto/74d008_4c0363fa4e6343bba97889ef899b66aa~mv2.jpg","153099"
"Image","https://www.lifeusa.org/post/life-distributes-fresh-meat-in-djibouti","https://static.wixstatic.com/media/74d008_4c0363fa4e6343bba97889ef899b66aa~mv2.jpg/v1/fill/w_980,h_551,al_c,q_85,usm_0.66_1.00_0.01,enc_avif,quality_auto/74d008_4c0363fa4e6343bba97889ef899b66aa~mv2.jpg","153099"
"Image","https://www.lifeusa.org/post/life-distributes-fresh-meat-in-ethiopia","https://static.wixstatic.com/media/74d008_4c0363fa4e6343bba97889ef899b66aa~mv2.jpg/v1/fill/w_980,h_551,al_c,q_85,usm_0.66_1.00_0.01,enc_avif,quality_auto/74d008_4c0363fa4e6343bba97889ef899b66aa~mv2.jpg","153099"
"Image","https://www.lifeusa.org/post/what-happens-when-you-can-t-see-in-a-refugee-camp","https://static.wixstatic.com/media/74d008_7c80fb1214834738949aaafaa8129bc3~mv2.jpg/v1/fill/w_980,h_738,al_c,q_85,usm_0.66_1.00_0.01,enc_avif,quality_auto/74d008_7c80fb1214834738949aaafaa8129bc3~mv2.jpg","222883"
"Image","https://www.lifeusa.org/post/life-s-orphan-sponsorships-keep-children-warm-and-in-school-during-the-winter-months-in-pakistan","https://static.wixstatic.com/media/74d008_31715a9196f2489a9d521097be68d351~mv2.jpg/v1/fill/w_980,h_551,al_c,q_85,usm_0.66_1.00_0.01,enc_avif,quality_auto/74d008_31715a9196f2489a9d521097be68d351~mv2.jpg","153450"
"Image","https://www.lifeusa.org/post/life-supports-mothers-and-orphans-in-gaza-with-critical-baby-formula-and-other-essentials","https://static.wixstatic.com/media/74d008_31715a9196f2489a9d521097be68d351~mv2.jpg/v1/fill/w_980,h_551,al_c,q_85,usm_0.66_1.00_0.01,enc_avif,quality_auto/74d008_31715a9196f2489a9d521097be68d351~mv2.jpg","153450"
"Image","https://www.lifeusa.org/post/hope-returns-to-the-classroom-through-life-for-relief-and-development-life-s-orphan-sponsorship-in","https://static.wixstatic.com/media/74d008_31715a9196f2489a9d521097be68d351~mv2.jpg/v1/fill/w_980,h_551,al_c,q_85,usm_0.66_1.00_0.01,enc_avif,quality_auto/74d008_31715a9196f2489a9d521097be68d351~mv2.jpg","153450"
"Image","https://www.lifeusa.org/post/with-life-water-wells-comes-a-renewed-stability-and-health-for-1-800-people-in-niger","https://static.wixstatic.com/media/74d008_31715a9196f2489a9d521097be68d351~mv2.jpg/v1/fill/w_980,h_551,al_c,q_85,usm_0.66_1.00_0.01,enc_avif,quality_auto/74d008_31715a9196f2489a9d521097be68d351~mv2.jpg","153450"
"Image","https://www.lifeusa.org/post/in-a-tanzanian-village-water-finally-flows-close-to-home","https://static.wixstatic.com/media/74d008_31715a9196f2489a9d521097be68d351~mv2.jpg/v1/fill/w_980,h_551,al_c,q_85,usm_0.66_1.00_0.01,enc_avif,quality_auto/74d008_31715a9196f2489a9d521097be68d351~mv2.jpg","153450"
"Image","https://www.lifeusa.org/post/life-continues-saving-lives-in-gaza-as-emergency-food-and-water-relief-reaches-thousands","https://static.wixstatic.com/media/74d008_31715a9196f2489a9d521097be68d351~mv2.jpg/v1/fill/w_980,h_551,al_c,q_85,usm_0.66_1.00_0.01,enc_avif,quality_auto/74d008_31715a9196f2489a9d521097be68d351~mv2.jpg","153450"
"Image","https://www.lifeusa.org/post/life-supporting-orphans-families-gaza","https://static.wixstatic.com/media/74d008_31715a9196f2489a9d521097be68d351~mv2.jpg/v1/fill/w_980,h_551,al_c,q_85,usm_0.66_1.00_0.01,enc_avif,quality_auto/74d008_31715a9196f2489a9d521097be68d351~mv2.jpg","153450"
"Image","https://www.lifeusa.org/post/fighting-hunger-in-somalia-life-for-relief-and-development-life-s-food-distribution-reaches-displ","https://static.wixstatic.com/media/74d008_31715a9196f2489a9d521097be68d351~mv2.jpg/v1/fill/w_980,h_551,al_c,q_85,usm_0.66_1.00_0.01,enc_avif,quality_auto/74d008_31715a9196f2489a9d521097be68d351~mv2.jpg","153450"
"Image","https://www.lifeusa.org/post/life-for-relief-and-development-life-usa-restores-shelter-and-safety-for-8-050-displaced-individua","https://static.wixstatic.com/media/74d008_31715a9196f2489a9d521097be68d351~mv2.jpg/v1/fill/w_980,h_551,al_c,q_85,usm_0.66_1.00_0.01,enc_avif,quality_auto/74d008_31715a9196f2489a9d521097be68d351~mv2.jpg","153450"
"Image","https://www.lifeusa.org/post/new-solar-powered-water-wells-bring-clean-water-to-3-300-people-in-pakistan","https://static.wixstatic.com/media/74d008_31715a9196f2489a9d521097be68d351~mv2.jpg/v1/fill/w_980,h_551,al_c,q_85,usm_0.66_1.00_0.01,enc_avif,quality_auto/74d008_31715a9196f2489a9d521097be68d351~mv2.jpg","153450"
"Image","https://www.lifeusa.org/post/life-provides-medical-student-scholarships-in-the-west-bank","https://static.wixstatic.com/media/74d008_31715a9196f2489a9d521097be68d351~mv2.jpg/v1/fill/w_980,h_551,al_c,q_85,usm_0.66_1.00_0.01,enc_avif,quality_auto/74d008_31715a9196f2489a9d521097be68d351~mv2.jpg","153450"
"Image","https://www.lifeusa.org/post/life-for-relief-and-development-protects-5-000-children-from-harsh-winter-conditions-in-gaza","https://static.wixstatic.com/media/74d008_31715a9196f2489a9d521097be68d351~mv2.jpg/v1/fill/w_980,h_551,al_c,q_85,usm_0.66_1.00_0.01,enc_avif,quality_auto/74d008_31715a9196f2489a9d521097be68d351~mv2.jpg","153450"
"Image","https://www.lifeusa.org/post/life-for-relief-and-development-sustains-higher-education-in-syria","https://static.wixstatic.com/media/74d008_31715a9196f2489a9d521097be68d351~mv2.jpg/v1/fill/w_980,h_551,al_c,q_85,usm_0.66_1.00_0.01,enc_avif,quality_auto/74d008_31715a9196f2489a9d521097be68d351~mv2.jpg","153450"
"Image","https://www.lifeusa.org/post/over-1-000-orphans-across-jordan-uplifted-through-life-sponsorship-program","https://static.wixstatic.com/media/74d008_31715a9196f2489a9d521097be68d351~mv2.jpg/v1/fill/w_980,h_551,al_c,q_85,usm_0.66_1.00_0.01,enc_avif,quality_auto/74d008_31715a9196f2489a9d521097be68d351~mv2.jpg","153450"
"Image","https://www.lifeusa.org/post/life-for-relief-and-development-life-delivers-emergency-food-and-water-assistance-in-gaza-through","https://static.wixstatic.com/media/74d008_31715a9196f2489a9d521097be68d351~mv2.jpg/v1/fill/w_980,h_551,al_c,q_85,usm_0.66_1.00_0.01,enc_avif,quality_auto/74d008_31715a9196f2489a9d521097be68d351~mv2.jpg","153450"
"Image","https://www.lifeusa.org/post/water-stops-being-a-daily-worry-for-two-communities-in-nepal","https://static.wixstatic.com/media/74d008_31715a9196f2489a9d521097be68d351~mv2.jpg/v1/fill/w_980,h_551,al_c,q_85,usm_0.66_1.00_0.01,enc_avif,quality_auto/74d008_31715a9196f2489a9d521097be68d351~mv2.jpg","153450"
"Image","https://www.lifeusa.org/post/clean-water-restored-through-life-for-relief-and-development-life-s-water-well-projects-in-sierra","https://static.wixstatic.com/media/74d008_31715a9196f2489a9d521097be68d351~mv2.jpg/v1/fill/w_980,h_551,al_c,q_85,usm_0.66_1.00_0.01,enc_avif,quality_auto/74d008_31715a9196f2489a9d521097be68d351~mv2.jpg","153450"
"Image","https://www.lifeusa.org/post/clean-water-new-possibilities-through-life-for-relief-and-development-life-s-water-well-projects","https://static.wixstatic.com/media/74d008_31715a9196f2489a9d521097be68d351~mv2.jpg/v1/fill/w_980,h_551,al_c,q_85,usm_0.66_1.00_0.01,enc_avif,quality_auto/74d008_31715a9196f2489a9d521097be68d351~mv2.jpg","153450"
"Image","https://www.lifeusa.org/post/life-for-relief-and-development-life-s-orphan-sponsorship-supports-152-children-in-indonesia","https://static.wixstatic.com/media/74d008_31715a9196f2489a9d521097be68d351~mv2.jpg/v1/fill/w_980,h_551,al_c,q_85,usm_0.66_1.00_0.01,enc_avif,quality_auto/74d008_31715a9196f2489a9d521097be68d351~mv2.jpg","153450"
"Image","https://www.lifeusa.org/post/clean-water-for-students-as-life-for-relief-and-development-life-installs-solar-water-wells-in-pak","https://static.wixstatic.com/media/74d008_31715a9196f2489a9d521097be68d351~mv2.jpg/v1/fill/w_980,h_551,al_c,q_85,usm_0.66_1.00_0.01,enc_avif,quality_auto/74d008_31715a9196f2489a9d521097be68d351~mv2.jpg","153450"
"Image","https://www.lifeusa.org/post/life-builds-five-clean-water-projects-across-two-regions-in-myanmar","https://static.wixstatic.com/media/74d008_31715a9196f2489a9d521097be68d351~mv2.jpg/v1/fill/w_980,h_551,al_c,q_85,usm_0.66_1.00_0.01,enc_avif,quality_auto/74d008_31715a9196f2489a9d521097be68d351~mv2.jpg","153450"
"Image","https://www.lifeusa.org/post/life-distributes-fresh-meat-in-texas","https://static.wixstatic.com/media/74d008_31715a9196f2489a9d521097be68d351~mv2.jpg/v1/fill/w_980,h_551,al_c,q_85,usm_0.66_1.00_0.01,enc_avif,quality_auto/74d008_31715a9196f2489a9d521097be68d351~mv2.jpg","153450"
"Image","https://www.lifeusa.org/post/hearing-the-call-southwest-florida","https://static.wixstatic.com/media/74d008_31715a9196f2489a9d521097be68d351~mv2.jpg/v1/fill/w_980,h_551,al_c,q_85,usm_0.66_1.00_0.01,enc_avif,quality_auto/74d008_31715a9196f2489a9d521097be68d351~mv2.jpg","153450"
"Image","https://www.lifeusa.org/post/life-provides-backpacks-to-foster-youth-in-the-united-states","https://static.wixstatic.com/media/74d008_31715a9196f2489a9d521097be68d351~mv2.jpg/v1/fill/w_980,h_551,al_c,q_85,usm_0.66_1.00_0.01,enc_avif,quality_auto/74d008_31715a9196f2489a9d521097be68d351~mv2.jpg","153450"
"Image","https://www.lifeusa.org/post/food-packages-maryland","https://static.wixstatic.com/media/74d008_31715a9196f2489a9d521097be68d351~mv2.jpg/v1/fill/w_980,h_551,al_c,q_85,usm_0.66_1.00_0.01,enc_avif,quality_auto/74d008_31715a9196f2489a9d521097be68d351~mv2.jpg","153450"
"Image","https://www.lifeusa.org/post/hearing-aids-colorado","https://static.wixstatic.com/media/74d008_31715a9196f2489a9d521097be68d351~mv2.jpg/v1/fill/w_980,h_551,al_c,q_85,usm_0.66_1.00_0.01,enc_avif,quality_auto/74d008_31715a9196f2489a9d521097be68d351~mv2.jpg","153450"
"Image","https://www.lifeusa.org/post/life-distributes-water-tanks-to-families-in-the-gaza-strip","https://static.wixstatic.com/media/74d008_31715a9196f2489a9d521097be68d351~mv2.jpg/v1/fill/w_980,h_551,al_c,q_85,usm_0.66_1.00_0.01,enc_avif,quality_auto/74d008_31715a9196f2489a9d521097be68d351~mv2.jpg","153450"
"Image","https://www.lifeusa.org/post/life-continues-to-provide-emergency-aid-in-gaza","https://static.wixstatic.com/media/74d008_31715a9196f2489a9d521097be68d351~mv2.jpg/v1/fill/w_980,h_551,al_c,q_85,usm_0.66_1.00_0.01,enc_avif,quality_auto/74d008_31715a9196f2489a9d521097be68d351~mv2.jpg","153450"
"Image","https://www.lifeusa.org/post/life-provides-emergency-relief-to-gaza","https://static.wixstatic.com/media/74d008_31715a9196f2489a9d521097be68d351~mv2.jpg/v1/fill/w_980,h_551,al_c,q_85,usm_0.66_1.00_0.01,enc_avif,quality_auto/74d008_31715a9196f2489a9d521097be68d351~mv2.jpg","153450"
"Image","https://www.lifeusa.org/post/life-provides-emergency-relief-to-gaza-1","https://static.wixstatic.com/media/74d008_31715a9196f2489a9d521097be68d351~mv2.jpg/v1/fill/w_980,h_551,al_c,q_85,usm_0.66_1.00_0.01,enc_avif,quality_auto/74d008_31715a9196f2489a9d521097be68d351~mv2.jpg","153450"
"Image","https://www.lifeusa.org/post/life-distributes-udhiyah-meat-in-jordan","https://static.wixstatic.com/media/74d008_31715a9196f2489a9d521097be68d351~mv2.jpg/v1/fill/w_980,h_551,al_c,q_85,usm_0.66_1.00_0.01,enc_avif,quality_auto/74d008_31715a9196f2489a9d521097be68d351~mv2.jpg","153450"
"Image","https://www.lifeusa.org/post/life-s-orphan-sponsorship-program-in-lebanon-and-jordan","https://static.wixstatic.com/media/74d008_31715a9196f2489a9d521097be68d351~mv2.jpg/v1/fill/w_980,h_551,al_c,q_85,usm_0.66_1.00_0.01,enc_avif,quality_auto/74d008_31715a9196f2489a9d521097be68d351~mv2.jpg","153450"
"Image","https://www.lifeusa.org/post/hearing-the-call-louisiana","https://static.wixstatic.com/media/74d008_31715a9196f2489a9d521097be68d351~mv2.jpg/v1/fill/w_980,h_551,al_c,q_85,usm_0.66_1.00_0.01,enc_avif,quality_auto/74d008_31715a9196f2489a9d521097be68d351~mv2.jpg","153450"
"Image","https://www.lifeusa.org/post/back-to-school-in-kenya","https://static.wixstatic.com/media/74d008_31715a9196f2489a9d521097be68d351~mv2.jpg/v1/fill/w_980,h_551,al_c,q_85,usm_0.66_1.00_0.01,enc_avif,quality_auto/74d008_31715a9196f2489a9d521097be68d351~mv2.jpg","153450"
"Image","https://www.lifeusa.org/post/back-to-school-project-haiti","https://static.wixstatic.com/media/74d008_31715a9196f2489a9d521097be68d351~mv2.jpg/v1/fill/w_980,h_551,al_c,q_85,usm_0.66_1.00_0.01,enc_avif,quality_auto/74d008_31715a9196f2489a9d521097be68d351~mv2.jpg","153450"
"Image","https://www.lifeusa.org/post/back-to-school-iraq","https://static.wixstatic.com/media/74d008_31715a9196f2489a9d521097be68d351~mv2.jpg/v1/fill/w_980,h_551,al_c,q_85,usm_0.66_1.00_0.01,enc_avif,quality_auto/74d008_31715a9196f2489a9d521097be68d351~mv2.jpg","153450"
"Image","https://www.lifeusa.org/post/food-baskets-in-bangladesh","https://static.wixstatic.com/media/74d008_31715a9196f2489a9d521097be68d351~mv2.jpg/v1/fill/w_980,h_551,al_c,q_85,usm_0.66_1.00_0.01,enc_avif,quality_auto/74d008_31715a9196f2489a9d521097be68d351~mv2.jpg","153450"
"Image","https://www.lifeusa.org/post/life-distributes-ramadan-food-baskets-in-lebanon","https://static.wixstatic.com/media/74d008_31715a9196f2489a9d521097be68d351~mv2.jpg/v1/fill/w_980,h_551,al_c,q_85,usm_0.66_1.00_0.01,enc_avif,quality_auto/74d008_31715a9196f2489a9d521097be68d351~mv2.jpg","153450"
"Image","https://www.lifeusa.org/post/life-distributes-ramadan-food-baskets-in-the-horn-of-africa","https://static.wixstatic.com/media/74d008_31715a9196f2489a9d521097be68d351~mv2.jpg/v1/fill/w_980,h_551,al_c,q_85,usm_0.66_1.00_0.01,enc_avif,quality_auto/74d008_31715a9196f2489a9d521097be68d351~mv2.jpg","153450"
"Image","https://www.lifeusa.org/post/life-distributes-food-baskets-during-ramadan-in-bosnia","https://static.wixstatic.com/media/74d008_31715a9196f2489a9d521097be68d351~mv2.jpg/v1/fill/w_980,h_551,al_c,q_85,usm_0.66_1.00_0.01,enc_avif,quality_auto/74d008_31715a9196f2489a9d521097be68d351~mv2.jpg","153450"
"Image","https://www.lifeusa.org/post/life-distributes-ramadan-food-baskets-in-haiti","https://static.wixstatic.com/media/74d008_31715a9196f2489a9d521097be68d351~mv2.jpg/v1/fill/w_980,h_551,al_c,q_85,usm_0.66_1.00_0.01,enc_avif,quality_auto/74d008_31715a9196f2489a9d521097be68d351~mv2.jpg","153450"
"Image","https://www.lifeusa.org/post/life-provides-food-baskets-to-orphans-in-iraq","https://static.wixstatic.com/media/74d008_31715a9196f2489a9d521097be68d351~mv2.jpg/v1/fill/w_980,h_551,al_c,q_85,usm_0.66_1.00_0.01,enc_avif,quality_auto/74d008_31715a9196f2489a9d521097be68d351~mv2.jpg","153450"
"Image","https://www.lifeusa.org/post/sports-field-rehabilitation-in-iraq","https://static.wixstatic.com/media/74d008_31715a9196f2489a9d521097be68d351~mv2.jpg/v1/fill/w_980,h_551,al_c,q_85,usm_0.66_1.00_0.01,enc_avif,quality_auto/74d008_31715a9196f2489a9d521097be68d351~mv2.jpg","153450"
"Image","https://www.lifeusa.org/post/furniture-for-new-horizon-s-ministries","https://static.wixstatic.com/media/74d008_31715a9196f2489a9d521097be68d351~mv2.jpg/v1/fill/w_980,h_551,al_c,q_85,usm_0.66_1.00_0.01,enc_avif,quality_auto/74d008_31715a9196f2489a9d521097be68d351~mv2.jpg","153450"
"Image","https://www.lifeusa.org/post/life-distributes-udhiyah-meat-in-afghanistan","https://static.wixstatic.com/media/74d008_31715a9196f2489a9d521097be68d351~mv2.jpg/v1/fill/w_980,h_551,al_c,q_85,usm_0.66_1.00_0.01,enc_avif,quality_auto/74d008_31715a9196f2489a9d521097be68d351~mv2.jpg","153450"
"Image","https://www.lifeusa.org/post/winter-blankets-bangladesh","https://static.wixstatic.com/media/74d008_31715a9196f2489a9d521097be68d351~mv2.jpg/v1/fill/w_980,h_551,al_c,q_85,usm_0.66_1.00_0.01,enc_avif,quality_auto/74d008_31715a9196f2489a9d521097be68d351~mv2.jpg","153450"
"Image","https://www.lifeusa.org/post/life-distributes-ramadan-meals-in-mali","https://static.wixstatic.com/media/74d008_31715a9196f2489a9d521097be68d351~mv2.jpg/v1/fill/w_980,h_551,al_c,q_85,usm_0.66_1.00_0.01,enc_avif,quality_auto/74d008_31715a9196f2489a9d521097be68d351~mv2.jpg","153450"
"Image","https://www.lifeusa.org/post/pakistan-fresh-meat-distribution-and-orphan-eid-party","https://static.wixstatic.com/media/74d008_31715a9196f2489a9d521097be68d351~mv2.jpg/v1/fill/w_980,h_551,al_c,q_85,usm_0.66_1.00_0.01,enc_avif,quality_auto/74d008_31715a9196f2489a9d521097be68d351~mv2.jpg","153450"
"Image","https://www.lifeusa.org/post/life-distributes-udhiyah-meat-in-egypt","https://static.wixstatic.com/media/74d008_31715a9196f2489a9d521097be68d351~mv2.jpg/v1/fill/w_980,h_551,al_c,q_85,usm_0.66_1.00_0.01,enc_avif,quality_auto/74d008_31715a9196f2489a9d521097be68d351~mv2.jpg","153450"
"Image","https://www.lifeusa.org/post/life-distributes-fresh-meat-in-bosnia-and-herzegovina","https://static.wixstatic.com/media/74d008_31715a9196f2489a9d521097be68d351~mv2.jpg/v1/fill/w_980,h_551,al_c,q_85,usm_0.66_1.00_0.01,enc_avif,quality_auto/74d008_31715a9196f2489a9d521097be68d351~mv2.jpg","153450"
"Image","https://www.lifeusa.org/post/life-distributes-fresh-meat-in-syria","https://static.wixstatic.com/media/74d008_31715a9196f2489a9d521097be68d351~mv2.jpg/v1/fill/w_980,h_551,al_c,q_85,usm_0.66_1.00_0.01,enc_avif,quality_auto/74d008_31715a9196f2489a9d521097be68d351~mv2.jpg","153450"
"Image","https://www.lifeusa.org/post/life-distributes-ramadan-food-baskets-yemen","https://static.wixstatic.com/media/74d008_31715a9196f2489a9d521097be68d351~mv2.jpg/v1/fill/w_980,h_551,al_c,q_85,usm_0.66_1.00_0.01,enc_avif,quality_auto/74d008_31715a9196f2489a9d521097be68d351~mv2.jpg","153450"
"Image","https://www.lifeusa.org/post/life-distributes-udhiyah-meat-in-somalia","https://static.wixstatic.com/media/74d008_31715a9196f2489a9d521097be68d351~mv2.jpg/v1/fill/w_980,h_551,al_c,q_85,usm_0.66_1.00_0.01,enc_avif,quality_auto/74d008_31715a9196f2489a9d521097be68d351~mv2.jpg","153450"
"Image","https://www.lifeusa.org/post/life-distributes-fresh-meat-in-sudan","https://static.wixstatic.com/media/74d008_31715a9196f2489a9d521097be68d351~mv2.jpg/v1/fill/w_980,h_551,al_c,q_85,usm_0.66_1.00_0.01,enc_avif,quality_auto/74d008_31715a9196f2489a9d521097be68d351~mv2.jpg","153450"
"Image","https://www.lifeusa.org/post/life-distributes-fresh-meat-in-djibouti","https://static.wixstatic.com/media/74d008_31715a9196f2489a9d521097be68d351~mv2.jpg/v1/fill/w_980,h_551,al_c,q_85,usm_0.66_1.00_0.01,enc_avif,quality_auto/74d008_31715a9196f2489a9d521097be68d351~mv2.jpg","153450"
"Image","https://www.lifeusa.org/post/life-distributes-fresh-meat-in-ethiopia","https://static.wixstatic.com/media/74d008_31715a9196f2489a9d521097be68d351~mv2.jpg/v1/fill/w_980,h_551,al_c,q_85,usm_0.66_1.00_0.01,enc_avif,quality_auto/74d008_31715a9196f2489a9d521097be68d351~mv2.jpg","153450"
"Image","https://www.lifeusa.org/post/life-s-orphan-sponsorships-keep-children-warm-and-in-school-during-the-winter-months-in-pakistan","https://static.wixstatic.com/media/74d008_1ade9bbfde17431b8f3e0fa4b8d650cf~mv2.jpg/v1/fill/w_980,h_551,al_c,q_85,usm_0.66_1.00_0.01,enc_avif,quality_auto/74d008_1ade9bbfde17431b8f3e0fa4b8d650cf~mv2.jpg","161953"
"Image","https://www.lifeusa.org/post/life-s-orphan-sponsorships-keep-children-warm-and-in-school-during-the-winter-months-in-pakistan","https://static.wixstatic.com/media/74d008_7326d883078243868c3c0631bbb3f61c~mv2.png/v1/fill/w_766,h_423,al_c,q_85,enc_avif,quality_auto/74d008_7326d883078243868c3c0631bbb3f61c~mv2.png","913706"
"Image","https://www.lifeusa.org/post/life-supports-mothers-and-orphans-in-gaza-with-critical-baby-formula-and-other-essentials","https://static.wixstatic.com/media/74d008_7326d883078243868c3c0631bbb3f61c~mv2.png/v1/fill/w_766,h_423,al_c,q_85,enc_avif,quality_auto/74d008_7326d883078243868c3c0631bbb3f61c~mv2.png","913706"
"Image","https://www.lifeusa.org/post/hope-returns-to-the-classroom-through-life-for-relief-and-development-life-s-orphan-sponsorship-in","https://static.wixstatic.com/media/74d008_7326d883078243868c3c0631bbb3f61c~mv2.png/v1/fill/w_766,h_423,al_c,q_85,enc_avif,quality_auto/74d008_7326d883078243868c3c0631bbb3f61c~mv2.png","913706"
"Image","https://www.lifeusa.org/post/with-life-water-wells-comes-a-renewed-stability-and-health-for-1-800-people-in-niger","https://static.wixstatic.com/media/74d008_7326d883078243868c3c0631bbb3f61c~mv2.png/v1/fill/w_766,h_423,al_c,q_85,enc_avif,quality_auto/74d008_7326d883078243868c3c0631bbb3f61c~mv2.png","913706"
"Image","https://www.lifeusa.org/post/in-a-tanzanian-village-water-finally-flows-close-to-home","https://static.wixstatic.com/media/74d008_7326d883078243868c3c0631bbb3f61c~mv2.png/v1/fill/w_766,h_423,al_c,q_85,enc_avif,quality_auto/74d008_7326d883078243868c3c0631bbb3f61c~mv2.png","913706"
"Image","https://www.lifeusa.org/post/life-continues-saving-lives-in-gaza-as-emergency-food-and-water-relief-reaches-thousands","https://static.wixstatic.com/media/74d008_7326d883078243868c3c0631bbb3f61c~mv2.png/v1/fill/w_766,h_423,al_c,q_85,enc_avif,quality_auto/74d008_7326d883078243868c3c0631bbb3f61c~mv2.png","913706"
"Image","https://www.lifeusa.org/post/life-supporting-orphans-families-gaza","https://static.wixstatic.com/media/74d008_7326d883078243868c3c0631bbb3f61c~mv2.png/v1/fill/w_766,h_423,al_c,q_85,enc_avif,quality_auto/74d008_7326d883078243868c3c0631bbb3f61c~mv2.png","913706"
"Image","https://www.lifeusa.org/post/fighting-hunger-in-somalia-life-for-relief-and-development-life-s-food-distribution-reaches-displ","https://static.wixstatic.com/media/74d008_7326d883078243868c3c0631bbb3f61c~mv2.png/v1/fill/w_766,h_423,al_c,q_85,enc_avif,quality_auto/74d008_7326d883078243868c3c0631bbb3f61c~mv2.png","913706"
"Image","https://www.lifeusa.org/post/life-for-relief-and-development-life-usa-restores-shelter-and-safety-for-8-050-displaced-individua","https://static.wixstatic.com/media/74d008_7326d883078243868c3c0631bbb3f61c~mv2.png/v1/fill/w_766,h_423,al_c,q_85,enc_avif,quality_auto/74d008_7326d883078243868c3c0631bbb3f61c~mv2.png","913706"
"Image","https://www.lifeusa.org/post/new-solar-powered-water-wells-bring-clean-water-to-3-300-people-in-pakistan","https://static.wixstatic.com/media/74d008_7326d883078243868c3c0631bbb3f61c~mv2.png/v1/fill/w_766,h_423,al_c,q_85,enc_avif,quality_auto/74d008_7326d883078243868c3c0631bbb3f61c~mv2.png","913706"
"Image","https://www.lifeusa.org/post/life-provides-medical-student-scholarships-in-the-west-bank","https://static.wixstatic.com/media/74d008_7326d883078243868c3c0631bbb3f61c~mv2.png/v1/fill/w_766,h_423,al_c,q_85,enc_avif,quality_auto/74d008_7326d883078243868c3c0631bbb3f61c~mv2.png","913706"
"Image","https://www.lifeusa.org/post/life-for-relief-and-development-protects-5-000-children-from-harsh-winter-conditions-in-gaza","https://static.wixstatic.com/media/74d008_7326d883078243868c3c0631bbb3f61c~mv2.png/v1/fill/w_766,h_423,al_c,q_85,enc_avif,quality_auto/74d008_7326d883078243868c3c0631bbb3f61c~mv2.png","913706"
"Image","https://www.lifeusa.org/post/life-for-relief-and-development-sustains-higher-education-in-syria","https://static.wixstatic.com/media/74d008_7326d883078243868c3c0631bbb3f61c~mv2.png/v1/fill/w_766,h_423,al_c,q_85,enc_avif,quality_auto/74d008_7326d883078243868c3c0631bbb3f61c~mv2.png","913706"
"Image","https://www.lifeusa.org/post/over-1-000-orphans-across-jordan-uplifted-through-life-sponsorship-program","https://static.wixstatic.com/media/74d008_7326d883078243868c3c0631bbb3f61c~mv2.png/v1/fill/w_766,h_423,al_c,q_85,enc_avif,quality_auto/74d008_7326d883078243868c3c0631bbb3f61c~mv2.png","913706"
"Image","https://www.lifeusa.org/post/life-for-relief-and-development-life-delivers-emergency-food-and-water-assistance-in-gaza-through","https://static.wixstatic.com/media/74d008_7326d883078243868c3c0631bbb3f61c~mv2.png/v1/fill/w_766,h_423,al_c,q_85,enc_avif,quality_auto/74d008_7326d883078243868c3c0631bbb3f61c~mv2.png","913706"
"Image","https://www.lifeusa.org/post/water-stops-being-a-daily-worry-for-two-communities-in-nepal","https://static.wixstatic.com/media/74d008_7326d883078243868c3c0631bbb3f61c~mv2.png/v1/fill/w_766,h_423,al_c,q_85,enc_avif,quality_auto/74d008_7326d883078243868c3c0631bbb3f61c~mv2.png","913706"
"Image","https://www.lifeusa.org/post/clean-water-restored-through-life-for-relief-and-development-life-s-water-well-projects-in-sierra","https://static.wixstatic.com/media/74d008_7326d883078243868c3c0631bbb3f61c~mv2.png/v1/fill/w_766,h_423,al_c,q_85,enc_avif,quality_auto/74d008_7326d883078243868c3c0631bbb3f61c~mv2.png","913706"
"Image","https://www.lifeusa.org/post/clean-water-new-possibilities-through-life-for-relief-and-development-life-s-water-well-projects","https://static.wixstatic.com/media/74d008_7326d883078243868c3c0631bbb3f61c~mv2.png/v1/fill/w_766,h_423,al_c,q_85,enc_avif,quality_auto/74d008_7326d883078243868c3c0631bbb3f61c~mv2.png","913706"
"Image","https://www.lifeusa.org/post/life-for-relief-and-development-life-s-orphan-sponsorship-supports-152-children-in-indonesia","https://static.wixstatic.com/media/74d008_7326d883078243868c3c0631bbb3f61c~mv2.png/v1/fill/w_766,h_423,al_c,q_85,enc_avif,quality_auto/74d008_7326d883078243868c3c0631bbb3f61c~mv2.png","913706"
"Image","https://www.lifeusa.org/post/clean-water-for-students-as-life-for-relief-and-development-life-installs-solar-water-wells-in-pak","https://static.wixstatic.com/media/74d008_7326d883078243868c3c0631bbb3f61c~mv2.png/v1/fill/w_766,h_423,al_c,q_85,enc_avif,quality_auto/74d008_7326d883078243868c3c0631bbb3f61c~mv2.png","913706"
"Image","https://www.lifeusa.org/post/life-builds-five-clean-water-projects-across-two-regions-in-myanmar","https://static.wixstatic.com/media/74d008_7326d883078243868c3c0631bbb3f61c~mv2.png/v1/fill/w_766,h_423,al_c,q_85,enc_avif,quality_auto/74d008_7326d883078243868c3c0631bbb3f61c~mv2.png","913706"
"Image","https://www.lifeusa.org/post/life-distributes-fresh-meat-in-texas","https://static.wixstatic.com/media/74d008_7326d883078243868c3c0631bbb3f61c~mv2.png/v1/fill/w_766,h_423,al_c,q_85,enc_avif,quality_auto/74d008_7326d883078243868c3c0631bbb3f61c~mv2.png","913706"
"Image","https://www.lifeusa.org/post/hearing-the-call-southwest-florida","https://static.wixstatic.com/media/74d008_7326d883078243868c3c0631bbb3f61c~mv2.png/v1/fill/w_766,h_423,al_c,q_85,enc_avif,quality_auto/74d008_7326d883078243868c3c0631bbb3f61c~mv2.png","913706"
"Image","https://www.lifeusa.org/post/life-provides-backpacks-to-foster-youth-in-the-united-states","https://static.wixstatic.com/media/74d008_7326d883078243868c3c0631bbb3f61c~mv2.png/v1/fill/w_766,h_423,al_c,q_85,enc_avif,quality_auto/74d008_7326d883078243868c3c0631bbb3f61c~mv2.png","913706"
"Image","https://www.lifeusa.org/post/food-packages-maryland","https://static.wixstatic.com/media/74d008_7326d883078243868c3c0631bbb3f61c~mv2.png/v1/fill/w_766,h_423,al_c,q_85,enc_avif,quality_auto/74d008_7326d883078243868c3c0631bbb3f61c~mv2.png","913706"
"Image","https://www.lifeusa.org/post/hearing-aids-colorado","https://static.wixstatic.com/media/74d008_7326d883078243868c3c0631bbb3f61c~mv2.png/v1/fill/w_766,h_423,al_c,q_85,enc_avif,quality_auto/74d008_7326d883078243868c3c0631bbb3f61c~mv2.png","913706"
"Image","https://www.lifeusa.org/post/life-distributes-water-tanks-to-families-in-the-gaza-strip","https://static.wixstatic.com/media/74d008_7326d883078243868c3c0631bbb3f61c~mv2.png/v1/fill/w_766,h_423,al_c,q_85,enc_avif,quality_auto/74d008_7326d883078243868c3c0631bbb3f61c~mv2.png","913706"
"Image","https://www.lifeusa.org/post/life-continues-to-provide-emergency-aid-in-gaza","https://static.wixstatic.com/media/74d008_7326d883078243868c3c0631bbb3f61c~mv2.png/v1/fill/w_766,h_423,al_c,q_85,enc_avif,quality_auto/74d008_7326d883078243868c3c0631bbb3f61c~mv2.png","913706"
"Image","https://www.lifeusa.org/post/life-provides-emergency-relief-to-gaza","https://static.wixstatic.com/media/74d008_7326d883078243868c3c0631bbb3f61c~mv2.png/v1/fill/w_766,h_423,al_c,q_85,enc_avif,quality_auto/74d008_7326d883078243868c3c0631bbb3f61c~mv2.png","913706"
"Image","https://www.lifeusa.org/post/life-provides-emergency-relief-to-gaza-1","https://static.wixstatic.com/media/74d008_7326d883078243868c3c0631bbb3f61c~mv2.png/v1/fill/w_766,h_423,al_c,q_85,enc_avif,quality_auto/74d008_7326d883078243868c3c0631bbb3f61c~mv2.png","913706"
"Image","https://www.lifeusa.org/post/life-distributes-udhiyah-meat-in-jordan","https://static.wixstatic.com/media/74d008_7326d883078243868c3c0631bbb3f61c~mv2.png/v1/fill/w_766,h_423,al_c,q_85,enc_avif,quality_auto/74d008_7326d883078243868c3c0631bbb3f61c~mv2.png","913706"
"Image","https://www.lifeusa.org/post/life-s-orphan-sponsorship-program-in-lebanon-and-jordan","https://static.wixstatic.com/media/74d008_7326d883078243868c3c0631bbb3f61c~mv2.png/v1/fill/w_766,h_423,al_c,q_85,enc_avif,quality_auto/74d008_7326d883078243868c3c0631bbb3f61c~mv2.png","913706"
"Image","https://www.lifeusa.org/post/hearing-the-call-louisiana","https://static.wixstatic.com/media/74d008_7326d883078243868c3c0631bbb3f61c~mv2.png/v1/fill/w_766,h_423,al_c,q_85,enc_avif,quality_auto/74d008_7326d883078243868c3c0631bbb3f61c~mv2.png","913706"
"Image","https://www.lifeusa.org/post/back-to-school-in-kenya","https://static.wixstatic.com/media/74d008_7326d883078243868c3c0631bbb3f61c~mv2.png/v1/fill/w_766,h_423,al_c,q_85,enc_avif,quality_auto/74d008_7326d883078243868c3c0631bbb3f61c~mv2.png","913706"
"Image","https://www.lifeusa.org/post/back-to-school-project-haiti","https://static.wixstatic.com/media/74d008_7326d883078243868c3c0631bbb3f61c~mv2.png/v1/fill/w_766,h_423,al_c,q_85,enc_avif,quality_auto/74d008_7326d883078243868c3c0631bbb3f61c~mv2.png","913706"
"Image","https://www.lifeusa.org/post/back-to-school-iraq","https://static.wixstatic.com/media/74d008_7326d883078243868c3c0631bbb3f61c~mv2.png/v1/fill/w_766,h_423,al_c,q_85,enc_avif,quality_auto/74d008_7326d883078243868c3c0631bbb3f61c~mv2.png","913706"
"Image","https://www.lifeusa.org/post/food-baskets-in-bangladesh","https://static.wixstatic.com/media/74d008_7326d883078243868c3c0631bbb3f61c~mv2.png/v1/fill/w_766,h_423,al_c,q_85,enc_avif,quality_auto/74d008_7326d883078243868c3c0631bbb3f61c~mv2.png","913706"
"Image","https://www.lifeusa.org/post/life-distributes-ramadan-food-baskets-in-lebanon","https://static.wixstatic.com/media/74d008_7326d883078243868c3c0631bbb3f61c~mv2.png/v1/fill/w_766,h_423,al_c,q_85,enc_avif,quality_auto/74d008_7326d883078243868c3c0631bbb3f61c~mv2.png","913706"
"Image","https://www.lifeusa.org/post/life-distributes-ramadan-food-baskets-in-the-horn-of-africa","https://static.wixstatic.com/media/74d008_7326d883078243868c3c0631bbb3f61c~mv2.png/v1/fill/w_766,h_423,al_c,q_85,enc_avif,quality_auto/74d008_7326d883078243868c3c0631bbb3f61c~mv2.png","913706"
"Image","https://www.lifeusa.org/post/life-distributes-food-baskets-during-ramadan-in-bosnia","https://static.wixstatic.com/media/74d008_7326d883078243868c3c0631bbb3f61c~mv2.png/v1/fill/w_766,h_423,al_c,q_85,enc_avif,quality_auto/74d008_7326d883078243868c3c0631bbb3f61c~mv2.png","913706"
"Image","https://www.lifeusa.org/post/life-distributes-ramadan-food-baskets-in-haiti","https://static.wixstatic.com/media/74d008_7326d883078243868c3c0631bbb3f61c~mv2.png/v1/fill/w_766,h_423,al_c,q_85,enc_avif,quality_auto/74d008_7326d883078243868c3c0631bbb3f61c~mv2.png","913706"
"Image","https://www.lifeusa.org/post/life-provides-food-baskets-to-orphans-in-iraq","https://static.wixstatic.com/media/74d008_7326d883078243868c3c0631bbb3f61c~mv2.png/v1/fill/w_766,h_423,al_c,q_85,enc_avif,quality_auto/74d008_7326d883078243868c3c0631bbb3f61c~mv2.png","913706"
"Image","https://www.lifeusa.org/post/sports-field-rehabilitation-in-iraq","https://static.wixstatic.com/media/74d008_7326d883078243868c3c0631bbb3f61c~mv2.png/v1/fill/w_766,h_423,al_c,q_85,enc_avif,quality_auto/74d008_7326d883078243868c3c0631bbb3f61c~mv2.png","913706"
"Image","https://www.lifeusa.org/post/furniture-for-new-horizon-s-ministries","https://static.wixstatic.com/media/74d008_7326d883078243868c3c0631bbb3f61c~mv2.png/v1/fill/w_766,h_423,al_c,q_85,enc_avif,quality_auto/74d008_7326d883078243868c3c0631bbb3f61c~mv2.png","913706"
"Image","https://www.lifeusa.org/post/life-distributes-udhiyah-meat-in-afghanistan","https://static.wixstatic.com/media/74d008_7326d883078243868c3c0631bbb3f61c~mv2.png/v1/fill/w_766,h_423,al_c,q_85,enc_avif,quality_auto/74d008_7326d883078243868c3c0631bbb3f61c~mv2.png","913706"
"Image","https://www.lifeusa.org/post/winter-blankets-bangladesh","https://static.wixstatic.com/media/74d008_7326d883078243868c3c0631bbb3f61c~mv2.png/v1/fill/w_766,h_423,al_c,q_85,enc_avif,quality_auto/74d008_7326d883078243868c3c0631bbb3f61c~mv2.png","913706"
"Image","https://www.lifeusa.org/post/life-distributes-ramadan-meals-in-mali","https://static.wixstatic.com/media/74d008_7326d883078243868c3c0631bbb3f61c~mv2.png/v1/fill/w_766,h_423,al_c,q_85,enc_avif,quality_auto/74d008_7326d883078243868c3c0631bbb3f61c~mv2.png","913706"
"Image","https://www.lifeusa.org/post/pakistan-fresh-meat-distribution-and-orphan-eid-party","https://static.wixstatic.com/media/74d008_7326d883078243868c3c0631bbb3f61c~mv2.png/v1/fill/w_766,h_423,al_c,q_85,enc_avif,quality_auto/74d008_7326d883078243868c3c0631bbb3f61c~mv2.png","913706"
"Image","https://www.lifeusa.org/post/life-distributes-udhiyah-meat-in-egypt","https://static.wixstatic.com/media/74d008_7326d883078243868c3c0631bbb3f61c~mv2.png/v1/fill/w_766,h_423,al_c,q_85,enc_avif,quality_auto/74d008_7326d883078243868c3c0631bbb3f61c~mv2.png","913706"
"Image","https://www.lifeusa.org/post/life-distributes-fresh-meat-in-bosnia-and-herzegovina","https://static.wixstatic.com/media/74d008_7326d883078243868c3c0631bbb3f61c~mv2.png/v1/fill/w_766,h_423,al_c,q_85,enc_avif,quality_auto/74d008_7326d883078243868c3c0631bbb3f61c~mv2.png","913706"
"Image","https://www.lifeusa.org/post/life-distributes-fresh-meat-in-syria","https://static.wixstatic.com/media/74d008_7326d883078243868c3c0631bbb3f61c~mv2.png/v1/fill/w_766,h_423,al_c,q_85,enc_avif,quality_auto/74d008_7326d883078243868c3c0631bbb3f61c~mv2.png","913706"
"Image","https://www.lifeusa.org/post/life-distributes-ramadan-food-baskets-yemen","https://static.wixstatic.com/media/74d008_7326d883078243868c3c0631bbb3f61c~mv2.png/v1/fill/w_766,h_423,al_c,q_85,enc_avif,quality_auto/74d008_7326d883078243868c3c0631bbb3f61c~mv2.png","913706"
"Image","https://www.lifeusa.org/post/life-distributes-udhiyah-meat-in-somalia","https://static.wixstatic.com/media/74d008_7326d883078243868c3c0631bbb3f61c~mv2.png/v1/fill/w_766,h_423,al_c,q_85,enc_avif,quality_auto/74d008_7326d883078243868c3c0631bbb3f61c~mv2.png","913706"
"Image","https://www.lifeusa.org/post/life-distributes-fresh-meat-in-sudan","https://static.wixstatic.com/media/74d008_7326d883078243868c3c0631bbb3f61c~mv2.png/v1/fill/w_766,h_423,al_c,q_85,enc_avif,quality_auto/74d008_7326d883078243868c3c0631bbb3f61c~mv2.png","913706"
"Image","https://www.lifeusa.org/post/life-distributes-fresh-meat-in-djibouti","https://static.wixstatic.com/media/74d008_7326d883078243868c3c0631bbb3f61c~mv2.png/v1/fill/w_766,h_423,al_c,q_85,enc_avif,quality_auto/74d008_7326d883078243868c3c0631bbb3f61c~mv2.png","913706"
"Image","https://www.lifeusa.org/post/life-distributes-fresh-meat-in-ethiopia","https://static.wixstatic.com/media/74d008_7326d883078243868c3c0631bbb3f61c~mv2.png/v1/fill/w_766,h_423,al_c,q_85,enc_avif,quality_auto/74d008_7326d883078243868c3c0631bbb3f61c~mv2.png","913706"
"Image","https://www.lifeusa.org/post/life-s-orphan-sponsorships-keep-children-warm-and-in-school-during-the-winter-months-in-pakistan","https://static.wixstatic.com/media/74d008_7230f7a927274418bb9d7de6a36b7f6a~mv2.jpg/v1/fill/w_980,h_1743,al_c,q_85,usm_0.66_1.00_0.01,enc_avif,quality_auto/74d008_7230f7a927274418bb9d7de6a36b7f6a~mv2.jpg","339351"
"Image","https://www.lifeusa.org/post/life-s-orphan-sponsorships-keep-children-warm-and-in-school-during-the-winter-months-in-pakistan","https://static.wixstatic.com/media/74d008_42dcb0838f0148a1a39c3ac847660ff5~mv2.jpg/v1/fill/w_980,h_551,al_c,q_85,usm_0.66_1.00_0.01,enc_avif,quality_auto/74d008_42dcb0838f0148a1a39c3ac847660ff5~mv2.jpg","187712"
"Image","https://www.lifeusa.org/post/life-s-orphan-sponsorships-keep-children-warm-and-in-school-during-the-winter-months-in-pakistan","https://static.wixstatic.com/media/74d008_66bd41a8423d443580b8f16b5e0b76cf~mv2.jpg/v1/fill/w_980,h_551,al_c,q_85,usm_0.66_1.00_0.01,enc_avif,quality_auto/74d008_66bd41a8423d443580b8f16b5e0b76cf~mv2.jpg","139781"
"Image","https://www.lifeusa.org/post/hope-returns-to-the-classroom-through-life-for-relief-and-development-life-s-orphan-sponsorship-in","https://static.wixstatic.com/media/74d008_3b320b62e5e149419a35c495dab18c24~mv2.jpg/v1/fill/w_960,h_1280,al_c,q_85,enc_avif,quality_auto/74d008_3b320b62e5e149419a35c495dab18c24~mv2.jpg","314079"
"Image","https://www.lifeusa.org/post/hope-returns-to-the-classroom-through-life-for-relief-and-development-life-s-orphan-sponsorship-in","https://static.wixstatic.com/media/74d008_6b702c21838c4c0daaf4f8088c1b5774~mv2.jpg/v1/fill/w_980,h_1470,al_c,q_85,usm_0.66_1.00_0.01,enc_avif,quality_auto/74d008_6b702c21838c4c0daaf4f8088c1b5774~mv2.jpg","242679"
"Image","https://www.lifeusa.org/post/life-supports-mothers-and-orphans-in-gaza-with-critical-baby-formula-and-other-essentials","https://static.wixstatic.com/media/74d008_da47959a541a4c7382211a2b0a0aed8d~mv2.jpg/v1/fill/w_980,h_735,al_c,q_85,usm_0.66_1.00_0.01,enc_avif,quality_auto/74d008_da47959a541a4c7382211a2b0a0aed8d~mv2.jpg","160017"
"Image","https://www.lifeusa.org/post/life-continues-saving-lives-in-gaza-as-emergency-food-and-water-relief-reaches-thousands","https://static.wixstatic.com/media/74d008_da47959a541a4c7382211a2b0a0aed8d~mv2.jpg/v1/fill/w_980,h_735,al_c,q_85,usm_0.66_1.00_0.01,enc_avif,quality_auto/74d008_da47959a541a4c7382211a2b0a0aed8d~mv2.jpg","160017"
"Image","https://www.lifeusa.org/post/life-supporting-orphans-families-gaza","https://static.wixstatic.com/media/74d008_da47959a541a4c7382211a2b0a0aed8d~mv2.jpg/v1/fill/w_980,h_735,al_c,q_85,usm_0.66_1.00_0.01,enc_avif,quality_auto/74d008_da47959a541a4c7382211a2b0a0aed8d~mv2.jpg","160017"
"Image","https://www.lifeusa.org/post/life-for-relief-and-development-life-s-orphan-sponsorship-supports-152-children-in-indonesia","https://static.wixstatic.com/media/74d008_da47959a541a4c7382211a2b0a0aed8d~mv2.jpg/v1/fill/w_980,h_735,al_c,q_85,usm_0.66_1.00_0.01,enc_avif,quality_auto/74d008_da47959a541a4c7382211a2b0a0aed8d~mv2.jpg","160017"
"Image","https://www.lifeusa.org/post/hope-returns-to-the-classroom-through-life-for-relief-and-development-life-s-orphan-sponsorship-in","https://static.wixstatic.com/media/74d008_d230d87652ea44abb5e0f996bfcf208d~mv2.jpg/v1/fill/w_980,h_653,al_c,q_85,usm_0.66_1.00_0.01,enc_avif,quality_auto/74d008_d230d87652ea44abb5e0f996bfcf208d~mv2.jpg","180687"
"Image","https://www.lifeusa.org/post/hope-returns-to-the-classroom-through-life-for-relief-and-development-life-s-orphan-sponsorship-in","https://static.wixstatic.com/media/74d008_57afafc9fbf64e7585702e25f631dd3e~mv2.jpg/v1/fill/w_960,h_1280,al_c,q_85,enc_avif,quality_auto/74d008_57afafc9fbf64e7585702e25f631dd3e~mv2.jpg","270446"
"Image","https://www.lifeusa.org/post/with-life-water-wells-comes-a-renewed-stability-and-health-for-1-800-people-in-niger","https://static.wixstatic.com/media/74d008_f2058563f7bd44bba8950343d05bcd29~mv2.jpg/v1/fill/w_980,h_735,al_c,q_85,usm_0.66_1.00_0.01,enc_avif,quality_auto/74d008_f2058563f7bd44bba8950343d05bcd29~mv2.jpg","215618"
"Image","https://www.lifeusa.org/post/with-life-water-wells-comes-a-renewed-stability-and-health-for-1-800-people-in-niger","https://static.wixstatic.com/media/74d008_5c77496f614b4fd9a394507a4af61432~mv2.jpg/v1/fill/w_980,h_835,al_c,q_85,usm_0.66_1.00_0.01,enc_avif,quality_auto/74d008_5c77496f614b4fd9a394507a4af61432~mv2.jpg","242394"
"Image","https://www.lifeusa.org/post/in-a-tanzanian-village-water-finally-flows-close-to-home","https://static.wixstatic.com/media/74d008_ccef7515d7364fe7b46ee782621464f9~mv2.jpg/v1/fill/w_980,h_653,al_c,q_85,usm_0.66_1.00_0.01,enc_avif,quality_auto/74d008_ccef7515d7364fe7b46ee782621464f9~mv2.jpg","155461"
"Image","https://www.lifeusa.org/post/hope-returns-to-the-classroom-through-life-for-relief-and-development-life-s-orphan-sponsorship-in","https://static.wixstatic.com/media/74d008_8121872ab0c641cbbb6963d591fff5a3~mv2.jpg/v1/fill/w_980,h_1470,al_c,q_85,usm_0.66_1.00_0.01,enc_avif,quality_auto/74d008_8121872ab0c641cbbb6963d591fff5a3~mv2.jpg","228867"
"Image","https://www.lifeusa.org/post/in-a-tanzanian-village-water-finally-flows-close-to-home","https://static.wixstatic.com/media/74d008_7a5bfb54fba945eabfa610abc176fb33~mv2.jpg/v1/fill/w_980,h_735,al_c,q_85,usm_0.66_1.00_0.01,enc_avif,quality_auto/74d008_7a5bfb54fba945eabfa610abc176fb33~mv2.jpg","282453"
"Image","https://www.lifeusa.org/post/life-supports-mothers-and-orphans-in-gaza-with-critical-baby-formula-and-other-essentials","https://static.wixstatic.com/media/74d008_3f1abf7c592e4e5eac5bf8c9767da400~mv2.jpg/v1/fill/w_980,h_735,al_c,q_85,usm_0.66_1.00_0.01,enc_avif,quality_auto/74d008_3f1abf7c592e4e5eac5bf8c9767da400~mv2.jpg","168372"
"Image","https://www.lifeusa.org/post/in-a-tanzanian-village-water-finally-flows-close-to-home","https://static.wixstatic.com/media/74d008_3f1b2e4598b746bdaada5295bc6779c9~mv2.jpg/v1/fill/w_980,h_653,al_c,q_85,usm_0.66_1.00_0.01,enc_avif,quality_auto/74d008_3f1b2e4598b746bdaada5295bc6779c9~mv2.jpg","188425"
"Image","https://www.lifeusa.org/post/in-a-tanzanian-village-water-finally-flows-close-to-home","https://static.wixstatic.com/media/74d008_52e117b573994223b59c4f1b6c8a4796~mv2.jpg/v1/fill/w_980,h_1307,al_c,q_85,usm_0.66_1.00_0.01,enc_avif,quality_auto/74d008_52e117b573994223b59c4f1b6c8a4796~mv2.jpg","264931"
"Image","https://www.lifeusa.org/post/life-continues-saving-lives-in-gaza-as-emergency-food-and-water-relief-reaches-thousands","https://static.wixstatic.com/media/74d008_9d37178419a3419ca9807fb4a50ad5cd~mv2.jpg/v1/fill/w_980,h_551,al_c,q_85,usm_0.66_1.00_0.01,enc_avif,quality_auto/74d008_9d37178419a3419ca9807fb4a50ad5cd~mv2.jpg","170426"
"Image","https://www.lifeusa.org/post/life-continues-saving-lives-in-gaza-as-emergency-food-and-water-relief-reaches-thousands","https://static.wixstatic.com/media/74d008_e6b513ca2ffb4387a58b45e8a9c18005~mv2.jpg/v1/fill/w_980,h_551,al_c,q_85,usm_0.66_1.00_0.01,enc_avif,quality_auto/74d008_e6b513ca2ffb4387a58b45e8a9c18005~mv2.jpg","210142"
"Image","https://www.lifeusa.org/post/life-continues-saving-lives-in-gaza-as-emergency-food-and-water-relief-reaches-thousands","https://static.wixstatic.com/media/74d008_b2d735bcef2f4db2ac3b8d4fc8a360f9~mv2.jpg/v1/fill/w_980,h_551,al_c,q_85,usm_0.66_1.00_0.01,enc_avif,quality_auto/74d008_b2d735bcef2f4db2ac3b8d4fc8a360f9~mv2.jpg","164592"
"Image","https://www.lifeusa.org/post/life-supporting-orphans-families-gaza","https://static.wixstatic.com/media/74d008_47789c91bc3b41a5b3a5dd4a12920512~mv2.png/v1/fill/w_768,h_428,al_c,q_85,enc_avif,quality_auto/74d008_47789c91bc3b41a5b3a5dd4a12920512~mv2.png","873749"
"Image","https://www.lifeusa.org/post/fighting-hunger-in-somalia-life-for-relief-and-development-life-s-food-distribution-reaches-displ","https://static.wixstatic.com/media/74d008_24db9bb0d32f4b919a04de8c3c214d18~mv2.jpeg/v1/fill/w_810,h_1080,al_c,q_85,enc_avif,quality_auto/74d008_24db9bb0d32f4b919a04de8c3c214d18~mv2.jpeg","185212"
"Image","https://www.lifeusa.org/post/fighting-hunger-in-somalia-life-for-relief-and-development-life-s-food-distribution-reaches-displ","https://static.wixstatic.com/media/74d008_5e840aae6b684096a78cefa9fc0e1e30~mv2.jpg/v1/fill/w_980,h_653,al_c,q_85,usm_0.66_1.00_0.01,enc_avif,quality_auto/74d008_5e840aae6b684096a78cefa9fc0e1e30~mv2.jpg","167862"
"Image","https://www.lifeusa.org/post/fighting-hunger-in-somalia-life-for-relief-and-development-life-s-food-distribution-reaches-displ","https://static.wixstatic.com/media/74d008_d492ee22d1ab458db1fafa7ce1b5882b~mv2.jpeg/v1/fill/w_810,h_1080,al_c,q_85,enc_avif,quality_auto/74d008_d492ee22d1ab458db1fafa7ce1b5882b~mv2.jpeg","179362"
"Image","https://www.lifeusa.org/post/fighting-hunger-in-somalia-life-for-relief-and-development-life-s-food-distribution-reaches-displ","https://static.wixstatic.com/media/74d008_642d5f1a370c4a72b13deddfa70a067e~mv2.jpeg/v1/fill/w_810,h_1080,al_c,q_85,enc_avif,quality_auto/74d008_642d5f1a370c4a72b13deddfa70a067e~mv2.jpeg","211436"
"Image","https://www.lifeusa.org/post/fighting-hunger-in-somalia-life-for-relief-and-development-life-s-food-distribution-reaches-displ","https://static.wixstatic.com/media/74d008_c05cd048f4134fed8abe4c2b78733dec~mv2.jpeg/v1/fill/w_810,h_1080,al_c,q_85,enc_avif,quality_auto/74d008_c05cd048f4134fed8abe4c2b78733dec~mv2.jpeg","217635"
"Image","https://www.lifeusa.org/post/life-for-relief-and-development-life-usa-restores-shelter-and-safety-for-8-050-displaced-individua","https://static.wixstatic.com/media/74d008_8277bcd814ed48da819d7a564a81b8fc~mv2.jpg/v1/fill/w_980,h_551,al_c,q_85,usm_0.66_1.00_0.01,enc_avif,quality_auto/74d008_8277bcd814ed48da819d7a564a81b8fc~mv2.jpg","167413"
"Image","https://www.lifeusa.org/post/life-for-relief-and-development-life-usa-restores-shelter-and-safety-for-8-050-displaced-individua","https://static.wixstatic.com/media/74d008_caef50e8f84f4748bf29b4edb7e6bb82~mv2.jpg/v1/fill/w_980,h_551,al_c,q_85,usm_0.66_1.00_0.01,enc_avif,quality_auto/74d008_caef50e8f84f4748bf29b4edb7e6bb82~mv2.jpg","172922"
"Image","https://www.lifeusa.org/post/life-for-relief-and-development-life-usa-restores-shelter-and-safety-for-8-050-displaced-individua","https://static.wixstatic.com/media/74d008_79da893c3d7d4a9d8d27c049dc7fff3b~mv2.jpg/v1/fill/w_980,h_551,al_c,q_85,usm_0.66_1.00_0.01,enc_avif,quality_auto/74d008_79da893c3d7d4a9d8d27c049dc7fff3b~mv2.jpg","168056"
"Image","https://www.lifeusa.org/post/new-solar-powered-water-wells-bring-clean-water-to-3-300-people-in-pakistan","https://static.wixstatic.com/media/74d008_93439aff0fcb4a0aade5b491da0ec204~mv2.jpg/v1/fill/w_980,h_735,al_c,q_85,usm_0.66_1.00_0.01,enc_avif,quality_auto/74d008_93439aff0fcb4a0aade5b491da0ec204~mv2.jpg","165684"
"Image","https://www.lifeusa.org/post/new-solar-powered-water-wells-bring-clean-water-to-3-300-people-in-pakistan","https://static.wixstatic.com/media/74d008_777e1304271942f2806c9ead1056568b~mv2.jpg/v1/fill/w_980,h_735,al_c,q_85,usm_0.66_1.00_0.01,enc_avif,quality_auto/74d008_777e1304271942f2806c9ead1056568b~mv2.jpg","147191"
"Image","https://www.lifeusa.org/post/life-provides-medical-student-scholarships-in-the-west-bank","https://static.wixstatic.com/media/74d008_595afde92a07441f8aa856cdc2316850~mv2.jpg/v1/fill/w_980,h_1470,al_c,q_85,usm_0.66_1.00_0.01,enc_avif,quality_auto/74d008_595afde92a07441f8aa856cdc2316850~mv2.jpg","180466"
"Image","https://www.lifeusa.org/post/new-solar-powered-water-wells-bring-clean-water-to-3-300-people-in-pakistan","https://static.wixstatic.com/media/74d008_df432f8f94ad4deeab84f42cb2cb76bc~mv2.jpg/v1/fill/w_980,h_735,al_c,q_85,usm_0.66_1.00_0.01,enc_avif,quality_auto/74d008_df432f8f94ad4deeab84f42cb2cb76bc~mv2.jpg","258061"
"Image","https://www.lifeusa.org/post/life-for-relief-and-development-protects-5-000-children-from-harsh-winter-conditions-in-gaza","https://static.wixstatic.com/media/74d008_d0e4321e23494a8992f180745e2f11cf~mv2.jpg/v1/fill/w_980,h_735,al_c,q_85,usm_0.66_1.00_0.01,enc_avif,quality_auto/74d008_d0e4321e23494a8992f180745e2f11cf~mv2.jpg","116520"
"Image","https://www.lifeusa.org/post/life-for-relief-and-development-protects-5-000-children-from-harsh-winter-conditions-in-gaza","https://static.wixstatic.com/media/74d008_025803e77f7340968b81c54fc567b9b1~mv2.jpg/v1/fill/w_980,h_735,al_c,q_85,usm_0.66_1.00_0.01,enc_avif,quality_auto/74d008_025803e77f7340968b81c54fc567b9b1~mv2.jpg","120494"
"Image","https://www.lifeusa.org/post/new-solar-powered-water-wells-bring-clean-water-to-3-300-people-in-pakistan","https://static.wixstatic.com/media/74d008_ed12331ac5e048a8ad7dcb052f698bc8~mv2.jpg/v1/fill/w_980,h_551,al_c,q_85,usm_0.66_1.00_0.01,enc_avif,quality_auto/74d008_ed12331ac5e048a8ad7dcb052f698bc8~mv2.jpg","152287"
"Image","https://www.lifeusa.org/post/life-for-relief-and-development-protects-5-000-children-from-harsh-winter-conditions-in-gaza","https://static.wixstatic.com/media/74d008_a9db35f96de24ec4840c7bf9df41e380~mv2.jpg/v1/fill/w_980,h_735,al_c,q_85,usm_0.66_1.00_0.01,enc_avif,quality_auto/74d008_a9db35f96de24ec4840c7bf9df41e380~mv2.jpg","135290"
"Image","https://www.lifeusa.org/post/life-for-relief-and-development-life-delivers-emergency-food-and-water-assistance-in-gaza-through","https://static.wixstatic.com/media/74d008_729718483d7c46c3ac1e732ad49bd0d5~mv2.png/v1/fill/w_980,h_735,al_c,q_90,usm_0.66_1.00_0.01,enc_avif,quality_auto/74d008_729718483d7c46c3ac1e732ad49bd0d5~mv2.png","1327597"
"Image","https://www.lifeusa.org/post/life-for-relief-and-development-life-delivers-emergency-food-and-water-assistance-in-gaza-through","https://static.wixstatic.com/media/74d008_43814c82bdd0449393586043d74b2c5e~mv2.png/v1/fill/w_980,h_735,al_c,q_90,usm_0.66_1.00_0.01,enc_avif,quality_auto/74d008_43814c82bdd0449393586043d74b2c5e~mv2.png","1775525"
"Image","https://www.lifeusa.org/post/life-for-relief-and-development-life-delivers-emergency-food-and-water-assistance-in-gaza-through","https://static.wixstatic.com/media/74d008_1a87b8341b974d61b23ea37cb1c1ab9b~mv2.png/v1/fill/w_980,h_735,al_c,q_90,usm_0.66_1.00_0.01,enc_avif,quality_auto/74d008_1a87b8341b974d61b23ea37cb1c1ab9b~mv2.png","1592584"
"Image","https://www.lifeusa.org/post/water-stops-being-a-daily-worry-for-two-communities-in-nepal","https://static.wixstatic.com/media/74d008_2061a180031d43f89aab5f1ed2911967~mv2.jpg/v1/fill/w_980,h_751,al_c,q_85,usm_0.66_1.00_0.01,enc_avif,quality_auto/74d008_2061a180031d43f89aab5f1ed2911967~mv2.jpg","137618"
"Image","https://www.lifeusa.org/no/tags/usa","https://static.wixstatic.com/media/6df904_e4bec0622b354932bd5ea91012b179ba~mv2.png/v1/fill/w_292,h_219,fp_0.50_0.50,q_95,enc_avif,quality_auto/6df904_e4bec0622b354932bd5ea91012b179ba~mv2.webp","143861"
"Image","https://www.lifeusa.org/no/tags/texas","https://static.wixstatic.com/media/6df904_e4bec0622b354932bd5ea91012b179ba~mv2.png/v1/fill/w_292,h_219,fp_0.50_0.50,q_95,enc_avif,quality_auto/6df904_e4bec0622b354932bd5ea91012b179ba~mv2.webp","143861"
"Image","https://www.lifeusa.org/post/water-stops-being-a-daily-worry-for-two-communities-in-nepal","https://static.wixstatic.com/media/74d008_7c69306de7374e649f659a0c0b8e919a~mv2.jpg/v1/fill/w_980,h_649,al_c,q_85,usm_0.66_1.00_0.01,enc_avif,quality_auto/74d008_7c69306de7374e649f659a0c0b8e919a~mv2.jpg","112036"
"Image","https://www.lifeusa.org/no/tags/usa","https://static.wixstatic.com/media/6df904_6b072839d78b4c57a014564c8615cbb7~mv2.png/v1/fill/w_292,h_219,fp_0.50_0.50,q_95,enc_avif,quality_auto/6df904_6b072839d78b4c57a014564c8615cbb7~mv2.webp","177462"
"Image","https://www.lifeusa.org/no/tags/maryland","https://static.wixstatic.com/media/6df904_6b072839d78b4c57a014564c8615cbb7~mv2.png/v1/fill/w_292,h_219,fp_0.50_0.50,q_95,enc_avif,quality_auto/6df904_6b072839d78b4c57a014564c8615cbb7~mv2.webp","177462"
"Image","https://www.lifeusa.org/no/tags/food-baskets","https://static.wixstatic.com/media/6df904_6b072839d78b4c57a014564c8615cbb7~mv2.png/v1/fill/w_292,h_219,fp_0.50_0.50,q_95,enc_avif,quality_auto/6df904_6b072839d78b4c57a014564c8615cbb7~mv2.webp","177462"
"Image","https://www.lifeusa.org/no/tags/life-blog","https://static.wixstatic.com/media/6df904_3e4e8632335341f58ce7a7d7dd125302~mv2.png/v1/fill/w_292,h_219,fp_0.50_0.50,q_95,enc_avif,quality_auto/6df904_3e4e8632335341f58ce7a7d7dd125302~mv2.webp","168535"
"Image","https://www.lifeusa.org/no/tags/hearing-aids","https://static.wixstatic.com/media/6df904_3e4e8632335341f58ce7a7d7dd125302~mv2.png/v1/fill/w_292,h_219,fp_0.50_0.50,q_95,enc_avif,quality_auto/6df904_3e4e8632335341f58ce7a7d7dd125302~mv2.webp","168535"
"Image","https://www.lifeusa.org/no/tags/life-blog","https://static.wixstatic.com/media/6df904_8f63df367e5a4b40b7d75e8f994a42b2~mv2.png/v1/fill/w_292,h_219,fp_0.50_0.50,q_95,enc_avif,quality_auto/6df904_8f63df367e5a4b40b7d75e8f994a42b2~mv2.webp","155883"
"Image","https://www.lifeusa.org/no/tags/community-development","https://static.wixstatic.com/media/6df904_8f63df367e5a4b40b7d75e8f994a42b2~mv2.png/v1/fill/w_292,h_219,fp_0.50_0.50,q_95,enc_avif,quality_auto/6df904_8f63df367e5a4b40b7d75e8f994a42b2~mv2.webp","155883"
"Image","https://www.lifeusa.org/no/tags/life-blog","https://static.wixstatic.com/media/6df904_c3b8c0eba92f4d35945c0261dbd9c86a~mv2.png/v1/fill/w_292,h_219,fp_0.50_0.50,q_95,enc_avif,quality_auto/6df904_c3b8c0eba92f4d35945c0261dbd9c86a~mv2.webp","144952"
"Image","https://www.lifeusa.org/no/tags/refugee","https://static.wixstatic.com/media/6df904_c3b8c0eba92f4d35945c0261dbd9c86a~mv2.png/v1/fill/w_292,h_219,fp_0.50_0.50,q_95,enc_avif,quality_auto/6df904_c3b8c0eba92f4d35945c0261dbd9c86a~mv2.webp","144952"
"Image","https://www.lifeusa.org/no/tags/refugee-assistance","https://static.wixstatic.com/media/6df904_c3b8c0eba92f4d35945c0261dbd9c86a~mv2.png/v1/fill/w_292,h_219,fp_0.50_0.50,q_95,enc_avif,quality_auto/6df904_c3b8c0eba92f4d35945c0261dbd9c86a~mv2.webp","144952"
"Image","https://www.lifeusa.org/no/tags/colorado","https://static.wixstatic.com/media/6df904_30a5b8df381342949217c279c4974f12~mv2.png/v1/fill/w_292,h_219,fp_0.50_0.50,q_95,enc_avif,quality_auto/6df904_30a5b8df381342949217c279c4974f12~mv2.webp","170834"
"Image","https://www.lifeusa.org/no/tags/hearing-aids","https://static.wixstatic.com/media/6df904_30a5b8df381342949217c279c4974f12~mv2.png/v1/fill/w_292,h_219,fp_0.50_0.50,q_95,enc_avif,quality_auto/6df904_30a5b8df381342949217c279c4974f12~mv2.webp","170834"
"Image","https://donate.lifeusa.org/donorportal/seasonal-designations","https://pub-5ea48cd755a54b908ece1db4f4289576.r2.dev/Ramadan%20Mubarak/Sadaqah%20Jareeah%20Water%20Wells%20720.png","504105"
"Image","https://donate.lifeusa.org/donorportal/seasonal-designations","https://pub-5ea48cd755a54b908ece1db4f4289576.r2.dev/Ramadan%20Mubarak/Zakat%20Al-Fitr%20720.png","506343"
"Image","https://donate.lifeusa.org/donorportal/seasonal-designations","https://pub-5ea48cd755a54b908ece1db4f4289576.r2.dev/Ramadan%20Mubarak/Food%20Basket%20720.png","520984"
"Image","https://donate.lifeusa.org/donorportal/seasonal-designations","https://donate.lifeusa.org/donorportal/webruntime/org-asset/f6b4f84250/resource/081Vy0000005faP","159635"
"Image","https://donate.lifeusa.org/donorportal/seasonal-designations","https://pub-5ea48cd755a54b908ece1db4f4289576.r2.dev/Ramadan%20Mubarak/General%20Donation%20720.png","512643"
"Image","https://www.lifeusa.org/post/clean-water-restored-through-life-for-relief-and-development-life-s-water-well-projects-in-sierra","https://static.wixstatic.com/media/74d008_469a27e703234b6fb0d80a4c13df3ce7~mv2.jpg/v1/fill/w_980,h_434,al_c,q_85,usm_0.66_1.00_0.01,enc_avif,quality_auto/74d008_469a27e703234b6fb0d80a4c13df3ce7~mv2.jpg","146851"
"Image","https://www.lifeusa.org/post/clean-water-restored-through-life-for-relief-and-development-life-s-water-well-projects-in-sierra","https://static.wixstatic.com/media/74d008_6df727c477404bf0b9325adcb041b651~mv2.jpg/v1/fill/w_980,h_551,al_c,q_85,usm_0.66_1.00_0.01,enc_avif,quality_auto/74d008_6df727c477404bf0b9325adcb041b651~mv2.jpg","145194"
"Image","https://www.lifeusa.org/post/clean-water-restored-through-life-for-relief-and-development-life-s-water-well-projects-in-sierra","https://static.wixstatic.com/media/74d008_3d99cf29d9ed4058bb861bc7d8c673e9~mv2.jpg/v1/fill/w_980,h_434,al_c,q_85,usm_0.66_1.00_0.01,enc_avif,quality_auto/74d008_3d99cf29d9ed4058bb861bc7d8c673e9~mv2.jpg","195833"
"Image","https://www.lifeusa.org/post/clean-water-new-possibilities-through-life-for-relief-and-development-life-s-water-well-projects","https://static.wixstatic.com/media/74d008_ccd27f5cc10e48aaaef35591b202d952~mv2.jpg/v1/fill/w_980,h_464,al_c,q_85,usm_0.66_1.00_0.01,enc_avif,quality_auto/74d008_ccd27f5cc10e48aaaef35591b202d952~mv2.jpg","150094"
"Image","https://www.lifeusa.org/post/clean-water-new-possibilities-through-life-for-relief-and-development-life-s-water-well-projects","https://static.wixstatic.com/media/74d008_e894bd42998c49479635608a91831fb9~mv2.jpg/v1/fill/w_980,h_551,al_c,q_85,usm_0.66_1.00_0.01,enc_avif,quality_auto/74d008_e894bd42998c49479635608a91831fb9~mv2.jpg","140364"
"Image","https://www.lifeusa.org/post/clean-water-new-possibilities-through-life-for-relief-and-development-life-s-water-well-projects","https://static.wixstatic.com/media/74d008_1ec23774ae2947beb7f0106d0971e777~mv2.jpg/v1/fill/w_980,h_464,al_c,q_85,usm_0.66_1.00_0.01,enc_avif,quality_auto/74d008_1ec23774ae2947beb7f0106d0971e777~mv2.jpg","147186"
"Image","https://www.lifeusa.org/post/clean-water-new-possibilities-through-life-for-relief-and-development-life-s-water-well-projects","https://static.wixstatic.com/media/74d008_8b51e560798a46fdb26cee26c0cb48e8~mv2.jpg/v1/fill/w_980,h_464,al_c,q_85,usm_0.66_1.00_0.01,enc_avif,quality_auto/74d008_8b51e560798a46fdb26cee26c0cb48e8~mv2.jpg","158820"
"Image","https://www.lifeusa.org/post/clean-water-new-possibilities-through-life-for-relief-and-development-life-s-water-well-projects","https://static.wixstatic.com/media/74d008_80c3449237a5468f8849b00fbf76e85f~mv2.jpg/v1/fill/w_980,h_551,al_c,q_85,usm_0.66_1.00_0.01,enc_avif,quality_auto/74d008_80c3449237a5468f8849b00fbf76e85f~mv2.jpg","156702"
"Image","https://www.lifeusa.org/post/life-for-relief-and-development-life-s-orphan-sponsorship-supports-152-children-in-indonesia","https://static.wixstatic.com/media/74d008_4e1c542f18f54fbdac11f5c92ddcce8b~mv2.jpg/v1/fill/w_980,h_551,al_c,q_85,usm_0.66_1.00_0.01,enc_avif,quality_auto/74d008_4e1c542f18f54fbdac11f5c92ddcce8b~mv2.jpg","151020"
"Image","https://www.lifeusa.org/post/life-for-relief-and-development-life-s-orphan-sponsorship-supports-152-children-in-indonesia","https://static.wixstatic.com/media/74d008_9477cbc142e14603b7268dadf83b66eb~mv2.jpg/v1/fill/w_980,h_551,al_c,q_85,usm_0.66_1.00_0.01,enc_avif,quality_auto/74d008_9477cbc142e14603b7268dadf83b66eb~mv2.jpg","129960"
"Image","https://www.lifeusa.org/post/clean-water-for-students-as-life-for-relief-and-development-life-installs-solar-water-wells-in-pak","https://static.wixstatic.com/media/74d008_9b0e13a871e64b8f96b6e14467aec0af~mv2.jpg/v1/fill/w_980,h_735,al_c,q_85,usm_0.66_1.00_0.01,enc_avif,quality_auto/74d008_9b0e13a871e64b8f96b6e14467aec0af~mv2.jpg","214115"
"Image","https://www.lifeusa.org/post/clean-water-for-students-as-life-for-relief-and-development-life-installs-solar-water-wells-in-pak","https://static.wixstatic.com/media/74d008_1ad65e154b0d4d6db4a97b2c5cd3cba5~mv2.jpg/v1/fill/w_980,h_735,al_c,q_85,usm_0.66_1.00_0.01,enc_avif,quality_auto/74d008_1ad65e154b0d4d6db4a97b2c5cd3cba5~mv2.jpg","107792"
"Image","https://www.lifeusa.org/post/life-builds-five-clean-water-projects-across-two-regions-in-myanmar","https://static.wixstatic.com/media/74d008_6f0e061b0ad344bf968e553fc528385d~mv2.jpg/v1/fill/w_980,h_653,al_c,q_85,usm_0.66_1.00_0.01,enc_avif,quality_auto/74d008_6f0e061b0ad344bf968e553fc528385d~mv2.jpg","184705"
"Image","https://www.lifeusa.org/post/clean-water-for-students-as-life-for-relief-and-development-life-installs-solar-water-wells-in-pak","https://static.wixstatic.com/media/74d008_7bcc558741b4487f958a21ce7b2c06b4~mv2.jpg/v1/fill/w_980,h_735,al_c,q_85,usm_0.66_1.00_0.01,enc_avif,quality_auto/74d008_7bcc558741b4487f958a21ce7b2c06b4~mv2.jpg","109267"
"Image","https://www.lifeusa.org/post/life-builds-five-clean-water-projects-across-two-regions-in-myanmar","https://static.wixstatic.com/media/74d008_caa498396c0e494283641f220afbc71c~mv2.jpg/v1/fill/w_980,h_653,al_c,q_85,usm_0.66_1.00_0.01,enc_avif,quality_auto/74d008_caa498396c0e494283641f220afbc71c~mv2.jpg","243623"
"Image","https://www.lifeusa.org/winterrelief","https://static.wixstatic.com/media/11062b_64ae2a899006496dac01c2e81fac97f1f000.jpg/v1/fill/w_1920,h_1080,al_c,q_90,enc_avif,quality_auto/11062b_64ae2a899006496dac01c2e81fac97f1f000.jpg","116868"
"Image","https://www.lifeusa.org/winterrelief","https://static.wixstatic.com/media/6df904_e8f0ecd82c5143928a23a5fb10af1330~mv2.jpg/v1/fill/w_961,h_471,al_c,q_85,usm_0.66_1.00_0.01,enc_avif,quality_auto/DSC_0035_JPG.jpg","116393"
"Image","https://www.lifeusa.org/sudan-emergency-relief","https://static.wixstatic.com/media/6df904_f09ed601ed5b450489144ed371f6269c~mv2.png/v1/fill/w_1922,h_390,al_c,q_90,usm_0.66_1.00_0.01,enc_avif,quality_auto/Sudan%20Emergency%20Relief%20Banner.png","1816324"
"Image","https://www.lifeusa.org/no/tags/ukraine","https://static.wixstatic.com/media/4dc3f8_21020878434e45f9836873cd54d6fb25~mv2.png/v1/fill/w_292,h_219,fp_0.50_0.50,q_95,enc_avif,quality_auto/4dc3f8_21020878434e45f9836873cd54d6fb25~mv2.webp","111044"
"Image","https://www.lifeusa.org/no/tags/emergency-relief","https://static.wixstatic.com/media/4dc3f8_21020878434e45f9836873cd54d6fb25~mv2.png/v1/fill/w_292,h_219,fp_0.50_0.50,q_95,enc_avif,quality_auto/4dc3f8_21020878434e45f9836873cd54d6fb25~mv2.webp","111044"
"Image","https://www.lifeusa.org/no/tags/ukraine","https://static.wixstatic.com/media/6df904_13235983d1d44cb3b8de8ee61f074c94~mv2.png/v1/fill/w_292,h_219,fp_0.50_0.50,q_95,enc_avif,quality_auto/6df904_13235983d1d44cb3b8de8ee61f074c94~mv2.webp","158976"
"Image","https://www.lifeusa.org/no/tags/palestine","https://static.wixstatic.com/media/6df904_13235983d1d44cb3b8de8ee61f074c94~mv2.png/v1/fill/w_292,h_219,fp_0.50_0.50,q_95,enc_avif,quality_auto/6df904_13235983d1d44cb3b8de8ee61f074c94~mv2.webp","158976"
"Image","https://www.lifeusa.org/no/tags/emergency-relief","https://static.wixstatic.com/media/6df904_13235983d1d44cb3b8de8ee61f074c94~mv2.png/v1/fill/w_292,h_219,fp_0.50_0.50,q_95,enc_avif,quality_auto/6df904_13235983d1d44cb3b8de8ee61f074c94~mv2.webp","158976"
"Image","https://www.lifeusa.org/no/tags/gaza-1","https://static.wixstatic.com/media/6df904_13235983d1d44cb3b8de8ee61f074c94~mv2.png/v1/fill/w_292,h_219,fp_0.50_0.50,q_95,enc_avif,quality_auto/6df904_13235983d1d44cb3b8de8ee61f074c94~mv2.webp","158976"
"Image","https://www.lifeusa.org/no/tags/orphans","https://static.wixstatic.com/media/6df904_ad1ae9772b3f400ea66310b126d38671~mv2.png/v1/fill/w_292,h_219,fp_0.50_0.50,q_95,enc_avif,quality_auto/6df904_ad1ae9772b3f400ea66310b126d38671~mv2.webp","176390"
"Image","https://www.lifeusa.org/no/tags/orphan-sponsorship","https://static.wixstatic.com/media/6df904_ad1ae9772b3f400ea66310b126d38671~mv2.png/v1/fill/w_292,h_219,fp_0.50_0.50,q_95,enc_avif,quality_auto/6df904_ad1ae9772b3f400ea66310b126d38671~mv2.webp","176390"
"Image","https://www.lifeusa.org/no/tags/palestine","https://static.wixstatic.com/media/6df904_34346eab564e4de6b51e30a81df2bea5~mv2.png/v1/fill/w_292,h_219,fp_0.50_0.50,q_95,enc_avif,quality_auto/6df904_34346eab564e4de6b51e30a81df2bea5~mv2.webp","166390"
"Image","https://www.lifeusa.org/no/tags/emergency-relief","https://static.wixstatic.com/media/6df904_34346eab564e4de6b51e30a81df2bea5~mv2.png/v1/fill/w_292,h_219,fp_0.50_0.50,q_95,enc_avif,quality_auto/6df904_34346eab564e4de6b51e30a81df2bea5~mv2.webp","166390"
"Image","https://www.lifeusa.org/no/tags/gaza-1","https://static.wixstatic.com/media/6df904_34346eab564e4de6b51e30a81df2bea5~mv2.png/v1/fill/w_292,h_219,fp_0.50_0.50,q_95,enc_avif,quality_auto/6df904_34346eab564e4de6b51e30a81df2bea5~mv2.webp","166390"
"Image","https://www.lifeusa.org/no/tags/palestine","https://static.wixstatic.com/media/6df904_a0ec9099343a4646a6be360dc666d892~mv2.png/v1/fill/w_292,h_219,fp_0.50_0.50,q_95,enc_avif,quality_auto/6df904_a0ec9099343a4646a6be360dc666d892~mv2.webp","170621"
"Image","https://www.lifeusa.org/no/tags/orphan-sponsorship","https://static.wixstatic.com/media/6df904_a0ec9099343a4646a6be360dc666d892~mv2.png/v1/fill/w_292,h_219,fp_0.50_0.50,q_95,enc_avif,quality_auto/6df904_a0ec9099343a4646a6be360dc666d892~mv2.webp","170621"
"Image","https://www.lifeusa.org/no/tags/gaza-1","https://static.wixstatic.com/media/6df904_a0ec9099343a4646a6be360dc666d892~mv2.png/v1/fill/w_292,h_219,fp_0.50_0.50,q_95,enc_avif,quality_auto/6df904_a0ec9099343a4646a6be360dc666d892~mv2.webp","170621"
"Image","https://www.lifeusa.org/no/tags/palestine","https://static.wixstatic.com/media/6df904_c5e491520a384473bd2c05eeb388b237~mv2.png/v1/fill/w_292,h_219,fp_0.50_0.50,q_95,enc_avif,quality_auto/6df904_c5e491520a384473bd2c05eeb388b237~mv2.webp","154524"
"Image","https://www.lifeusa.org/no/tags/emergency-relief","https://static.wixstatic.com/media/6df904_c5e491520a384473bd2c05eeb388b237~mv2.png/v1/fill/w_292,h_219,fp_0.50_0.50,q_95,enc_avif,quality_auto/6df904_c5e491520a384473bd2c05eeb388b237~mv2.webp","154524"
"Image","https://www.lifeusa.org/no/tags/gaza-1","https://static.wixstatic.com/media/6df904_c5e491520a384473bd2c05eeb388b237~mv2.png/v1/fill/w_292,h_219,fp_0.50_0.50,q_95,enc_avif,quality_auto/6df904_c5e491520a384473bd2c05eeb388b237~mv2.webp","154524"
"Image","https://www.lifeusa.org/no/tags/palestine","https://static.wixstatic.com/media/6df904_deee24b626da4206ae4b7966a1ef5346~mv2.png/v1/fill/w_292,h_219,fp_0.50_0.50,q_95,enc_avif,quality_auto/6df904_deee24b626da4206ae4b7966a1ef5346~mv2.webp","150428"
"Image","https://www.lifeusa.org/no/tags/emergency-relief","https://static.wixstatic.com/media/6df904_deee24b626da4206ae4b7966a1ef5346~mv2.png/v1/fill/w_292,h_219,fp_0.50_0.50,q_95,enc_avif,quality_auto/6df904_deee24b626da4206ae4b7966a1ef5346~mv2.webp","150428"
"Image","https://www.lifeusa.org/no/tags/gaza-1","https://static.wixstatic.com/media/6df904_deee24b626da4206ae4b7966a1ef5346~mv2.png/v1/fill/w_292,h_219,fp_0.50_0.50,q_95,enc_avif,quality_auto/6df904_deee24b626da4206ae4b7966a1ef5346~mv2.webp","150428"
"Image","https://www.lifeusa.org/no/tags/palestine","https://static.wixstatic.com/media/6df904_818438da5fa642219d62737c29e448e9~mv2.png/v1/fill/w_292,h_219,fp_0.50_0.50,q_95,enc_avif,quality_auto/6df904_818438da5fa642219d62737c29e448e9~mv2.webp","142333"
"Image","https://www.lifeusa.org/no/tags/gaza-1","https://static.wixstatic.com/media/6df904_818438da5fa642219d62737c29e448e9~mv2.png/v1/fill/w_292,h_219,fp_0.50_0.50,q_95,enc_avif,quality_auto/6df904_818438da5fa642219d62737c29e448e9~mv2.webp","142333"
"Image","https://www.lifeusa.org/no/tags/water-tanks","https://static.wixstatic.com/media/6df904_818438da5fa642219d62737c29e448e9~mv2.png/v1/fill/w_292,h_219,fp_0.50_0.50,q_95,enc_avif,quality_auto/6df904_818438da5fa642219d62737c29e448e9~mv2.webp","142333"
"Image","https://www.lifeusa.org/no/tags/palestine","https://static.wixstatic.com/media/6df904_8e85c852eba0405b8b96fdc10865f82b~mv2.png/v1/fill/w_292,h_219,fp_0.50_0.50,q_95,enc_avif,quality_auto/6df904_8e85c852eba0405b8b96fdc10865f82b~mv2.webp","160558"
"Image","https://www.lifeusa.org/no/tags/emergency-relief","https://static.wixstatic.com/media/6df904_8e85c852eba0405b8b96fdc10865f82b~mv2.png/v1/fill/w_292,h_219,fp_0.50_0.50,q_95,enc_avif,quality_auto/6df904_8e85c852eba0405b8b96fdc10865f82b~mv2.webp","160558"
"Image","https://www.lifeusa.org/no/tags/gaza-1","https://static.wixstatic.com/media/6df904_8e85c852eba0405b8b96fdc10865f82b~mv2.png/v1/fill/w_292,h_219,fp_0.50_0.50,q_95,enc_avif,quality_auto/6df904_8e85c852eba0405b8b96fdc10865f82b~mv2.webp","160558"
"Image","https://www.lifeusa.org/no/tags/palestine","https://static.wixstatic.com/media/6df904_1200959b458042989c12332d74187b89~mv2.png/v1/fill/w_292,h_219,fp_0.50_0.50,q_95,enc_avif,quality_auto/6df904_1200959b458042989c12332d74187b89~mv2.webp","167115"
"Image","https://www.lifeusa.org/no/tags/emergency-relief","https://static.wixstatic.com/media/6df904_1200959b458042989c12332d74187b89~mv2.png/v1/fill/w_292,h_219,fp_0.50_0.50,q_95,enc_avif,quality_auto/6df904_1200959b458042989c12332d74187b89~mv2.webp","167115"
"Image","https://www.lifeusa.org/no/tags/gaza-1","https://static.wixstatic.com/media/6df904_1200959b458042989c12332d74187b89~mv2.png/v1/fill/w_292,h_219,fp_0.50_0.50,q_95,enc_avif,quality_auto/6df904_1200959b458042989c12332d74187b89~mv2.webp","167115"
"Image","https://www.lifeusa.org/no/tags/orphan-sponsorship","https://static.wixstatic.com/media/4dc3f8_20020539d77544b690b7e9f10e789c1f~mv2.png/v1/fill/w_292,h_219,fp_0.50_0.50,q_95,enc_avif,quality_auto/4dc3f8_20020539d77544b690b7e9f10e789c1f~mv2.webp","171293"
"Image","https://www.lifeusa.org/no/tags/community-development","https://static.wixstatic.com/media/4dc3f8_20020539d77544b690b7e9f10e789c1f~mv2.png/v1/fill/w_292,h_219,fp_0.50_0.50,q_95,enc_avif,quality_auto/4dc3f8_20020539d77544b690b7e9f10e789c1f~mv2.webp","171293"
"Image","https://www.lifeusa.org/no/tags/syria-1","https://static.wixstatic.com/media/6df904_5e974074d8e74891968c30b8bae4ab56~mv2.png/v1/fill/w_292,h_219,fp_0.50_0.50,q_95,enc_avif,quality_auto/6df904_5e974074d8e74891968c30b8bae4ab56~mv2.webp","165367"
"Image","https://www.lifeusa.org/no/tags/earthquake","https://static.wixstatic.com/media/6df904_5e974074d8e74891968c30b8bae4ab56~mv2.png/v1/fill/w_292,h_219,fp_0.50_0.50,q_95,enc_avif,quality_auto/6df904_5e974074d8e74891968c30b8bae4ab56~mv2.webp","165367"
"Image","https://www.lifeusa.org/no/tags/emergency-relief","https://static.wixstatic.com/media/6df904_5e974074d8e74891968c30b8bae4ab56~mv2.png/v1/fill/w_292,h_219,fp_0.50_0.50,q_95,enc_avif,quality_auto/6df904_5e974074d8e74891968c30b8bae4ab56~mv2.webp","165367"
"Image","https://www.lifeusa.org/no/tags/turkey","https://static.wixstatic.com/media/6df904_5e974074d8e74891968c30b8bae4ab56~mv2.png/v1/fill/w_292,h_219,fp_0.50_0.50,q_95,enc_avif,quality_auto/6df904_5e974074d8e74891968c30b8bae4ab56~mv2.webp","165367"
"Image","https://www.lifeusa.org/no/tags/syria-1","https://static.wixstatic.com/media/6df904_5e974074d8e74891968c30b8bae4ab56~mv2.png/v1/fill/w_333,h_250,fp_0.50_0.50,q_35,blur_30,enc_avif,quality_auto/6df904_5e974074d8e74891968c30b8bae4ab56~mv2.webp","118790"
"Image","https://www.lifeusa.org/no/tags/earthquake","https://static.wixstatic.com/media/6df904_5e974074d8e74891968c30b8bae4ab56~mv2.png/v1/fill/w_333,h_250,fp_0.50_0.50,q_35,blur_30,enc_avif,quality_auto/6df904_5e974074d8e74891968c30b8bae4ab56~mv2.webp","118790"
"Image","https://www.lifeusa.org/no/tags/emergency-relief","https://static.wixstatic.com/media/6df904_5e974074d8e74891968c30b8bae4ab56~mv2.png/v1/fill/w_333,h_250,fp_0.50_0.50,q_35,blur_30,enc_avif,quality_auto/6df904_5e974074d8e74891968c30b8bae4ab56~mv2.webp","118790"
"Image","https://www.lifeusa.org/no/tags/turkey","https://static.wixstatic.com/media/6df904_5e974074d8e74891968c30b8bae4ab56~mv2.png/v1/fill/w_333,h_250,fp_0.50_0.50,q_35,blur_30,enc_avif,quality_auto/6df904_5e974074d8e74891968c30b8bae4ab56~mv2.webp","118790"
"Image","https://www.lifeusa.org/no/tags/syria-1","https://static.wixstatic.com/media/6df904_4189189d47954a2f8cbfffb98c67d681~mv2.png/v1/fill/w_292,h_219,fp_0.50_0.50,q_95,enc_avif,quality_auto/6df904_4189189d47954a2f8cbfffb98c67d681~mv2.webp","156781"
"Image","https://www.lifeusa.org/no/tags/community-development","https://static.wixstatic.com/media/6df904_4189189d47954a2f8cbfffb98c67d681~mv2.png/v1/fill/w_292,h_219,fp_0.50_0.50,q_95,enc_avif,quality_auto/6df904_4189189d47954a2f8cbfffb98c67d681~mv2.webp","156781"
"Image","https://www.lifeusa.org/no/tags/education","https://static.wixstatic.com/media/6df904_4189189d47954a2f8cbfffb98c67d681~mv2.png/v1/fill/w_292,h_219,fp_0.50_0.50,q_95,enc_avif,quality_auto/6df904_4189189d47954a2f8cbfffb98c67d681~mv2.webp","156781"
"Image","https://www.lifeusa.org/no/tags/refugee","https://static.wixstatic.com/media/6df904_6ab46a7f86af4efdaf00a18d77988252~mv2.png/v1/fill/w_333,h_250,fp_0.50_0.50,q_35,blur_30,enc_avif,quality_auto/6df904_6ab46a7f86af4efdaf00a18d77988252~mv2.webp","105003"
"Image","https://www.lifeusa.org/no/tags/refugee-assistance","https://static.wixstatic.com/media/6df904_6ab46a7f86af4efdaf00a18d77988252~mv2.png/v1/fill/w_333,h_250,fp_0.50_0.50,q_35,blur_30,enc_avif,quality_auto/6df904_6ab46a7f86af4efdaf00a18d77988252~mv2.webp","105003"
"Image","https://www.lifeusa.org/no/tags/rohingya","https://static.wixstatic.com/media/6df904_6ab46a7f86af4efdaf00a18d77988252~mv2.png/v1/fill/w_333,h_250,fp_0.50_0.50,q_35,blur_30,enc_avif,quality_auto/6df904_6ab46a7f86af4efdaf00a18d77988252~mv2.webp","105003"
"Image","https://www.lifeusa.org/no/tags/health","https://static.wixstatic.com/media/6df904_6ab46a7f86af4efdaf00a18d77988252~mv2.png/v1/fill/w_333,h_250,fp_0.50_0.50,q_35,blur_30,enc_avif,quality_auto/6df904_6ab46a7f86af4efdaf00a18d77988252~mv2.webp","105003"
"Image","https://www.lifeusa.org/no/tags/bangladesh-1","https://static.wixstatic.com/media/6df904_6ab46a7f86af4efdaf00a18d77988252~mv2.png/v1/fill/w_333,h_250,fp_0.50_0.50,q_35,blur_30,enc_avif,quality_auto/6df904_6ab46a7f86af4efdaf00a18d77988252~mv2.webp","105003"
"Image","https://www.lifeusa.org/no/tags/refugee","https://static.wixstatic.com/media/6df904_6ab46a7f86af4efdaf00a18d77988252~mv2.png/v1/fill/w_292,h_219,fp_0.50_0.50,q_95,enc_avif,quality_auto/6df904_6ab46a7f86af4efdaf00a18d77988252~mv2.webp","168376"
"Image","https://www.lifeusa.org/no/tags/refugee-assistance","https://static.wixstatic.com/media/6df904_6ab46a7f86af4efdaf00a18d77988252~mv2.png/v1/fill/w_292,h_219,fp_0.50_0.50,q_95,enc_avif,quality_auto/6df904_6ab46a7f86af4efdaf00a18d77988252~mv2.webp","168376"
"Image","https://www.lifeusa.org/no/tags/rohingya","https://static.wixstatic.com/media/6df904_6ab46a7f86af4efdaf00a18d77988252~mv2.png/v1/fill/w_292,h_219,fp_0.50_0.50,q_95,enc_avif,quality_auto/6df904_6ab46a7f86af4efdaf00a18d77988252~mv2.webp","168376"
"Image","https://www.lifeusa.org/no/tags/health","https://static.wixstatic.com/media/6df904_6ab46a7f86af4efdaf00a18d77988252~mv2.png/v1/fill/w_292,h_219,fp_0.50_0.50,q_95,enc_avif,quality_auto/6df904_6ab46a7f86af4efdaf00a18d77988252~mv2.webp","168376"
"Image","https://www.lifeusa.org/no/tags/bangladesh-1","https://static.wixstatic.com/media/6df904_6ab46a7f86af4efdaf00a18d77988252~mv2.png/v1/fill/w_292,h_219,fp_0.50_0.50,q_95,enc_avif,quality_auto/6df904_6ab46a7f86af4efdaf00a18d77988252~mv2.webp","168376"
"Image","https://www.lifeusa.org/post/let-them-play-life-gives-every-child-a-chance-to-be-a-child-at-the-global-orphan-eid-parties","https://static.wixstatic.com/media/6df904_575be55f432f48428a33925cfd235799~mv2.png/v1/fill/w_460,h_342,fp_0.50_0.50/6df904_575be55f432f48428a33925cfd235799~mv2.png","410881"
"Image","https://www.lifeusa.org/post/let-them-play-life-gives-every-child-a-chance-to-be-a-child-at-the-global-orphan-eid-parties","https://static.wixstatic.com/media/6df904_9f45c16f3c4d45e985367e11426950c2~mv2.png/v1/fill/w_461,h_341,fp_0.50_0.50/6df904_9f45c16f3c4d45e985367e11426950c2~mv2.png","341574"
"Image","https://www.lifeusa.org/post/let-them-play-life-gives-every-child-a-chance-to-be-a-child-at-the-global-orphan-eid-parties","https://static.wixstatic.com/media/4dc3f8_20020539d77544b690b7e9f10e789c1f~mv2.png/v1/fill/w_916,h_611,al_c,q_90,enc_avif,quality_auto/4dc3f8_20020539d77544b690b7e9f10e789c1f~mv2.png","1571223"
"Image","https://www.lifeusa.org/post/the-leading-causes-of-orphans-today","https://static.wixstatic.com/media/4dc3f8_20020539d77544b690b7e9f10e789c1f~mv2.png/v1/fill/w_916,h_611,al_c,q_90,enc_avif,quality_auto/4dc3f8_20020539d77544b690b7e9f10e789c1f~mv2.png","1571223"
"Image","https://www.lifeusa.org/post/let-them-play-life-gives-every-child-a-chance-to-be-a-child-at-the-global-orphan-eid-parties","https://static.wixstatic.com/media/6df904_5a521035640a40938b57b2492d81232c~mv2.png/v1/fill/w_515,h_342,fp_0.50_0.50/6df904_5a521035640a40938b57b2492d81232c~mv2.png","483540"
"Image","https://www.lifeusa.org/post/let-them-play-life-gives-every-child-a-chance-to-be-a-child-at-the-global-orphan-eid-parties","https://static.wixstatic.com/media/6df904_3bef159af66545a194e384bd8077e1b7~mv2.png/v1/fill/w_533,h_294,fp_0.50_0.50/6df904_3bef159af66545a194e384bd8077e1b7~mv2.png","411840"
"Image","https://www.lifeusa.org/post/let-them-play-life-gives-every-child-a-chance-to-be-a-child-at-the-global-orphan-eid-parties","https://static.wixstatic.com/media/6df904_cdb4a892daea49dd866b1daf0284c8a7~mv2.png/v1/fill/w_442,h_294,fp_0.50_0.50/6df904_cdb4a892daea49dd866b1daf0284c8a7~mv2.png","359467"
"Image","https://www.lifeusa.org/post/let-them-play-life-gives-every-child-a-chance-to-be-a-child-at-the-global-orphan-eid-parties","https://static.wixstatic.com/media/6df904_5a521035640a40938b57b2492d81232c~mv2.png/v1/fill/w_377,h_250,al_c,blur_30/6df904_5a521035640a40938b57b2492d81232c~mv2.png","136427"
"Image","https://www.lifeusa.org/post/let-them-play-life-gives-every-child-a-chance-to-be-a-child-at-the-global-orphan-eid-parties","https://static.wixstatic.com/media/6df904_a0ec9099343a4646a6be360dc666d892~mv2.png/v1/fill/w_617,h_421,al_c,q_85,enc_avif,quality_auto/6df904_a0ec9099343a4646a6be360dc666d892~mv2.png","645989"
"Image","https://www.lifeusa.org/post/who-will-watch-over-the-orphans-of-gaza","https://static.wixstatic.com/media/6df904_a0ec9099343a4646a6be360dc666d892~mv2.png/v1/fill/w_617,h_421,al_c,q_85,enc_avif,quality_auto/6df904_a0ec9099343a4646a6be360dc666d892~mv2.png","645989"
"Image","https://www.lifeusa.org/post/let-them-play-life-gives-every-child-a-chance-to-be-a-child-at-the-global-orphan-eid-parties","https://static.wixstatic.com/media/6df904_cdb4a892daea49dd866b1daf0284c8a7~mv2.png/v1/fill/w_376,h_250,al_c,blur_30/6df904_cdb4a892daea49dd866b1daf0284c8a7~mv2.png","104810"
"Image","https://www.lifeusa.org/post/walk-532-59-miles-in-the-shoes-of-a-ukrainian-refugee","https://static.wixstatic.com/media/4dc3f8_21020878434e45f9836873cd54d6fb25~mv2.png/v1/fill/w_975,h_564,al_c,q_90,enc_avif,quality_auto/4dc3f8_21020878434e45f9836873cd54d6fb25~mv2.png","690495"
"Image","https://www.lifeusa.org/post/it-s-okay-to-cry-the-ukrainian-refugee-mental-health-crisis","https://static.wixstatic.com/media/4dc3f8_db076ff4e9664f969d727eeeddd8df33~mv2.png/v1/fill/w_975,h_650,al_c,q_90,enc_avif,quality_auto/4dc3f8_db076ff4e9664f969d727eeeddd8df33~mv2.png","573365"
"Image","https://www.lifeusa.org/post/walk-532-59-miles-in-the-shoes-of-a-ukrainian-refugee","https://static.wixstatic.com/media/4dc3f8_c24bc8a855674b9dac338039ff1880df~mv2.png/v1/fill/w_881,h_568,al_c,q_90,enc_avif,quality_auto/4dc3f8_c24bc8a855674b9dac338039ff1880df~mv2.png","1039161"
"Image","https://www.lifeusa.org/post/it-s-okay-to-cry-the-ukrainian-refugee-mental-health-crisis","https://static.wixstatic.com/media/4dc3f8_f11770ff75bb45008de2997e28e37f4f~mv2.png/v1/fill/w_975,h_650,al_c,q_90,enc_avif,quality_auto/4dc3f8_f11770ff75bb45008de2997e28e37f4f~mv2.png","1786750"
"Image","https://www.lifeusa.org/post/it-s-okay-to-cry-the-ukrainian-refugee-mental-health-crisis","https://static.wixstatic.com/media/4dc3f8_7e36f5770513470a84cef25b04276a5a~mv2.png/v1/fill/w_975,h_610,al_c,q_90,enc_avif,quality_auto/4dc3f8_7e36f5770513470a84cef25b04276a5a~mv2.png","332713"
"Image","https://www.lifeusa.org/post/life-continues-to-provide-emergency-aid-in-gaza","https://static.wixstatic.com/media/6df904_d94f849e8f4c410baffa7d1c5a9a3bf1~mv2.png/v1/fill/w_441,h_354,fp_0.50_0.50/6df904_d94f849e8f4c410baffa7d1c5a9a3bf1~mv2.png","337658"
"Image","https://www.lifeusa.org/post/the-crucial-role-of-humanitarian-organizations-in-conflict-zones","https://static.wixstatic.com/media/6df904_9c0576c2160f46a6af9f2af5ca4d5982~mv2.png/v1/fill/w_869,h_576,al_c,q_90,enc_avif,quality_auto/6df904_9c0576c2160f46a6af9f2af5ca4d5982~mv2.png","946445"
"Image","https://www.lifeusa.org/post/the-crucial-role-of-humanitarian-organizations-in-conflict-zones","https://static.wixstatic.com/media/6df904_ca637a336127444d948aaa0424a9f295~mv2.png/v1/fill/w_865,h_649,al_c,q_90,enc_avif,quality_auto/6df904_ca637a336127444d948aaa0424a9f295~mv2.png","1254069"
"Image","https://www.lifeusa.org/post/the-crucial-role-of-humanitarian-organizations-in-conflict-zones","https://static.wixstatic.com/media/6df904_c4aa0b13ec054a53a2b57aa2f5081d85~mv2.png/v1/fill/w_867,h_741,al_c,q_90,enc_avif,quality_auto/6df904_c4aa0b13ec054a53a2b57aa2f5081d85~mv2.png","1084146"
"Image","https://www.lifeusa.org/post/life-distributes-water-tanks-to-families-in-the-gaza-strip","https://static.wixstatic.com/media/6df904_818438da5fa642219d62737c29e448e9~mv2.png/v1/fill/w_323,h_323,fp_0.50_0.50/6df904_818438da5fa642219d62737c29e448e9~mv2.png","218830"
"Image","https://www.lifeusa.org/post/life-distributes-water-tanks-to-families-in-the-gaza-strip","https://static.wixstatic.com/media/6df904_e9f2f74fc6ab4f18b32c20239caa272a~mv2.png/v1/fill/w_324,h_323,fp_0.50_0.50/6df904_e9f2f74fc6ab4f18b32c20239caa272a~mv2.png","204058"
"Image","https://www.lifeusa.org/post/life-distributes-water-tanks-to-families-in-the-gaza-strip","https://static.wixstatic.com/media/6df904_2ca3a1273b27485aae02550f620e4a92~mv2.png/v1/fill/w_323,h_323,fp_0.50_0.50/6df904_2ca3a1273b27485aae02550f620e4a92~mv2.png","241900"
"Image","https://www.lifeusa.org/gaza","https://static.wixstatic.com/media/6df904_a1078bdd11f645c5af88a2c8b3ea2675~mv2.jpg/v1/fill/w_982,h_420,fp_0.43_0.3,q_90,enc_avif,quality_auto/6df904_a1078bdd11f645c5af88a2c8b3ea2675~mv2.jpg","116272"
"Image","https://www.lifeusa.org/gaza","https://static.wixstatic.com/media/c1c8c5_11229c22573c4e1b9adda5dd710aff29~mv2.jpeg/v1/fill/w_982,h_420,q_90,enc_avif,quality_auto/c1c8c5_11229c22573c4e1b9adda5dd710aff29~mv2.jpeg","109700"
"Image","https://www.lifeusa.org/gaza","https://static.wixstatic.com/media/6df904_adee985e151744819bef5e546b6dd925~mv2.jpg/v1/fill/w_982,h_420,fp_0.29_0.25,q_90,enc_avif,quality_auto/6df904_adee985e151744819bef5e546b6dd925~mv2.jpg","113218"
"Image","https://www.lifeusa.org/gaza","https://static.wixstatic.com/media/6df904_b8da9e1adbb04f628a2cb2ab6e78ecde~mv2.jpg/v1/fill/w_982,h_420,fp_0.43_0.16,q_90,enc_avif,quality_auto/6df904_b8da9e1adbb04f628a2cb2ab6e78ecde~mv2.jpg","162887"
"Image","https://www.lifeusa.org/post/hearing-aids-colorado","https://static.wixstatic.com/media/6df904_5c89b2a526c64b12b756651df88bdbdc~mv2.png/v1/fill/w_467,h_277,fp_0.50_0.50/6df904_5c89b2a526c64b12b756651df88bdbdc~mv2.png","289927"
"Image","https://www.lifeusa.org/gaza","https://static.wixstatic.com/media/c1c8c5_021c7ad955984366a5908143cd431deb~mv2.jpg/v1/fill/w_982,h_420,q_90,enc_avif,quality_auto/c1c8c5_021c7ad955984366a5908143cd431deb~mv2.jpg","121697"
"Image","https://www.lifeusa.org/post/hearing-aids-colorado","https://static.wixstatic.com/media/6df904_5c89b2a526c64b12b756651df88bdbdc~mv2.png/v1/fill/w_420,h_250,al_c,blur_30/6df904_5c89b2a526c64b12b756651df88bdbdc~mv2.png","127538"
"Image","https://www.lifeusa.org/post/hearing-aids-colorado","https://static.wixstatic.com/media/6df904_30a5b8df381342949217c279c4974f12~mv2.png/v1/fill/w_445,h_250,al_c,blur_30/6df904_30a5b8df381342949217c279c4974f12~mv2.png","132672"
"Image","https://www.lifeusa.org/post/hearing-for-the-first-time-in-years","https://static.wixstatic.com/media/6df904_f141f1bef4294f159295fe941b6741dc~mv2.png/v1/fill/w_975,h_650,al_c,q_90,enc_avif,quality_auto/6df904_f141f1bef4294f159295fe941b6741dc~mv2.png","432860"
"Image","https://www.lifeusa.org/post/hearing-for-the-first-time-in-years","https://static.wixstatic.com/media/6df904_d2842a8af00749d39549aa98cba34f1c~mv2.png/v1/fill/w_908,h_821,al_c,q_90,enc_avif,quality_auto/6df904_d2842a8af00749d39549aa98cba34f1c~mv2.png","1170120"
"Image","https://www.lifeusa.org/post/hearing-aids-colorado","https://static.wixstatic.com/media/6df904_30a5b8df381342949217c279c4974f12~mv2.png/v1/fill/w_493,h_277,fp_0.50_0.50/6df904_30a5b8df381342949217c279c4974f12~mv2.png","332563"
"Image","https://www.lifeusa.org/post/hearing-for-the-first-time-in-years","https://static.wixstatic.com/media/6df904_3e4e8632335341f58ce7a7d7dd125302~mv2.png/v1/fill/w_975,h_650,al_c,q_90,enc_avif,quality_auto/6df904_3e4e8632335341f58ce7a7d7dd125302~mv2.png","1439098"
"Image","https://www.lifeusa.org/post/making-houses-into-homes","https://static.wixstatic.com/media/6df904_8f63df367e5a4b40b7d75e8f994a42b2~mv2.png/v1/fill/w_975,h_779,al_c,q_90,enc_avif,quality_auto/6df904_8f63df367e5a4b40b7d75e8f994a42b2~mv2.png","1656839"
"Image","https://www.lifeusa.org/post/making-houses-into-homes","https://static.wixstatic.com/media/6df904_5a20650c50084d66a0268b05edf29764~mv2.png/v1/fill/w_975,h_650,al_c,q_90,enc_avif,quality_auto/6df904_5a20650c50084d66a0268b05edf29764~mv2.png","1303231"
"Image","https://www.lifeusa.org/post/making-houses-into-homes","https://static.wixstatic.com/media/6df904_8b92688f05e8415186f16d1bc33dd009~mv2.png/v1/fill/w_975,h_650,al_c,q_90,enc_avif,quality_auto/6df904_8b92688f05e8415186f16d1bc33dd009~mv2.png","1303676"
"Image","https://www.lifeusa.org/post/making-houses-into-homes","https://static.wixstatic.com/media/6df904_344ceaed399c407eaa6944024532d4f9~mv2.png/v1/fill/w_975,h_650,al_c,q_90,enc_avif,quality_auto/6df904_344ceaed399c407eaa6944024532d4f9~mv2.png","1157381"
"Image","https://www.lifeusa.org/post/making-houses-into-homes","https://static.wixstatic.com/media/6df904_97e67f5d755c45748b73b110cdde67ae~mv2.png/v1/fill/w_975,h_802,al_c,q_90,enc_avif,quality_auto/6df904_97e67f5d755c45748b73b110cdde67ae~mv2.png","1254451"
"Image","https://www.lifeusa.org/post/food-packages-maryland","https://static.wixstatic.com/media/6df904_4a67bbe751e64a678d64aef136d56706~mv2.png/v1/fill/w_313,h_313,fp_0.50_0.50/6df904_4a67bbe751e64a678d64aef136d56706~mv2.png","242389"
"Image","https://www.lifeusa.org/post/food-packages-maryland","https://static.wixstatic.com/media/6df904_6b072839d78b4c57a014564c8615cbb7~mv2.png/v1/fill/w_313,h_313,fp_0.50_0.50/6df904_6b072839d78b4c57a014564c8615cbb7~mv2.png","257412"
"Image","https://www.lifeusa.org/post/food-packages-maryland","https://static.wixstatic.com/media/6df904_55761ec7cd5d425b8270c9ba875ebf2f~mv2.png/v1/fill/w_314,h_313,fp_0.50_0.50/6df904_55761ec7cd5d425b8270c9ba875ebf2f~mv2.png","236048"
"Image","https://www.lifeusa.org/post/queen-elizabeth-ii-a-lifetime-of-charity","https://static.wixstatic.com/media/6df904_5e7cb0e67d4e40d2a59798c9a0895ab8~mv2.jpg/v1/fill/w_980,h_802,al_c,q_85,usm_0.66_1.00_0.01,enc_avif,quality_auto/6df904_5e7cb0e67d4e40d2a59798c9a0895ab8~mv2.jpg","291051"
"Image","https://www.lifeusa.org/post/queen-elizabeth-ii-a-lifetime-of-charity","https://static.wixstatic.com/media/6df904_44d77ac9514b4959a233f7161c19cce6~mv2.jpg/v1/fill/w_980,h_653,al_c,q_85,usm_0.66_1.00_0.01,enc_avif,quality_auto/6df904_44d77ac9514b4959a233f7161c19cce6~mv2.jpg","213514"
"Image","https://www.lifeusa.org/post/a-summer-of-forest-fires","https://static.wixstatic.com/media/6df904_38c3822a7045484aa4fe1e5cd0307923~mv2.png/v1/fill/w_645,h_362,al_c,q_85,enc_avif,quality_auto/6df904_38c3822a7045484aa4fe1e5cd0307923~mv2.png","463958"
"Image","https://www.lifeusa.org/post/a-summer-of-forest-fires","https://static.wixstatic.com/media/6df904_25071261ca774c63adc97aed842cf597~mv2.png/v1/fill/w_477,h_423,al_c,q_85,enc_avif,quality_auto/6df904_25071261ca774c63adc97aed842cf597~mv2.png","464957"
"Image","https://www.lifeusa.org/post/a-summer-of-forest-fires","https://static.wixstatic.com/media/6df904_3294fb4dd59b4e2484af7072d8a048ec~mv2.png/v1/fill/w_980,h_1307,al_c,q_90,usm_0.66_1.00_0.01,enc_avif,quality_auto/6df904_3294fb4dd59b4e2484af7072d8a048ec~mv2.png","2117109"
"Image","https://www.lifeusa.org/post/a-summer-of-forest-fires","https://static.wixstatic.com/media/6df904_756cf29d9fe8426f9bdcca767af0a728~mv2.png/v1/fill/w_980,h_653,al_c,q_90,usm_0.66_1.00_0.01,enc_avif,quality_auto/6df904_756cf29d9fe8426f9bdcca767af0a728~mv2.png","623797"
"Image","https://www.lifeusa.org/post/the-biggest-charitable-contributions-in-the-u-s-2023","https://static.wixstatic.com/media/6df904_57844c89b9f4488d97420cd9529e889f~mv2.png/v1/fill/w_564,h_288,al_c,q_85,enc_avif,quality_auto/6df904_57844c89b9f4488d97420cd9529e889f~mv2.png","226108"
"Image","https://www.lifeusa.org/post/the-biggest-charitable-contributions-in-the-u-s-2023","https://static.wixstatic.com/media/6df904_c33f148957d6414c869992beaabecb39~mv2.png/v1/fill/w_617,h_343,al_c,q_85,enc_avif,quality_auto/6df904_c33f148957d6414c869992beaabecb39~mv2.png","430943"
"Image","https://www.lifeusa.org/post/the-biggest-charitable-contributions-in-the-u-s-2023","https://static.wixstatic.com/media/6df904_b3ceaf4e6a324260a3ad61a822d2ebfd~mv2.png/v1/fill/w_619,h_411,al_c,q_85,enc_avif,quality_auto/6df904_b3ceaf4e6a324260a3ad61a822d2ebfd~mv2.png","388882"
"Image","https://www.lifeusa.org/post/the-biggest-charitable-contributions-in-the-u-s-2023","https://static.wixstatic.com/media/6df904_7b6d344d3a7d4c8db48220c46183270f~mv2.png/v1/fill/w_619,h_412,al_c,q_85,enc_avif,quality_auto/6df904_7b6d344d3a7d4c8db48220c46183270f~mv2.png","411478"
"Image","https://www.lifeusa.org/post/the-biggest-charitable-contributions-in-the-u-s-2023","https://static.wixstatic.com/media/6df904_4004aaaca07142d6894421c78ab26993~mv2.png/v1/fill/w_594,h_346,al_c,q_85,enc_avif,quality_auto/6df904_4004aaaca07142d6894421c78ab26993~mv2.png","367392"
"Image","https://www.lifeusa.org/post/the-biggest-charitable-contributions-in-the-u-s-2023","https://static.wixstatic.com/media/6df904_d99dd54ef2954136b692addf947b5039~mv2.png/v1/fill/w_567,h_347,al_c,q_85,enc_avif,quality_auto/6df904_d99dd54ef2954136b692addf947b5039~mv2.png","222698"
"Image","https://www.lifeusa.org/post/the-biggest-charitable-contributions-in-the-u-s-2023","https://static.wixstatic.com/media/6df904_e4210e6ba8f6493c9eb22f5a8dc10b8d~mv2.png/v1/fill/w_612,h_378,al_c,q_85,enc_avif,quality_auto/6df904_e4210e6ba8f6493c9eb22f5a8dc10b8d~mv2.png","239371"
"Image","https://www.lifeusa.org/post/the-biggest-charitable-contributions-in-the-u-s-2023","https://static.wixstatic.com/media/6df904_712cdf92fa6146a7ba337330bb730d79~mv2.png/v1/fill/w_594,h_344,al_c,q_85,enc_avif,quality_auto/6df904_712cdf92fa6146a7ba337330bb730d79~mv2.png","324820"
"Image","https://www.lifeusa.org/post/the-biggest-charitable-contributions-in-the-u-s-2023","https://static.wixstatic.com/media/6df904_bc70df32513e49dc9200714639c89eac~mv2.png/v1/fill/w_567,h_307,al_c,q_85,enc_avif,quality_auto/6df904_bc70df32513e49dc9200714639c89eac~mv2.png","269317"
"Image","https://www.lifeusa.org/post/refugee-asylum-seeker-immigrant-and-migrant-what-s-the-difference","https://static.wixstatic.com/media/6df904_bced544663dc4ef2b859825daaea0816~mv2.png/v1/fill/w_930,h_618,al_c,q_90,enc_avif,quality_auto/6df904_bced544663dc4ef2b859825daaea0816~mv2.png","979653"
"Image","https://www.lifeusa.org/post/refugee-asylum-seeker-immigrant-and-migrant-what-s-the-difference","https://static.wixstatic.com/media/6df904_c3b8c0eba92f4d35945c0261dbd9c86a~mv2.png/v1/fill/w_859,h_623,al_c,q_90,enc_avif,quality_auto/6df904_c3b8c0eba92f4d35945c0261dbd9c86a~mv2.png","922843"
"Image","https://www.lifeusa.org/post/refugee-asylum-seeker-immigrant-and-migrant-what-s-the-difference","https://static.wixstatic.com/media/6df904_08d52af9998e4442980e375891a0be82~mv2.png/v1/fill/w_853,h_565,al_c,q_90,enc_avif,quality_auto/6df904_08d52af9998e4442980e375891a0be82~mv2.png","924236"
"Image","https://www.lifeusa.org/post/life-distributes-fresh-meat-in-texas","https://static.wixstatic.com/media/6df904_e4bec0622b354932bd5ea91012b179ba~mv2.png/v1/fill/w_323,h_323,fp_0.50_0.50/6df904_e4bec0622b354932bd5ea91012b179ba~mv2.png","209659"
"Image","https://www.lifeusa.org/post/life-distributes-fresh-meat-in-texas","https://static.wixstatic.com/media/6df904_1c75d06a659b431d8ba49726f18d2473~mv2.png/v1/fill/w_323,h_323,fp_0.50_0.50/6df904_1c75d06a659b431d8ba49726f18d2473~mv2.png","273806"
"Image","https://www.lifeusa.org/post/life-distributes-fresh-meat-in-texas","https://static.wixstatic.com/media/6df904_4bada6d4956e45e293887cc997f1b1e9~mv2.png/v1/fill/w_324,h_323,fp_0.50_0.50/6df904_4bada6d4956e45e293887cc997f1b1e9~mv2.png","258666"
"Image","https://www.lifeusa.org/post/life-promotes-integrative-healthcare-for-rohingya-refugees-with-the-launch-of-vital-eye-care-clinic","https://static.wixstatic.com/media/6df904_614c319f5c5e4882aff5f050a9a01757~mv2.png/v1/fill/w_804,h_534,al_c,q_90,enc_avif,quality_auto/6df904_614c319f5c5e4882aff5f050a9a01757~mv2.png","952212"
"Image","https://www.lifeusa.org/post/life-promotes-integrative-healthcare-for-rohingya-refugees-with-the-launch-of-vital-eye-care-clinic","https://static.wixstatic.com/media/6df904_7ea4e45fbde542bb885edeabcb7650f6~mv2.png/v1/fill/w_807,h_536,al_c,q_90,enc_avif,quality_auto/6df904_7ea4e45fbde542bb885edeabcb7650f6~mv2.png","892203"
"Image","https://www.lifeusa.org/post/life-s-education-initiatives-in-syria-generate-positive-outcomes-in-enrollment-and-graduation-rate-t","https://static.wixstatic.com/media/6df904_db91bf9094264300a3f810e7ecc6fb5c~mv2.png/v1/fill/w_932,h_575,al_c,q_90,enc_avif,quality_auto/6df904_db91bf9094264300a3f810e7ecc6fb5c~mv2.png","899730"
"Image","https://www.lifeusa.org/post/life-s-education-initiatives-in-syria-generate-positive-outcomes-in-enrollment-and-graduation-rate-t","https://static.wixstatic.com/media/6df904_d19b3ae95b25454aa6c85e1d871d874b~mv2.png/v1/fill/w_930,h_519,al_c,q_90,enc_avif,quality_auto/6df904_d19b3ae95b25454aa6c85e1d871d874b~mv2.png","852171"
"Image","https://www.lifeusa.org/post/no-assistance-in-their-time-of-need","https://static.wixstatic.com/media/6df904_d7b78b09df80468c8114f6e5c6d19cb2~mv2.png/v1/fill/w_447,h_250,al_c,blur_30/6df904_d7b78b09df80468c8114f6e5c6d19cb2~mv2.png","119112"
"Image","https://www.lifeusa.org/post/no-assistance-in-their-time-of-need","https://static.wixstatic.com/media/6df904_8dbcce5b728f40c89bd0d795139d2147~mv2.png/v1/fill/w_434,h_303,fp_0.50_0.50/6df904_8dbcce5b728f40c89bd0d795139d2147~mv2.png","273623"
"Image","https://www.lifeusa.org/post/no-assistance-in-their-time-of-need","https://static.wixstatic.com/media/6df904_5e974074d8e74891968c30b8bae4ab56~mv2.png/v1/fill/w_980,h_650,al_c,q_90,usm_0.66_1.00_0.01,enc_avif,quality_auto/6df904_5e974074d8e74891968c30b8bae4ab56~mv2.png","1356196"
"Image","https://www.lifeusa.org/post/no-assistance-in-their-time-of-need","https://static.wixstatic.com/media/6df904_d7b78b09df80468c8114f6e5c6d19cb2~mv2.png/v1/fill/w_486,h_271,fp_0.50_0.50/6df904_d7b78b09df80468c8114f6e5c6d19cb2~mv2.png","353424"
"Image","https://www.lifeusa.org/post/no-assistance-in-their-time-of-need","https://static.wixstatic.com/media/6df904_4e2cdf1ec7804660bfb9e36ef37c68ef~mv2.png/v1/fill/w_451,h_250,al_c,blur_30/6df904_4e2cdf1ec7804660bfb9e36ef37c68ef~mv2.png","132412"
"Image","https://www.lifeusa.org/post/no-assistance-in-their-time-of-need","https://static.wixstatic.com/media/6df904_6a722b37c8a44701977c6fbbf82d1320~mv2.png/v1/fill/w_541,h_303,fp_0.50_0.50/6df904_6a722b37c8a44701977c6fbbf82d1320~mv2.png","442233"
"Image","https://www.lifeusa.org/post/no-assistance-in-their-time-of-need","https://static.wixstatic.com/media/6df904_e55323a294624266b1b20c96c83f92a1~mv2.png/v1/fill/w_614,h_408,al_c,q_85,enc_avif,quality_auto/6df904_e55323a294624266b1b20c96c83f92a1~mv2.png","462899"
"Image","https://www.lifeusa.org/post/no-assistance-in-their-time-of-need","https://static.wixstatic.com/media/6df904_4e2cdf1ec7804660bfb9e36ef37c68ef~mv2.png/v1/fill/w_489,h_271,fp_0.50_0.50/6df904_4e2cdf1ec7804660bfb9e36ef37c68ef~mv2.png","331065"
"Image","https://www.lifeusa.org/post/what-causes-earthquakes-and-how-they-affect-people","https://static.wixstatic.com/media/6df904_680d6bcb893e434ba06a143943016d41~mv2.png/v1/fill/w_705,h_535,al_c,q_90,enc_avif,quality_auto/6df904_680d6bcb893e434ba06a143943016d41~mv2.png","348916"
"Image","https://www.lifeusa.org/post/what-causes-earthquakes-and-how-they-affect-people","https://static.wixstatic.com/media/6df904_360cd84eb7c8427aae1b287ad109f2b1~mv2.png/v1/fill/w_770,h_478,al_c,q_90,enc_avif,quality_auto/6df904_360cd84eb7c8427aae1b287ad109f2b1~mv2.png","301785"
"Image","https://www.lifeusa.org/post/life-for-relief-and-development-life-ambulance-and-distributed-aid-save-countless-lives-after-airs","https://static.wixstatic.com/media/74d008_7082da2043bc447a9c6a79a1686d7a75~mv2.jpg/v1/fill/w_980,h_653,al_c,q_85,usm_0.66_1.00_0.01,enc_avif,quality_auto/74d008_7082da2043bc447a9c6a79a1686d7a75~mv2.jpg","111317"
"Image","https://www.lifeusa.org/post/what-causes-earthquakes-and-how-they-affect-people","https://static.wixstatic.com/media/6df904_395f4fda6d294d2a9247bba32ff95e36~mv2.png/v1/fill/w_772,h_479,al_c,q_90,enc_avif,quality_auto/6df904_395f4fda6d294d2a9247bba32ff95e36~mv2.png","617186"
"Image","https://www.lifeusa.org/post/life-for-relief-and-development-life-ambulance-and-distributed-aid-save-countless-lives-after-airs","https://static.wixstatic.com/media/74d008_bb5b40e9f8c04066b04fc6dc95a95461~mv2.jpg/v1/fill/w_980,h_653,al_c,q_85,usm_0.66_1.00_0.01,enc_avif,quality_auto/74d008_bb5b40e9f8c04066b04fc6dc95a95461~mv2.jpg","118873"
"Image","https://www.lifeusa.org/post/the-leading-causes-of-orphans-today","https://static.wixstatic.com/media/4dc3f8_c50d3624c4244486887ed4b0413065ac~mv2.png/v1/fill/w_909,h_567,al_c,q_90,enc_avif,quality_auto/4dc3f8_c50d3624c4244486887ed4b0413065ac~mv2.png","811124"
"Image","https://www.lifeusa.org/post/aiding-in-gaza-s-shelter-crisis","https://static.wixstatic.com/media/6df904_4c6c7dd530964182a4264af964dd29df~mv2.png/v1/fill/w_586,h_336,al_c,q_85,enc_avif,quality_auto/6df904_4c6c7dd530964182a4264af964dd29df~mv2.png","370481"
"Image","https://www.lifeusa.org/post/aiding-in-gaza-s-shelter-crisis","https://static.wixstatic.com/media/6df904_8e841b957e614574aff337cd6d8f0042~mv2.png/v1/fill/w_411,h_315,fp_0.50_0.50/6df904_8e841b957e614574aff337cd6d8f0042~mv2.png","238870"
"Image","https://www.lifeusa.org/post/aiding-in-gaza-s-shelter-crisis","https://static.wixstatic.com/media/6df904_636f5c11ccae47a1979bff1df891dad2~mv2.png/v1/fill/w_565,h_315,fp_0.50_0.50/6df904_636f5c11ccae47a1979bff1df891dad2~mv2.png","388545"
"Image","https://www.lifeusa.org/post/aiding-in-gaza-s-shelter-crisis","https://static.wixstatic.com/media/6df904_0d35245693f743b6bf20d2b118dd468c~mv2.png/v1/fill/w_613,h_406,al_c,q_85,enc_avif,quality_auto/6df904_0d35245693f743b6bf20d2b118dd468c~mv2.png","480645"
"Image","https://www.lifeusa.org/post/gaza-s-daily-bread-life-provides-relief-to-innocent-civilians","https://static.wixstatic.com/media/6df904_8e85c852eba0405b8b96fdc10865f82b~mv2.png/v1/fill/w_489,h_408,fp_0.50_0.50/6df904_8e85c852eba0405b8b96fdc10865f82b~mv2.png","453555"
"Image","https://www.lifeusa.org/post/gaza-s-daily-bread-life-provides-relief-to-innocent-civilians","https://static.wixstatic.com/media/6df904_b7494651885942f0a7a71de5b64a6bee~mv2.png/v1/fill/w_486,h_408,fp_0.50_0.50/6df904_b7494651885942f0a7a71de5b64a6bee~mv2.png","501141"
"Image","https://www.lifeusa.org/post/life-provides-emergency-relief-to-gaza-1","https://static.wixstatic.com/media/6df904_c5e491520a384473bd2c05eeb388b237~mv2.png/v1/fill/w_487,h_324,fp_0.50_0.50/6df904_c5e491520a384473bd2c05eeb388b237~mv2.png","387989"
"Image","https://www.lifeusa.org/post/life-provides-emergency-relief-to-gaza-1","https://static.wixstatic.com/media/6df904_a8b655cd2be54fda9155fffd4ef47aa1~mv2.png/v1/fill/w_485,h_324,fp_0.50_0.50/6df904_a8b655cd2be54fda9155fffd4ef47aa1~mv2.png","330214"
"Image","https://www.lifeusa.org/post/life-provides-emergency-relief-to-gaza-1","https://static.wixstatic.com/media/6df904_7749d9f6e1044cbc8b9fdd94ee9a02bf~mv2.png/v1/fill/w_488,h_324,fp_0.50_0.50/6df904_7749d9f6e1044cbc8b9fdd94ee9a02bf~mv2.png","377286"
"Image","https://www.lifeusa.org/post/life-provides-emergency-relief-to-gaza","https://static.wixstatic.com/media/6df904_fc8cd533ae924a33a9c064f4b1ae6518~mv2.png/v1/fill/w_381,h_250,al_c,blur_30/6df904_fc8cd533ae924a33a9c064f4b1ae6518~mv2.png","123971"
"Image","https://www.lifeusa.org/post/life-provides-emergency-relief-to-gaza","https://static.wixstatic.com/media/6df904_7f03a452403e4a799a01960af66ce42a~mv2.png/v1/fill/w_488,h_323,fp_0.50_0.50/6df904_7f03a452403e4a799a01960af66ce42a~mv2.png","376027"
"Image","https://www.lifeusa.org/post/life-provides-emergency-relief-to-gaza","https://static.wixstatic.com/media/6df904_fc8cd533ae924a33a9c064f4b1ae6518~mv2.png/v1/fill/w_495,h_325,fp_0.50_0.50/6df904_fc8cd533ae924a33a9c064f4b1ae6518~mv2.png","425596"
"Image","https://www.lifeusa.org/post/life-provides-emergency-relief-to-gaza","https://static.wixstatic.com/media/6df904_1de248cb2d984d2982c76713b23057c4~mv2.png/v1/fill/w_480,h_325,fp_0.50_0.50/6df904_1de248cb2d984d2982c76713b23057c4~mv2.png","326422"
"Image","https://www.lifeusa.org/post/life-provides-emergency-relief-to-gaza","https://static.wixstatic.com/media/6df904_1200959b458042989c12332d74187b89~mv2.png/v1/fill/w_487,h_323,fp_0.50_0.50/6df904_1200959b458042989c12332d74187b89~mv2.png","387517"
"Image","https://www.lifeusa.org/post/let-them-play-life-gives-every-child-a-chance-to-be-a-child-at-the-global-orphan-eid-parties","https://static.wixstatic.com/media/6df904_3bef159af66545a194e384bd8077e1b7~mv2.png/v1/fill/w_454,h_250,al_c,blur_30/6df904_3bef159af66545a194e384bd8077e1b7~mv2.png","127025"
"Image","https://www.lifeusa.org/post/let-them-play-life-gives-every-child-a-chance-to-be-a-child-at-the-global-orphan-eid-parties","https://static.wixstatic.com/media/6df904_2a1d433dc42b49d08c6da55126a2a02f~mv2.png/v1/fill/w_514,h_341,fp_0.50_0.50/6df904_2a1d433dc42b49d08c6da55126a2a02f~mv2.png","442868"
"Image","https://www.lifeusa.org/post/let-them-play-life-gives-every-child-a-chance-to-be-a-child-at-the-global-orphan-eid-parties","https://static.wixstatic.com/media/6df904_ad1ae9772b3f400ea66310b126d38671~mv2.png/v1/fill/w_621,h_410,al_c,q_85,enc_avif,quality_auto/6df904_ad1ae9772b3f400ea66310b126d38671~mv2.png","655372"
"Image","https://www.lifeusa.org/no/tags/jordan","https://static.wixstatic.com/media/6df904_9ebd13ab8ce34e459f24b89e79927cb2~mv2.png/v1/fill/w_292,h_219,fp_0.50_0.50,q_95,enc_avif,quality_auto/6df904_9ebd13ab8ce34e459f24b89e79927cb2~mv2.webp","128220"
"Image","https://www.lifeusa.org/no/tags/orphan","https://static.wixstatic.com/media/6df904_9ebd13ab8ce34e459f24b89e79927cb2~mv2.png/v1/fill/w_292,h_219,fp_0.50_0.50,q_95,enc_avif,quality_auto/6df904_9ebd13ab8ce34e459f24b89e79927cb2~mv2.webp","128220"
"Image","https://www.lifeusa.org/no/tags/lebanon","https://static.wixstatic.com/media/6df904_9ebd13ab8ce34e459f24b89e79927cb2~mv2.png/v1/fill/w_292,h_219,fp_0.50_0.50,q_95,enc_avif,quality_auto/6df904_9ebd13ab8ce34e459f24b89e79927cb2~mv2.webp","128220"
"Image","https://www.lifeusa.org/post/creating-beautiful-tomorrows-in-orphans-today","https://static.wixstatic.com/media/6df904_5fbb52c0ad124c60acf5fec15666b8b8~mv2.jpg/v1/fill/w_980,h_653,al_c,q_85,usm_0.66_1.00_0.01,enc_avif,quality_auto/6df904_5fbb52c0ad124c60acf5fec15666b8b8~mv2.jpg","120758"
"Image","https://www.lifeusa.org/post/creating-beautiful-tomorrows-in-orphans-today","https://static.wixstatic.com/media/6df904_42a5f53bc1fd4c839e43e76329d1a26a~mv2.jpg/v1/fill/w_980,h_817,al_c,q_85,usm_0.66_1.00_0.01,enc_avif,quality_auto/6df904_42a5f53bc1fd4c839e43e76329d1a26a~mv2.jpg","122532"
"Image","https://www.lifeusa.org/no/tags/hearing-aids","https://static.wixstatic.com/media/6df904_557f46a7dcbb44b99bb431fc03010799~mv2.png/v1/fill/w_292,h_219,fp_0.50_0.50,q_95,enc_avif,quality_auto/6df904_557f46a7dcbb44b99bb431fc03010799~mv2.webp","165761"
"Image","https://www.lifeusa.org/no/tags/education","https://static.wixstatic.com/media/6df904_8935ad4b4ea64dd78e1ba24592455570~mv2.png/v1/fill/w_292,h_219,fp_0.50_0.50,q_95,enc_avif,quality_auto/6df904_8935ad4b4ea64dd78e1ba24592455570~mv2.webp","127753"
"Image","https://www.lifeusa.org/no/tags/national-women-s-month","https://static.wixstatic.com/media/6df904_8935ad4b4ea64dd78e1ba24592455570~mv2.png/v1/fill/w_292,h_219,fp_0.50_0.50,q_95,enc_avif,quality_auto/6df904_8935ad4b4ea64dd78e1ba24592455570~mv2.webp","127753"
"Image","https://www.lifeusa.org/no/tags/hearing-aids","https://static.wixstatic.com/media/6df904_557f46a7dcbb44b99bb431fc03010799~mv2.png/v1/fill/w_333,h_250,fp_0.50_0.50,q_35,blur_30,enc_avif,quality_auto/6df904_557f46a7dcbb44b99bb431fc03010799~mv2.webp","104282"
"Image","https://www.lifeusa.org/no/tags/back-to-school","https://static.wixstatic.com/media/6df904_1d29d120c9a94899b3f186c4e5078577~mv2.png/v1/fill/w_292,h_219,fp_0.50_0.50,q_95,enc_avif,quality_auto/6df904_1d29d120c9a94899b3f186c4e5078577~mv2.webp","150613"
"Image","https://www.lifeusa.org/no/tags/haiti","https://static.wixstatic.com/media/6df904_1d29d120c9a94899b3f186c4e5078577~mv2.png/v1/fill/w_292,h_219,fp_0.50_0.50,q_95,enc_avif,quality_auto/6df904_1d29d120c9a94899b3f186c4e5078577~mv2.webp","150613"
"Image","https://www.lifeusa.org/no/tags/back-to-school","https://static.wixstatic.com/media/6df904_762356f1991e47e0bf708d7d92f4e0f9~mv2.png/v1/fill/w_292,h_219,fp_0.50_0.50,q_95,enc_avif,quality_auto/6df904_762356f1991e47e0bf708d7d92f4e0f9~mv2.webp","167225"
"Image","https://www.lifeusa.org/no/tags/iraq","https://static.wixstatic.com/media/6df904_762356f1991e47e0bf708d7d92f4e0f9~mv2.png/v1/fill/w_292,h_219,fp_0.50_0.50,q_95,enc_avif,quality_auto/6df904_762356f1991e47e0bf708d7d92f4e0f9~mv2.webp","167225"
"Image","https://www.lifeusa.org/no/tags/food-baskets","https://static.wixstatic.com/media/6df904_3135ef120f684f2a8f5ad90080cd7b68~mv2.png/v1/fill/w_292,h_219,fp_0.50_0.50,q_95,enc_avif,quality_auto/6df904_3135ef120f684f2a8f5ad90080cd7b68~mv2.webp","189415"
"Image","https://www.lifeusa.org/no/tags/bosnia","https://static.wixstatic.com/media/6df904_3135ef120f684f2a8f5ad90080cd7b68~mv2.png/v1/fill/w_292,h_219,fp_0.50_0.50,q_95,enc_avif,quality_auto/6df904_3135ef120f684f2a8f5ad90080cd7b68~mv2.webp","189415"
"Image","https://www.lifeusa.org/no/tags/ramadan","https://static.wixstatic.com/media/6df904_3135ef120f684f2a8f5ad90080cd7b68~mv2.png/v1/fill/w_292,h_219,fp_0.50_0.50,q_95,enc_avif,quality_auto/6df904_3135ef120f684f2a8f5ad90080cd7b68~mv2.webp","189415"
"Image","https://www.lifeusa.org/no/tags/food-baskets","https://static.wixstatic.com/media/6df904_c7ac9c43ab384dbc9dafb5ed604fd317~mv2.png/v1/fill/w_333,h_250,fp_0.50_0.50,q_35,blur_30,enc_avif,quality_auto/6df904_c7ac9c43ab384dbc9dafb5ed604fd317~mv2.webp","106236"
"Image","https://www.lifeusa.org/no/tags/ramadan","https://static.wixstatic.com/media/6df904_c7ac9c43ab384dbc9dafb5ed604fd317~mv2.png/v1/fill/w_333,h_250,fp_0.50_0.50,q_35,blur_30,enc_avif,quality_auto/6df904_c7ac9c43ab384dbc9dafb5ed604fd317~mv2.webp","106236"
"Image","https://www.lifeusa.org/no/tags/food-baskets","https://static.wixstatic.com/media/6df904_bb405e8b223f490cbff6127f72df3475~mv2.png/v1/fill/w_292,h_219,fp_0.50_0.50,q_95,enc_avif,quality_auto/6df904_bb405e8b223f490cbff6127f72df3475~mv2.webp","166871"
"Image","https://www.lifeusa.org/no/tags/ramadan","https://static.wixstatic.com/media/6df904_bb405e8b223f490cbff6127f72df3475~mv2.png/v1/fill/w_292,h_219,fp_0.50_0.50,q_95,enc_avif,quality_auto/6df904_bb405e8b223f490cbff6127f72df3475~mv2.webp","166871"
"Image","https://www.lifeusa.org/no/tags/food-baskets","https://static.wixstatic.com/media/6df904_c7ac9c43ab384dbc9dafb5ed604fd317~mv2.png/v1/fill/w_292,h_219,fp_0.50_0.50,q_95,enc_avif,quality_auto/6df904_c7ac9c43ab384dbc9dafb5ed604fd317~mv2.webp","176856"
"Image","https://www.lifeusa.org/no/tags/ramadan","https://static.wixstatic.com/media/6df904_c7ac9c43ab384dbc9dafb5ed604fd317~mv2.png/v1/fill/w_292,h_219,fp_0.50_0.50,q_95,enc_avif,quality_auto/6df904_c7ac9c43ab384dbc9dafb5ed604fd317~mv2.webp","176856"
"Image","https://www.lifeusa.org/no/tags/food-baskets","https://static.wixstatic.com/media/6df904_7f8e937961384f108a8b5a2db9d094ec~mv2.png/v1/fill/w_292,h_219,fp_0.50_0.50,q_95,enc_avif,quality_auto/6df904_7f8e937961384f108a8b5a2db9d094ec~mv2.webp","202176"
"Image","https://www.lifeusa.org/no/tags/ethiopia","https://static.wixstatic.com/media/6df904_7f8e937961384f108a8b5a2db9d094ec~mv2.png/v1/fill/w_292,h_219,fp_0.50_0.50,q_95,enc_avif,quality_auto/6df904_7f8e937961384f108a8b5a2db9d094ec~mv2.webp","202176"
"Image","https://www.lifeusa.org/no/tags/sudan","https://static.wixstatic.com/media/6df904_7f8e937961384f108a8b5a2db9d094ec~mv2.png/v1/fill/w_292,h_219,fp_0.50_0.50,q_95,enc_avif,quality_auto/6df904_7f8e937961384f108a8b5a2db9d094ec~mv2.webp","202176"
"Image","https://www.lifeusa.org/no/tags/uganda","https://static.wixstatic.com/media/6df904_7f8e937961384f108a8b5a2db9d094ec~mv2.png/v1/fill/w_292,h_219,fp_0.50_0.50,q_95,enc_avif,quality_auto/6df904_7f8e937961384f108a8b5a2db9d094ec~mv2.webp","202176"
"Image","https://www.lifeusa.org/no/tags/djibouti","https://static.wixstatic.com/media/6df904_7f8e937961384f108a8b5a2db9d094ec~mv2.png/v1/fill/w_292,h_219,fp_0.50_0.50,q_95,enc_avif,quality_auto/6df904_7f8e937961384f108a8b5a2db9d094ec~mv2.webp","202176"
"Image","https://www.lifeusa.org/no/tags/south-sudan","https://static.wixstatic.com/media/6df904_7f8e937961384f108a8b5a2db9d094ec~mv2.png/v1/fill/w_292,h_219,fp_0.50_0.50,q_95,enc_avif,quality_auto/6df904_7f8e937961384f108a8b5a2db9d094ec~mv2.webp","202176"
"Image","https://www.lifeusa.org/no/tags/somalia","https://static.wixstatic.com/media/6df904_7f8e937961384f108a8b5a2db9d094ec~mv2.png/v1/fill/w_292,h_219,fp_0.50_0.50,q_95,enc_avif,quality_auto/6df904_7f8e937961384f108a8b5a2db9d094ec~mv2.webp","202176"
"Image","https://www.lifeusa.org/no/tags/eritrea","https://static.wixstatic.com/media/6df904_7f8e937961384f108a8b5a2db9d094ec~mv2.png/v1/fill/w_292,h_219,fp_0.50_0.50,q_95,enc_avif,quality_auto/6df904_7f8e937961384f108a8b5a2db9d094ec~mv2.webp","202176"
"Image","https://www.lifeusa.org/no/tags/ramadan","https://static.wixstatic.com/media/6df904_7f8e937961384f108a8b5a2db9d094ec~mv2.png/v1/fill/w_292,h_219,fp_0.50_0.50,q_95,enc_avif,quality_auto/6df904_7f8e937961384f108a8b5a2db9d094ec~mv2.webp","202176"
"Image","https://www.lifeusa.org/no/tags/kenya","https://static.wixstatic.com/media/6df904_7f8e937961384f108a8b5a2db9d094ec~mv2.png/v1/fill/w_292,h_219,fp_0.50_0.50,q_95,enc_avif,quality_auto/6df904_7f8e937961384f108a8b5a2db9d094ec~mv2.webp","202176"
"Image","https://www.lifeusa.org/no/tags/food-baskets","https://static.wixstatic.com/media/6df904_be84922b44b54c309dd896f270b91e03~mv2.png/v1/fill/w_292,h_219,fp_0.50_0.50,q_95,enc_avif,quality_auto/6df904_be84922b44b54c309dd896f270b91e03~mv2.webp","147298"
"Image","https://www.lifeusa.org/no/tags/ramadan","https://static.wixstatic.com/media/6df904_be84922b44b54c309dd896f270b91e03~mv2.png/v1/fill/w_292,h_219,fp_0.50_0.50,q_95,enc_avif,quality_auto/6df904_be84922b44b54c309dd896f270b91e03~mv2.webp","147298"
"Image","https://www.lifeusa.org/no/tags/food-baskets","https://static.wixstatic.com/media/6df904_bb405e8b223f490cbff6127f72df3475~mv2.png/v1/fill/w_333,h_250,fp_0.50_0.50,q_35,blur_30,enc_avif,quality_auto/6df904_bb405e8b223f490cbff6127f72df3475~mv2.webp","111775"
"Image","https://www.lifeusa.org/no/tags/ramadan","https://static.wixstatic.com/media/6df904_bb405e8b223f490cbff6127f72df3475~mv2.png/v1/fill/w_333,h_250,fp_0.50_0.50,q_35,blur_30,enc_avif,quality_auto/6df904_bb405e8b223f490cbff6127f72df3475~mv2.webp","111775"
"Image","https://www.lifeusa.org/no/tags/community-development","https://static.wixstatic.com/media/6df904_a9fc90cc1ce343c2b80cb1d12c055db7~mv2.png/v1/fill/w_292,h_219,fp_0.50_0.50,q_95,enc_avif,quality_auto/6df904_a9fc90cc1ce343c2b80cb1d12c055db7~mv2.webp","143545"
"Image","https://www.lifeusa.org/no/tags/furniture","https://static.wixstatic.com/media/6df904_a9fc90cc1ce343c2b80cb1d12c055db7~mv2.png/v1/fill/w_292,h_219,fp_0.50_0.50,q_95,enc_avif,quality_auto/6df904_a9fc90cc1ce343c2b80cb1d12c055db7~mv2.webp","143545"
"Image","https://www.lifeusa.org/no/tags/emergency-relief","https://static.wixstatic.com/media/6df904_928d6ff0a2714cb392b5a72df63e2300~mv2.png/v1/fill/w_292,h_219,fp_0.50_0.50,q_95,enc_avif,quality_auto/6df904_928d6ff0a2714cb392b5a72df63e2300~mv2.webp","144312"
"Image","https://www.lifeusa.org/no/tags/emergency-relief","https://static.wixstatic.com/media/6df904_5da3e739fa024432bd3caff130cea9e9~mv2.png/v1/fill/w_292,h_219,fp_0.50_0.50,q_95,enc_avif,quality_auto/6df904_5da3e739fa024432bd3caff130cea9e9~mv2.webp","162384"
"Image","https://www.lifeusa.org/no/tags/winter-warmth","https://static.wixstatic.com/media/6df904_5da3e739fa024432bd3caff130cea9e9~mv2.png/v1/fill/w_292,h_219,fp_0.50_0.50,q_95,enc_avif,quality_auto/6df904_5da3e739fa024432bd3caff130cea9e9~mv2.webp","162384"
"Image","https://www.lifeusa.org/no/tags/emergency-relief","https://static.wixstatic.com/media/6df904_574fb8f0ab26415680b708baa53b8d35~mv2.png/v1/fill/w_292,h_219,fp_0.50_0.50,q_95,enc_avif,quality_auto/6df904_574fb8f0ab26415680b708baa53b8d35~mv2.webp","105132"
"Image","https://www.lifeusa.org/no/tags/community-development","https://static.wixstatic.com/media/6df904_574fb8f0ab26415680b708baa53b8d35~mv2.png/v1/fill/w_292,h_219,fp_0.50_0.50,q_95,enc_avif,quality_auto/6df904_574fb8f0ab26415680b708baa53b8d35~mv2.webp","105132"
"Image","https://www.lifeusa.org/no/tags/back-to-school","https://static.wixstatic.com/media/6df904_574fb8f0ab26415680b708baa53b8d35~mv2.png/v1/fill/w_292,h_219,fp_0.50_0.50,q_95,enc_avif,quality_auto/6df904_574fb8f0ab26415680b708baa53b8d35~mv2.webp","105132"
"Image","https://www.lifeusa.org/no/tags/thanksgiving","https://static.wixstatic.com/media/6df904_574fb8f0ab26415680b708baa53b8d35~mv2.png/v1/fill/w_292,h_219,fp_0.50_0.50,q_95,enc_avif,quality_auto/6df904_574fb8f0ab26415680b708baa53b8d35~mv2.webp","105132"
"Image","https://www.lifeusa.org/no/tags/emergency-relief","https://static.wixstatic.com/media/6df904_7075272743a044268fa3335f3910f25e~mv2.png/v1/fill/w_292,h_219,fp_0.50_0.50,q_95,enc_avif,quality_auto/6df904_7075272743a044268fa3335f3910f25e~mv2.webp","153571"
"Image","https://www.lifeusa.org/no/tags/gaza-1","https://static.wixstatic.com/media/6df904_7075272743a044268fa3335f3910f25e~mv2.png/v1/fill/w_292,h_219,fp_0.50_0.50,q_95,enc_avif,quality_auto/6df904_7075272743a044268fa3335f3910f25e~mv2.webp","153571"
"Image","https://www.lifeusa.org/no/tags/food-baskets","https://static.wixstatic.com/media/6df904_7075272743a044268fa3335f3910f25e~mv2.png/v1/fill/w_292,h_219,fp_0.50_0.50,q_95,enc_avif,quality_auto/6df904_7075272743a044268fa3335f3910f25e~mv2.webp","153571"
"Image","https://www.lifeusa.org/post/stuck-between-burning-fire-and-freezing-ice","https://static.wixstatic.com/media/6df904_5da3e739fa024432bd3caff130cea9e9~mv2.png/v1/fill/w_652,h_490,al_c,q_85,enc_avif,quality_auto/6df904_5da3e739fa024432bd3caff130cea9e9~mv2.png","771725"
"Image","https://www.lifeusa.org/post/stuck-between-burning-fire-and-freezing-ice","https://static.wixstatic.com/media/6df904_5b891ef2bfe245ad9a42b18d1357571b~mv2.png/v1/fill/w_597,h_447,al_c,q_85,enc_avif,quality_auto/6df904_5b891ef2bfe245ad9a42b18d1357571b~mv2.png","677036"
"Image","https://www.lifeusa.org/post/behind-the-label-refugee","https://static.wixstatic.com/media/6df904_97be1056925749e787b181fc838c986c~mv2.png/v1/fill/w_621,h_410,al_c,q_85,enc_avif,quality_auto/6df904_97be1056925749e787b181fc838c986c~mv2.png","373106"
"Image","https://www.lifeusa.org/post/eastern-africa-is-on-fire","https://static.wixstatic.com/media/6df904_6ec7971b58004b99b08073ce7c1f94ba~mv2.jpg/v1/fill/w_980,h_653,al_c,q_85,usm_0.66_1.00_0.01,enc_avif,quality_auto/6df904_6ec7971b58004b99b08073ce7c1f94ba~mv2.jpg","189770"
"Image","https://www.lifeusa.org/post/behind-the-label-refugee","https://static.wixstatic.com/media/6df904_928d6ff0a2714cb392b5a72df63e2300~mv2.png/v1/fill/w_619,h_411,al_c,q_85,enc_avif,quality_auto/6df904_928d6ff0a2714cb392b5a72df63e2300~mv2.png","500319"
"Image","https://www.lifeusa.org/post/eastern-africa-is-on-fire","https://static.wixstatic.com/media/6df904_e28acaa6bd5d4d758db52cfdac9dce60~mv2.jpg/v1/fill/w_980,h_735,al_c,q_85,usm_0.66_1.00_0.01,enc_avif,quality_auto/6df904_e28acaa6bd5d4d758db52cfdac9dce60~mv2.jpg","369765"
"Image","https://www.lifeusa.org/post/what-to-expect-and-how-to-prepare-for-hurricane-ian","https://static.wixstatic.com/media/6df904_b7625fb4192b4e86aea95981fbc269c9~mv2.png/v1/fill/w_617,h_638,al_c,q_90,enc_avif,quality_auto/6df904_b7625fb4192b4e86aea95981fbc269c9~mv2.png","1001700"
"Image","https://www.lifeusa.org/post/what-to-expect-and-how-to-prepare-for-hurricane-ian","https://static.wixstatic.com/media/6df904_f71097df4226435f983f3492d25b2443~mv2.png/v1/fill/w_908,h_807,al_c,q_90,enc_avif,quality_auto/6df904_f71097df4226435f983f3492d25b2443~mv2.png","2088905"
"Image","https://www.lifeusa.org/post/what-to-expect-and-how-to-prepare-for-hurricane-ian","https://static.wixstatic.com/media/6df904_4ca744d8c81449c68cb0d700330a5edc~mv2.png/v1/fill/w_974,h_650,al_c,q_90,enc_avif,quality_auto/6df904_4ca744d8c81449c68cb0d700330a5edc~mv2.png","768330"
"Image","https://www.lifeusa.org/post/what-to-expect-and-how-to-prepare-for-hurricane-ian","https://static.wixstatic.com/media/6df904_02700d453d0e47b1932d37dee6b8e9c5~mv2.png/v1/fill/w_975,h_650,al_c,q_90,enc_avif,quality_auto/6df904_02700d453d0e47b1932d37dee6b8e9c5~mv2.png","1043724"
"Image","https://www.lifeusa.org/post/what-to-expect-and-how-to-prepare-for-hurricane-ian","https://static.wixstatic.com/media/6df904_45a4459e264441dbaee4aa11d101b17a~mv2.png/v1/fill/w_975,h_650,al_c,q_90,enc_avif,quality_auto/6df904_45a4459e264441dbaee4aa11d101b17a~mv2.png","1954623"
"Image","https://www.lifeusa.org/post/what-to-expect-and-how-to-prepare-for-hurricane-ian","https://static.wixstatic.com/media/6df904_ce22956a5c504bc6b2b25b484de690b8~mv2.png/v1/fill/w_886,h_608,al_c,q_90,enc_avif,quality_auto/6df904_ce22956a5c504bc6b2b25b484de690b8~mv2.png","1482382"
"Image","https://www.lifeusa.org/post/how-your-donations-are-reaching-gaza-s-desperate-families-despite-all-odds","https://static.wixstatic.com/media/6df904_fc7275df047d4bd4b549e369dec258fe~mv2.png/v1/fill/w_324,h_323,fp_0.50_0.50/6df904_fc7275df047d4bd4b549e369dec258fe~mv2.png","254293"
"Image","https://www.lifeusa.org/post/how-your-donations-are-reaching-gaza-s-desperate-families-despite-all-odds","https://static.wixstatic.com/media/6df904_55065cee6698402c92c0f863952364a3~mv2.png/v1/fill/w_323,h_323,fp_0.50_0.50/6df904_55065cee6698402c92c0f863952364a3~mv2.png","244739"
"Image","https://www.lifeusa.org/post/how-your-donations-are-reaching-gaza-s-desperate-families-despite-all-odds","https://static.wixstatic.com/media/6df904_f10081c423b846d9a7a2712af5e2aa18~mv2.png/v1/fill/w_323,h_323,fp_0.50_0.50/6df904_f10081c423b846d9a7a2712af5e2aa18~mv2.png","249581"
"Image","https://www.lifeusa.org/post/how-your-donations-are-reaching-gaza-s-desperate-families-despite-all-odds","https://static.wixstatic.com/media/6df904_d3d4f4d96a2744deb6472ba26ba60025~mv2.png/v1/fill/w_323,h_323,fp_0.50_0.50/6df904_d3d4f4d96a2744deb6472ba26ba60025~mv2.png","244642"
"Image","https://www.lifeusa.org/post/how-your-donations-are-reaching-gaza-s-desperate-families-despite-all-odds","https://static.wixstatic.com/media/6df904_3b42e6898edf490b9eb1e39c49e56cda~mv2.png/v1/fill/w_323,h_323,fp_0.50_0.50/6df904_3b42e6898edf490b9eb1e39c49e56cda~mv2.png","258991"
"Image","https://www.lifeusa.org/post/how-your-donations-are-reaching-gaza-s-desperate-families-despite-all-odds","https://static.wixstatic.com/media/6df904_8e85c852eba0405b8b96fdc10865f82b~mv2.png/v1/fill/w_620,h_517,al_c,q_85,enc_avif,quality_auto/6df904_8e85c852eba0405b8b96fdc10865f82b~mv2.png","672610"
"Image","https://www.lifeusa.org/post/how-your-donations-are-reaching-gaza-s-desperate-families-despite-all-odds","https://static.wixstatic.com/media/6df904_deee24b626da4206ae4b7966a1ef5346~mv2.png/v1/fill/w_622,h_465,al_c,q_85,enc_avif,quality_auto/6df904_deee24b626da4206ae4b7966a1ef5346~mv2.png","553123"
"Image","https://www.lifeusa.org/post/how-your-donations-are-reaching-gaza-s-desperate-families-despite-all-odds","https://static.wixstatic.com/media/6df904_a054785901cd49c991466be0667ccd59~mv2.png/v1/fill/w_323,h_323,fp_0.50_0.50/6df904_a054785901cd49c991466be0667ccd59~mv2.png","243341"
"Image","https://www.lifeusa.org/post/how-your-donations-are-reaching-gaza-s-desperate-families-despite-all-odds","https://static.wixstatic.com/media/6df904_00a2a167560541c58325223c257eb7d9~mv2.png/v1/fill/w_323,h_323,fp_0.50_0.50/6df904_00a2a167560541c58325223c257eb7d9~mv2.png","262834"
"Image","https://www.lifeusa.org/post/how-your-donations-are-reaching-gaza-s-desperate-families-despite-all-odds","https://static.wixstatic.com/media/6df904_1b59d6b4247d4221a05f141c038530c1~mv2.png/v1/fill/w_324,h_323,fp_0.50_0.50/6df904_1b59d6b4247d4221a05f141c038530c1~mv2.png","222918"
"Image","https://www.lifeusa.org/post/how-your-donations-are-reaching-gaza-s-desperate-families-despite-all-odds","https://static.wixstatic.com/media/6df904_ce82c149d3474ce1adc87b6bf0ea8812~mv2.png/v1/fill/w_324,h_323,fp_0.50_0.50/6df904_ce82c149d3474ce1adc87b6bf0ea8812~mv2.png","271798"
"Image","https://www.lifeusa.org/post/life-distributes-food-baskets-during-ramadan-in-bosnia","https://static.wixstatic.com/media/6df904_283c442f6b4947d39ac84dd59579c854~mv2.png/v1/fill/w_323,h_323,fp_0.50_0.50/6df904_283c442f6b4947d39ac84dd59579c854~mv2.png","252690"
"Image","https://www.lifeusa.org/post/life-distributes-food-baskets-during-ramadan-in-bosnia","https://static.wixstatic.com/media/6df904_3135ef120f684f2a8f5ad90080cd7b68~mv2.png/v1/fill/w_323,h_323,fp_0.50_0.50/6df904_3135ef120f684f2a8f5ad90080cd7b68~mv2.png","297890"
"Image","https://www.lifeusa.org/post/life-distributes-food-baskets-during-ramadan-in-bosnia","https://static.wixstatic.com/media/6df904_01c248f167b5473fbe50068943fb9b10~mv2.png/v1/fill/w_324,h_323,fp_0.50_0.50/6df904_01c248f167b5473fbe50068943fb9b10~mv2.png","248662"
"Image","https://www.lifeusa.org/post/life-distributes-ramadan-food-baskets-in-the-horn-of-africa","https://static.wixstatic.com/media/6df904_58a8bcf1dfc4499a9fe97af9aea12961~mv2.png/v1/fill/w_323,h_231,fp_0.50_0.50/6df904_58a8bcf1dfc4499a9fe97af9aea12961~mv2.png","180313"
"Image","https://www.lifeusa.org/post/life-distributes-ramadan-food-baskets-in-the-horn-of-africa","https://static.wixstatic.com/media/6df904_58a8bcf1dfc4499a9fe97af9aea12961~mv2.png/v1/fill/w_350,h_250,fp_0.50_0.50,lg_1,blur_30/6df904_58a8bcf1dfc4499a9fe97af9aea12961~mv2.png","113624"
"Image","https://www.lifeusa.org/post/life-distributes-ramadan-food-baskets-in-the-horn-of-africa","https://static.wixstatic.com/media/6df904_3b08e36ee2274eed889f6e2861647143~mv2.png/v1/fill/w_324,h_257,fp_0.50_0.50/6df904_3b08e36ee2274eed889f6e2861647143~mv2.png","253893"
"Image","https://www.lifeusa.org/post/life-distributes-ramadan-food-baskets-in-the-horn-of-africa","https://static.wixstatic.com/media/6df904_7f8e937961384f108a8b5a2db9d094ec~mv2.png/v1/fill/w_323,h_257,fp_0.50_0.50/6df904_7f8e937961384f108a8b5a2db9d094ec~mv2.png","258387"
"Image","https://www.lifeusa.org/post/united-against-hunger-life-for-relief-and-development-s-life-global-expansion-is-set-to-feed-mill","https://static.wixstatic.com/media/6df904_6005d4f86df14117b45e5072c0365a65~mv2.png/v1/fill/w_603,h_407,al_c,q_85,enc_avif,quality_auto/6df904_6005d4f86df14117b45e5072c0365a65~mv2.png","387061"
"Image","https://www.lifeusa.org/post/united-against-hunger-life-for-relief-and-development-s-life-global-expansion-is-set-to-feed-mill","https://static.wixstatic.com/media/6df904_7c1b726469794d309b8088d9369f9b5f~mv2.png/v1/fill/w_621,h_414,al_c,q_85,enc_avif,quality_auto/6df904_7c1b726469794d309b8088d9369f9b5f~mv2.png","633368"
"Image","https://www.lifeusa.org/post/united-against-hunger-life-for-relief-and-development-s-life-global-expansion-is-set-to-feed-mill","https://static.wixstatic.com/media/6df904_9726a80afd5d4d31a0e4a6369ddfbce6~mv2.png/v1/fill/w_617,h_412,al_c,q_85,enc_avif,quality_auto/6df904_9726a80afd5d4d31a0e4a6369ddfbce6~mv2.png","507869"
"Image","https://www.lifeusa.org/post/united-against-hunger-life-for-relief-and-development-s-life-global-expansion-is-set-to-feed-mill","https://static.wixstatic.com/media/6df904_c7ac9c43ab384dbc9dafb5ed604fd317~mv2.png/v1/fill/w_619,h_413,al_c,q_85,enc_avif,quality_auto/6df904_c7ac9c43ab384dbc9dafb5ed604fd317~mv2.png","633504"
"Image","https://www.lifeusa.org/post/discovering-ramadan-2024-fasting-charity-and-spiritual-nourishment","https://static.wixstatic.com/media/6df904_ed653222dd2d4fcd843e0bf26317ae7c~mv2.png/v1/fill/w_415,h_450,al_c,q_85,enc_avif,quality_auto/6df904_ed653222dd2d4fcd843e0bf26317ae7c~mv2.png","526677"
"Image","https://www.lifeusa.org/post/discovering-ramadan-2024-fasting-charity-and-spiritual-nourishment","https://static.wixstatic.com/media/6df904_198213b769674cbb8feed7654ae46d0f~mv2.png/v1/fill/w_619,h_412,al_c,q_85,enc_avif,quality_auto/6df904_198213b769674cbb8feed7654ae46d0f~mv2.png","689813"
"Image","https://www.lifeusa.org/post/discovering-ramadan-2024-fasting-charity-and-spiritual-nourishment","https://static.wixstatic.com/media/6df904_83460609447b4c719ef78bccbb4689ef~mv2.png/v1/fill/w_466,h_475,al_c,q_85,enc_avif,quality_auto/6df904_83460609447b4c719ef78bccbb4689ef~mv2.png","371440"
"Image","https://www.lifeusa.org/post/discovering-ramadan-2024-fasting-charity-and-spiritual-nourishment","https://static.wixstatic.com/media/6df904_6dd4fdcd406f46de80034a078f155913~mv2.png/v1/fill/w_485,h_511,al_c,q_85,enc_avif,quality_auto/6df904_6dd4fdcd406f46de80034a078f155913~mv2.png","589226"
"Image","https://www.lifeusa.org/post/the-story-of-resilience-and-hope-life-brings-joy-to-al-islah-village-in-iraq","https://static.wixstatic.com/media/6df904_bb405e8b223f490cbff6127f72df3475~mv2.png/v1/fill/w_620,h_348,al_c,q_85,enc_avif,quality_auto/6df904_bb405e8b223f490cbff6127f72df3475~mv2.png","521514"
"Image","https://www.lifeusa.org/post/back-to-school-iraq","https://static.wixstatic.com/media/6df904_3c119a9584a941ec873ea5e28284c750~mv2.png/v1/fill/w_449,h_268,fp_0.50_0.50/6df904_3c119a9584a941ec873ea5e28284c750~mv2.png","298968"
"Image","https://www.lifeusa.org/post/back-to-school-iraq","https://static.wixstatic.com/media/6df904_762356f1991e47e0bf708d7d92f4e0f9~mv2.png/v1/fill/w_512,h_268,fp_0.50_0.50/6df904_762356f1991e47e0bf708d7d92f4e0f9~mv2.png","345496"
"Image","https://www.lifeusa.org/post/back-to-school-iraq","https://static.wixstatic.com/media/6df904_762356f1991e47e0bf708d7d92f4e0f9~mv2.png/v1/fill/w_478,h_250,al_c,blur_30/6df904_762356f1991e47e0bf708d7d92f4e0f9~mv2.png","118597"
"Image","https://www.lifeusa.org/post/back-to-school-project-haiti","https://static.wixstatic.com/media/6df904_54aef1fdf20e4f1199c226ad809fe576~mv2.png/v1/fill/w_266,h_300,fp_0.50_0.50/6df904_54aef1fdf20e4f1199c226ad809fe576~mv2.png","170840"
"Image","https://www.lifeusa.org/post/back-to-school-project-haiti","https://static.wixstatic.com/media/6df904_1d29d120c9a94899b3f186c4e5078577~mv2.png/v1/fill/w_262,h_300,fp_0.50_0.50/6df904_1d29d120c9a94899b3f186c4e5078577~mv2.png","177243"
"Image","https://www.lifeusa.org/post/hearing-the-call-louisiana","https://static.wixstatic.com/media/6df904_453a966a198c45baaa6eea2329cd83a1~mv2.png/v1/fill/w_617,h_461,al_c,q_85,enc_avif,quality_auto/6df904_453a966a198c45baaa6eea2329cd83a1~mv2.png","561413"
"Image","https://www.lifeusa.org/post/education-is-emancipation-empowering-women-today","https://static.wixstatic.com/media/6df904_39baa16e23044ba9832d1d94f509c546~mv2.png/v1/fill/w_540,h_346,al_c,q_85,enc_avif,quality_auto/6df904_39baa16e23044ba9832d1d94f509c546~mv2.png","450519"
"Image","https://www.lifeusa.org/post/education-is-emancipation-empowering-women-today","https://static.wixstatic.com/media/6df904_8935ad4b4ea64dd78e1ba24592455570~mv2.png/v1/fill/w_898,h_575,al_c,q_90,enc_avif,quality_auto/6df904_8935ad4b4ea64dd78e1ba24592455570~mv2.png","646400"
"Image","https://www.lifeusa.org/post/life-s-orphan-sponsorship-program-in-lebanon-and-jordan","https://static.wixstatic.com/media/6df904_64c19699767b4ecb8f0c01fdf8b0f970~mv2.png/v1/fill/w_669,h_267,fp_0.50_0.50/6df904_64c19699767b4ecb8f0c01fdf8b0f970~mv2.png","417882"
"Image","https://www.lifeusa.org/post/life-s-orphan-sponsorship-program-in-lebanon-and-jordan","https://static.wixstatic.com/media/6df904_9ebd13ab8ce34e459f24b89e79927cb2~mv2.png/v1/fill/w_306,h_267,fp_0.50_0.50/6df904_9ebd13ab8ce34e459f24b89e79927cb2~mv2.png","160655"
"Image","https://www.lifeusa.org/post/life-s-orphan-sponsorship-program-in-lebanon-and-jordan","https://static.wixstatic.com/media/6df904_b6255fa15d7e400c8636434eda6e8436~mv2.png/v1/fill/w_980,h_599,al_c,q_90,usm_0.66_1.00_0.01,enc_avif,quality_auto/6df904_b6255fa15d7e400c8636434eda6e8436~mv2.png","1161479"
"Image","https://www.lifeusa.org/post/life-s-orphan-sponsorship-program-in-lebanon-and-jordan","https://static.wixstatic.com/media/6df904_64c19699767b4ecb8f0c01fdf8b0f970~mv2.png/v1/fill/w_625,h_250,al_c,blur_30/6df904_64c19699767b4ecb8f0c01fdf8b0f970~mv2.png","177242"
"Image","https://www.lifeusa.org/post/life-distributes-udhiyah-meat-in-jordan","https://static.wixstatic.com/media/6df904_60242de9f9594cd6b2efbd0848509b4f~mv2.png/v1/fill/w_378,h_250,al_c,blur_30/6df904_60242de9f9594cd6b2efbd0848509b4f~mv2.png","112654"
"Image","https://www.lifeusa.org/post/life-distributes-udhiyah-meat-in-jordan","https://static.wixstatic.com/media/6df904_60242de9f9594cd6b2efbd0848509b4f~mv2.png/v1/fill/w_511,h_338,fp_0.50_0.50/6df904_60242de9f9594cd6b2efbd0848509b4f~mv2.png","397818"
"Image","https://www.lifeusa.org/no/tags/bangladesh","https://static.wixstatic.com/media/6df904_88bf29949b0c493fa81d0bfb30f86ae8~mv2.png/v1/fill/w_266,h_219,fp_0.50_0.50,q_95,enc_avif,quality_auto/6df904_88bf29949b0c493fa81d0bfb30f86ae8~mv2.webp","181036"
"Image","https://www.lifeusa.org/no/tags/winter","https://static.wixstatic.com/media/6df904_88bf29949b0c493fa81d0bfb30f86ae8~mv2.png/v1/fill/w_266,h_219,fp_0.50_0.50,q_95,enc_avif,quality_auto/6df904_88bf29949b0c493fa81d0bfb30f86ae8~mv2.webp","181036"
"Image","https://www.lifeusa.org/no/tags/ramadan","https://static.wixstatic.com/media/6df904_5af265c034eb4025975e84945cc12c43~mv2.png/v1/fill/w_292,h_219,fp_0.50_0.50,q_95,enc_avif,quality_auto/6df904_5af265c034eb4025975e84945cc12c43~mv2.webp","138088"
"Image","https://www.lifeusa.org/no/tags/zakat","https://static.wixstatic.com/media/6df904_5af265c034eb4025975e84945cc12c43~mv2.png/v1/fill/w_292,h_219,fp_0.50_0.50,q_95,enc_avif,quality_auto/6df904_5af265c034eb4025975e84945cc12c43~mv2.webp","138088"
"Image","https://www.lifeusa.org/no/tags/udhiyah","https://static.wixstatic.com/media/6df904_8afe750f6e5d4413ad3872a38e978920~mv2.png/v1/fill/w_333,h_250,fp_0.50_0.50,q_35,blur_30,enc_avif,quality_auto/6df904_8afe750f6e5d4413ad3872a38e978920~mv2.webp","110469"
"Image","https://www.lifeusa.org/no/tags/bosnia-1","https://static.wixstatic.com/media/6df904_8afe750f6e5d4413ad3872a38e978920~mv2.png/v1/fill/w_333,h_250,fp_0.50_0.50,q_35,blur_30,enc_avif,quality_auto/6df904_8afe750f6e5d4413ad3872a38e978920~mv2.webp","110469"
"Image","https://www.lifeusa.org/no/tags/herzegovina","https://static.wixstatic.com/media/6df904_8afe750f6e5d4413ad3872a38e978920~mv2.png/v1/fill/w_333,h_250,fp_0.50_0.50,q_35,blur_30,enc_avif,quality_auto/6df904_8afe750f6e5d4413ad3872a38e978920~mv2.webp","110469"
"Image","https://www.lifeusa.org/no/tags/udhiyah","https://static.wixstatic.com/media/6df904_8afe750f6e5d4413ad3872a38e978920~mv2.png/v1/fill/w_292,h_219,fp_0.50_0.50,q_95,enc_avif,quality_auto/6df904_8afe750f6e5d4413ad3872a38e978920~mv2.webp","168748"
"Image","https://www.lifeusa.org/no/tags/bosnia-1","https://static.wixstatic.com/media/6df904_8afe750f6e5d4413ad3872a38e978920~mv2.png/v1/fill/w_292,h_219,fp_0.50_0.50,q_95,enc_avif,quality_auto/6df904_8afe750f6e5d4413ad3872a38e978920~mv2.webp","168748"
"Image","https://www.lifeusa.org/no/tags/herzegovina","https://static.wixstatic.com/media/6df904_8afe750f6e5d4413ad3872a38e978920~mv2.png/v1/fill/w_292,h_219,fp_0.50_0.50,q_95,enc_avif,quality_auto/6df904_8afe750f6e5d4413ad3872a38e978920~mv2.webp","168748"
"Image","https://www.lifeusa.org/no/tags/syria","https://static.wixstatic.com/media/6df904_060dde6c6d7d4180abd9006ee6f631e9~mv2.png/v1/fill/w_292,h_219,fp_0.50_0.50,q_95,enc_avif,quality_auto/6df904_060dde6c6d7d4180abd9006ee6f631e9~mv2.webp","135108"
"Image","https://www.lifeusa.org/no/tags/udhiyah","https://static.wixstatic.com/media/6df904_060dde6c6d7d4180abd9006ee6f631e9~mv2.png/v1/fill/w_292,h_219,fp_0.50_0.50,q_95,enc_avif,quality_auto/6df904_060dde6c6d7d4180abd9006ee6f631e9~mv2.webp","135108"
"Image","https://www.lifeusa.org/no/tags/syria","https://static.wixstatic.com/media/6df904_060dde6c6d7d4180abd9006ee6f631e9~mv2.png/v1/fill/w_333,h_250,fp_0.50_0.50,q_35,blur_30,enc_avif,quality_auto/6df904_060dde6c6d7d4180abd9006ee6f631e9~mv2.webp","104726"
"Image","https://www.lifeusa.org/no/tags/udhiyah","https://static.wixstatic.com/media/6df904_060dde6c6d7d4180abd9006ee6f631e9~mv2.png/v1/fill/w_333,h_250,fp_0.50_0.50,q_35,blur_30,enc_avif,quality_auto/6df904_060dde6c6d7d4180abd9006ee6f631e9~mv2.webp","104726"
"Image","https://www.lifeusa.org/no/tags/ramadan","https://static.wixstatic.com/media/6df904_5edaa31898f643f7b494fe1d5d797a7e~mv2.png/v1/fill/w_292,h_219,fp_0.50_0.50,q_95,enc_avif,quality_auto/6df904_5edaa31898f643f7b494fe1d5d797a7e~mv2.webp","172973"
"Image","https://www.lifeusa.org/no/tags/yemen","https://static.wixstatic.com/media/6df904_5edaa31898f643f7b494fe1d5d797a7e~mv2.png/v1/fill/w_292,h_219,fp_0.50_0.50,q_95,enc_avif,quality_auto/6df904_5edaa31898f643f7b494fe1d5d797a7e~mv2.webp","172973"
"Image","https://www.lifeusa.org/no/tags/sudan","https://static.wixstatic.com/media/6df904_c006afee765745d2900d3579e4c0d0eb~mv2.png/v1/fill/w_292,h_219,fp_0.50_0.50,q_95,enc_avif,quality_auto/6df904_c006afee765745d2900d3579e4c0d0eb~mv2.webp","141177"
"Image","https://www.lifeusa.org/no/tags/udhiyah","https://static.wixstatic.com/media/6df904_c006afee765745d2900d3579e4c0d0eb~mv2.png/v1/fill/w_292,h_219,fp_0.50_0.50,q_95,enc_avif,quality_auto/6df904_c006afee765745d2900d3579e4c0d0eb~mv2.webp","141177"
"Image","https://www.lifeusa.org/post/life-distributes-ramadan-food-baskets-yemen","https://static.wixstatic.com/media/6df904_5edaa31898f643f7b494fe1d5d797a7e~mv2.png","332330"
"Image","https://www.lifeusa.org/post/life-distributes-fresh-meat-in-sudan","https://static.wixstatic.com/media/6df904_c006afee765745d2900d3579e4c0d0eb~mv2.png/v1/fill/w_895,h_571,al_c,q_90,enc_avif,quality_auto/6df904_c006afee765745d2900d3579e4c0d0eb~mv2.png","896989"
"Image","https://www.lifeusa.org/post/life-distributes-ramadan-food-baskets-yemen","https://static.wixstatic.com/media/6df904_1c342d530751490792c63c1a9df9469f~mv2.png","273904"
"Image","https://www.lifeusa.org/post/life-distributes-fresh-meat-in-syria","https://static.wixstatic.com/media/6df904_95bcfe5e963a40fab65d35966a046f3f~mv2.png/v1/fill/w_484,h_379,fp_0.50_0.50/6df904_95bcfe5e963a40fab65d35966a046f3f~mv2.png","361691"
"Image","https://www.lifeusa.org/post/life-distributes-fresh-meat-in-syria","https://static.wixstatic.com/media/6df904_060dde6c6d7d4180abd9006ee6f631e9~mv2.png/v1/fill/w_491,h_379,fp_0.50_0.50/6df904_060dde6c6d7d4180abd9006ee6f631e9~mv2.png","345347"
"Image","https://www.lifeusa.org/post/life-distributes-fresh-meat-in-djibouti","https://static.wixstatic.com/media/6df904_7809deb74a4346e09a401ee9b4a6d985~mv2.jpg/v1/fill/w_909,h_645,al_c,q_85,enc_avif,quality_auto/6df904_7809deb74a4346e09a401ee9b4a6d985~mv2.jpg","111096"
"Image","https://www.lifeusa.org/post/life-distributes-fresh-meat-in-bosnia-and-herzegovina","https://static.wixstatic.com/media/6df904_3382e023a98940609c9a7a68f2b8a1d2~mv2.png/v1/fill/w_332,h_250,al_c,blur_30/6df904_3382e023a98940609c9a7a68f2b8a1d2~mv2.png","104134"
"Image","https://www.lifeusa.org/post/life-distributes-fresh-meat-in-bosnia-and-herzegovina","https://static.wixstatic.com/media/6df904_8afe750f6e5d4413ad3872a38e978920~mv2.png","332525"
"Image","https://www.lifeusa.org/post/life-distributes-fresh-meat-in-bosnia-and-herzegovina","https://static.wixstatic.com/media/6df904_3382e023a98940609c9a7a68f2b8a1d2~mv2.png","315656"
"Image","https://www.lifeusa.org/post/life-distributes-fresh-meat-in-bosnia-and-herzegovina","https://static.wixstatic.com/media/6df904_8afe750f6e5d4413ad3872a38e978920~mv2.png/v1/fill/w_331,h_250,al_c,blur_30/6df904_8afe750f6e5d4413ad3872a38e978920~mv2.png","110908"
"Image","https://www.lifeusa.org/post/pakistan-fresh-meat-distribution-and-orphan-eid-party","https://static.wixstatic.com/media/6df904_960cbe7c2a30413ea4eadd66561a4e9b~mv2.png/v1/fill/w_568,h_281,fp_0.50_0.50/6df904_960cbe7c2a30413ea4eadd66561a4e9b~mv2.png","404018"
"Image","https://www.lifeusa.org/post/when-zakat-islamic-charity-almost-eradicated-poverty","https://static.wixstatic.com/media/6df904_260f80e860054dc9bd1dbfde22188a67~mv2.png/v1/fill/w_618,h_411,al_c,q_85,enc_avif,quality_auto/6df904_260f80e860054dc9bd1dbfde22188a67~mv2.png","347748"
"Image","https://www.lifeusa.org/post/when-zakat-islamic-charity-almost-eradicated-poverty","https://static.wixstatic.com/media/6df904_08fbf998637349a29ee5a8a87de255fb~mv2.png/v1/fill/w_622,h_411,al_c,q_85,enc_avif,quality_auto/6df904_08fbf998637349a29ee5a8a87de255fb~mv2.png","606472"
"Image","https://www.lifeusa.org/post/winter-blankets-bangladesh","https://static.wixstatic.com/media/6df904_88bf29949b0c493fa81d0bfb30f86ae8~mv2.png","300904"
"Image","https://www.lifeusa.org/post/winter-blankets-bangladesh","https://static.wixstatic.com/media/6df904_c4df2ef8789345079349a8c5d8cf6cd6~mv2.png/v1/fill/w_314,h_211,fp_0.50_0.50/6df904_c4df2ef8789345079349a8c5d8cf6cd6~mv2.png","183547"
"Image","https://www.lifeusa.org/post/winter-blankets-bangladesh","https://static.wixstatic.com/media/6df904_eb08607ed5e94e1691dc707b1ce56a4b~mv2.png/v1/fill/w_313,h_205,fp_0.50_0.50/6df904_eb08607ed5e94e1691dc707b1ce56a4b~mv2.png","201777"
"Image","https://www.lifeusa.org/post/winter-blankets-bangladesh","https://static.wixstatic.com/media/6df904_eb08607ed5e94e1691dc707b1ce56a4b~mv2.png/v1/fill/w_381,h_250,al_c,blur_30/6df904_eb08607ed5e94e1691dc707b1ce56a4b~mv2.png","137254"
"Image","https://www.lifeusa.org/post/what-is-udhiyah-qurbani-in-islam","https://static.wixstatic.com/media/6df904_5f0bd5f5bd984abdb59ce646279fb0b0~mv2.png/v1/fill/w_741,h_496,al_c,q_90,enc_avif,quality_auto/6df904_5f0bd5f5bd984abdb59ce646279fb0b0~mv2.png","1017206"
