"Type","Source","Destination","Size (Bytes)","Alt Text","Anchor","Status Code","Status","Follow","Target","Rel","Path Type","Link Path","Link Position","Link Origin"
"HTTP Redirect","http://lifeusa.org/","https://lifeusa.org/","0","","","301","Moved Permanently","true","","","Absolute","","","HTTP"
"Hyperlink","https://www.lifeusa.org/","https://www.lifeusa.org/health","0","","LEARN MORE","301","Moved Permanently","true","_self","","Absolute","//body/div/div/div[@id='site-root']/div/main/div/div/div/div[@class='HT5ybB']/div/div/div/section[@id='comp-lwf474ta']/div[2]/div/section[@id='comp-kg7aaurh']/div[@class='V5AUxf']/div/div[2]/div/div[@id='comp-l2z00wd0']/div/div/div[@id='comp-kfwq8hjj']/a","Content","HTML"
"Hyperlink","https://www.lifeusa.org/","https://www.lifeusa.org/education","0","","LEARN MORE","301","Moved Permanently","true","_self","","Absolute","//body/div/div/div[@id='site-root']/div/main/div/div/div/div[@class='HT5ybB']/div/div/div/section[@id='comp-m7yxqtgt']/div[2]/div/section/div[@class='V5AUxf']/div/div[2]/div/div[@id='comp-m7yxr7236']/div/div/div[@id='comp-m7yxr7283']/a","Content","HTML"
"Hyperlink","https://www.lifeusa.org/","https://www.lifeusa.org/water","0","","LEARN MORE","301","Moved Permanently","true","_self","","Absolute","//body/div/div/div[@id='site-root']/div/main/div/div/div/div[@class='HT5ybB']/div/div/div/section[@id='comp-lwf474ta']/div[2]/div/section[@id='comp-kg7adayc']/div[@class='V5AUxf']/div/div[2]/div/div[@id='comp-l2z0apfe']/div/div/div[@id='comp-kghfflx7']/a","Content","HTML"
"Hyperlink","https://www.lifeusa.org/","https://www.lifeusa.org/water","0","","Water Wells","301","Moved Permanently","true","_self","","Absolute","//body/div/div/div[@id='site-root']/div/footer/div[@class='U4Bvut']/div[@class='CJF7A2']/div/div/section/div[@class='V5AUxf']/div/div[2]/div/div[@id='comp-kc01gkgm']/p/span/span/span/span[@class='wixui-rich-text__text'][3]/a","Footer","HTML"
"Hyperlink","https://www.lifeusa.org/get-involved","https://www.lifeusa.org/water","0","","Water Wells","301","Moved Permanently","true","_self","","Absolute","//body/div/div/div[@id='site-root']/div/footer/div[@class='U4Bvut']/div[@class='CJF7A2']/div/div/section/div[@class='V5AUxf']/div/div[2]/div/div[@id='comp-kc01gkgm']/p/span/span/span/span[@class='wixui-rich-text__text'][3]/a","Footer","HTML"
"Hyperlink","https://www.lifeusa.org/about","https://www.lifeusa.org/water","0","","Water Wells","301","Moved Permanently","true","_self","","Absolute","//body/div/div/div[@id='site-root']/div/footer/div[@class='U4Bvut']/div[@class='CJF7A2']/div/div/section/div[@class='V5AUxf']/div/div[2]/div/div[@id='comp-kc01gkgm']/p/span/span/span/span[@class='wixui-rich-text__text'][3]/a","Footer","HTML"
"Hyperlink","https://donate.lifeusa.org/donorportal/login","https://www.lifeusa.org/water","0","","Water Wells","301","Moved Permanently","true","_blank","noopener noreferrer","Absolute","//body/webruntime-app/lwr-router-container/webruntime-inner-app/dxp_data_provider-user-data-provider/dxp_data_provider-data-proxy/dxp_data_provider-decision-data-provider/dxp_data_provider-data-proxy/community_byo-scoped-header-and-footer/footer/div/c-footer/section/div/div[@class='keywords']/a[3]","Header","HTML"
"Hyperlink","https://www.lifeusa.org/financial-reports","https://www.lifeusa.org/water","0","","Water Wells","301","Moved Permanently","true","_self","","Absolute","//body/div/div/div[@id='site-root']/div/footer/div[@class='U4Bvut']/div[@class='CJF7A2']/div/div/section/div[@class='V5AUxf']/div/div[2]/div/div[@id='comp-kc01gkgm']/p/span/span/span/span[@class='wixui-rich-text__text'][3]/a","Footer","HTML"
"Hyperlink","https://www.lifeusa.org/post/the-global-environmental-crisis-water-climate-and-life-s-impact","https://www.lifeusa.org/water","0","","Water Wells","301","Moved Permanently","true","_self","","Absolute","//body/div/div/div[@id='site-root']/div/footer/div[@class='U4Bvut']/div[@class='CJF7A2']/div/div/section/div[@class='V5AUxf']/div/div[2]/div/div[@id='comp-kc01gkgm']/p/span/span/span/span[@class='wixui-rich-text__text'][3]/a","Footer","HTML"
"Hyperlink","https://www.lifeusa.org/board-members","https://www.lifeusa.org/water","0","","Water Wells","301","Moved Permanently","true","_self","","Absolute","//body/div/div/div[@id='site-root']/div/footer/div[@class='U4Bvut']/div[@class='CJF7A2']/div/div/section/div[@class='V5AUxf']/div/div[2]/div/div[@id='comp-kc01gkgm']/p/span/span/span/span[@class='wixui-rich-text__text'][3]/a","Footer","HTML"
"Hyperlink","https://www.lifeusa.org/annualreports","https://www.lifeusa.org/water","0","","Water Wells","301","Moved Permanently","true","_self","","Absolute","//body/div/div/div[@id='site-root']/div/footer/div[@class='U4Bvut']/div[@class='CJF7A2']/div/div/section/div[@class='V5AUxf']/div/div[2]/div/div[@id='comp-kc01gkgm']/p/span/span/span/span[@class='wixui-rich-text__text'][3]/a","Footer","HTML"
"Hyperlink","https://www.lifeusa.org/blogs","https://www.lifeusa.org/water","0","","Water Wells","301","Moved Permanently","true","_self","","Absolute","//body/div/div/div[@id='site-root']/div/footer/div[@class='U4Bvut']/div[@class='CJF7A2']/div/div/section/div[@class='V5AUxf']/div/div[2]/div/div[@id='comp-kc01gkgm']/p/span/span/span/span[@class='wixui-rich-text__text'][3]/a","Footer","HTML"
"Hyperlink","https://www.lifeusa.org/lebanon-emergency-relief","https://www.lifeusa.org/water","0","","Water Wells","301","Moved Permanently","true","_self","","Absolute","//body/div/div/div[@id='site-root']/div/footer/div[@class='U4Bvut']/div[@class='CJF7A2']/div/div/section/div[@class='V5AUxf']/div/div[2]/div/div[@id='comp-kc01gkgm']/p/span/span/span/span[@class='wixui-rich-text__text'][3]/a","Footer","HTML"
"Hyperlink","https://donate.lifeusa.org/donorportal/gaza-relief","https://www.lifeusa.org/water","0","","Water Wells","301","Moved Permanently","true","_blank","noopener noreferrer","Absolute","//body/webruntime-app/lwr-router-container/webruntime-inner-app/dxp_data_provider-user-data-provider/dxp_data_provider-data-proxy/dxp_data_provider-decision-data-provider/dxp_data_provider-data-proxy/community_byo-scoped-header-and-footer/footer/div/c-footer/section/div/div[@class='keywords']/a[3]","Header","HTML"
"Hyperlink","https://donate.lifeusa.org/donorportal/udhiyah","https://www.lifeusa.org/water","0","","Water Wells","301","Moved Permanently","true","_blank","noopener noreferrer","Absolute","//body/webruntime-app/lwr-router-container/webruntime-inner-app/dxp_data_provider-user-data-provider/dxp_data_provider-data-proxy/dxp_data_provider-decision-data-provider/dxp_data_provider-data-proxy/community_byo-scoped-header-and-footer/footer/div/c-footer/section/div/div[@class='keywords']/a[3]","Header","HTML"
"Hyperlink","https://donate.lifeusa.org/donorportal/?donate=true","https://www.lifeusa.org/water","0","","Water Wells","301","Moved Permanently","true","_blank","noopener noreferrer","Absolute","//body/webruntime-app/lwr-router-container/webruntime-inner-app/dxp_data_provider-user-data-provider/dxp_data_provider-data-proxy/dxp_data_provider-decision-data-provider/dxp_data_provider-data-proxy/community_byo-scoped-header-and-footer/footer/div/c-footer/section/div/div[@class='keywords']/a[3]","Header","HTML"
"Hyperlink","https://www.lifeusa.org/post/recognizing-everyday-leaders-and-heros-this-father-s-day-2025","https://www.lifeusa.org/water","0","","Water Wells","301","Moved Permanently","true","_self","","Absolute","//body/div/div/div[@id='site-root']/div/footer/div[@class='U4Bvut']/div[@class='CJF7A2']/div/div/section/div[@class='V5AUxf']/div/div[2]/div/div[@id='comp-kc01gkgm']/p/span/span/span/span[@class='wixui-rich-text__text'][3]/a","Footer","HTML"
"Hyperlink","https://www.lifeusa.org/media","https://www.lifeusa.org/water","0","","Water Wells","301","Moved Permanently","true","_self","","Absolute","//body/div/div/div[@id='site-root']/div/footer/div[@class='U4Bvut']/div[@class='CJF7A2']/div/div/section/div[@class='V5AUxf']/div/div[2]/div/div[@id='comp-kc01gkgm']/p/span/span/span/span[@class='wixui-rich-text__text'][3]/a","Footer","HTML"
"Hyperlink","https://www.lifeusa.org/privacy-policy","https://www.lifeusa.org/water","0","","Water Wells","301","Moved Permanently","true","_self","","Absolute","//body/div/div/div[@id='site-root']/div/footer/div[@class='U4Bvut']/div[@class='CJF7A2']/div/div/section/div[@class='V5AUxf']/div/div[2]/div/div[@id='comp-kc01gkgm']/p/span/span/span/span[@class='wixui-rich-text__text'][3]/a","Footer","HTML"
"Hyperlink","https://www.lifeusa.org/waystogive","https://www.lifeusa.org/water","0","","Water Wells","301","Moved Permanently","true","_self","","Absolute","//body/div/div/div[@id='site-root']/div/footer/div[@class='U4Bvut']/div[@class='CJF7A2']/div/div/section/div[@class='V5AUxf']/div/div[2]/div/div[@id='comp-kc01gkgm']/p/span/span/span/span[@class='wixui-rich-text__text'][3]/a","Footer","HTML"
"Hyperlink","https://www.lifeusa.org/programs","https://www.lifeusa.org/water","0","","Water Wells","301","Moved Permanently","true","_self","","Absolute","//body/div/div/div[@id='site-root']/div/footer/div[@class='U4Bvut']/div[@class='CJF7A2']/div/div/section/div[@class='V5AUxf']/div/div[2]/div/div[@id='comp-kc01gkgm']/p/span/span/span/span[@class='wixui-rich-text__text'][3]/a","Footer","HTML"
"Hyperlink","https://www.lifeusa.org/post/the-world-keeps-making-more-plastic-and-the-cost-is-human","https://www.lifeusa.org/water","0","","Water Wells","301","Moved Permanently","true","_self","","Absolute","//body/div/div/div[@id='site-root']/div/footer/div[@class='U4Bvut']/div[@class='CJF7A2']/div/div/section/div[@class='V5AUxf']/div/div[2]/div/div[@id='comp-kc01gkgm']/p/span/span/span/span[@class='wixui-rich-text__text'][3]/a","Footer","HTML"
"Hyperlink","https://donate.lifeusa.org/donorportal/project-designations?Program=11WVy000001QlE7MAK","https://www.lifeusa.org/water","0","","Water Wells","301","Moved Permanently","true","_blank","noopener noreferrer","Absolute","//body/webruntime-app/lwr-router-container/webruntime-inner-app/dxp_data_provider-user-data-provider/dxp_data_provider-data-proxy/dxp_data_provider-decision-data-provider/dxp_data_provider-data-proxy/community_byo-scoped-header-and-footer/footer/div/c-footer/section/div/div[@class='keywords']/a[3]","Header","HTML"
"Hyperlink","https://www.lifeusa.org/post/children-in-crisis-the-psychological-toll-of-violence","https://www.lifeusa.org/water","0","","Water Wells","301","Moved Permanently","true","_self","","Absolute","//body/div/div/div[@id='site-root']/div/footer/div[@class='U4Bvut']/div[@class='CJF7A2']/div/div/section/div[@class='V5AUxf']/div/div[2]/div/div[@id='comp-kc01gkgm']/p/span/span/span/span[@class='wixui-rich-text__text'][3]/a","Footer","HTML"
"Hyperlink","https://www.lifeusa.org/volunteer","https://www.lifeusa.org/water","0","","Water Wells","301","Moved Permanently","true","_self","","Absolute","//body/div/div/div[@id='site-root']/div/footer/div[@class='U4Bvut']/div[@class='CJF7A2']/div/div/section/div[@class='V5AUxf']/div/div[2]/div/div[@id='comp-kc01gkgm']/p/span/span/span/span[@class='wixui-rich-text__text'][3]/a","Footer","HTML"
"Hyperlink","https://www.lifeusa.org/careers","https://www.lifeusa.org/water","0","","Water Wells","301","Moved Permanently","true","_self","","Absolute","//body/div/div/div[@id='site-root']/div/footer/div[@class='U4Bvut']/div[@class='CJF7A2']/div/div/section/div[@class='V5AUxf']/div/div[2]/div/div[@id='comp-kc01gkgm']/p/span/span/span/span[@class='wixui-rich-text__text'][3]/a","Footer","HTML"
"Hyperlink","https://www.lifeusa.org/fundraising","https://www.lifeusa.org/water","0","","Water Wells","301","Moved Permanently","true","_self","","Absolute","//body/div/div/div[@id='site-root']/div/footer/div[@class='U4Bvut']/div[@class='CJF7A2']/div/div/section/div[@class='V5AUxf']/div/div[2]/div/div[@id='comp-kc01gkgm']/p/span/span/span/span[@class='wixui-rich-text__text'][3]/a","Footer","HTML"
"Hyperlink","https://donate.lifeusa.org/donorportal/project-designations?Program=11WVy000001QlE9MAK","https://www.lifeusa.org/water","0","","Water Wells","301","Moved Permanently","true","_blank","noopener noreferrer","Absolute","//body/webruntime-app/lwr-router-container/webruntime-inner-app/dxp_data_provider-user-data-provider/dxp_data_provider-data-proxy/dxp_data_provider-decision-data-provider/dxp_data_provider-data-proxy/community_byo-scoped-header-and-footer/footer/div/c-footer/section/div/div[@class='keywords']/a[3]","Header","HTML"
"Hyperlink","https://www.lifeusa.org/doublethedonation","https://www.lifeusa.org/water","0","","Water Wells","301","Moved Permanently","true","_self","","Absolute","//body/div/div/div[@id='site-root']/div/footer/div[@class='U4Bvut']/div[@class='CJF7A2']/div/div/section/div[@class='V5AUxf']/div/div[2]/div/div[@id='comp-kc01gkgm']/p/span/span/span/span[@class='wixui-rich-text__text'][3]/a","Footer","HTML"
"Hyperlink","https://donate.lifeusa.org/donorportal/SelfRegister","https://www.lifeusa.org/water","0","","Water Wells","301","Moved Permanently","true","_blank","noopener noreferrer","Absolute","//body/webruntime-app/lwr-router-container/webruntime-inner-app/dxp_data_provider-user-data-provider/dxp_data_provider-data-proxy/dxp_data_provider-decision-data-provider/dxp_data_provider-data-proxy/community_byo-scoped-header-and-footer/footer/div/c-footer/section/div/div[@class='keywords']/a[3]","Header","HTML"
"Hyperlink","https://donate.lifeusa.org/donorportal/project-designations?Program=11WVy000001QlE8MAK","https://www.lifeusa.org/water","0","","Water Wells","301","Moved Permanently","true","_blank","noopener noreferrer","Absolute","//body/webruntime-app/lwr-router-container/webruntime-inner-app/dxp_data_provider-user-data-provider/dxp_data_provider-data-proxy/dxp_data_provider-decision-data-provider/dxp_data_provider-data-proxy/community_byo-scoped-header-and-footer/footer/div/c-footer/section/div/div[@class='keywords']/a[3]","Header","HTML"
"Hyperlink","https://www.lifeusa.org/no","https://www.lifeusa.org/water","0","","Water Wells","301","Moved Permanently","true","_self","","Absolute","//body/div/div/div[@id='site-root']/div/footer/div[@class='U4Bvut']/div[@class='CJF7A2']/div/div/section/div[@class='V5AUxf']/div/div[2]/div/div[@id='comp-kc01gkgm']/p/span/span/span/span[@class='wixui-rich-text__text'][3]/a","Footer","HTML"
"Hyperlink","https://www.lifeusa.org/no/categories/life-blog","https://www.lifeusa.org/water","0","","Water Wells","301","Moved Permanently","true","_self","","Absolute","//body/div/div/div[@id='site-root']/div/footer/div[@class='U4Bvut']/div[@class='CJF7A2']/div/div/section/div[@class='V5AUxf']/div/div[2]/div/div[@id='comp-kc01gkgm']/p/span/span/span/span[@class='wixui-rich-text__text'][3]/a","Footer","HTML"
"Hyperlink","https://www.lifeusa.org/no/categories/giving-charity","https://www.lifeusa.org/water","0","","Water Wells","301","Moved Permanently","true","_self","","Absolute","//body/div/div/div[@id='site-root']/div/footer/div[@class='U4Bvut']/div[@class='CJF7A2']/div/div/section/div[@class='V5AUxf']/div/div[2]/div/div[@id='comp-kc01gkgm']/p/span/span/span/span[@class='wixui-rich-text__text'][3]/a","Footer","HTML"
"Hyperlink","https://www.lifeusa.org/no/categories/reports","https://www.lifeusa.org/water","0","","Water Wells","301","Moved Permanently","true","_self","","Absolute","//body/div/div/div[@id='site-root']/div/footer/div[@class='U4Bvut']/div[@class='CJF7A2']/div/div/section/div[@class='V5AUxf']/div/div[2]/div/div[@id='comp-kc01gkgm']/p/span/span/span/span[@class='wixui-rich-text__text'][3]/a","Footer","HTML"
"Hyperlink","https://www.lifeusa.org/no/categories/tax-write-off","https://www.lifeusa.org/water","0","","Water Wells","301","Moved Permanently","true","_self","","Absolute","//body/div/div/div[@id='site-root']/div/footer/div[@class='U4Bvut']/div[@class='CJF7A2']/div/div/section/div[@class='V5AUxf']/div/div[2]/div/div[@id='comp-kc01gkgm']/p/span/span/span/span[@class='wixui-rich-text__text'][3]/a","Footer","HTML"
"Hyperlink","https://www.lifeusa.org/no/categories/philosophy","https://www.lifeusa.org/water","0","","Water Wells","301","Moved Permanently","true","_self","","Absolute","//body/div/div/div[@id='site-root']/div/footer/div[@class='U4Bvut']/div[@class='CJF7A2']/div/div/section/div[@class='V5AUxf']/div/div[2]/div/div[@id='comp-kc01gkgm']/p/span/span/span/span[@class='wixui-rich-text__text'][3]/a","Footer","HTML"
"Hyperlink","https://www.lifeusa.org/post/women-s-empowerment-the-key-to-solving-world-hunger","https://www.lifeusa.org/water","0","","Water Wells","301","Moved Permanently","true","_self","","Absolute","//body/div/div/div[@id='site-root']/div/footer/div[@class='U4Bvut']/div[@class='CJF7A2']/div/div/section/div[@class='V5AUxf']/div/div[2]/div/div[@id='comp-kc01gkgm']/p/span/span/span/span[@class='wixui-rich-text__text'][3]/a","Footer","HTML"
"Hyperlink","https://www.lifeusa.org/no/categories/purpose","https://www.lifeusa.org/water","0","","Water Wells","301","Moved Permanently","true","_self","","Absolute","//body/div/div/div[@id='site-root']/div/footer/div[@class='U4Bvut']/div[@class='CJF7A2']/div/div/section/div[@class='V5AUxf']/div/div[2]/div/div[@id='comp-kc01gkgm']/p/span/span/span/span[@class='wixui-rich-text__text'][3]/a","Footer","HTML"
"Hyperlink","https://www.lifeusa.org/post/one-dollar-can-change-someone-s-life","https://www.lifeusa.org/water","0","","Water Wells","301","Moved Permanently","true","_self","","Absolute","//body/div/div/div[@id='site-root']/div/footer/div[@class='U4Bvut']/div[@class='CJF7A2']/div/div/section/div[@class='V5AUxf']/div/div[2]/div/div[@id='comp-kc01gkgm']/p/span/span/span/span[@class='wixui-rich-text__text'][3]/a","Footer","HTML"
"Hyperlink","https://www.lifeusa.org/post/afghanistan-s-earthquake-stories-of-survival-and-relief","https://www.lifeusa.org/water","0","","Water Wells","301","Moved Permanently","true","_self","","Absolute","//body/div/div/div[@id='site-root']/div/footer/div[@class='U4Bvut']/div[@class='CJF7A2']/div/div/section/div[@class='V5AUxf']/div/div[2]/div/div[@id='comp-kc01gkgm']/p/span/span/span/span[@class='wixui-rich-text__text'][3]/a","Footer","HTML"
"Hyperlink","https://www.lifeusa.org/post/why-one-gift-means-the-world-to-an-orphaned-child","https://www.lifeusa.org/water","0","","Water Wells","301","Moved Permanently","true","_self","","Absolute","//body/div/div/div[@id='site-root']/div/footer/div[@class='U4Bvut']/div[@class='CJF7A2']/div/div/section/div[@class='V5AUxf']/div/div[2]/div/div[@id='comp-kc01gkgm']/p/span/span/span/span[@class='wixui-rich-text__text'][3]/a","Footer","HTML"
"Hyperlink","https://www.lifeusa.org/post/children-forced-to-sleep-in-cars-and-on-the-streets-as-over-800-000-are-displaced-in-lebanon","https://www.lifeusa.org/water","0","","Water Wells","301","Moved Permanently","true","_self","","Absolute","//body/div/div/div[@id='site-root']/div/footer/div[@class='U4Bvut']/div[@class='CJF7A2']/div/div/section/div[@class='V5AUxf']/div/div[2]/div/div[@id='comp-kc01gkgm']/p/span/span/span/span[@class='wixui-rich-text__text'][3]/a","Footer","HTML"
"Hyperlink","https://www.lifeusa.org/post/remembering-judge-frank-caprio-a-judge-who-redefined-leadership-through-compassion","https://www.lifeusa.org/water","0","","Water Wells","301","Moved Permanently","true","_self","","Absolute","//body/div/div/div[@id='site-root']/div/footer/div[@class='U4Bvut']/div[@class='CJF7A2']/div/div/section/div[@class='V5AUxf']/div/div[2]/div/div[@id='comp-kc01gkgm']/p/span/span/span/span[@class='wixui-rich-text__text'][3]/a","Footer","HTML"
"Hyperlink","https://www.lifeusa.org/post/over-6-5-hungry-in-somalia-why-your-giving-matters-now-more-than-ever","https://www.lifeusa.org/water","0","","Water Wells","301","Moved Permanently","true","_self","","Absolute","//body/div/div/div[@id='site-root']/div/footer/div[@class='U4Bvut']/div[@class='CJF7A2']/div/div/section/div[@class='V5AUxf']/div/div[2]/div/div[@id='comp-kc01gkgm']/p/span/span/span/span[@class='wixui-rich-text__text'][3]/a","Footer","HTML"
"Hyperlink","https://www.lifeusa.org/post/starvation-in-gaza-why-the-world-must-act-now-before-thousands-more-die","https://www.lifeusa.org/water","0","","Water Wells","301","Moved Permanently","true","_self","","Absolute","//body/div/div/div[@id='site-root']/div/footer/div[@class='U4Bvut']/div[@class='CJF7A2']/div/div/section/div[@class='V5AUxf']/div/div[2]/div/div[@id='comp-kc01gkgm']/p/span/span/span/span[@class='wixui-rich-text__text'][3]/a","Footer","HTML"
"Hyperlink","https://www.lifeusa.org/post/latest-cuts-to-humanitarian-aid-leave-millions-without-hope","https://www.lifeusa.org/water","0","","Water Wells","301","Moved Permanently","true","_self","","Absolute","//body/div/div/div[@id='site-root']/div/footer/div[@class='U4Bvut']/div[@class='CJF7A2']/div/div/section/div[@class='V5AUxf']/div/div[2]/div/div[@id='comp-kc01gkgm']/p/span/span/span/span[@class='wixui-rich-text__text'][3]/a","Footer","HTML"
"Hyperlink","https://donate.lifeusa.org/donorportal/emergency-relief?EmergencyReliefProgram=11WVy000001QlE2MAK","https://www.lifeusa.org/water","0","","Water Wells","301","Moved Permanently","true","_blank","noopener noreferrer","Absolute","//body/webruntime-app/lwr-router-container/webruntime-inner-app/dxp_data_provider-user-data-provider/dxp_data_provider-data-proxy/dxp_data_provider-decision-data-provider/dxp_data_provider-data-proxy/community_byo-scoped-header-and-footer/footer/div/c-footer/section/div/div[@class='keywords']/a[3]","Header","HTML"
"Hyperlink","https://www.lifeusa.org/legacy","https://www.lifeusa.org/water","0","","Water Wells","301","Moved Permanently","true","_self","","Absolute","//body/div/div/div[@id='site-root']/div/footer/div[@class='U4Bvut']/div[@class='CJF7A2']/div/div/section/div[@class='V5AUxf']/div/div[2]/div/div[@id='comp-kc01gkgm']/p/span/span/span/span[@class='wixui-rich-text__text'][3]/a","Footer","HTML"
"Hyperlink","https://www.lifeusa.org/copy-of-freewill-landing-page","https://www.lifeusa.org/water","0","","Water Wells","301","Moved Permanently","true","_self","","Absolute","//body/div/div/div[@id='site-root']/div/footer/div[@class='U4Bvut']/div[@class='CJF7A2']/div/div/section/div[@class='V5AUxf']/div/div[2]/div/div[@id='comp-kc01gkgm']/p/span/span/span/span[@class='wixui-rich-text__text'][3]/a","Footer","HTML"
"Hyperlink","https://www.lifeusa.org/newsletters","https://www.lifeusa.org/water","0","","Water Wells","301","Moved Permanently","true","_self","","Absolute","//body/div/div/div[@id='site-root']/div/footer/div[@class='U4Bvut']/div[@class='CJF7A2']/div/div/section/div[@class='V5AUxf']/div/div[2]/div/div[@id='comp-kc01gkgm']/p/span/span/span/span[@class='wixui-rich-text__text'][3]/a","Footer","HTML"
"Hyperlink","https://www.lifeusa.org/news","https://www.lifeusa.org/water","0","","Water Wells","301","Moved Permanently","true","_self","","Absolute","//body/div/div/div[@id='site-root']/div/footer/div[@class='U4Bvut']/div[@class='CJF7A2']/div/div/section/div[@class='V5AUxf']/div/div[2]/div/div[@id='comp-kc01gkgm']/p/span/span/span/span[@class='wixui-rich-text__text'][3]/a","Footer","HTML"
"Hyperlink","https://www.lifeusa.org/press","https://www.lifeusa.org/water","0","","Water Wells","301","Moved Permanently","true","_self","","Absolute","//body/div/div/div[@id='site-root']/div/footer/div[@class='U4Bvut']/div[@class='CJF7A2']/div/div/section/div[@class='V5AUxf']/div/div[2]/div/div[@id='comp-kc01gkgm']/p/span/span/span/span[@class='wixui-rich-text__text'][3]/a","Footer","HTML"
"Hyperlink","https://donate.lifeusa.org/donorportal/project-designations?Program=11WVy000001QlE4MAK","https://www.lifeusa.org/water","0","","Water Wells","301","Moved Permanently","true","_blank","noopener noreferrer","Absolute","//body/webruntime-app/lwr-router-container/webruntime-inner-app/dxp_data_provider-user-data-provider/dxp_data_provider-data-proxy/dxp_data_provider-decision-data-provider/dxp_data_provider-data-proxy/community_byo-scoped-header-and-footer/footer/div/c-footer/section/div/div[@class='keywords']/a[3]","Header","HTML"
"Hyperlink","https://donate.lifeusa.org/donorportal/project-designations?Program=11WVy000001QlE5MAK","https://www.lifeusa.org/water","0","","Water Wells","301","Moved Permanently","true","_blank","noopener noreferrer","Absolute","//body/webruntime-app/lwr-router-container/webruntime-inner-app/dxp_data_provider-user-data-provider/dxp_data_provider-data-proxy/dxp_data_provider-decision-data-provider/dxp_data_provider-data-proxy/community_byo-scoped-header-and-footer/footer/div/c-footer/section/div/div[@class='keywords']/a[3]","Header","HTML"
"Hyperlink","https://donate.lifeusa.org/donorportal/campaign?UTM_SourceCode=LebanonEmergencyRelief26&CampaignID=701Vy00001Nj9MLIAZ","https://www.lifeusa.org/water","0","","Water Wells","301","Moved Permanently","true","_blank","noopener noreferrer","Absolute","//body/webruntime-app/lwr-router-container/webruntime-inner-app/dxp_data_provider-user-data-provider/dxp_data_provider-data-proxy/dxp_data_provider-decision-data-provider/dxp_data_provider-data-proxy/community_byo-scoped-header-and-footer/footer/div/c-footer/section/div/div[@class='keywords']/a[3]","Header","HTML"
"Hyperlink","https://www.lifeusa.org/post/building-a-better-world-for-33-years","https://www.lifeusa.org/water","0","","Water Wells","301","Moved Permanently","true","_self","","Absolute","//body/div/div/div[@id='site-root']/div/footer/div[@class='U4Bvut']/div[@class='CJF7A2']/div/div/section/div[@class='V5AUxf']/div/div[2]/div/div[@id='comp-kc01gkgm']/p/span/span/span/span[@class='wixui-rich-text__text'][3]/a","Footer","HTML"
"Hyperlink","https://www.lifeusa.org/post/write-your-will-for-free-and-let-the-good-you-do-today-last-forever","https://www.lifeusa.org/water","0","","Water Wells","301","Moved Permanently","true","_self","","Absolute","//body/div/div/div[@id='site-root']/div/footer/div[@class='U4Bvut']/div[@class='CJF7A2']/div/div/section/div[@class='V5AUxf']/div/div[2]/div/div[@id='comp-kc01gkgm']/p/span/span/span/span[@class='wixui-rich-text__text'][3]/a","Footer","HTML"
"Hyperlink","https://www.lifeusa.org/post/charitable-giving-an-advantage-we-never-saw-coming-from-the-one-big-beautiful-bill-act","https://www.lifeusa.org/water","0","","Water Wells","301","Moved Permanently","true","_self","","Absolute","//body/div/div/div[@id='site-root']/div/footer/div[@class='U4Bvut']/div[@class='CJF7A2']/div/div/section/div[@class='V5AUxf']/div/div[2]/div/div[@id='comp-kc01gkgm']/p/span/span/span/span[@class='wixui-rich-text__text'][3]/a","Footer","HTML"
"Hyperlink","https://www.lifeusa.org/post/double-or-triple-your-donation-without-spending-more-through-life-for-relief-and-development-life","https://www.lifeusa.org/water","0","","Water Wells","301","Moved Permanently","true","_self","","Absolute","//body/div/div/div[@id='site-root']/div/footer/div[@class='U4Bvut']/div[@class='CJF7A2']/div/div/section/div[@class='V5AUxf']/div/div[2]/div/div[@id='comp-kc01gkgm']/p/span/span/span/span[@class='wixui-rich-text__text'][3]/a","Footer","HTML"
"Hyperlink","https://www.lifeusa.org/post/winter-flooding-in-gaza-leaves-families-cold-and-exhausted","https://www.lifeusa.org/water","0","","Water Wells","301","Moved Permanently","true","_self","","Absolute","//body/div/div/div[@id='site-root']/div/footer/div[@class='U4Bvut']/div[@class='CJF7A2']/div/div/section/div[@class='V5AUxf']/div/div[2]/div/div[@id='comp-kc01gkgm']/p/span/span/span/span[@class='wixui-rich-text__text'][3]/a","Footer","HTML"
"Hyperlink","https://www.lifeusa.org/post/school-supplies-could-be-the-key-to-ending-poverty","https://www.lifeusa.org/water","0","","Water Wells","301","Moved Permanently","true","_self","","Absolute","//body/div/div/div[@id='site-root']/div/footer/div[@class='U4Bvut']/div[@class='CJF7A2']/div/div/section/div[@class='V5AUxf']/div/div[2]/div/div[@id='comp-kc01gkgm']/p/span/span/span/span[@class='wixui-rich-text__text'][3]/a","Footer","HTML"
"Hyperlink","https://www.lifeusa.org/post/cold-kills-5-million-a-year-life-s-winter-aid-helps-prevent-this-tragedy","https://www.lifeusa.org/water","0","","Water Wells","301","Moved Permanently","true","_self","","Absolute","//body/div/div/div[@id='site-root']/div/footer/div[@class='U4Bvut']/div[@class='CJF7A2']/div/div/section/div[@class='V5AUxf']/div/div[2]/div/div[@id='comp-kc01gkgm']/p/span/span/span/span[@class='wixui-rich-text__text'][3]/a","Footer","HTML"
"Hyperlink","https://www.lifeusa.org/post/give-the-smart-way-stop-paying-taxes-on-stocks-and-receive-a-big-tax-deduction","https://www.lifeusa.org/water","0","","Water Wells","301","Moved Permanently","true","_self","","Absolute","//body/div/div/div[@id='site-root']/div/footer/div[@class='U4Bvut']/div[@class='CJF7A2']/div/div/section/div[@class='V5AUxf']/div/div[2]/div/div[@id='comp-kc01gkgm']/p/span/span/span/span[@class='wixui-rich-text__text'][3]/a","Footer","HTML"
"Hyperlink","https://www.lifeusa.org/post/health-for-all-how-life-is-closing-the-global-healthcare-gap","https://www.lifeusa.org/water","0","","Water Wells","301","Moved Permanently","true","_self","","Absolute","//body/div/div/div[@id='site-root']/div/footer/div[@class='U4Bvut']/div[@class='CJF7A2']/div/div/section/div[@class='V5AUxf']/div/div[2]/div/div[@id='comp-kc01gkgm']/p/span/span/span/span[@class='wixui-rich-text__text'][3]/a","Footer","HTML"
"Hyperlink","https://www.lifeusa.org/post/eid-al-adha-a-celebration-of-unity","https://www.lifeusa.org/water","0","","Water Wells","301","Moved Permanently","true","_self","","Absolute","//body/div/div/div[@id='site-root']/div/footer/div[@class='U4Bvut']/div[@class='CJF7A2']/div/div/section/div[@class='V5AUxf']/div/div[2]/div/div[@id='comp-kc01gkgm']/p/span/span/span/span[@class='wixui-rich-text__text'][3]/a","Footer","HTML"
"Hyperlink","https://www.lifeusa.org/post/she-was-buried-underground-for-13-years-then-she-heard-the-ocean","https://www.lifeusa.org/water","0","","Water Wells","301","Moved Permanently","true","_self","","Absolute","//body/div/div/div[@id='site-root']/div/footer/div[@class='U4Bvut']/div[@class='CJF7A2']/div/div/section/div[@class='V5AUxf']/div/div[2]/div/div[@id='comp-kc01gkgm']/p/span/span/span/span[@class='wixui-rich-text__text'][3]/a","Footer","HTML"
"Hyperlink","https://www.lifeusa.org/post/when-the-guadalupe-river-roared-texas-tested-with-devastation-and-loss","https://www.lifeusa.org/water","0","","Water Wells","301","Moved Permanently","true","_self","","Absolute","//body/div/div/div[@id='site-root']/div/footer/div[@class='U4Bvut']/div[@class='CJF7A2']/div/div/section/div[@class='V5AUxf']/div/div[2]/div/div[@id='comp-kc01gkgm']/p/span/span/span/span[@class='wixui-rich-text__text'][3]/a","Footer","HTML"
"Hyperlink","https://www.lifeusa.org/post/the-hidden-price-tag-of-fast-fashion-and-how-life-is-offering-sustainable-solutions-you-can-support","https://www.lifeusa.org/water","0","","Water Wells","301","Moved Permanently","true","_self","","Absolute","//body/div/div/div[@id='site-root']/div/footer/div[@class='U4Bvut']/div[@class='CJF7A2']/div/div/section/div[@class='V5AUxf']/div/div[2]/div/div[@id='comp-kc01gkgm']/p/span/span/span/span[@class='wixui-rich-text__text'][3]/a","Footer","HTML"
"Hyperlink","https://www.lifeusa.org/post/ramadan-a-place-for-everyone","https://www.lifeusa.org/water","0","","Water Wells","301","Moved Permanently","true","_self","","Absolute","//body/div/div/div[@id='site-root']/div/footer/div[@class='U4Bvut']/div[@class='CJF7A2']/div/div/section/div[@class='V5AUxf']/div/div[2]/div/div[@id='comp-kc01gkgm']/p/span/span/span/span[@class='wixui-rich-text__text'][3]/a","Footer","HTML"
"Hyperlink","https://www.lifeusa.org/post/a-step-by-step-guide-on-how-to-participate-in-ramadan","https://www.lifeusa.org/water","0","","Water Wells","301","Moved Permanently","true","_self","","Absolute","//body/div/div/div[@id='site-root']/div/footer/div[@class='U4Bvut']/div[@class='CJF7A2']/div/div/section/div[@class='V5AUxf']/div/div[2]/div/div[@id='comp-kc01gkgm']/p/span/span/span/span[@class='wixui-rich-text__text'][3]/a","Footer","HTML"
"Hyperlink","https://www.lifeusa.org/post/sick-kids-with-no-medicine-in-sight-how-life-is-restoring-healthcare-access-in-africa","https://www.lifeusa.org/water","0","","Water Wells","301","Moved Permanently","true","_self","","Absolute","//body/div/div/div[@id='site-root']/div/footer/div[@class='U4Bvut']/div[@class='CJF7A2']/div/div/section/div[@class='V5AUxf']/div/div[2]/div/div[@id='comp-kc01gkgm']/p/span/span/span/span[@class='wixui-rich-text__text'][3]/a","Footer","HTML"
"Hyperlink","https://www.lifeusa.org/post/as-middle-east-tensions-rise-families-face-uncertainty-and-compassion-matters-more","https://www.lifeusa.org/water","0","","Water Wells","301","Moved Permanently","true","_self","","Absolute","//body/div/div/div[@id='site-root']/div/footer/div[@class='U4Bvut']/div[@class='CJF7A2']/div/div/section/div[@class='V5AUxf']/div/div[2]/div/div[@id='comp-kc01gkgm']/p/span/span/span/span[@class='wixui-rich-text__text'][3]/a","Footer","HTML"
"Hyperlink","https://www.lifeusa.org/post/millions-hungry-and-displaced-why-the-sudan-crisis-requires-immediate-action","https://www.lifeusa.org/water","0","","Water Wells","301","Moved Permanently","true","_self","","Absolute","//body/div/div/div[@id='site-root']/div/footer/div[@class='U4Bvut']/div[@class='CJF7A2']/div/div/section/div[@class='V5AUxf']/div/div[2]/div/div[@id='comp-kc01gkgm']/p/span/span/span/span[@class='wixui-rich-text__text'][3]/a","Footer","HTML"
"Hyperlink","https://www.lifeusa.org/post/ceasefire-in-gaza-understanding-the-gaza-peace-deal-and-what-lies-ahead","https://www.lifeusa.org/water","0","","Water Wells","301","Moved Permanently","true","_self","","Absolute","//body/div/div/div[@id='site-root']/div/footer/div[@class='U4Bvut']/div[@class='CJF7A2']/div/div/section/div[@class='V5AUxf']/div/div[2]/div/div[@id='comp-kc01gkgm']/p/span/span/span/span[@class='wixui-rich-text__text'][3]/a","Footer","HTML"
"Hyperlink","https://www.lifeusa.org/post/maximize-your-tax-write-off-with-charitable-giving-apps","https://www.lifeusa.org/water","0","","Water Wells","301","Moved Permanently","true","_self","","Absolute","//body/div/div/div[@id='site-root']/div/footer/div[@class='U4Bvut']/div[@class='CJF7A2']/div/div/section/div[@class='V5AUxf']/div/div[2]/div/div[@id='comp-kc01gkgm']/p/span/span/span/span[@class='wixui-rich-text__text'][3]/a","Footer","HTML"
"Hyperlink","https://www.lifeusa.org/post/when-life-becomes-art-finding-flow-purpose-and-the-joy-of-giving","https://www.lifeusa.org/water","0","","Water Wells","301","Moved Permanently","true","_self","","Absolute","//body/div/div/div[@id='site-root']/div/footer/div[@class='U4Bvut']/div[@class='CJF7A2']/div/div/section/div[@class='V5AUxf']/div/div[2]/div/div[@id='comp-kc01gkgm']/p/span/span/span/span[@class='wixui-rich-text__text'][3]/a","Footer","HTML"
"Hyperlink","https://www.lifeusa.org/post/how-violence-and-war-affect-children-worldwide-and-how-you-can-help","https://www.lifeusa.org/water","0","","Water Wells","301","Moved Permanently","true","_self","","Absolute","//body/div/div/div[@id='site-root']/div/footer/div[@class='U4Bvut']/div[@class='CJF7A2']/div/div/section/div[@class='V5AUxf']/div/div[2]/div/div[@id='comp-kc01gkgm']/p/span/span/span/span[@class='wixui-rich-text__text'][3]/a","Footer","HTML"
"Hyperlink","https://www.lifeusa.org/post/what-happens-when-you-can-t-see-in-a-refugee-camp","https://www.lifeusa.org/water","0","","Water Wells","301","Moved Permanently","true","_self","","Absolute","//body/div/div/div[@id='site-root']/div/footer/div[@class='U4Bvut']/div[@class='CJF7A2']/div/div/section/div[@class='V5AUxf']/div/div[2]/div/div[@id='comp-kc01gkgm']/p/span/span/span/span[@class='wixui-rich-text__text'][3]/a","Footer","HTML"
"Hyperlink","https://www.lifeusa.org/post/the-challenges-humanitarian-organizations-face-after-conflict-ends","https://www.lifeusa.org/water","0","","Water Wells","301","Moved Permanently","true","_self","","Absolute","//body/div/div/div[@id='site-root']/div/footer/div[@class='U4Bvut']/div[@class='CJF7A2']/div/div/section/div[@class='V5AUxf']/div/div[2]/div/div[@id='comp-kc01gkgm']/p/span/span/span/span[@class='wixui-rich-text__text'][3]/a","Footer","HTML"
"Hyperlink","https://www.lifeusa.org/post/the-power-of-listening-and-how-to-harness-it","https://www.lifeusa.org/water","0","","Water Wells","301","Moved Permanently","true","_self","","Absolute","//body/div/div/div[@id='site-root']/div/footer/div[@class='U4Bvut']/div[@class='CJF7A2']/div/div/section/div[@class='V5AUxf']/div/div[2]/div/div[@id='comp-kc01gkgm']/p/span/span/span/span[@class='wixui-rich-text__text'][3]/a","Footer","HTML"
"Hyperlink","https://www.lifeusa.org/post/monsoon-flood-in-northern-pakistan-takes-everything-from-villagers-life-usa-helps-families-rebuild","https://www.lifeusa.org/water","0","","Water Wells","301","Moved Permanently","true","_self","","Absolute","//body/div/div/div[@id='site-root']/div/footer/div[@class='U4Bvut']/div[@class='CJF7A2']/div/div/section/div[@class='V5AUxf']/div/div[2]/div/div[@id='comp-kc01gkgm']/p/span/span/span/span[@class='wixui-rich-text__text'][3]/a","Footer","HTML"
"Hyperlink","https://www.lifeusa.org/post/life-s-orphan-sponsorships-keep-children-warm-and-in-school-during-the-winter-months-in-pakistan","https://www.lifeusa.org/water","0","","Water Wells","301","Moved Permanently","true","_self","","Absolute","//body/div/div/div[@id='site-root']/div/footer/div[@class='U4Bvut']/div[@class='CJF7A2']/div/div/section/div[@class='V5AUxf']/div/div[2]/div/div[@id='comp-kc01gkgm']/p/span/span/span/span[@class='wixui-rich-text__text'][3]/a","Footer","HTML"
"Hyperlink","https://www.lifeusa.org/post/life-supports-mothers-and-orphans-in-gaza-with-critical-baby-formula-and-other-essentials","https://www.lifeusa.org/water","0","","Water Wells","301","Moved Permanently","true","_self","","Absolute","//body/div/div/div[@id='site-root']/div/footer/div[@class='U4Bvut']/div[@class='CJF7A2']/div/div/section/div[@class='V5AUxf']/div/div[2]/div/div[@id='comp-kc01gkgm']/p/span/span/span/span[@class='wixui-rich-text__text'][3]/a","Footer","HTML"
"Hyperlink","https://www.lifeusa.org/post/hope-returns-to-the-classroom-through-life-for-relief-and-development-life-s-orphan-sponsorship-in","https://www.lifeusa.org/water","0","","Water Wells","301","Moved Permanently","true","_self","","Absolute","//body/div/div/div[@id='site-root']/div/footer/div[@class='U4Bvut']/div[@class='CJF7A2']/div/div/section/div[@class='V5AUxf']/div/div[2]/div/div[@id='comp-kc01gkgm']/p/span/span/span/span[@class='wixui-rich-text__text'][3]/a","Footer","HTML"
"Hyperlink","https://www.lifeusa.org/post/with-life-water-wells-comes-a-renewed-stability-and-health-for-1-800-people-in-niger","https://www.lifeusa.org/water","0","","Water Wells","301","Moved Permanently","true","_self","","Absolute","//body/div/div/div[@id='site-root']/div/footer/div[@class='U4Bvut']/div[@class='CJF7A2']/div/div/section/div[@class='V5AUxf']/div/div[2]/div/div[@id='comp-kc01gkgm']/p/span/span/span/span[@class='wixui-rich-text__text'][3]/a","Footer","HTML"
"Hyperlink","https://www.lifeusa.org/post/in-a-tanzanian-village-water-finally-flows-close-to-home","https://www.lifeusa.org/water","0","","Water Wells","301","Moved Permanently","true","_self","","Absolute","//body/div/div/div[@id='site-root']/div/footer/div[@class='U4Bvut']/div[@class='CJF7A2']/div/div/section/div[@class='V5AUxf']/div/div[2]/div/div[@id='comp-kc01gkgm']/p/span/span/span/span[@class='wixui-rich-text__text'][3]/a","Footer","HTML"
"Hyperlink","https://www.lifeusa.org/post/life-continues-saving-lives-in-gaza-as-emergency-food-and-water-relief-reaches-thousands","https://www.lifeusa.org/water","0","","Water Wells","301","Moved Permanently","true","_self","","Absolute","//body/div/div/div[@id='site-root']/div/footer/div[@class='U4Bvut']/div[@class='CJF7A2']/div/div/section/div[@class='V5AUxf']/div/div[2]/div/div[@id='comp-kc01gkgm']/p/span/span/span/span[@class='wixui-rich-text__text'][3]/a","Footer","HTML"
"Hyperlink","https://www.lifeusa.org/post/life-supporting-orphans-families-gaza","https://www.lifeusa.org/water","0","","Water Wells","301","Moved Permanently","true","_self","","Absolute","//body/div/div/div[@id='site-root']/div/footer/div[@class='U4Bvut']/div[@class='CJF7A2']/div/div/section/div[@class='V5AUxf']/div/div[2]/div/div[@id='comp-kc01gkgm']/p/span/span/span/span[@class='wixui-rich-text__text'][3]/a","Footer","HTML"
"Hyperlink","https://www.lifeusa.org/post/fighting-hunger-in-somalia-life-for-relief-and-development-life-s-food-distribution-reaches-displ","https://www.lifeusa.org/water","0","","Water Wells","301","Moved Permanently","true","_self","","Absolute","//body/div/div/div[@id='site-root']/div/footer/div[@class='U4Bvut']/div[@class='CJF7A2']/div/div/section/div[@class='V5AUxf']/div/div[2]/div/div[@id='comp-kc01gkgm']/p/span/span/span/span[@class='wixui-rich-text__text'][3]/a","Footer","HTML"
"Hyperlink","https://www.lifeusa.org/post/life-for-relief-and-development-life-usa-restores-shelter-and-safety-for-8-050-displaced-individua","https://www.lifeusa.org/water","0","","Water Wells","301","Moved Permanently","true","_self","","Absolute","//body/div/div/div[@id='site-root']/div/footer/div[@class='U4Bvut']/div[@class='CJF7A2']/div/div/section/div[@class='V5AUxf']/div/div[2]/div/div[@id='comp-kc01gkgm']/p/span/span/span/span[@class='wixui-rich-text__text'][3]/a","Footer","HTML"
"Hyperlink","https://www.lifeusa.org/post/new-solar-powered-water-wells-bring-clean-water-to-3-300-people-in-pakistan","https://www.lifeusa.org/water","0","","Water Wells","301","Moved Permanently","true","_self","","Absolute","//body/div/div/div[@id='site-root']/div/footer/div[@class='U4Bvut']/div[@class='CJF7A2']/div/div/section/div[@class='V5AUxf']/div/div[2]/div/div[@id='comp-kc01gkgm']/p/span/span/span/span[@class='wixui-rich-text__text'][3]/a","Footer","HTML"
"Hyperlink","https://www.lifeusa.org/post/life-provides-medical-student-scholarships-in-the-west-bank","https://www.lifeusa.org/water","0","","Water Wells","301","Moved Permanently","true","_self","","Absolute","//body/div/div/div[@id='site-root']/div/footer/div[@class='U4Bvut']/div[@class='CJF7A2']/div/div/section/div[@class='V5AUxf']/div/div[2]/div/div[@id='comp-kc01gkgm']/p/span/span/span/span[@class='wixui-rich-text__text'][3]/a","Footer","HTML"
"Hyperlink","https://www.lifeusa.org/post/life-for-relief-and-development-protects-5-000-children-from-harsh-winter-conditions-in-gaza","https://www.lifeusa.org/water","0","","Water Wells","301","Moved Permanently","true","_self","","Absolute","//body/div/div/div[@id='site-root']/div/footer/div[@class='U4Bvut']/div[@class='CJF7A2']/div/div/section/div[@class='V5AUxf']/div/div[2]/div/div[@id='comp-kc01gkgm']/p/span/span/span/span[@class='wixui-rich-text__text'][3]/a","Footer","HTML"
"Hyperlink","https://www.lifeusa.org/post/life-for-relief-and-development-sustains-higher-education-in-syria","https://www.lifeusa.org/water","0","","Water Wells","301","Moved Permanently","true","_self","","Absolute","//body/div/div/div[@id='site-root']/div/footer/div[@class='U4Bvut']/div[@class='CJF7A2']/div/div/section/div[@class='V5AUxf']/div/div[2]/div/div[@id='comp-kc01gkgm']/p/span/span/span/span[@class='wixui-rich-text__text'][3]/a","Footer","HTML"
"Hyperlink","https://www.lifeusa.org/post/over-1-000-orphans-across-jordan-uplifted-through-life-sponsorship-program","https://www.lifeusa.org/water","0","","Water Wells","301","Moved Permanently","true","_self","","Absolute","//body/div/div/div[@id='site-root']/div/footer/div[@class='U4Bvut']/div[@class='CJF7A2']/div/div/section/div[@class='V5AUxf']/div/div[2]/div/div[@id='comp-kc01gkgm']/p/span/span/span/span[@class='wixui-rich-text__text'][3]/a","Footer","HTML"
"Hyperlink","https://www.lifeusa.org/post/life-for-relief-and-development-life-delivers-emergency-food-and-water-assistance-in-gaza-through","https://www.lifeusa.org/water","0","","Water Wells","301","Moved Permanently","true","_self","","Absolute","//body/div/div/div[@id='site-root']/div/footer/div[@class='U4Bvut']/div[@class='CJF7A2']/div/div/section/div[@class='V5AUxf']/div/div[2]/div/div[@id='comp-kc01gkgm']/p/span/span/span/span[@class='wixui-rich-text__text'][3]/a","Footer","HTML"
"Hyperlink","https://www.lifeusa.org/post/water-stops-being-a-daily-worry-for-two-communities-in-nepal","https://www.lifeusa.org/water","0","","Water Wells","301","Moved Permanently","true","_self","","Absolute","//body/div/div/div[@id='site-root']/div/footer/div[@class='U4Bvut']/div[@class='CJF7A2']/div/div/section/div[@class='V5AUxf']/div/div[2]/div/div[@id='comp-kc01gkgm']/p/span/span/span/span[@class='wixui-rich-text__text'][3]/a","Footer","HTML"
"Hyperlink","https://www.lifeusa.org/no/tags/chicago","https://www.lifeusa.org/water","0","","Water Wells","301","Moved Permanently","true","_self","","Absolute","//body/div/div/div[@id='site-root']/div/footer/div[@class='U4Bvut']/div[@class='CJF7A2']/div/div/section/div[@class='V5AUxf']/div/div[2]/div/div[@id='comp-kc01gkgm']/p/span/span/span/span[@class='wixui-rich-text__text'][3]/a","Footer","HTML"
"Hyperlink","https://www.lifeusa.org/no/tags/usa","https://www.lifeusa.org/water","0","","Water Wells","301","Moved Permanently","true","_self","","Absolute","//body/div/div/div[@id='site-root']/div/footer/div[@class='U4Bvut']/div[@class='CJF7A2']/div/div/section/div[@class='V5AUxf']/div/div[2]/div/div[@id='comp-kc01gkgm']/p/span/span/span/span[@class='wixui-rich-text__text'][3]/a","Footer","HTML"
"Hyperlink","https://www.lifeusa.org/no/tags/philanthropy","https://www.lifeusa.org/water","0","","Water Wells","301","Moved Permanently","true","_self","","Absolute","//body/div/div/div[@id='site-root']/div/footer/div[@class='U4Bvut']/div[@class='CJF7A2']/div/div/section/div[@class='V5AUxf']/div/div[2]/div/div[@id='comp-kc01gkgm']/p/span/span/span/span[@class='wixui-rich-text__text'][3]/a","Footer","HTML"
"Hyperlink","https://www.lifeusa.org/no/tags/canada","https://www.lifeusa.org/water","0","","Water Wells","301","Moved Permanently","true","_self","","Absolute","//body/div/div/div[@id='site-root']/div/footer/div[@class='U4Bvut']/div[@class='CJF7A2']/div/div/section/div[@class='V5AUxf']/div/div[2]/div/div[@id='comp-kc01gkgm']/p/span/span/span/span[@class='wixui-rich-text__text'][3]/a","Footer","HTML"
"Hyperlink","https://www.lifeusa.org/no/hashtags/butterflyeffect","https://www.lifeusa.org/water","0","","Water Wells","301","Moved Permanently","true","_self","","Absolute","//body/div/div/div[@id='site-root']/div/footer/div[@class='U4Bvut']/div[@class='CJF7A2']/div/div/section/div[@class='V5AUxf']/div/div[2]/div/div[@id='comp-kc01gkgm']/p/span/span/span/span[@class='wixui-rich-text__text'][3]/a","Footer","HTML"
"Hyperlink","https://www.lifeusa.org/no/tags/life-blog","https://www.lifeusa.org/water","0","","Water Wells","301","Moved Permanently","true","_self","","Absolute","//body/div/div/div[@id='site-root']/div/footer/div[@class='U4Bvut']/div[@class='CJF7A2']/div/div/section/div[@class='V5AUxf']/div/div[2]/div/div[@id='comp-kc01gkgm']/p/span/span/span/span[@class='wixui-rich-text__text'][3]/a","Footer","HTML"
"Hyperlink","https://www.lifeusa.org/no/tags/england","https://www.lifeusa.org/water","0","","Water Wells","301","Moved Permanently","true","_self","","Absolute","//body/div/div/div[@id='site-root']/div/footer/div[@class='U4Bvut']/div[@class='CJF7A2']/div/div/section/div[@class='V5AUxf']/div/div[2]/div/div[@id='comp-kc01gkgm']/p/span/span/span/span[@class='wixui-rich-text__text'][3]/a","Footer","HTML"
"Hyperlink","https://www.lifeusa.org/no/tags/colorado","https://www.lifeusa.org/water","0","","Water Wells","301","Moved Permanently","true","_self","","Absolute","//body/div/div/div[@id='site-root']/div/footer/div[@class='U4Bvut']/div[@class='CJF7A2']/div/div/section/div[@class='V5AUxf']/div/div[2]/div/div[@id='comp-kc01gkgm']/p/span/span/span/span[@class='wixui-rich-text__text'][3]/a","Footer","HTML"
"Hyperlink","https://www.lifeusa.org/no/tags/charity","https://www.lifeusa.org/water","0","","Water Wells","301","Moved Permanently","true","_self","","Absolute","//body/div/div/div[@id='site-root']/div/footer/div[@class='U4Bvut']/div[@class='CJF7A2']/div/div/section/div[@class='V5AUxf']/div/div[2]/div/div[@id='comp-kc01gkgm']/p/span/span/span/span[@class='wixui-rich-text__text'][3]/a","Footer","HTML"
"Hyperlink","https://www.lifeusa.org/no/tags/maryland","https://www.lifeusa.org/water","0","","Water Wells","301","Moved Permanently","true","_self","","Absolute","//body/div/div/div[@id='site-root']/div/footer/div[@class='U4Bvut']/div[@class='CJF7A2']/div/div/section/div[@class='V5AUxf']/div/div[2]/div/div[@id='comp-kc01gkgm']/p/span/span/span/span[@class='wixui-rich-text__text'][3]/a","Footer","HTML"
"Hyperlink","https://www.lifeusa.org/no/tags/nyc","https://www.lifeusa.org/water","0","","Water Wells","301","Moved Permanently","true","_self","","Absolute","//body/div/div/div[@id='site-root']/div/footer/div[@class='U4Bvut']/div[@class='CJF7A2']/div/div/section/div[@class='V5AUxf']/div/div[2]/div/div[@id='comp-kc01gkgm']/p/span/span/span/span[@class='wixui-rich-text__text'][3]/a","Footer","HTML"
"Hyperlink","https://donate.lifeusa.org/donorportal/cart","https://www.lifeusa.org/water","0","","Water Wells","301","Moved Permanently","true","_blank","noopener noreferrer","Absolute","//body/webruntime-app/lwr-router-container/webruntime-inner-app/dxp_data_provider-user-data-provider/dxp_data_provider-data-proxy/dxp_data_provider-decision-data-provider/dxp_data_provider-data-proxy/community_byo-scoped-header-and-footer/footer/div/c-footer/section/div/div[@class='keywords']/a[3]","Header","HTML"
"Hyperlink","https://donate.lifeusa.org/donorportal/seasonal-designations","https://www.lifeusa.org/water","0","","Water Wells","301","Moved Permanently","true","_blank","noopener noreferrer","Absolute","//body/webruntime-app/lwr-router-container/webruntime-inner-app/dxp_data_provider-user-data-provider/dxp_data_provider-data-proxy/dxp_data_provider-decision-data-provider/dxp_data_provider-data-proxy/community_byo-scoped-header-and-footer/footer/div/c-footer/section/div/div[@class='keywords']/a[3]","Header","HTML"
"Hyperlink","https://www.lifeusa.org/ukrainerelief","https://www.lifeusa.org/water","0","","Water Wells","301","Moved Permanently","true","_self","","Absolute","//body/div/div/div[@id='site-root']/div/footer/div[@class='U4Bvut']/div[@class='CJF7A2']/div/div/section/div[@class='V5AUxf']/div/div[2]/div/div[@id='comp-kc01gkgm']/p/span/span/span/span[@class='wixui-rich-text__text'][3]/a","Footer","HTML"
"Hyperlink","https://www.lifeusa.org/post/clean-water-restored-through-life-for-relief-and-development-life-s-water-well-projects-in-sierra","https://www.lifeusa.org/water","0","","Water Wells","301","Moved Permanently","true","_self","","Absolute","//body/div/div/div[@id='site-root']/div/footer/div[@class='U4Bvut']/div[@class='CJF7A2']/div/div/section/div[@class='V5AUxf']/div/div[2]/div/div[@id='comp-kc01gkgm']/p/span/span/span/span[@class='wixui-rich-text__text'][3]/a","Footer","HTML"
"Hyperlink","https://www.lifeusa.org/post/clean-water-new-possibilities-through-life-for-relief-and-development-life-s-water-well-projects","https://www.lifeusa.org/water","0","","Water Wells","301","Moved Permanently","true","_self","","Absolute","//body/div/div/div[@id='site-root']/div/footer/div[@class='U4Bvut']/div[@class='CJF7A2']/div/div/section/div[@class='V5AUxf']/div/div[2]/div/div[@id='comp-kc01gkgm']/p/span/span/span/span[@class='wixui-rich-text__text'][3]/a","Footer","HTML"
"Hyperlink","https://www.lifeusa.org/post/life-for-relief-and-development-life-s-orphan-sponsorship-supports-152-children-in-indonesia","https://www.lifeusa.org/water","0","","Water Wells","301","Moved Permanently","true","_self","","Absolute","//body/div/div/div[@id='site-root']/div/footer/div[@class='U4Bvut']/div[@class='CJF7A2']/div/div/section/div[@class='V5AUxf']/div/div[2]/div/div[@id='comp-kc01gkgm']/p/span/span/span/span[@class='wixui-rich-text__text'][3]/a","Footer","HTML"
"Hyperlink","https://www.lifeusa.org/post/clean-water-for-students-as-life-for-relief-and-development-life-installs-solar-water-wells-in-pak","https://www.lifeusa.org/water","0","","Water Wells","301","Moved Permanently","true","_self","","Absolute","//body/div/div/div[@id='site-root']/div/footer/div[@class='U4Bvut']/div[@class='CJF7A2']/div/div/section/div[@class='V5AUxf']/div/div[2]/div/div[@id='comp-kc01gkgm']/p/span/span/span/span[@class='wixui-rich-text__text'][3]/a","Footer","HTML"
"Hyperlink","https://www.lifeusa.org/post/life-builds-five-clean-water-projects-across-two-regions-in-myanmar","https://www.lifeusa.org/water","0","","Water Wells","301","Moved Permanently","true","_self","","Absolute","//body/div/div/div[@id='site-root']/div/footer/div[@class='U4Bvut']/div[@class='CJF7A2']/div/div/section/div[@class='V5AUxf']/div/div[2]/div/div[@id='comp-kc01gkgm']/p/span/span/span/span[@class='wixui-rich-text__text'][3]/a","Footer","HTML"
"Hyperlink","https://www.lifeusa.org/winterrelief","https://www.lifeusa.org/water","0","","Water Wells","301","Moved Permanently","true","_self","","Absolute","//body/div/div/div[@id='site-root']/div/footer/div[@class='U4Bvut']/div[@class='CJF7A2']/div/div/section/div[@class='V5AUxf']/div/div[2]/div/div[@id='comp-kc01gkgm']/p/span/span/span/span[@class='wixui-rich-text__text'][3]/a","Footer","HTML"
"Hyperlink","https://www.lifeusa.org/sudan-emergency-relief","https://www.lifeusa.org/water","0","","Water Wells","301","Moved Permanently","true","_self","","Absolute","//body/div/div/div[@id='site-root']/div/footer/div[@class='U4Bvut']/div[@class='CJF7A2']/div/div/section/div[@class='V5AUxf']/div/div[2]/div/div[@id='comp-kc01gkgm']/p/span/span/span/span[@class='wixui-rich-text__text'][3]/a","Footer","HTML"
"Hyperlink","https://www.lifeusa.org/no/tags/ukraine","https://www.lifeusa.org/water","0","","Water Wells","301","Moved Permanently","true","_self","","Absolute","//body/div/div/div[@id='site-root']/div/footer/div[@class='U4Bvut']/div[@class='CJF7A2']/div/div/section/div[@class='V5AUxf']/div/div[2]/div/div[@id='comp-kc01gkgm']/p/span/span/span/span[@class='wixui-rich-text__text'][3]/a","Footer","HTML"
"Hyperlink","https://www.lifeusa.org/no/tags/orphans","https://www.lifeusa.org/water","0","","Water Wells","301","Moved Permanently","true","_self","","Absolute","//body/div/div/div[@id='site-root']/div/footer/div[@class='U4Bvut']/div[@class='CJF7A2']/div/div/section/div[@class='V5AUxf']/div/div[2]/div/div[@id='comp-kc01gkgm']/p/span/span/span/span[@class='wixui-rich-text__text'][3]/a","Footer","HTML"
"Hyperlink","https://www.lifeusa.org/no/tags/palestine","https://www.lifeusa.org/water","0","","Water Wells","301","Moved Permanently","true","_self","","Absolute","//body/div/div/div[@id='site-root']/div/footer/div[@class='U4Bvut']/div[@class='CJF7A2']/div/div/section/div[@class='V5AUxf']/div/div[2]/div/div[@id='comp-kc01gkgm']/p/span/span/span/span[@class='wixui-rich-text__text'][3]/a","Footer","HTML"
"Hyperlink","https://www.lifeusa.org/no/tags/orphan-sponsorship","https://www.lifeusa.org/water","0","","Water Wells","301","Moved Permanently","true","_self","","Absolute","//body/div/div/div[@id='site-root']/div/footer/div[@class='U4Bvut']/div[@class='CJF7A2']/div/div/section/div[@class='V5AUxf']/div/div[2]/div/div[@id='comp-kc01gkgm']/p/span/span/span/span[@class='wixui-rich-text__text'][3]/a","Footer","HTML"
"Hyperlink","https://www.lifeusa.org/no/tags/syria-1","https://www.lifeusa.org/water","0","","Water Wells","301","Moved Permanently","true","_self","","Absolute","//body/div/div/div[@id='site-root']/div/footer/div[@class='U4Bvut']/div[@class='CJF7A2']/div/div/section/div[@class='V5AUxf']/div/div[2]/div/div[@id='comp-kc01gkgm']/p/span/span/span/span[@class='wixui-rich-text__text'][3]/a","Footer","HTML"
"Hyperlink","https://www.lifeusa.org/no/tags/war","https://www.lifeusa.org/water","0","","Water Wells","301","Moved Permanently","true","_self","","Absolute","//body/div/div/div[@id='site-root']/div/footer/div[@class='U4Bvut']/div[@class='CJF7A2']/div/div/section/div[@class='V5AUxf']/div/div[2]/div/div[@id='comp-kc01gkgm']/p/span/span/span/span[@class='wixui-rich-text__text'][3]/a","Footer","HTML"
"Hyperlink","https://www.lifeusa.org/no/tags/children","https://www.lifeusa.org/water","0","","Water Wells","301","Moved Permanently","true","_self","","Absolute","//body/div/div/div[@id='site-root']/div/footer/div[@class='U4Bvut']/div[@class='CJF7A2']/div/div/section/div[@class='V5AUxf']/div/div[2]/div/div[@id='comp-kc01gkgm']/p/span/span/span/span[@class='wixui-rich-text__text'][3]/a","Footer","HTML"
"Hyperlink","https://www.lifeusa.org/no/tags/refugee","https://www.lifeusa.org/water","0","","Water Wells","301","Moved Permanently","true","_self","","Absolute","//body/div/div/div[@id='site-root']/div/footer/div[@class='U4Bvut']/div[@class='CJF7A2']/div/div/section/div[@class='V5AUxf']/div/div[2]/div/div[@id='comp-kc01gkgm']/p/span/span/span/span[@class='wixui-rich-text__text'][3]/a","Footer","HTML"
"Hyperlink","https://www.lifeusa.org/post/life-hears-the-call-in-colorado","https://www.lifeusa.org/water","0","","Water Wells","301","Moved Permanently","true","_self","","Absolute","//body/div/div/div[@id='site-root']/div/footer/div[@class='U4Bvut']/div[@class='CJF7A2']/div/div/section/div[@class='V5AUxf']/div/div[2]/div/div[@id='comp-kc01gkgm']/p/span/span/span/span[@class='wixui-rich-text__text'][3]/a","Footer","HTML"
"Hyperlink","https://www.lifeusa.org/post/life-distributes-fresh-meat-in-texas","https://www.lifeusa.org/water","0","","Water Wells","301","Moved Permanently","true","_self","","Absolute","//body/div/div/div[@id='site-root']/div/footer/div[@class='U4Bvut']/div[@class='CJF7A2']/div/div/section/div[@class='V5AUxf']/div/div[2]/div/div[@id='comp-kc01gkgm']/p/span/span/span/span[@class='wixui-rich-text__text'][3]/a","Footer","HTML"
"Hyperlink","https://www.lifeusa.org/post/hearing-the-call-southwest-florida","https://www.lifeusa.org/water","0","","Water Wells","301","Moved Permanently","true","_self","","Absolute","//body/div/div/div[@id='site-root']/div/footer/div[@class='U4Bvut']/div[@class='CJF7A2']/div/div/section/div[@class='V5AUxf']/div/div[2]/div/div[@id='comp-kc01gkgm']/p/span/span/span/span[@class='wixui-rich-text__text'][3]/a","Footer","HTML"
"Hyperlink","https://www.lifeusa.org/post/life-provides-backpacks-to-foster-youth-in-the-united-states","https://www.lifeusa.org/water","0","","Water Wells","301","Moved Permanently","true","_self","","Absolute","//body/div/div/div[@id='site-root']/div/footer/div[@class='U4Bvut']/div[@class='CJF7A2']/div/div/section/div[@class='V5AUxf']/div/div[2]/div/div[@id='comp-kc01gkgm']/p/span/span/span/span[@class='wixui-rich-text__text'][3]/a","Footer","HTML"
"Hyperlink","https://www.lifeusa.org/post/refugee-asylum-seeker-immigrant-and-migrant-what-s-the-difference","https://www.lifeusa.org/water","0","","Water Wells","301","Moved Permanently","true","_self","","Absolute","//body/div/div/div[@id='site-root']/div/footer/div[@class='U4Bvut']/div[@class='CJF7A2']/div/div/section/div[@class='V5AUxf']/div/div[2]/div/div[@id='comp-kc01gkgm']/p/span/span/span/span[@class='wixui-rich-text__text'][3]/a","Footer","HTML"
"Hyperlink","https://www.lifeusa.org/post/the-biggest-charitable-contributions-in-the-u-s-2023","https://www.lifeusa.org/water","0","","Water Wells","301","Moved Permanently","true","_self","","Absolute","//body/div/div/div[@id='site-root']/div/footer/div[@class='U4Bvut']/div[@class='CJF7A2']/div/div/section/div[@class='V5AUxf']/div/div[2]/div/div[@id='comp-kc01gkgm']/p/span/span/span/span[@class='wixui-rich-text__text'][3]/a","Footer","HTML"
"Hyperlink","https://www.lifeusa.org/post/a-summer-of-forest-fires","https://www.lifeusa.org/water","0","","Water Wells","301","Moved Permanently","true","_self","","Absolute","//body/div/div/div[@id='site-root']/div/footer/div[@class='U4Bvut']/div[@class='CJF7A2']/div/div/section/div[@class='V5AUxf']/div/div[2]/div/div[@id='comp-kc01gkgm']/p/span/span/span/span[@class='wixui-rich-text__text'][3]/a","Footer","HTML"
"Hyperlink","https://www.lifeusa.org/post/queen-elizabeth-ii-a-lifetime-of-charity","https://www.lifeusa.org/water","0","","Water Wells","301","Moved Permanently","true","_self","","Absolute","//body/div/div/div[@id='site-root']/div/footer/div[@class='U4Bvut']/div[@class='CJF7A2']/div/div/section/div[@class='V5AUxf']/div/div[2]/div/div[@id='comp-kc01gkgm']/p/span/span/span/span[@class='wixui-rich-text__text'][3]/a","Footer","HTML"
"Hyperlink","https://www.lifeusa.org/post/food-packages-maryland","https://www.lifeusa.org/water","0","","Water Wells","301","Moved Permanently","true","_self","","Absolute","//body/div/div/div[@id='site-root']/div/footer/div[@class='U4Bvut']/div[@class='CJF7A2']/div/div/section/div[@class='V5AUxf']/div/div[2]/div/div[@id='comp-kc01gkgm']/p/span/span/span/span[@class='wixui-rich-text__text'][3]/a","Footer","HTML"
"Hyperlink","https://www.lifeusa.org/post/making-houses-into-homes","https://www.lifeusa.org/water","0","","Water Wells","301","Moved Permanently","true","_self","","Absolute","//body/div/div/div[@id='site-root']/div/footer/div[@class='U4Bvut']/div[@class='CJF7A2']/div/div/section/div[@class='V5AUxf']/div/div[2]/div/div[@id='comp-kc01gkgm']/p/span/span/span/span[@class='wixui-rich-text__text'][3]/a","Footer","HTML"
"Hyperlink","https://www.lifeusa.org/post/hearing-for-the-first-time-in-years","https://www.lifeusa.org/water","0","","Water Wells","301","Moved Permanently","true","_self","","Absolute","//body/div/div/div[@id='site-root']/div/footer/div[@class='U4Bvut']/div[@class='CJF7A2']/div/div/section/div[@class='V5AUxf']/div/div[2]/div/div[@id='comp-kc01gkgm']/p/span/span/span/span[@class='wixui-rich-text__text'][3]/a","Footer","HTML"
"Hyperlink","https://www.lifeusa.org/post/hearing-aids-colorado","https://www.lifeusa.org/water","0","","Water Wells","301","Moved Permanently","true","_self","","Absolute","//body/div/div/div[@id='site-root']/div/footer/div[@class='U4Bvut']/div[@class='CJF7A2']/div/div/section/div[@class='V5AUxf']/div/div[2]/div/div[@id='comp-kc01gkgm']/p/span/span/span/span[@class='wixui-rich-text__text'][3]/a","Footer","HTML"
"Hyperlink","https://donate.lifeusa.org/donorportal/campaign?UTM_SourceCode=UkraineEmergencyRelief&CampaignID=701Vy00001QJyCHIA1","https://www.lifeusa.org/water","0","","Water Wells","301","Moved Permanently","true","_blank","noopener noreferrer","Absolute","//body/webruntime-app/lwr-router-container/webruntime-inner-app/dxp_data_provider-user-data-provider/dxp_data_provider-data-proxy/dxp_data_provider-decision-data-provider/dxp_data_provider-data-proxy/community_byo-scoped-header-and-footer/footer/div/c-footer/section/div/div[@class='keywords']/a[3]","Header","HTML"
"Hyperlink","https://www.lifeusa.org/gaza","https://www.lifeusa.org/water","0","","Water Wells","301","Moved Permanently","true","_self","","Absolute","//body/div/div/div[@id='site-root']/div/footer/div[@class='U4Bvut']/div[@class='CJF7A2']/div/div/section/div[@class='V5AUxf']/div/div[2]/div/div[@id='comp-kc01gkgm']/p/span/span/span/span[@class='wixui-rich-text__text'][3]/a","Footer","HTML"
"Hyperlink","https://www.lifeusa.org/post/life-distributes-water-tanks-to-families-in-the-gaza-strip","https://www.lifeusa.org/water","0","","Water Wells","301","Moved Permanently","true","_self","","Absolute","//body/div/div/div[@id='site-root']/div/footer/div[@class='U4Bvut']/div[@class='CJF7A2']/div/div/section/div[@class='V5AUxf']/div/div[2]/div/div[@id='comp-kc01gkgm']/p/span/span/span/span[@class='wixui-rich-text__text'][3]/a","Footer","HTML"
"Hyperlink","https://www.lifeusa.org/no/tags/syria","https://www.lifeusa.org/water","0","","Water Wells","301","Moved Permanently","true","_self","","Absolute","//body/div/div/div[@id='site-root']/div/footer/div[@class='U4Bvut']/div[@class='CJF7A2']/div/div/section/div[@class='V5AUxf']/div/div[2]/div/div[@id='comp-kc01gkgm']/p/span/span/span/span[@class='wixui-rich-text__text'][3]/a","Footer","HTML"
"Hyperlink","https://www.lifeusa.org/post/the-crucial-role-of-humanitarian-organizations-in-conflict-zones","https://www.lifeusa.org/water","0","","Water Wells","301","Moved Permanently","true","_self","","Absolute","//body/div/div/div[@id='site-root']/div/footer/div[@class='U4Bvut']/div[@class='CJF7A2']/div/div/section/div[@class='V5AUxf']/div/div[2]/div/div[@id='comp-kc01gkgm']/p/span/span/span/span[@class='wixui-rich-text__text'][3]/a","Footer","HTML"
"Hyperlink","https://www.lifeusa.org/post/life-continues-to-provide-emergency-aid-in-gaza","https://www.lifeusa.org/water","0","","Water Wells","301","Moved Permanently","true","_self","","Absolute","//body/div/div/div[@id='site-root']/div/footer/div[@class='U4Bvut']/div[@class='CJF7A2']/div/div/section/div[@class='V5AUxf']/div/div[2]/div/div[@id='comp-kc01gkgm']/p/span/span/span/span[@class='wixui-rich-text__text'][3]/a","Footer","HTML"
"Hyperlink","https://www.lifeusa.org/post/the-world-in-crisis-supporting-from-the-sidelines","https://www.lifeusa.org/water","0","","Water Wells","301","Moved Permanently","true","_self","","Absolute","//body/div/div/div[@id='site-root']/div/footer/div[@class='U4Bvut']/div[@class='CJF7A2']/div/div/section/div[@class='V5AUxf']/div/div[2]/div/div[@id='comp-kc01gkgm']/p/span/span/span/span[@class='wixui-rich-text__text'][3]/a","Footer","HTML"
"Hyperlink","https://www.lifeusa.org/post/it-s-okay-to-cry-the-ukrainian-refugee-mental-health-crisis","https://www.lifeusa.org/water","0","","Water Wells","301","Moved Permanently","true","_self","","Absolute","//body/div/div/div[@id='site-root']/div/footer/div[@class='U4Bvut']/div[@class='CJF7A2']/div/div/section/div[@class='V5AUxf']/div/div[2]/div/div[@id='comp-kc01gkgm']/p/span/span/span/span[@class='wixui-rich-text__text'][3]/a","Footer","HTML"
"Hyperlink","https://www.lifeusa.org/post/walk-532-59-miles-in-the-shoes-of-a-ukrainian-refugee","https://www.lifeusa.org/water","0","","Water Wells","301","Moved Permanently","true","_self","","Absolute","//body/div/div/div[@id='site-root']/div/footer/div[@class='U4Bvut']/div[@class='CJF7A2']/div/div/section/div[@class='V5AUxf']/div/div[2]/div/div[@id='comp-kc01gkgm']/p/span/span/span/span[@class='wixui-rich-text__text'][3]/a","Footer","HTML"
"Hyperlink","https://www.lifeusa.org/post/let-them-play-life-gives-every-child-a-chance-to-be-a-child-at-the-global-orphan-eid-parties","https://www.lifeusa.org/water","0","","Water Wells","301","Moved Permanently","true","_self","","Absolute","//body/div/div/div[@id='site-root']/div/footer/div[@class='U4Bvut']/div[@class='CJF7A2']/div/div/section/div[@class='V5AUxf']/div/div[2]/div/div[@id='comp-kc01gkgm']/p/span/span/span/span[@class='wixui-rich-text__text'][3]/a","Footer","HTML"
"Hyperlink","https://www.lifeusa.org/post/life-provides-emergency-relief-to-gaza","https://www.lifeusa.org/water","0","","Water Wells","301","Moved Permanently","true","_self","","Absolute","//body/div/div/div[@id='site-root']/div/footer/div[@class='U4Bvut']/div[@class='CJF7A2']/div/div/section/div[@class='V5AUxf']/div/div[2]/div/div[@id='comp-kc01gkgm']/p/span/span/span/span[@class='wixui-rich-text__text'][3]/a","Footer","HTML"
"Hyperlink","https://www.lifeusa.org/post/a-4-year-old-s-bravery-in-gaza-ahmad-s-story","https://www.lifeusa.org/water","0","","Water Wells","301","Moved Permanently","true","_self","","Absolute","//body/div/div/div[@id='site-root']/div/footer/div[@class='U4Bvut']/div[@class='CJF7A2']/div/div/section/div[@class='V5AUxf']/div/div[2]/div/div[@id='comp-kc01gkgm']/p/span/span/span/span[@class='wixui-rich-text__text'][3]/a","Footer","HTML"
"Hyperlink","https://www.lifeusa.org/post/life-provides-emergency-relief-to-gaza-1","https://www.lifeusa.org/water","0","","Water Wells","301","Moved Permanently","true","_self","","Absolute","//body/div/div/div[@id='site-root']/div/footer/div[@class='U4Bvut']/div[@class='CJF7A2']/div/div/section/div[@class='V5AUxf']/div/div[2]/div/div[@id='comp-kc01gkgm']/p/span/span/span/span[@class='wixui-rich-text__text'][3]/a","Footer","HTML"
"Hyperlink","https://www.lifeusa.org/post/gaza-s-daily-bread-life-provides-relief-to-innocent-civilians","https://www.lifeusa.org/water","0","","Water Wells","301","Moved Permanently","true","_self","","Absolute","//body/div/div/div[@id='site-root']/div/footer/div[@class='U4Bvut']/div[@class='CJF7A2']/div/div/section/div[@class='V5AUxf']/div/div[2]/div/div[@id='comp-kc01gkgm']/p/span/span/span/span[@class='wixui-rich-text__text'][3]/a","Footer","HTML"
"Hyperlink","https://www.lifeusa.org/post/who-will-watch-over-the-orphans-of-gaza","https://www.lifeusa.org/water","0","","Water Wells","301","Moved Permanently","true","_self","","Absolute","//body/div/div/div[@id='site-root']/div/footer/div[@class='U4Bvut']/div[@class='CJF7A2']/div/div/section/div[@class='V5AUxf']/div/div[2]/div/div[@id='comp-kc01gkgm']/p/span/span/span/span[@class='wixui-rich-text__text'][3]/a","Footer","HTML"
"Hyperlink","https://www.lifeusa.org/post/aiding-in-gaza-s-shelter-crisis","https://www.lifeusa.org/water","0","","Water Wells","301","Moved Permanently","true","_self","","Absolute","//body/div/div/div[@id='site-root']/div/footer/div[@class='U4Bvut']/div[@class='CJF7A2']/div/div/section/div[@class='V5AUxf']/div/div[2]/div/div[@id='comp-kc01gkgm']/p/span/span/span/span[@class='wixui-rich-text__text'][3]/a","Footer","HTML"
"Hyperlink","https://www.lifeusa.org/post/the-leading-causes-of-orphans-today","https://www.lifeusa.org/water","0","","Water Wells","301","Moved Permanently","true","_self","","Absolute","//body/div/div/div[@id='site-root']/div/footer/div[@class='U4Bvut']/div[@class='CJF7A2']/div/div/section/div[@class='V5AUxf']/div/div[2]/div/div[@id='comp-kc01gkgm']/p/span/span/span/span[@class='wixui-rich-text__text'][3]/a","Footer","HTML"
"Hyperlink","https://www.lifeusa.org/post/life-for-relief-and-development-life-ambulance-and-distributed-aid-save-countless-lives-after-airs","https://www.lifeusa.org/water","0","","Water Wells","301","Moved Permanently","true","_self","","Absolute","//body/div/div/div[@id='site-root']/div/footer/div[@class='U4Bvut']/div[@class='CJF7A2']/div/div/section/div[@class='V5AUxf']/div/div[2]/div/div[@id='comp-kc01gkgm']/p/span/span/span/span[@class='wixui-rich-text__text'][3]/a","Footer","HTML"
"Hyperlink","https://www.lifeusa.org/post/what-causes-earthquakes-and-how-they-affect-people","https://www.lifeusa.org/water","0","","Water Wells","301","Moved Permanently","true","_self","","Absolute","//body/div/div/div[@id='site-root']/div/footer/div[@class='U4Bvut']/div[@class='CJF7A2']/div/div/section/div[@class='V5AUxf']/div/div[2]/div/div[@id='comp-kc01gkgm']/p/span/span/span/span[@class='wixui-rich-text__text'][3]/a","Footer","HTML"
"Hyperlink","https://www.lifeusa.org/post/no-assistance-in-their-time-of-need","https://www.lifeusa.org/water","0","","Water Wells","301","Moved Permanently","true","_self","","Absolute","//body/div/div/div[@id='site-root']/div/footer/div[@class='U4Bvut']/div[@class='CJF7A2']/div/div/section/div[@class='V5AUxf']/div/div[2]/div/div[@id='comp-kc01gkgm']/p/span/span/span/span[@class='wixui-rich-text__text'][3]/a","Footer","HTML"
"Hyperlink","https://www.lifeusa.org/post/life-s-education-initiatives-in-syria-generate-positive-outcomes-in-enrollment-and-graduation-rate-t","https://www.lifeusa.org/water","0","","Water Wells","301","Moved Permanently","true","_self","","Absolute","//body/div/div/div[@id='site-root']/div/footer/div[@class='U4Bvut']/div[@class='CJF7A2']/div/div/section/div[@class='V5AUxf']/div/div[2]/div/div[@id='comp-kc01gkgm']/p/span/span/span/span[@class='wixui-rich-text__text'][3]/a","Footer","HTML"
"Hyperlink","https://www.lifeusa.org/post/3-inspiring-ways-to-give-back-to-refugees-this-year","https://www.lifeusa.org/water","0","","Water Wells","301","Moved Permanently","true","_self","","Absolute","//body/div/div/div[@id='site-root']/div/footer/div[@class='U4Bvut']/div[@class='CJF7A2']/div/div/section/div[@class='V5AUxf']/div/div[2]/div/div[@id='comp-kc01gkgm']/p/span/span/span/span[@class='wixui-rich-text__text'][3]/a","Footer","HTML"
"Hyperlink","https://www.lifeusa.org/post/life-promotes-integrative-healthcare-for-rohingya-refugees-with-the-launch-of-vital-eye-care-clinic","https://www.lifeusa.org/water","0","","Water Wells","301","Moved Permanently","true","_self","","Absolute","//body/div/div/div[@id='site-root']/div/footer/div[@class='U4Bvut']/div[@class='CJF7A2']/div/div/section/div[@class='V5AUxf']/div/div[2]/div/div[@id='comp-kc01gkgm']/p/span/span/span/span[@class='wixui-rich-text__text'][3]/a","Footer","HTML"
"Hyperlink","https://www.lifeusa.org/no/tags/mental-health","https://www.lifeusa.org/water","0","","Water Wells","301","Moved Permanently","true","_self","","Absolute","//body/div/div/div[@id='site-root']/div/footer/div[@class='U4Bvut']/div[@class='CJF7A2']/div/div/section/div[@class='V5AUxf']/div/div[2]/div/div[@id='comp-kc01gkgm']/p/span/span/span/span[@class='wixui-rich-text__text'][3]/a","Footer","HTML"
"Hyperlink","https://www.lifeusa.org/no/tags/afghanistan","https://www.lifeusa.org/water","0","","Water Wells","301","Moved Permanently","true","_self","","Absolute","//body/div/div/div[@id='site-root']/div/footer/div[@class='U4Bvut']/div[@class='CJF7A2']/div/div/section/div[@class='V5AUxf']/div/div[2]/div/div[@id='comp-kc01gkgm']/p/span/span/span/span[@class='wixui-rich-text__text'][3]/a","Footer","HTML"
"Hyperlink","https://www.lifeusa.org/no/tags/earthquake","https://www.lifeusa.org/water","0","","Water Wells","301","Moved Permanently","true","_self","","Absolute","//body/div/div/div[@id='site-root']/div/footer/div[@class='U4Bvut']/div[@class='CJF7A2']/div/div/section/div[@class='V5AUxf']/div/div[2]/div/div[@id='comp-kc01gkgm']/p/span/span/span/span[@class='wixui-rich-text__text'][3]/a","Footer","HTML"
"Hyperlink","https://www.lifeusa.org/no/tags/emergency-relief","https://www.lifeusa.org/water","0","","Water Wells","301","Moved Permanently","true","_self","","Absolute","//body/div/div/div[@id='site-root']/div/footer/div[@class='U4Bvut']/div[@class='CJF7A2']/div/div/section/div[@class='V5AUxf']/div/div[2]/div/div[@id='comp-kc01gkgm']/p/span/span/span/span[@class='wixui-rich-text__text'][3]/a","Footer","HTML"
"Hyperlink","https://www.lifeusa.org/no/tags/gaza-1","https://www.lifeusa.org/water","0","","Water Wells","301","Moved Permanently","true","_self","","Absolute","//body/div/div/div[@id='site-root']/div/footer/div[@class='U4Bvut']/div[@class='CJF7A2']/div/div/section/div[@class='V5AUxf']/div/div[2]/div/div[@id='comp-kc01gkgm']/p/span/span/span/span[@class='wixui-rich-text__text'][3]/a","Footer","HTML"
"Hyperlink","https://www.lifeusa.org/no/tags/water-tanks","https://www.lifeusa.org/water","0","","Water Wells","301","Moved Permanently","true","_self","","Absolute","//body/div/div/div[@id='site-root']/div/footer/div[@class='U4Bvut']/div[@class='CJF7A2']/div/div/section/div[@class='V5AUxf']/div/div[2]/div/div[@id='comp-kc01gkgm']/p/span/span/span/span[@class='wixui-rich-text__text'][3]/a","Footer","HTML"
"Hyperlink","https://www.lifeusa.org/no/tags/community-development","https://www.lifeusa.org/water","0","","Water Wells","301","Moved Permanently","true","_self","","Absolute","//body/div/div/div[@id='site-root']/div/footer/div[@class='U4Bvut']/div[@class='CJF7A2']/div/div/section/div[@class='V5AUxf']/div/div[2]/div/div[@id='comp-kc01gkgm']/p/span/span/span/span[@class='wixui-rich-text__text'][3]/a","Footer","HTML"
"Hyperlink","https://www.lifeusa.org/no/tags/food-baskets","https://www.lifeusa.org/water","0","","Water Wells","301","Moved Permanently","true","_self","","Absolute","//body/div/div/div[@id='site-root']/div/footer/div[@class='U4Bvut']/div[@class='CJF7A2']/div/div/section/div[@class='V5AUxf']/div/div[2]/div/div[@id='comp-kc01gkgm']/p/span/span/span/span[@class='wixui-rich-text__text'][3]/a","Footer","HTML"
"Hyperlink","https://www.lifeusa.org/no/tags/queen-elizabeth","https://www.lifeusa.org/water","0","","Water Wells","301","Moved Permanently","true","_self","","Absolute","//body/div/div/div[@id='site-root']/div/footer/div[@class='U4Bvut']/div[@class='CJF7A2']/div/div/section/div[@class='V5AUxf']/div/div[2]/div/div[@id='comp-kc01gkgm']/p/span/span/span/span[@class='wixui-rich-text__text'][3]/a","Footer","HTML"
"Hyperlink","https://www.lifeusa.org/no/tags/fire","https://www.lifeusa.org/water","0","","Water Wells","301","Moved Permanently","true","_self","","Absolute","//body/div/div/div[@id='site-root']/div/footer/div[@class='U4Bvut']/div[@class='CJF7A2']/div/div/section/div[@class='V5AUxf']/div/div[2]/div/div[@id='comp-kc01gkgm']/p/span/span/span/span[@class='wixui-rich-text__text'][3]/a","Footer","HTML"
"Hyperlink","https://www.lifeusa.org/no/tags/forest-fire","https://www.lifeusa.org/water","0","","Water Wells","301","Moved Permanently","true","_self","","Absolute","//body/div/div/div[@id='site-root']/div/footer/div[@class='U4Bvut']/div[@class='CJF7A2']/div/div/section/div[@class='V5AUxf']/div/div[2]/div/div[@id='comp-kc01gkgm']/p/span/span/span/span[@class='wixui-rich-text__text'][3]/a","Footer","HTML"
"Hyperlink","https://www.lifeusa.org/no/tags/amazon","https://www.lifeusa.org/water","0","","Water Wells","301","Moved Permanently","true","_self","","Absolute","//body/div/div/div[@id='site-root']/div/footer/div[@class='U4Bvut']/div[@class='CJF7A2']/div/div/section/div[@class='V5AUxf']/div/div[2]/div/div[@id='comp-kc01gkgm']/p/span/span/span/span[@class='wixui-rich-text__text'][3]/a","Footer","HTML"
"Hyperlink","https://www.lifeusa.org/no/tags/jeff-bezos","https://www.lifeusa.org/water","0","","Water Wells","301","Moved Permanently","true","_self","","Absolute","//body/div/div/div[@id='site-root']/div/footer/div[@class='U4Bvut']/div[@class='CJF7A2']/div/div/section/div[@class='V5AUxf']/div/div[2]/div/div[@id='comp-kc01gkgm']/p/span/span/span/span[@class='wixui-rich-text__text'][3]/a","Footer","HTML"
"Hyperlink","https://www.lifeusa.org/no/tags/bill-gates","https://www.lifeusa.org/water","0","","Water Wells","301","Moved Permanently","true","_self","","Absolute","//body/div/div/div[@id='site-root']/div/footer/div[@class='U4Bvut']/div[@class='CJF7A2']/div/div/section/div[@class='V5AUxf']/div/div[2]/div/div[@id='comp-kc01gkgm']/p/span/span/span/span[@class='wixui-rich-text__text'][3]/a","Footer","HTML"
"Hyperlink","https://www.lifeusa.org/no/tags/refugee-assistance","https://www.lifeusa.org/water","0","","Water Wells","301","Moved Permanently","true","_self","","Absolute","//body/div/div/div[@id='site-root']/div/footer/div[@class='U4Bvut']/div[@class='CJF7A2']/div/div/section/div[@class='V5AUxf']/div/div[2]/div/div[@id='comp-kc01gkgm']/p/span/span/span/span[@class='wixui-rich-text__text'][3]/a","Footer","HTML"
"Hyperlink","https://www.lifeusa.org/no/tags/back-to-school","https://www.lifeusa.org/water","0","","Water Wells","301","Moved Permanently","true","_self","","Absolute","//body/div/div/div[@id='site-root']/div/footer/div[@class='U4Bvut']/div[@class='CJF7A2']/div/div/section/div[@class='V5AUxf']/div/div[2]/div/div[@id='comp-kc01gkgm']/p/span/span/span/span[@class='wixui-rich-text__text'][3]/a","Footer","HTML"
"Hyperlink","https://www.lifeusa.org/no/tags/florida","https://www.lifeusa.org/water","0","","Water Wells","301","Moved Permanently","true","_self","","Absolute","//body/div/div/div[@id='site-root']/div/footer/div[@class='U4Bvut']/div[@class='CJF7A2']/div/div/section/div[@class='V5AUxf']/div/div[2]/div/div[@id='comp-kc01gkgm']/p/span/span/span/span[@class='wixui-rich-text__text'][3]/a","Footer","HTML"
"Hyperlink","https://www.lifeusa.org/no/tags/hearing-aids","https://www.lifeusa.org/water","0","","Water Wells","301","Moved Permanently","true","_self","","Absolute","//body/div/div/div[@id='site-root']/div/footer/div[@class='U4Bvut']/div[@class='CJF7A2']/div/div/section/div[@class='V5AUxf']/div/div[2]/div/div[@id='comp-kc01gkgm']/p/span/span/span/span[@class='wixui-rich-text__text'][3]/a","Footer","HTML"
"Hyperlink","https://www.lifeusa.org/no/tags/texas","https://www.lifeusa.org/water","0","","Water Wells","301","Moved Permanently","true","_self","","Absolute","//body/div/div/div[@id='site-root']/div/footer/div[@class='U4Bvut']/div[@class='CJF7A2']/div/div/section/div[@class='V5AUxf']/div/div[2]/div/div[@id='comp-kc01gkgm']/p/span/span/span/span[@class='wixui-rich-text__text'][3]/a","Footer","HTML"
"Hyperlink","https://www.lifeusa.org/no/tags/rohingya","https://www.lifeusa.org/water","0","","Water Wells","301","Moved Permanently","true","_self","","Absolute","//body/div/div/div[@id='site-root']/div/footer/div[@class='U4Bvut']/div[@class='CJF7A2']/div/div/section/div[@class='V5AUxf']/div/div[2]/div/div[@id='comp-kc01gkgm']/p/span/span/span/span[@class='wixui-rich-text__text'][3]/a","Footer","HTML"
"Hyperlink","https://www.lifeusa.org/no/tags/health","https://www.lifeusa.org/water","0","","Water Wells","301","Moved Permanently","true","_self","","Absolute","//body/div/div/div[@id='site-root']/div/footer/div[@class='U4Bvut']/div[@class='CJF7A2']/div/div/section/div[@class='V5AUxf']/div/div[2]/div/div[@id='comp-kc01gkgm']/p/span/span/span/span[@class='wixui-rich-text__text'][3]/a","Footer","HTML"
"Hyperlink","https://www.lifeusa.org/no/tags/bangladesh-1","https://www.lifeusa.org/water","0","","Water Wells","301","Moved Permanently","true","_self","","Absolute","//body/div/div/div[@id='site-root']/div/footer/div[@class='U4Bvut']/div[@class='CJF7A2']/div/div/section/div[@class='V5AUxf']/div/div[2]/div/div[@id='comp-kc01gkgm']/p/span/span/span/span[@class='wixui-rich-text__text'][3]/a","Footer","HTML"
"Hyperlink","https://www.lifeusa.org/no/tags/education","https://www.lifeusa.org/water","0","","Water Wells","301","Moved Permanently","true","_self","","Absolute","//body/div/div/div[@id='site-root']/div/footer/div[@class='U4Bvut']/div[@class='CJF7A2']/div/div/section/div[@class='V5AUxf']/div/div[2]/div/div[@id='comp-kc01gkgm']/p/span/span/span/span[@class='wixui-rich-text__text'][3]/a","Footer","HTML"
"Hyperlink","https://www.lifeusa.org/no/tags/life-for-relief-and-development-usa","https://www.lifeusa.org/water","0","","Water Wells","301","Moved Permanently","true","_self","","Absolute","//body/div/div/div[@id='site-root']/div/footer/div[@class='U4Bvut']/div[@class='CJF7A2']/div/div/section/div[@class='V5AUxf']/div/div[2]/div/div[@id='comp-kc01gkgm']/p/span/span/span/span[@class='wixui-rich-text__text'][3]/a","Footer","HTML"
"Hyperlink","https://www.lifeusa.org/no/tags/turkey","https://www.lifeusa.org/water","0","","Water Wells","301","Moved Permanently","true","_self","","Absolute","//body/div/div/div[@id='site-root']/div/footer/div[@class='U4Bvut']/div[@class='CJF7A2']/div/div/section/div[@class='V5AUxf']/div/div[2]/div/div[@id='comp-kc01gkgm']/p/span/span/span/span[@class='wixui-rich-text__text'][3]/a","Footer","HTML"
"Hyperlink","https://www.lifeusa.org/no/tags/jordan","https://www.lifeusa.org/water","0","","Water Wells","301","Moved Permanently","true","_self","","Absolute","//body/div/div/div[@id='site-root']/div/footer/div[@class='U4Bvut']/div[@class='CJF7A2']/div/div/section/div[@class='V5AUxf']/div/div[2]/div/div[@id='comp-kc01gkgm']/p/span/span/span/span[@class='wixui-rich-text__text'][3]/a","Footer","HTML"
"Hyperlink","https://www.lifeusa.org/post/creating-beautiful-tomorrows-in-orphans-today","https://www.lifeusa.org/water","0","","Water Wells","301","Moved Permanently","true","_self","","Absolute","//body/div/div/div[@id='site-root']/div/footer/div[@class='U4Bvut']/div[@class='CJF7A2']/div/div/section/div[@class='V5AUxf']/div/div[2]/div/div[@id='comp-kc01gkgm']/p/span/span/span/span[@class='wixui-rich-text__text'][3]/a","Footer","HTML"
"Hyperlink","https://www.lifeusa.org/post/life-distributes-udhiyah-meat-in-jordan","https://www.lifeusa.org/water","0","","Water Wells","301","Moved Permanently","true","_self","","Absolute","//body/div/div/div[@id='site-root']/div/footer/div[@class='U4Bvut']/div[@class='CJF7A2']/div/div/section/div[@class='V5AUxf']/div/div[2]/div/div[@id='comp-kc01gkgm']/p/span/span/span/span[@class='wixui-rich-text__text'][3]/a","Footer","HTML"
"Hyperlink","https://www.lifeusa.org/post/life-s-orphan-sponsorship-program-in-lebanon-and-jordan","https://www.lifeusa.org/water","0","","Water Wells","301","Moved Permanently","true","_self","","Absolute","//body/div/div/div[@id='site-root']/div/footer/div[@class='U4Bvut']/div[@class='CJF7A2']/div/div/section/div[@class='V5AUxf']/div/div[2]/div/div[@id='comp-kc01gkgm']/p/span/span/span/span[@class='wixui-rich-text__text'][3]/a","Footer","HTML"
"Hyperlink","https://www.lifeusa.org/post/education-is-emancipation-empowering-women-today","https://www.lifeusa.org/water","0","","Water Wells","301","Moved Permanently","true","_self","","Absolute","//body/div/div/div[@id='site-root']/div/footer/div[@class='U4Bvut']/div[@class='CJF7A2']/div/div/section/div[@class='V5AUxf']/div/div[2]/div/div[@id='comp-kc01gkgm']/p/span/span/span/span[@class='wixui-rich-text__text'][3]/a","Footer","HTML"
"Hyperlink","https://www.lifeusa.org/no/tags/orphan","https://www.lifeusa.org/water","0","","Water Wells","301","Moved Permanently","true","_self","","Absolute","//body/div/div/div[@id='site-root']/div/footer/div[@class='U4Bvut']/div[@class='CJF7A2']/div/div/section/div[@class='V5AUxf']/div/div[2]/div/div[@id='comp-kc01gkgm']/p/span/span/span/span[@class='wixui-rich-text__text'][3]/a","Footer","HTML"
"Hyperlink","https://www.lifeusa.org/post/hearing-the-call-louisiana","https://www.lifeusa.org/water","0","","Water Wells","301","Moved Permanently","true","_self","","Absolute","//body/div/div/div[@id='site-root']/div/footer/div[@class='U4Bvut']/div[@class='CJF7A2']/div/div/section/div[@class='V5AUxf']/div/div[2]/div/div[@id='comp-kc01gkgm']/p/span/span/span/span[@class='wixui-rich-text__text'][3]/a","Footer","HTML"
"Hyperlink","https://www.lifeusa.org/post/back-to-school-in-kenya","https://www.lifeusa.org/water","0","","Water Wells","301","Moved Permanently","true","_self","","Absolute","//body/div/div/div[@id='site-root']/div/footer/div[@class='U4Bvut']/div[@class='CJF7A2']/div/div/section/div[@class='V5AUxf']/div/div[2]/div/div[@id='comp-kc01gkgm']/p/span/span/span/span[@class='wixui-rich-text__text'][3]/a","Footer","HTML"
"Hyperlink","https://www.lifeusa.org/post/back-to-school-project-haiti","https://www.lifeusa.org/water","0","","Water Wells","301","Moved Permanently","true","_self","","Absolute","//body/div/div/div[@id='site-root']/div/footer/div[@class='U4Bvut']/div[@class='CJF7A2']/div/div/section/div[@class='V5AUxf']/div/div[2]/div/div[@id='comp-kc01gkgm']/p/span/span/span/span[@class='wixui-rich-text__text'][3]/a","Footer","HTML"
"Hyperlink","https://www.lifeusa.org/post/back-to-school-iraq","https://www.lifeusa.org/water","0","","Water Wells","301","Moved Permanently","true","_self","","Absolute","//body/div/div/div[@id='site-root']/div/footer/div[@class='U4Bvut']/div[@class='CJF7A2']/div/div/section/div[@class='V5AUxf']/div/div[2]/div/div[@id='comp-kc01gkgm']/p/span/span/span/span[@class='wixui-rich-text__text'][3]/a","Footer","HTML"
"Hyperlink","https://www.lifeusa.org/post/food-baskets-in-bangladesh","https://www.lifeusa.org/water","0","","Water Wells","301","Moved Permanently","true","_self","","Absolute","//body/div/div/div[@id='site-root']/div/footer/div[@class='U4Bvut']/div[@class='CJF7A2']/div/div/section/div[@class='V5AUxf']/div/div[2]/div/div[@id='comp-kc01gkgm']/p/span/span/span/span[@class='wixui-rich-text__text'][3]/a","Footer","HTML"
"Hyperlink","https://www.lifeusa.org/post/the-story-of-resilience-and-hope-life-brings-joy-to-al-islah-village-in-iraq","https://www.lifeusa.org/water","0","","Water Wells","301","Moved Permanently","true","_self","","Absolute","//body/div/div/div[@id='site-root']/div/footer/div[@class='U4Bvut']/div[@class='CJF7A2']/div/div/section/div[@class='V5AUxf']/div/div[2]/div/div[@id='comp-kc01gkgm']/p/span/span/span/span[@class='wixui-rich-text__text'][3]/a","Footer","HTML"
"Hyperlink","https://www.lifeusa.org/post/life-distributes-ramadan-food-baskets-in-lebanon","https://www.lifeusa.org/water","0","","Water Wells","301","Moved Permanently","true","_self","","Absolute","//body/div/div/div[@id='site-root']/div/footer/div[@class='U4Bvut']/div[@class='CJF7A2']/div/div/section/div[@class='V5AUxf']/div/div[2]/div/div[@id='comp-kc01gkgm']/p/span/span/span/span[@class='wixui-rich-text__text'][3]/a","Footer","HTML"
"Hyperlink","https://www.lifeusa.org/post/discovering-ramadan-2024-fasting-charity-and-spiritual-nourishment","https://www.lifeusa.org/water","0","","Water Wells","301","Moved Permanently","true","_self","","Absolute","//body/div/div/div[@id='site-root']/div/footer/div[@class='U4Bvut']/div[@class='CJF7A2']/div/div/section/div[@class='V5AUxf']/div/div[2]/div/div[@id='comp-kc01gkgm']/p/span/span/span/span[@class='wixui-rich-text__text'][3]/a","Footer","HTML"
"Hyperlink","https://www.lifeusa.org/post/united-against-hunger-life-for-relief-and-development-s-life-global-expansion-is-set-to-feed-mill","https://www.lifeusa.org/water","0","","Water Wells","301","Moved Permanently","true","_self","","Absolute","//body/div/div/div[@id='site-root']/div/footer/div[@class='U4Bvut']/div[@class='CJF7A2']/div/div/section/div[@class='V5AUxf']/div/div[2]/div/div[@id='comp-kc01gkgm']/p/span/span/span/span[@class='wixui-rich-text__text'][3]/a","Footer","HTML"
"Hyperlink","https://www.lifeusa.org/post/life-distributes-ramadan-food-baskets-in-the-horn-of-africa","https://www.lifeusa.org/water","0","","Water Wells","301","Moved Permanently","true","_self","","Absolute","//body/div/div/div[@id='site-root']/div/footer/div[@class='U4Bvut']/div[@class='CJF7A2']/div/div/section/div[@class='V5AUxf']/div/div[2]/div/div[@id='comp-kc01gkgm']/p/span/span/span/span[@class='wixui-rich-text__text'][3]/a","Footer","HTML"
"Hyperlink","https://www.lifeusa.org/post/life-distributes-food-baskets-during-ramadan-in-bosnia","https://www.lifeusa.org/water","0","","Water Wells","301","Moved Permanently","true","_self","","Absolute","//body/div/div/div[@id='site-root']/div/footer/div[@class='U4Bvut']/div[@class='CJF7A2']/div/div/section/div[@class='V5AUxf']/div/div[2]/div/div[@id='comp-kc01gkgm']/p/span/span/span/span[@class='wixui-rich-text__text'][3]/a","Footer","HTML"
"Hyperlink","https://www.lifeusa.org/post/life-distributes-ramadan-food-baskets-in-haiti","https://www.lifeusa.org/water","0","","Water Wells","301","Moved Permanently","true","_self","","Absolute","//body/div/div/div[@id='site-root']/div/footer/div[@class='U4Bvut']/div[@class='CJF7A2']/div/div/section/div[@class='V5AUxf']/div/div[2]/div/div[@id='comp-kc01gkgm']/p/span/span/span/span[@class='wixui-rich-text__text'][3]/a","Footer","HTML"
"Hyperlink","https://www.lifeusa.org/post/life-provides-food-baskets-to-orphans-in-iraq","https://www.lifeusa.org/water","0","","Water Wells","301","Moved Permanently","true","_self","","Absolute","//body/div/div/div[@id='site-root']/div/footer/div[@class='U4Bvut']/div[@class='CJF7A2']/div/div/section/div[@class='V5AUxf']/div/div[2]/div/div[@id='comp-kc01gkgm']/p/span/span/span/span[@class='wixui-rich-text__text'][3]/a","Footer","HTML"
"Hyperlink","https://www.lifeusa.org/post/why-giving-makes-you-wealthier","https://www.lifeusa.org/water","0","","Water Wells","301","Moved Permanently","true","_self","","Absolute","//body/div/div/div[@id='site-root']/div/footer/div[@class='U4Bvut']/div[@class='CJF7A2']/div/div/section/div[@class='V5AUxf']/div/div[2]/div/div[@id='comp-kc01gkgm']/p/span/span/span/span[@class='wixui-rich-text__text'][3]/a","Footer","HTML"
"Hyperlink","https://www.lifeusa.org/post/sports-field-rehabilitation-in-iraq","https://www.lifeusa.org/water","0","","Water Wells","301","Moved Permanently","true","_self","","Absolute","//body/div/div/div[@id='site-root']/div/footer/div[@class='U4Bvut']/div[@class='CJF7A2']/div/div/section/div[@class='V5AUxf']/div/div[2]/div/div[@id='comp-kc01gkgm']/p/span/span/span/span[@class='wixui-rich-text__text'][3]/a","Footer","HTML"
"Hyperlink","https://www.lifeusa.org/post/furniture-for-new-horizon-s-ministries","https://www.lifeusa.org/water","0","","Water Wells","301","Moved Permanently","true","_self","","Absolute","//body/div/div/div[@id='site-root']/div/footer/div[@class='U4Bvut']/div[@class='CJF7A2']/div/div/section/div[@class='V5AUxf']/div/div[2]/div/div[@id='comp-kc01gkgm']/p/span/span/span/span[@class='wixui-rich-text__text'][3]/a","Footer","HTML"
"Hyperlink","https://www.lifeusa.org/post/unprecedented-flooding-in-libya-a-call-for-global-solidarity-and-action","https://www.lifeusa.org/water","0","","Water Wells","301","Moved Permanently","true","_self","","Absolute","//body/div/div/div[@id='site-root']/div/footer/div[@class='U4Bvut']/div[@class='CJF7A2']/div/div/section/div[@class='V5AUxf']/div/div[2]/div/div[@id='comp-kc01gkgm']/p/span/span/span/span[@class='wixui-rich-text__text'][3]/a","Footer","HTML"
"Hyperlink","https://www.lifeusa.org/post/how-your-donations-are-reaching-gaza-s-desperate-families-despite-all-odds","https://www.lifeusa.org/water","0","","Water Wells","301","Moved Permanently","true","_self","","Absolute","//body/div/div/div[@id='site-root']/div/footer/div[@class='U4Bvut']/div[@class='CJF7A2']/div/div/section/div[@class='V5AUxf']/div/div[2]/div/div[@id='comp-kc01gkgm']/p/span/span/span/span[@class='wixui-rich-text__text'][3]/a","Footer","HTML"
"Hyperlink","https://www.lifeusa.org/post/what-to-expect-and-how-to-prepare-for-hurricane-ian","https://www.lifeusa.org/water","0","","Water Wells","301","Moved Permanently","true","_self","","Absolute","//body/div/div/div[@id='site-root']/div/footer/div[@class='U4Bvut']/div[@class='CJF7A2']/div/div/section/div[@class='V5AUxf']/div/div[2]/div/div[@id='comp-kc01gkgm']/p/span/span/span/span[@class='wixui-rich-text__text'][3]/a","Footer","HTML"
"Hyperlink","https://www.lifeusa.org/post/eastern-africa-is-on-fire","https://www.lifeusa.org/water","0","","Water Wells","301","Moved Permanently","true","_self","","Absolute","//body/div/div/div[@id='site-root']/div/footer/div[@class='U4Bvut']/div[@class='CJF7A2']/div/div/section/div[@class='V5AUxf']/div/div[2]/div/div[@id='comp-kc01gkgm']/p/span/span/span/span[@class='wixui-rich-text__text'][3]/a","Footer","HTML"
"Hyperlink","https://www.lifeusa.org/post/stuck-between-burning-fire-and-freezing-ice","https://www.lifeusa.org/water","0","","Water Wells","301","Moved Permanently","true","_self","","Absolute","//body/div/div/div[@id='site-root']/div/footer/div[@class='U4Bvut']/div[@class='CJF7A2']/div/div/section/div[@class='V5AUxf']/div/div[2]/div/div[@id='comp-kc01gkgm']/p/span/span/span/span[@class='wixui-rich-text__text'][3]/a","Footer","HTML"
"Hyperlink","https://www.lifeusa.org/post/be-the-light-this-thanksgiving","https://www.lifeusa.org/water","0","","Water Wells","301","Moved Permanently","true","_self","","Absolute","//body/div/div/div[@id='site-root']/div/footer/div[@class='U4Bvut']/div[@class='CJF7A2']/div/div/section/div[@class='V5AUxf']/div/div[2]/div/div[@id='comp-kc01gkgm']/p/span/span/span/span[@class='wixui-rich-text__text'][3]/a","Footer","HTML"
"Hyperlink","https://www.lifeusa.org/post/behind-the-label-refugee","https://www.lifeusa.org/water","0","","Water Wells","301","Moved Permanently","true","_self","","Absolute","//body/div/div/div[@id='site-root']/div/footer/div[@class='U4Bvut']/div[@class='CJF7A2']/div/div/section/div[@class='V5AUxf']/div/div[2]/div/div[@id='comp-kc01gkgm']/p/span/span/span/span[@class='wixui-rich-text__text'][3]/a","Footer","HTML"
"Hyperlink","https://www.lifeusa.org/no/tags/thanksgiving","https://www.lifeusa.org/water","0","","Water Wells","301","Moved Permanently","true","_self","","Absolute","//body/div/div/div[@id='site-root']/div/footer/div[@class='U4Bvut']/div[@class='CJF7A2']/div/div/section/div[@class='V5AUxf']/div/div[2]/div/div[@id='comp-kc01gkgm']/p/span/span/span/span[@class='wixui-rich-text__text'][3]/a","Footer","HTML"
"Hyperlink","https://www.lifeusa.org/no/tags/winter-warmth","https://www.lifeusa.org/water","0","","Water Wells","301","Moved Permanently","true","_self","","Absolute","//body/div/div/div[@id='site-root']/div/footer/div[@class='U4Bvut']/div[@class='CJF7A2']/div/div/section/div[@class='V5AUxf']/div/div[2]/div/div[@id='comp-kc01gkgm']/p/span/span/span/span[@class='wixui-rich-text__text'][3]/a","Footer","HTML"
"Hyperlink","https://www.lifeusa.org/post/life-distributes-udhiyah-meat-in-afghanistan","https://www.lifeusa.org/water","0","","Water Wells","301","Moved Permanently","true","_self","","Absolute","//body/div/div/div[@id='site-root']/div/footer/div[@class='U4Bvut']/div[@class='CJF7A2']/div/div/section/div[@class='V5AUxf']/div/div[2]/div/div[@id='comp-kc01gkgm']/p/span/span/span/span[@class='wixui-rich-text__text'][3]/a","Footer","HTML"
"Hyperlink","https://www.lifeusa.org/no/tags/somalia-1","https://www.lifeusa.org/water","0","","Water Wells","301","Moved Permanently","true","_self","","Absolute","//body/div/div/div[@id='site-root']/div/footer/div[@class='U4Bvut']/div[@class='CJF7A2']/div/div/section/div[@class='V5AUxf']/div/div[2]/div/div[@id='comp-kc01gkgm']/p/span/span/span/span[@class='wixui-rich-text__text'][3]/a","Footer","HTML"
"Hyperlink","https://www.lifeusa.org/no/tags/seasonal-projects","https://www.lifeusa.org/water","0","","Water Wells","301","Moved Permanently","true","_self","","Absolute","//body/div/div/div[@id='site-root']/div/footer/div[@class='U4Bvut']/div[@class='CJF7A2']/div/div/section/div[@class='V5AUxf']/div/div[2]/div/div[@id='comp-kc01gkgm']/p/span/span/span/span[@class='wixui-rich-text__text'][3]/a","Footer","HTML"
"Hyperlink","https://www.lifeusa.org/no/tags/hurricane-ian","https://www.lifeusa.org/water","0","","Water Wells","301","Moved Permanently","true","_self","","Absolute","//body/div/div/div[@id='site-root']/div/footer/div[@class='U4Bvut']/div[@class='CJF7A2']/div/div/section/div[@class='V5AUxf']/div/div[2]/div/div[@id='comp-kc01gkgm']/p/span/span/span/span[@class='wixui-rich-text__text'][3]/a","Footer","HTML"
"Hyperlink","https://www.lifeusa.org/no/tags/hurricane","https://www.lifeusa.org/water","0","","Water Wells","301","Moved Permanently","true","_self","","Absolute","//body/div/div/div[@id='site-root']/div/footer/div[@class='U4Bvut']/div[@class='CJF7A2']/div/div/section/div[@class='V5AUxf']/div/div[2]/div/div[@id='comp-kc01gkgm']/p/span/span/span/span[@class='wixui-rich-text__text'][3]/a","Footer","HTML"
"Hyperlink","https://www.lifeusa.org/no/tags/charity-builds-wealth","https://www.lifeusa.org/water","0","","Water Wells","301","Moved Permanently","true","_self","","Absolute","//body/div/div/div[@id='site-root']/div/footer/div[@class='U4Bvut']/div[@class='CJF7A2']/div/div/section/div[@class='V5AUxf']/div/div[2]/div/div[@id='comp-kc01gkgm']/p/span/span/span/span[@class='wixui-rich-text__text'][3]/a","Footer","HTML"
"Hyperlink","https://www.lifeusa.org/no/tags/iraq-1","https://www.lifeusa.org/water","0","","Water Wells","301","Moved Permanently","true","_self","","Absolute","//body/div/div/div[@id='site-root']/div/footer/div[@class='U4Bvut']/div[@class='CJF7A2']/div/div/section/div[@class='V5AUxf']/div/div[2]/div/div[@id='comp-kc01gkgm']/p/span/span/span/span[@class='wixui-rich-text__text'][3]/a","Footer","HTML"
"Hyperlink","https://www.lifeusa.org/no/tags/furniture","https://www.lifeusa.org/water","0","","Water Wells","301","Moved Permanently","true","_self","","Absolute","//body/div/div/div[@id='site-root']/div/footer/div[@class='U4Bvut']/div[@class='CJF7A2']/div/div/section/div[@class='V5AUxf']/div/div[2]/div/div[@id='comp-kc01gkgm']/p/span/span/span/span[@class='wixui-rich-text__text'][3]/a","Footer","HTML"
"Hyperlink","https://www.lifeusa.org/no/tags/libya","https://www.lifeusa.org/water","0","","Water Wells","301","Moved Permanently","true","_self","","Absolute","//body/div/div/div[@id='site-root']/div/footer/div[@class='U4Bvut']/div[@class='CJF7A2']/div/div/section/div[@class='V5AUxf']/div/div[2]/div/div[@id='comp-kc01gkgm']/p/span/span/span/span[@class='wixui-rich-text__text'][3]/a","Footer","HTML"
"Hyperlink","https://www.lifeusa.org/no/tags/ethiopia","https://www.lifeusa.org/water","0","","Water Wells","301","Moved Permanently","true","_self","","Absolute","//body/div/div/div[@id='site-root']/div/footer/div[@class='U4Bvut']/div[@class='CJF7A2']/div/div/section/div[@class='V5AUxf']/div/div[2]/div/div[@id='comp-kc01gkgm']/p/span/span/span/span[@class='wixui-rich-text__text'][3]/a","Footer","HTML"
"Hyperlink","https://www.lifeusa.org/no/tags/sudan","https://www.lifeusa.org/water","0","","Water Wells","301","Moved Permanently","true","_self","","Absolute","//body/div/div/div[@id='site-root']/div/footer/div[@class='U4Bvut']/div[@class='CJF7A2']/div/div/section/div[@class='V5AUxf']/div/div[2]/div/div[@id='comp-kc01gkgm']/p/span/span/span/span[@class='wixui-rich-text__text'][3]/a","Footer","HTML"
"Hyperlink","https://www.lifeusa.org/no/tags/bosnia","https://www.lifeusa.org/water","0","","Water Wells","301","Moved Permanently","true","_self","","Absolute","//body/div/div/div[@id='site-root']/div/footer/div[@class='U4Bvut']/div[@class='CJF7A2']/div/div/section/div[@class='V5AUxf']/div/div[2]/div/div[@id='comp-kc01gkgm']/p/span/span/span/span[@class='wixui-rich-text__text'][3]/a","Footer","HTML"
"Hyperlink","https://www.lifeusa.org/no/tags/uganda","https://www.lifeusa.org/water","0","","Water Wells","301","Moved Permanently","true","_self","","Absolute","//body/div/div/div[@id='site-root']/div/footer/div[@class='U4Bvut']/div[@class='CJF7A2']/div/div/section/div[@class='V5AUxf']/div/div[2]/div/div[@id='comp-kc01gkgm']/p/span/span/span/span[@class='wixui-rich-text__text'][3]/a","Footer","HTML"
"Hyperlink","https://www.lifeusa.org/no/tags/djibouti","https://www.lifeusa.org/water","0","","Water Wells","301","Moved Permanently","true","_self","","Absolute","//body/div/div/div[@id='site-root']/div/footer/div[@class='U4Bvut']/div[@class='CJF7A2']/div/div/section/div[@class='V5AUxf']/div/div[2]/div/div[@id='comp-kc01gkgm']/p/span/span/span/span[@class='wixui-rich-text__text'][3]/a","Footer","HTML"
"Hyperlink","https://www.lifeusa.org/no/tags/south-sudan","https://www.lifeusa.org/water","0","","Water Wells","301","Moved Permanently","true","_self","","Absolute","//body/div/div/div[@id='site-root']/div/footer/div[@class='U4Bvut']/div[@class='CJF7A2']/div/div/section/div[@class='V5AUxf']/div/div[2]/div/div[@id='comp-kc01gkgm']/p/span/span/span/span[@class='wixui-rich-text__text'][3]/a","Footer","HTML"
"Hyperlink","https://www.lifeusa.org/no/tags/somalia","https://www.lifeusa.org/water","0","","Water Wells","301","Moved Permanently","true","_self","","Absolute","//body/div/div/div[@id='site-root']/div/footer/div[@class='U4Bvut']/div[@class='CJF7A2']/div/div/section/div[@class='V5AUxf']/div/div[2]/div/div[@id='comp-kc01gkgm']/p/span/span/span/span[@class='wixui-rich-text__text'][3]/a","Footer","HTML"
"Hyperlink","https://www.lifeusa.org/no/tags/eritrea","https://www.lifeusa.org/water","0","","Water Wells","301","Moved Permanently","true","_self","","Absolute","//body/div/div/div[@id='site-root']/div/footer/div[@class='U4Bvut']/div[@class='CJF7A2']/div/div/section/div[@class='V5AUxf']/div/div[2]/div/div[@id='comp-kc01gkgm']/p/span/span/span/span[@class='wixui-rich-text__text'][3]/a","Footer","HTML"
"Hyperlink","https://www.lifeusa.org/no/tags/ramadan","https://www.lifeusa.org/water","0","","Water Wells","301","Moved Permanently","true","_self","","Absolute","//body/div/div/div[@id='site-root']/div/footer/div[@class='U4Bvut']/div[@class='CJF7A2']/div/div/section/div[@class='V5AUxf']/div/div[2]/div/div[@id='comp-kc01gkgm']/p/span/span/span/span[@class='wixui-rich-text__text'][3]/a","Footer","HTML"
"Hyperlink","https://www.lifeusa.org/no/tags/bangladesh","https://www.lifeusa.org/water","0","","Water Wells","301","Moved Permanently","true","_self","","Absolute","//body/div/div/div[@id='site-root']/div/footer/div[@class='U4Bvut']/div[@class='CJF7A2']/div/div/section/div[@class='V5AUxf']/div/div[2]/div/div[@id='comp-kc01gkgm']/p/span/span/span/span[@class='wixui-rich-text__text'][3]/a","Footer","HTML"
"Hyperlink","https://www.lifeusa.org/no/tags/iraq","https://www.lifeusa.org/water","0","","Water Wells","301","Moved Permanently","true","_self","","Absolute","//body/div/div/div[@id='site-root']/div/footer/div[@class='U4Bvut']/div[@class='CJF7A2']/div/div/section/div[@class='V5AUxf']/div/div[2]/div/div[@id='comp-kc01gkgm']/p/span/span/span/span[@class='wixui-rich-text__text'][3]/a","Footer","HTML"
"Hyperlink","https://www.lifeusa.org/no/tags/haiti","https://www.lifeusa.org/water","0","","Water Wells","301","Moved Permanently","true","_self","","Absolute","//body/div/div/div[@id='site-root']/div/footer/div[@class='U4Bvut']/div[@class='CJF7A2']/div/div/section/div[@class='V5AUxf']/div/div[2]/div/div[@id='comp-kc01gkgm']/p/span/span/span/span[@class='wixui-rich-text__text'][3]/a","Footer","HTML"
"Hyperlink","https://www.lifeusa.org/no/tags/kenya","https://www.lifeusa.org/water","0","","Water Wells","301","Moved Permanently","true","_self","","Absolute","//body/div/div/div[@id='site-root']/div/footer/div[@class='U4Bvut']/div[@class='CJF7A2']/div/div/section/div[@class='V5AUxf']/div/div[2]/div/div[@id='comp-kc01gkgm']/p/span/span/span/span[@class='wixui-rich-text__text'][3]/a","Footer","HTML"
"Hyperlink","https://www.lifeusa.org/no/tags/national-women-s-month","https://www.lifeusa.org/water","0","","Water Wells","301","Moved Permanently","true","_self","","Absolute","//body/div/div/div[@id='site-root']/div/footer/div[@class='U4Bvut']/div[@class='CJF7A2']/div/div/section/div[@class='V5AUxf']/div/div[2]/div/div[@id='comp-kc01gkgm']/p/span/span/span/span[@class='wixui-rich-text__text'][3]/a","Footer","HTML"
"Hyperlink","https://www.lifeusa.org/no/tags/lebanon","https://www.lifeusa.org/water","0","","Water Wells","301","Moved Permanently","true","_self","","Absolute","//body/div/div/div[@id='site-root']/div/footer/div[@class='U4Bvut']/div[@class='CJF7A2']/div/div/section/div[@class='V5AUxf']/div/div[2]/div/div[@id='comp-kc01gkgm']/p/span/span/span/span[@class='wixui-rich-text__text'][3]/a","Footer","HTML"
"Hyperlink","https://www.lifeusa.org/no/tags/share","https://www.lifeusa.org/water","0","","Water Wells","301","Moved Permanently","true","_self","","Absolute","//body/div/div/div[@id='site-root']/div/footer/div[@class='U4Bvut']/div[@class='CJF7A2']/div/div/section/div[@class='V5AUxf']/div/div[2]/div/div[@id='comp-kc01gkgm']/p/span/span/span/span[@class='wixui-rich-text__text'][3]/a","Footer","HTML"
"Hyperlink","https://www.lifeusa.org/no/tags/udhiyah","https://www.lifeusa.org/water","0","","Water Wells","301","Moved Permanently","true","_self","","Absolute","//body/div/div/div[@id='site-root']/div/footer/div[@class='U4Bvut']/div[@class='CJF7A2']/div/div/section/div[@class='V5AUxf']/div/div[2]/div/div[@id='comp-kc01gkgm']/p/span/span/span/span[@class='wixui-rich-text__text'][3]/a","Footer","HTML"
"Hyperlink","https://www.lifeusa.org/post/winter-blankets-bangladesh","https://www.lifeusa.org/water","0","","Water Wells","301","Moved Permanently","true","_self","","Absolute","//body/div/div/div[@id='site-root']/div/footer/div[@class='U4Bvut']/div[@class='CJF7A2']/div/div/section/div[@class='V5AUxf']/div/div[2]/div/div[@id='comp-kc01gkgm']/p/span/span/span/span[@class='wixui-rich-text__text'][3]/a","Footer","HTML"
"Hyperlink","https://www.lifeusa.org/post/when-zakat-islamic-charity-almost-eradicated-poverty","https://www.lifeusa.org/water","0","","Water Wells","301","Moved Permanently","true","_self","","Absolute","//body/div/div/div[@id='site-root']/div/footer/div[@class='U4Bvut']/div[@class='CJF7A2']/div/div/section/div[@class='V5AUxf']/div/div[2]/div/div[@id='comp-kc01gkgm']/p/span/span/span/span[@class='wixui-rich-text__text'][3]/a","Footer","HTML"
"Hyperlink","https://www.lifeusa.org/post/life-distributes-ramadan-meals-in-mali","https://www.lifeusa.org/water","0","","Water Wells","301","Moved Permanently","true","_self","","Absolute","//body/div/div/div[@id='site-root']/div/footer/div[@class='U4Bvut']/div[@class='CJF7A2']/div/div/section/div[@class='V5AUxf']/div/div[2]/div/div[@id='comp-kc01gkgm']/p/span/span/span/span[@class='wixui-rich-text__text'][3]/a","Footer","HTML"
"Hyperlink","https://www.lifeusa.org/post/pakistan-fresh-meat-distribution-and-orphan-eid-party","https://www.lifeusa.org/water","0","","Water Wells","301","Moved Permanently","true","_self","","Absolute","//body/div/div/div[@id='site-root']/div/footer/div[@class='U4Bvut']/div[@class='CJF7A2']/div/div/section/div[@class='V5AUxf']/div/div[2]/div/div[@id='comp-kc01gkgm']/p/span/span/span/span[@class='wixui-rich-text__text'][3]/a","Footer","HTML"
"Hyperlink","https://www.lifeusa.org/post/life-distributes-udhiyah-meat-in-egypt","https://www.lifeusa.org/water","0","","Water Wells","301","Moved Permanently","true","_self","","Absolute","//body/div/div/div[@id='site-root']/div/footer/div[@class='U4Bvut']/div[@class='CJF7A2']/div/div/section/div[@class='V5AUxf']/div/div[2]/div/div[@id='comp-kc01gkgm']/p/span/span/span/span[@class='wixui-rich-text__text'][3]/a","Footer","HTML"
"Hyperlink","https://www.lifeusa.org/post/life-distributes-fresh-meat-in-bosnia-and-herzegovina","https://www.lifeusa.org/water","0","","Water Wells","301","Moved Permanently","true","_self","","Absolute","//body/div/div/div[@id='site-root']/div/footer/div[@class='U4Bvut']/div[@class='CJF7A2']/div/div/section/div[@class='V5AUxf']/div/div[2]/div/div[@id='comp-kc01gkgm']/p/span/span/span/span[@class='wixui-rich-text__text'][3]/a","Footer","HTML"
"Hyperlink","https://www.lifeusa.org/post/life-distributes-fresh-meat-in-syria","https://www.lifeusa.org/water","0","","Water Wells","301","Moved Permanently","true","_self","","Absolute","//body/div/div/div[@id='site-root']/div/footer/div[@class='U4Bvut']/div[@class='CJF7A2']/div/div/section/div[@class='V5AUxf']/div/div[2]/div/div[@id='comp-kc01gkgm']/p/span/span/span/span[@class='wixui-rich-text__text'][3]/a","Footer","HTML"
"Hyperlink","https://www.lifeusa.org/post/life-distributes-ramadan-food-baskets-yemen","https://www.lifeusa.org/water","0","","Water Wells","301","Moved Permanently","true","_self","","Absolute","//body/div/div/div[@id='site-root']/div/footer/div[@class='U4Bvut']/div[@class='CJF7A2']/div/div/section/div[@class='V5AUxf']/div/div[2]/div/div[@id='comp-kc01gkgm']/p/span/span/span/span[@class='wixui-rich-text__text'][3]/a","Footer","HTML"
"Hyperlink","https://www.lifeusa.org/post/life-distributes-udhiyah-meat-in-somalia","https://www.lifeusa.org/water","0","","Water Wells","301","Moved Permanently","true","_self","","Absolute","//body/div/div/div[@id='site-root']/div/footer/div[@class='U4Bvut']/div[@class='CJF7A2']/div/div/section/div[@class='V5AUxf']/div/div[2]/div/div[@id='comp-kc01gkgm']/p/span/span/span/span[@class='wixui-rich-text__text'][3]/a","Footer","HTML"
"Hyperlink","https://www.lifeusa.org/post/life-distributes-fresh-meat-in-sudan","https://www.lifeusa.org/water","0","","Water Wells","301","Moved Permanently","true","_self","","Absolute","//body/div/div/div[@id='site-root']/div/footer/div[@class='U4Bvut']/div[@class='CJF7A2']/div/div/section/div[@class='V5AUxf']/div/div[2]/div/div[@id='comp-kc01gkgm']/p/span/span/span/span[@class='wixui-rich-text__text'][3]/a","Footer","HTML"
"Hyperlink","https://www.lifeusa.org/post/life-distributes-fresh-meat-in-djibouti","https://www.lifeusa.org/water","0","","Water Wells","301","Moved Permanently","true","_self","","Absolute","//body/div/div/div[@id='site-root']/div/footer/div[@class='U4Bvut']/div[@class='CJF7A2']/div/div/section/div[@class='V5AUxf']/div/div[2]/div/div[@id='comp-kc01gkgm']/p/span/span/span/span[@class='wixui-rich-text__text'][3]/a","Footer","HTML"
"Hyperlink","https://www.lifeusa.org/post/life-distributes-fresh-meat-in-ethiopia","https://www.lifeusa.org/water","0","","Water Wells","301","Moved Permanently","true","_self","","Absolute","//body/div/div/div[@id='site-root']/div/footer/div[@class='U4Bvut']/div[@class='CJF7A2']/div/div/section/div[@class='V5AUxf']/div/div[2]/div/div[@id='comp-kc01gkgm']/p/span/span/span/span[@class='wixui-rich-text__text'][3]/a","Footer","HTML"
"Hyperlink","https://www.lifeusa.org/no/tags/yemen","https://www.lifeusa.org/water","0","","Water Wells","301","Moved Permanently","true","_self","","Absolute","//body/div/div/div[@id='site-root']/div/footer/div[@class='U4Bvut']/div[@class='CJF7A2']/div/div/section/div[@class='V5AUxf']/div/div[2]/div/div[@id='comp-kc01gkgm']/p/span/span/span/span[@class='wixui-rich-text__text'][3]/a","Footer","HTML"
"Hyperlink","https://www.lifeusa.org/no/tags/bosnia-1","https://www.lifeusa.org/water","0","","Water Wells","301","Moved Permanently","true","_self","","Absolute","//body/div/div/div[@id='site-root']/div/footer/div[@class='U4Bvut']/div[@class='CJF7A2']/div/div/section/div[@class='V5AUxf']/div/div[2]/div/div[@id='comp-kc01gkgm']/p/span/span/span/span[@class='wixui-rich-text__text'][3]/a","Footer","HTML"
"Hyperlink","https://www.lifeusa.org/no/tags/egypt","https://www.lifeusa.org/water","0","","Water Wells","301","Moved Permanently","true","_self","","Absolute","//body/div/div/div[@id='site-root']/div/footer/div[@class='U4Bvut']/div[@class='CJF7A2']/div/div/section/div[@class='V5AUxf']/div/div[2]/div/div[@id='comp-kc01gkgm']/p/span/span/span/span[@class='wixui-rich-text__text'][3]/a","Footer","HTML"
"Hyperlink","https://www.lifeusa.org/post/what-is-udhiyah-qurbani-in-islam","https://www.lifeusa.org/water","0","","Water Wells","301","Moved Permanently","true","_self","","Absolute","//body/div/div/div[@id='site-root']/div/footer/div[@class='U4Bvut']/div[@class='CJF7A2']/div/div/section/div[@class='V5AUxf']/div/div[2]/div/div[@id='comp-kc01gkgm']/p/span/span/span/span[@class='wixui-rich-text__text'][3]/a","Footer","HTML"
"Hyperlink","https://www.lifeusa.org/no/tags/herzegovina","https://www.lifeusa.org/water","0","","Water Wells","301","Moved Permanently","true","_self","","Absolute","//body/div/div/div[@id='site-root']/div/footer/div[@class='U4Bvut']/div[@class='CJF7A2']/div/div/section/div[@class='V5AUxf']/div/div[2]/div/div[@id='comp-kc01gkgm']/p/span/span/span/span[@class='wixui-rich-text__text'][3]/a","Footer","HTML"
"Hyperlink","https://www.lifeusa.org/no/tags/fresh-meat","https://www.lifeusa.org/water","0","","Water Wells","301","Moved Permanently","true","_self","","Absolute","//body/div/div/div[@id='site-root']/div/footer/div[@class='U4Bvut']/div[@class='CJF7A2']/div/div/section/div[@class='V5AUxf']/div/div[2]/div/div[@id='comp-kc01gkgm']/p/span/span/span/span[@class='wixui-rich-text__text'][3]/a","Footer","HTML"
"Hyperlink","https://www.lifeusa.org/no/tags/pakistan-1","https://www.lifeusa.org/water","0","","Water Wells","301","Moved Permanently","true","_self","","Absolute","//body/div/div/div[@id='site-root']/div/footer/div[@class='U4Bvut']/div[@class='CJF7A2']/div/div/section/div[@class='V5AUxf']/div/div[2]/div/div[@id='comp-kc01gkgm']/p/span/span/span/span[@class='wixui-rich-text__text'][3]/a","Footer","HTML"
"Hyperlink","https://www.lifeusa.org/no/tags/eid","https://www.lifeusa.org/water","0","","Water Wells","301","Moved Permanently","true","_self","","Absolute","//body/div/div/div[@id='site-root']/div/footer/div[@class='U4Bvut']/div[@class='CJF7A2']/div/div/section/div[@class='V5AUxf']/div/div[2]/div/div[@id='comp-kc01gkgm']/p/span/span/span/span[@class='wixui-rich-text__text'][3]/a","Footer","HTML"
"Hyperlink","https://www.lifeusa.org/no/tags/orphan-1","https://www.lifeusa.org/water","0","","Water Wells","301","Moved Permanently","true","_self","","Absolute","//body/div/div/div[@id='site-root']/div/footer/div[@class='U4Bvut']/div[@class='CJF7A2']/div/div/section/div[@class='V5AUxf']/div/div[2]/div/div[@id='comp-kc01gkgm']/p/span/span/span/span[@class='wixui-rich-text__text'][3]/a","Footer","HTML"
"Hyperlink","https://www.lifeusa.org/no/tags/mali","https://www.lifeusa.org/water","0","","Water Wells","301","Moved Permanently","true","_self","","Absolute","//body/div/div/div[@id='site-root']/div/footer/div[@class='U4Bvut']/div[@class='CJF7A2']/div/div/section/div[@class='V5AUxf']/div/div[2]/div/div[@id='comp-kc01gkgm']/p/span/span/span/span[@class='wixui-rich-text__text'][3]/a","Footer","HTML"
"Hyperlink","https://www.lifeusa.org/no/tags/zakat","https://www.lifeusa.org/water","0","","Water Wells","301","Moved Permanently","true","_self","","Absolute","//body/div/div/div[@id='site-root']/div/footer/div[@class='U4Bvut']/div[@class='CJF7A2']/div/div/section/div[@class='V5AUxf']/div/div[2]/div/div[@id='comp-kc01gkgm']/p/span/span/span/span[@class='wixui-rich-text__text'][3]/a","Footer","HTML"
"Hyperlink","https://www.lifeusa.org/no/tags/winter","https://www.lifeusa.org/water","0","","Water Wells","301","Moved Permanently","true","_self","","Absolute","//body/div/div/div[@id='site-root']/div/footer/div[@class='U4Bvut']/div[@class='CJF7A2']/div/div/section/div[@class='V5AUxf']/div/div[2]/div/div[@id='comp-kc01gkgm']/p/span/span/span/span[@class='wixui-rich-text__text'][3]/a","Footer","HTML"
"PDF","https://www.lifeusa.org/_files/ugd/6df904_7fbabf427ae34683a608c7f617b5d4d0.pdf","https://www.lifeusa.org/water","0","","","301","Moved Permanently","true","","","","Page 2","","PDF"
"PDF","https://www.lifeusa.org/_files/ugd/6df904_a85aa809193545108cdc16535b6493b9.pdf","https://www.lifeusa.org/water","0","","","301","Moved Permanently","true","","","","Page 2","","PDF"
"Hyperlink","https://www.lifeusa.org/","https://www.lifeusa.org/community","0","","#comp-kmbvtxot svg [data-color=""1""] {fill: #000000;}","301","Moved Permanently","true","_self","","Absolute","//body/div/div/div[@id='site-root']/div/main/div/div/div/div[@class='HT5ybB']/div/div/div/section[@id='comp-lwf474ta']/div[2]/div/section[@id='comp-kmbvw64y']/div[@class='V5AUxf']/div/div[2]/div/div[@id='comp-l2z0fbjs']/div/div/div[@id='comp-kmbvtxot']/a","Content","HTML"
"Hyperlink","https://www.lifeusa.org/","https://www.lifeusa.org/community","0","","LEARN MORE","301","Moved Permanently","true","_self","","Absolute","//body/div/div/div[@id='site-root']/div/main/div/div/div/div[@class='HT5ybB']/div/div/div/section[@id='comp-lwf474ta']/div[2]/div/section[@id='comp-kmbvw64y']/div[@class='V5AUxf']/div/div[2]/div/div[@id='comp-l2z0fbjs']/div/div/div[@id='comp-kmbvtxp6']/a","Content","HTML"
"Hyperlink","https://www.lifeusa.org/","https://www.lifeusa.org/orphans","0","","LEARN MORE","301","Moved Permanently","true","_self","","Absolute","//body/div/div/div[@id='site-root']/div/main/div/div/div/div[@class='HT5ybB']/div/div/div/section[@id='comp-lwf474ta']/div[2]/div/section[@id='comp-l7apq55g']/div[@class='V5AUxf']/div/div[2]/div/div[@id='comp-l7apq58u1']/div/div/div[@id='comp-l7apq58x2']/a","Content","HTML"
"Hyperlink","https://www.lifeusa.org/","https://www.lifeusa.org/emergency","0","","LEARN MORE","301","Moved Permanently","true","_self","","Absolute","//body/div/div/div[@id='site-root']/div/main/div/div/div/div[@class='HT5ybB']/div/div/div/section[@id='comp-lwf474ta']/div[2]/div/section[@id='comp-l7ap32t6']/div[@class='V5AUxf']/div/div[2]/div/div[@id='comp-l7ap32ya1']/div/div/div[@id='comp-l7ap32ye']/a","Content","HTML"
"Hyperlink","https://www.lifeusa.org/","https://www.lifeusa.org/emergency","0","","Emergency Relief","301","Moved Permanently","true","_self","","Absolute","//body/div/div/div[@id='site-root']/div/footer/div[@class='U4Bvut']/div[@class='CJF7A2']/div/div/section/div[@class='V5AUxf']/div/div[2]/div/div[@id='comp-kc01gkgm']/p/span/span/span/span[@class='wixui-rich-text__text'][2]/a","Footer","HTML"
"Hyperlink","https://www.lifeusa.org/get-involved","https://www.lifeusa.org/emergency","0","","Emergency Relief","301","Moved Permanently","true","_self","","Absolute","//body/div/div/div[@id='site-root']/div/footer/div[@class='U4Bvut']/div[@class='CJF7A2']/div/div/section/div[@class='V5AUxf']/div/div[2]/div/div[@id='comp-kc01gkgm']/p/span/span/span/span[@class='wixui-rich-text__text'][2]/a","Footer","HTML"
"Hyperlink","https://www.lifeusa.org/about","https://www.lifeusa.org/emergency","0","","Emergency Relief","301","Moved Permanently","true","_self","","Absolute","//body/div/div/div[@id='site-root']/div/footer/div[@class='U4Bvut']/div[@class='CJF7A2']/div/div/section/div[@class='V5AUxf']/div/div[2]/div/div[@id='comp-kc01gkgm']/p/span/span/span/span[@class='wixui-rich-text__text'][2]/a","Footer","HTML"
"Hyperlink","https://donate.lifeusa.org/donorportal/login","https://www.lifeusa.org/emergency","0","","Emergency Relief","301","Moved Permanently","true","_blank","noopener noreferrer","Absolute","//body/webruntime-app/lwr-router-container/webruntime-inner-app/dxp_data_provider-user-data-provider/dxp_data_provider-data-proxy/dxp_data_provider-decision-data-provider/dxp_data_provider-data-proxy/community_byo-scoped-header-and-footer/footer/div/c-footer/section/div/div[@class='keywords']/a[2]","Header","HTML"
"Hyperlink","https://www.lifeusa.org/financial-reports","https://www.lifeusa.org/emergency","0","","Emergency Relief","301","Moved Permanently","true","_self","","Absolute","//body/div/div/div[@id='site-root']/div/footer/div[@class='U4Bvut']/div[@class='CJF7A2']/div/div/section/div[@class='V5AUxf']/div/div[2]/div/div[@id='comp-kc01gkgm']/p/span/span/span/span[@class='wixui-rich-text__text'][2]/a","Footer","HTML"
"Hyperlink","https://www.lifeusa.org/post/the-global-environmental-crisis-water-climate-and-life-s-impact","https://www.lifeusa.org/emergency","0","","Emergency Relief","301","Moved Permanently","true","_self","","Absolute","//body/div/div/div[@id='site-root']/div/footer/div[@class='U4Bvut']/div[@class='CJF7A2']/div/div/section/div[@class='V5AUxf']/div/div[2]/div/div[@id='comp-kc01gkgm']/p/span/span/span/span[@class='wixui-rich-text__text'][2]/a","Footer","HTML"
"Hyperlink","https://www.lifeusa.org/board-members","https://www.lifeusa.org/emergency","0","","Emergency Relief","301","Moved Permanently","true","_self","","Absolute","//body/div/div/div[@id='site-root']/div/footer/div[@class='U4Bvut']/div[@class='CJF7A2']/div/div/section/div[@class='V5AUxf']/div/div[2]/div/div[@id='comp-kc01gkgm']/p/span/span/span/span[@class='wixui-rich-text__text'][2]/a","Footer","HTML"
"Hyperlink","https://www.lifeusa.org/annualreports","https://www.lifeusa.org/emergency","0","","Emergency Relief","301","Moved Permanently","true","_self","","Absolute","//body/div/div/div[@id='site-root']/div/footer/div[@class='U4Bvut']/div[@class='CJF7A2']/div/div/section/div[@class='V5AUxf']/div/div[2]/div/div[@id='comp-kc01gkgm']/p/span/span/span/span[@class='wixui-rich-text__text'][2]/a","Footer","HTML"
"Hyperlink","https://www.lifeusa.org/blogs","https://www.lifeusa.org/emergency","0","","Emergency Relief","301","Moved Permanently","true","_self","","Absolute","//body/div/div/div[@id='site-root']/div/footer/div[@class='U4Bvut']/div[@class='CJF7A2']/div/div/section/div[@class='V5AUxf']/div/div[2]/div/div[@id='comp-kc01gkgm']/p/span/span/span/span[@class='wixui-rich-text__text'][2]/a","Footer","HTML"
"Hyperlink","https://www.lifeusa.org/lebanon-emergency-relief","https://www.lifeusa.org/emergency","0","","Emergency Relief","301","Moved Permanently","true","_self","","Absolute","//body/div/div/div[@id='site-root']/div/footer/div[@class='U4Bvut']/div[@class='CJF7A2']/div/div/section/div[@class='V5AUxf']/div/div[2]/div/div[@id='comp-kc01gkgm']/p/span/span/span/span[@class='wixui-rich-text__text'][2]/a","Footer","HTML"
"Hyperlink","https://donate.lifeusa.org/donorportal/gaza-relief","https://www.lifeusa.org/emergency","0","","Emergency Relief","301","Moved Permanently","true","_blank","noopener noreferrer","Absolute","//body/webruntime-app/lwr-router-container/webruntime-inner-app/dxp_data_provider-user-data-provider/dxp_data_provider-data-proxy/dxp_data_provider-decision-data-provider/dxp_data_provider-data-proxy/community_byo-scoped-header-and-footer/footer/div/c-footer/section/div/div[@class='keywords']/a[2]","Header","HTML"
"Hyperlink","https://donate.lifeusa.org/donorportal/udhiyah","https://www.lifeusa.org/emergency","0","","Emergency Relief","301","Moved Permanently","true","_blank","noopener noreferrer","Absolute","//body/webruntime-app/lwr-router-container/webruntime-inner-app/dxp_data_provider-user-data-provider/dxp_data_provider-data-proxy/dxp_data_provider-decision-data-provider/dxp_data_provider-data-proxy/community_byo-scoped-header-and-footer/footer/div/c-footer/section/div/div[@class='keywords']/a[2]","Header","HTML"
"Hyperlink","https://donate.lifeusa.org/donorportal/?donate=true","https://www.lifeusa.org/emergency","0","","Emergency Relief","301","Moved Permanently","true","_blank","noopener noreferrer","Absolute","//body/webruntime-app/lwr-router-container/webruntime-inner-app/dxp_data_provider-user-data-provider/dxp_data_provider-data-proxy/dxp_data_provider-decision-data-provider/dxp_data_provider-data-proxy/community_byo-scoped-header-and-footer/footer/div/c-footer/section/div/div[@class='keywords']/a[2]","Header","HTML"
"Hyperlink","https://www.lifeusa.org/post/recognizing-everyday-leaders-and-heros-this-father-s-day-2025","https://www.lifeusa.org/emergency","0","","Emergency Relief","301","Moved Permanently","true","_self","","Absolute","//body/div/div/div[@id='site-root']/div/footer/div[@class='U4Bvut']/div[@class='CJF7A2']/div/div/section/div[@class='V5AUxf']/div/div[2]/div/div[@id='comp-kc01gkgm']/p/span/span/span/span[@class='wixui-rich-text__text'][2]/a","Footer","HTML"
"Hyperlink","https://www.lifeusa.org/media","https://www.lifeusa.org/emergency","0","","Emergency Relief","301","Moved Permanently","true","_self","","Absolute","//body/div/div/div[@id='site-root']/div/footer/div[@class='U4Bvut']/div[@class='CJF7A2']/div/div/section/div[@class='V5AUxf']/div/div[2]/div/div[@id='comp-kc01gkgm']/p/span/span/span/span[@class='wixui-rich-text__text'][2]/a","Footer","HTML"
"Hyperlink","https://www.lifeusa.org/privacy-policy","https://www.lifeusa.org/emergency","0","","Emergency Relief","301","Moved Permanently","true","_self","","Absolute","//body/div/div/div[@id='site-root']/div/footer/div[@class='U4Bvut']/div[@class='CJF7A2']/div/div/section/div[@class='V5AUxf']/div/div[2]/div/div[@id='comp-kc01gkgm']/p/span/span/span/span[@class='wixui-rich-text__text'][2]/a","Footer","HTML"
"Hyperlink","https://www.lifeusa.org/waystogive","https://www.lifeusa.org/emergency","0","","Emergency Relief","301","Moved Permanently","true","_self","","Absolute","//body/div/div/div[@id='site-root']/div/footer/div[@class='U4Bvut']/div[@class='CJF7A2']/div/div/section/div[@class='V5AUxf']/div/div[2]/div/div[@id='comp-kc01gkgm']/p/span/span/span/span[@class='wixui-rich-text__text'][2]/a","Footer","HTML"
"Hyperlink","https://www.lifeusa.org/programs","https://www.lifeusa.org/emergency","0","","Emergency Relief","301","Moved Permanently","true","_self","","Absolute","//body/div/div/div[@id='site-root']/div/footer/div[@class='U4Bvut']/div[@class='CJF7A2']/div/div/section/div[@class='V5AUxf']/div/div[2]/div/div[@id='comp-kc01gkgm']/p/span/span/span/span[@class='wixui-rich-text__text'][2]/a","Footer","HTML"
"Hyperlink","https://www.lifeusa.org/post/the-world-keeps-making-more-plastic-and-the-cost-is-human","https://www.lifeusa.org/emergency","0","","Emergency Relief","301","Moved Permanently","true","_self","","Absolute","//body/div/div/div[@id='site-root']/div/footer/div[@class='U4Bvut']/div[@class='CJF7A2']/div/div/section/div[@class='V5AUxf']/div/div[2]/div/div[@id='comp-kc01gkgm']/p/span/span/span/span[@class='wixui-rich-text__text'][2]/a","Footer","HTML"
"Hyperlink","https://donate.lifeusa.org/donorportal/project-designations?Program=11WVy000001QlE7MAK","https://www.lifeusa.org/emergency","0","","Emergency Relief","301","Moved Permanently","true","_blank","noopener noreferrer","Absolute","//body/webruntime-app/lwr-router-container/webruntime-inner-app/dxp_data_provider-user-data-provider/dxp_data_provider-data-proxy/dxp_data_provider-decision-data-provider/dxp_data_provider-data-proxy/community_byo-scoped-header-and-footer/footer/div/c-footer/section/div/div[@class='keywords']/a[2]","Header","HTML"
"Hyperlink","https://www.lifeusa.org/post/children-in-crisis-the-psychological-toll-of-violence","https://www.lifeusa.org/emergency","0","","Emergency Relief","301","Moved Permanently","true","_self","","Absolute","//body/div/div/div[@id='site-root']/div/footer/div[@class='U4Bvut']/div[@class='CJF7A2']/div/div/section/div[@class='V5AUxf']/div/div[2]/div/div[@id='comp-kc01gkgm']/p/span/span/span/span[@class='wixui-rich-text__text'][2]/a","Footer","HTML"
"Hyperlink","https://www.lifeusa.org/volunteer","https://www.lifeusa.org/emergency","0","","Emergency Relief","301","Moved Permanently","true","_self","","Absolute","//body/div/div/div[@id='site-root']/div/footer/div[@class='U4Bvut']/div[@class='CJF7A2']/div/div/section/div[@class='V5AUxf']/div/div[2]/div/div[@id='comp-kc01gkgm']/p/span/span/span/span[@class='wixui-rich-text__text'][2]/a","Footer","HTML"
"Hyperlink","https://www.lifeusa.org/careers","https://www.lifeusa.org/emergency","0","","Emergency Relief","301","Moved Permanently","true","_self","","Absolute","//body/div/div/div[@id='site-root']/div/footer/div[@class='U4Bvut']/div[@class='CJF7A2']/div/div/section/div[@class='V5AUxf']/div/div[2]/div/div[@id='comp-kc01gkgm']/p/span/span/span/span[@class='wixui-rich-text__text'][2]/a","Footer","HTML"
"Hyperlink","https://www.lifeusa.org/fundraising","https://www.lifeusa.org/emergency","0","","Emergency Relief","301","Moved Permanently","true","_self","","Absolute","//body/div/div/div[@id='site-root']/div/footer/div[@class='U4Bvut']/div[@class='CJF7A2']/div/div/section/div[@class='V5AUxf']/div/div[2]/div/div[@id='comp-kc01gkgm']/p/span/span/span/span[@class='wixui-rich-text__text'][2]/a","Footer","HTML"
"Hyperlink","https://donate.lifeusa.org/donorportal/project-designations?Program=11WVy000001QlE9MAK","https://www.lifeusa.org/emergency","0","","Emergency Relief","301","Moved Permanently","true","_blank","noopener noreferrer","Absolute","//body/webruntime-app/lwr-router-container/webruntime-inner-app/dxp_data_provider-user-data-provider/dxp_data_provider-data-proxy/dxp_data_provider-decision-data-provider/dxp_data_provider-data-proxy/community_byo-scoped-header-and-footer/footer/div/c-footer/section/div/div[@class='keywords']/a[2]","Header","HTML"
"Hyperlink","https://www.lifeusa.org/doublethedonation","https://www.lifeusa.org/emergency","0","","Emergency Relief","301","Moved Permanently","true","_self","","Absolute","//body/div/div/div[@id='site-root']/div/footer/div[@class='U4Bvut']/div[@class='CJF7A2']/div/div/section/div[@class='V5AUxf']/div/div[2]/div/div[@id='comp-kc01gkgm']/p/span/span/span/span[@class='wixui-rich-text__text'][2]/a","Footer","HTML"
"Hyperlink","https://donate.lifeusa.org/donorportal/SelfRegister","https://www.lifeusa.org/emergency","0","","Emergency Relief","301","Moved Permanently","true","_blank","noopener noreferrer","Absolute","//body/webruntime-app/lwr-router-container/webruntime-inner-app/dxp_data_provider-user-data-provider/dxp_data_provider-data-proxy/dxp_data_provider-decision-data-provider/dxp_data_provider-data-proxy/community_byo-scoped-header-and-footer/footer/div/c-footer/section/div/div[@class='keywords']/a[2]","Header","HTML"
"Hyperlink","https://donate.lifeusa.org/donorportal/project-designations?Program=11WVy000001QlE8MAK","https://www.lifeusa.org/emergency","0","","Emergency Relief","301","Moved Permanently","true","_blank","noopener noreferrer","Absolute","//body/webruntime-app/lwr-router-container/webruntime-inner-app/dxp_data_provider-user-data-provider/dxp_data_provider-data-proxy/dxp_data_provider-decision-data-provider/dxp_data_provider-data-proxy/community_byo-scoped-header-and-footer/footer/div/c-footer/section/div/div[@class='keywords']/a[2]","Header","HTML"
"Hyperlink","https://www.lifeusa.org/no","https://www.lifeusa.org/emergency","0","","Emergency Relief","301","Moved Permanently","true","_self","","Absolute","//body/div/div/div[@id='site-root']/div/footer/div[@class='U4Bvut']/div[@class='CJF7A2']/div/div/section/div[@class='V5AUxf']/div/div[2]/div/div[@id='comp-kc01gkgm']/p/span/span/span/span[@class='wixui-rich-text__text'][2]/a","Footer","HTML"
"Hyperlink","https://www.lifeusa.org/no/categories/life-blog","https://www.lifeusa.org/emergency","0","","Emergency Relief","301","Moved Permanently","true","_self","","Absolute","//body/div/div/div[@id='site-root']/div/footer/div[@class='U4Bvut']/div[@class='CJF7A2']/div/div/section/div[@class='V5AUxf']/div/div[2]/div/div[@id='comp-kc01gkgm']/p/span/span/span/span[@class='wixui-rich-text__text'][2]/a","Footer","HTML"
"Hyperlink","https://www.lifeusa.org/no/categories/giving-charity","https://www.lifeusa.org/emergency","0","","Emergency Relief","301","Moved Permanently","true","_self","","Absolute","//body/div/div/div[@id='site-root']/div/footer/div[@class='U4Bvut']/div[@class='CJF7A2']/div/div/section/div[@class='V5AUxf']/div/div[2]/div/div[@id='comp-kc01gkgm']/p/span/span/span/span[@class='wixui-rich-text__text'][2]/a","Footer","HTML"
"Hyperlink","https://www.lifeusa.org/no/categories/reports","https://www.lifeusa.org/emergency","0","","Emergency Relief","301","Moved Permanently","true","_self","","Absolute","//body/div/div/div[@id='site-root']/div/footer/div[@class='U4Bvut']/div[@class='CJF7A2']/div/div/section/div[@class='V5AUxf']/div/div[2]/div/div[@id='comp-kc01gkgm']/p/span/span/span/span[@class='wixui-rich-text__text'][2]/a","Footer","HTML"
"Hyperlink","https://www.lifeusa.org/no/categories/tax-write-off","https://www.lifeusa.org/emergency","0","","Emergency Relief","301","Moved Permanently","true","_self","","Absolute","//body/div/div/div[@id='site-root']/div/footer/div[@class='U4Bvut']/div[@class='CJF7A2']/div/div/section/div[@class='V5AUxf']/div/div[2]/div/div[@id='comp-kc01gkgm']/p/span/span/span/span[@class='wixui-rich-text__text'][2]/a","Footer","HTML"
"Hyperlink","https://www.lifeusa.org/no/categories/philosophy","https://www.lifeusa.org/emergency","0","","Emergency Relief","301","Moved Permanently","true","_self","","Absolute","//body/div/div/div[@id='site-root']/div/footer/div[@class='U4Bvut']/div[@class='CJF7A2']/div/div/section/div[@class='V5AUxf']/div/div[2]/div/div[@id='comp-kc01gkgm']/p/span/span/span/span[@class='wixui-rich-text__text'][2]/a","Footer","HTML"
"Hyperlink","https://www.lifeusa.org/post/women-s-empowerment-the-key-to-solving-world-hunger","https://www.lifeusa.org/emergency","0","","Emergency Relief","301","Moved Permanently","true","_self","","Absolute","//body/div/div/div[@id='site-root']/div/footer/div[@class='U4Bvut']/div[@class='CJF7A2']/div/div/section/div[@class='V5AUxf']/div/div[2]/div/div[@id='comp-kc01gkgm']/p/span/span/span/span[@class='wixui-rich-text__text'][2]/a","Footer","HTML"
"Hyperlink","https://www.lifeusa.org/no/categories/purpose","https://www.lifeusa.org/emergency","0","","Emergency Relief","301","Moved Permanently","true","_self","","Absolute","//body/div/div/div[@id='site-root']/div/footer/div[@class='U4Bvut']/div[@class='CJF7A2']/div/div/section/div[@class='V5AUxf']/div/div[2]/div/div[@id='comp-kc01gkgm']/p/span/span/span/span[@class='wixui-rich-text__text'][2]/a","Footer","HTML"
"Hyperlink","https://www.lifeusa.org/post/one-dollar-can-change-someone-s-life","https://www.lifeusa.org/emergency","0","","Emergency Relief","301","Moved Permanently","true","_self","","Absolute","//body/div/div/div[@id='site-root']/div/footer/div[@class='U4Bvut']/div[@class='CJF7A2']/div/div/section/div[@class='V5AUxf']/div/div[2]/div/div[@id='comp-kc01gkgm']/p/span/span/span/span[@class='wixui-rich-text__text'][2]/a","Footer","HTML"
"Hyperlink","https://www.lifeusa.org/post/afghanistan-s-earthquake-stories-of-survival-and-relief","https://www.lifeusa.org/emergency","0","","Emergency Relief","301","Moved Permanently","true","_self","","Absolute","//body/div/div/div[@id='site-root']/div/footer/div[@class='U4Bvut']/div[@class='CJF7A2']/div/div/section/div[@class='V5AUxf']/div/div[2]/div/div[@id='comp-kc01gkgm']/p/span/span/span/span[@class='wixui-rich-text__text'][2]/a","Footer","HTML"
"Hyperlink","https://www.lifeusa.org/post/why-one-gift-means-the-world-to-an-orphaned-child","https://www.lifeusa.org/emergency","0","","Emergency Relief","301","Moved Permanently","true","_self","","Absolute","//body/div/div/div[@id='site-root']/div/footer/div[@class='U4Bvut']/div[@class='CJF7A2']/div/div/section/div[@class='V5AUxf']/div/div[2]/div/div[@id='comp-kc01gkgm']/p/span/span/span/span[@class='wixui-rich-text__text'][2]/a","Footer","HTML"
"Hyperlink","https://www.lifeusa.org/post/children-forced-to-sleep-in-cars-and-on-the-streets-as-over-800-000-are-displaced-in-lebanon","https://www.lifeusa.org/emergency","0","","Emergency Relief","301","Moved Permanently","true","_self","","Absolute","//body/div/div/div[@id='site-root']/div/footer/div[@class='U4Bvut']/div[@class='CJF7A2']/div/div/section/div[@class='V5AUxf']/div/div[2]/div/div[@id='comp-kc01gkgm']/p/span/span/span/span[@class='wixui-rich-text__text'][2]/a","Footer","HTML"
"Hyperlink","https://www.lifeusa.org/post/remembering-judge-frank-caprio-a-judge-who-redefined-leadership-through-compassion","https://www.lifeusa.org/emergency","0","","Emergency Relief","301","Moved Permanently","true","_self","","Absolute","//body/div/div/div[@id='site-root']/div/footer/div[@class='U4Bvut']/div[@class='CJF7A2']/div/div/section/div[@class='V5AUxf']/div/div[2]/div/div[@id='comp-kc01gkgm']/p/span/span/span/span[@class='wixui-rich-text__text'][2]/a","Footer","HTML"
"Hyperlink","https://www.lifeusa.org/post/over-6-5-hungry-in-somalia-why-your-giving-matters-now-more-than-ever","https://www.lifeusa.org/emergency","0","","Emergency Relief","301","Moved Permanently","true","_self","","Absolute","//body/div/div/div[@id='site-root']/div/footer/div[@class='U4Bvut']/div[@class='CJF7A2']/div/div/section/div[@class='V5AUxf']/div/div[2]/div/div[@id='comp-kc01gkgm']/p/span/span/span/span[@class='wixui-rich-text__text'][2]/a","Footer","HTML"
"Hyperlink","https://www.lifeusa.org/post/starvation-in-gaza-why-the-world-must-act-now-before-thousands-more-die","https://www.lifeusa.org/emergency","0","","Emergency Relief","301","Moved Permanently","true","_self","","Absolute","//body/div/div/div[@id='site-root']/div/footer/div[@class='U4Bvut']/div[@class='CJF7A2']/div/div/section/div[@class='V5AUxf']/div/div[2]/div/div[@id='comp-kc01gkgm']/p/span/span/span/span[@class='wixui-rich-text__text'][2]/a","Footer","HTML"
"Hyperlink","https://www.lifeusa.org/post/latest-cuts-to-humanitarian-aid-leave-millions-without-hope","https://www.lifeusa.org/emergency","0","","Emergency Relief","301","Moved Permanently","true","_self","","Absolute","//body/div/div/div[@id='site-root']/div/footer/div[@class='U4Bvut']/div[@class='CJF7A2']/div/div/section/div[@class='V5AUxf']/div/div[2]/div/div[@id='comp-kc01gkgm']/p/span/span/span/span[@class='wixui-rich-text__text'][2]/a","Footer","HTML"
"Hyperlink","https://donate.lifeusa.org/donorportal/emergency-relief?EmergencyReliefProgram=11WVy000001QlE2MAK","https://www.lifeusa.org/emergency","0","","Emergency Relief","301","Moved Permanently","true","_blank","noopener noreferrer","Absolute","//body/webruntime-app/lwr-router-container/webruntime-inner-app/dxp_data_provider-user-data-provider/dxp_data_provider-data-proxy/dxp_data_provider-decision-data-provider/dxp_data_provider-data-proxy/community_byo-scoped-header-and-footer/footer/div/c-footer/section/div/div[@class='keywords']/a[2]","Header","HTML"
"Hyperlink","https://www.lifeusa.org/legacy","https://www.lifeusa.org/emergency","0","","Emergency Relief","301","Moved Permanently","true","_self","","Absolute","//body/div/div/div[@id='site-root']/div/footer/div[@class='U4Bvut']/div[@class='CJF7A2']/div/div/section/div[@class='V5AUxf']/div/div[2]/div/div[@id='comp-kc01gkgm']/p/span/span/span/span[@class='wixui-rich-text__text'][2]/a","Footer","HTML"
"Hyperlink","https://www.lifeusa.org/copy-of-freewill-landing-page","https://www.lifeusa.org/emergency","0","","Emergency Relief","301","Moved Permanently","true","_self","","Absolute","//body/div/div/div[@id='site-root']/div/footer/div[@class='U4Bvut']/div[@class='CJF7A2']/div/div/section/div[@class='V5AUxf']/div/div[2]/div/div[@id='comp-kc01gkgm']/p/span/span/span/span[@class='wixui-rich-text__text'][2]/a","Footer","HTML"
"Hyperlink","https://www.lifeusa.org/newsletters","https://www.lifeusa.org/emergency","0","","Emergency Relief","301","Moved Permanently","true","_self","","Absolute","//body/div/div/div[@id='site-root']/div/footer/div[@class='U4Bvut']/div[@class='CJF7A2']/div/div/section/div[@class='V5AUxf']/div/div[2]/div/div[@id='comp-kc01gkgm']/p/span/span/span/span[@class='wixui-rich-text__text'][2]/a","Footer","HTML"
"Hyperlink","https://www.lifeusa.org/news","https://www.lifeusa.org/emergency","0","","Emergency Relief","301","Moved Permanently","true","_self","","Absolute","//body/div/div/div[@id='site-root']/div/footer/div[@class='U4Bvut']/div[@class='CJF7A2']/div/div/section/div[@class='V5AUxf']/div/div[2]/div/div[@id='comp-kc01gkgm']/p/span/span/span/span[@class='wixui-rich-text__text'][2]/a","Footer","HTML"
"Hyperlink","https://www.lifeusa.org/press","https://www.lifeusa.org/emergency","0","","Emergency Relief","301","Moved Permanently","true","_self","","Absolute","//body/div/div/div[@id='site-root']/div/footer/div[@class='U4Bvut']/div[@class='CJF7A2']/div/div/section/div[@class='V5AUxf']/div/div[2]/div/div[@id='comp-kc01gkgm']/p/span/span/span/span[@class='wixui-rich-text__text'][2]/a","Footer","HTML"
"Hyperlink","https://donate.lifeusa.org/donorportal/project-designations?Program=11WVy000001QlE4MAK","https://www.lifeusa.org/emergency","0","","Emergency Relief","301","Moved Permanently","true","_blank","noopener noreferrer","Absolute","//body/webruntime-app/lwr-router-container/webruntime-inner-app/dxp_data_provider-user-data-provider/dxp_data_provider-data-proxy/dxp_data_provider-decision-data-provider/dxp_data_provider-data-proxy/community_byo-scoped-header-and-footer/footer/div/c-footer/section/div/div[@class='keywords']/a[2]","Header","HTML"
"Hyperlink","https://donate.lifeusa.org/donorportal/project-designations?Program=11WVy000001QlE5MAK","https://www.lifeusa.org/emergency","0","","Emergency Relief","301","Moved Permanently","true","_blank","noopener noreferrer","Absolute","//body/webruntime-app/lwr-router-container/webruntime-inner-app/dxp_data_provider-user-data-provider/dxp_data_provider-data-proxy/dxp_data_provider-decision-data-provider/dxp_data_provider-data-proxy/community_byo-scoped-header-and-footer/footer/div/c-footer/section/div/div[@class='keywords']/a[2]","Header","HTML"
"Hyperlink","https://donate.lifeusa.org/donorportal/campaign?UTM_SourceCode=LebanonEmergencyRelief26&CampaignID=701Vy00001Nj9MLIAZ","https://www.lifeusa.org/emergency","0","","Emergency Relief","301","Moved Permanently","true","_blank","noopener noreferrer","Absolute","//body/webruntime-app/lwr-router-container/webruntime-inner-app/dxp_data_provider-user-data-provider/dxp_data_provider-data-proxy/dxp_data_provider-decision-data-provider/dxp_data_provider-data-proxy/community_byo-scoped-header-and-footer/footer/div/c-footer/section/div/div[@class='keywords']/a[2]","Header","HTML"
"Hyperlink","https://www.lifeusa.org/post/building-a-better-world-for-33-years","https://www.lifeusa.org/emergency","0","","Emergency Relief","301","Moved Permanently","true","_self","","Absolute","//body/div/div/div[@id='site-root']/div/footer/div[@class='U4Bvut']/div[@class='CJF7A2']/div/div/section/div[@class='V5AUxf']/div/div[2]/div/div[@id='comp-kc01gkgm']/p/span/span/span/span[@class='wixui-rich-text__text'][2]/a","Footer","HTML"
"Hyperlink","https://www.lifeusa.org/post/write-your-will-for-free-and-let-the-good-you-do-today-last-forever","https://www.lifeusa.org/emergency","0","","Emergency Relief","301","Moved Permanently","true","_self","","Absolute","//body/div/div/div[@id='site-root']/div/footer/div[@class='U4Bvut']/div[@class='CJF7A2']/div/div/section/div[@class='V5AUxf']/div/div[2]/div/div[@id='comp-kc01gkgm']/p/span/span/span/span[@class='wixui-rich-text__text'][2]/a","Footer","HTML"
"Hyperlink","https://www.lifeusa.org/post/charitable-giving-an-advantage-we-never-saw-coming-from-the-one-big-beautiful-bill-act","https://www.lifeusa.org/emergency","0","","Emergency Relief","301","Moved Permanently","true","_self","","Absolute","//body/div/div/div[@id='site-root']/div/footer/div[@class='U4Bvut']/div[@class='CJF7A2']/div/div/section/div[@class='V5AUxf']/div/div[2]/div/div[@id='comp-kc01gkgm']/p/span/span/span/span[@class='wixui-rich-text__text'][2]/a","Footer","HTML"
"Hyperlink","https://www.lifeusa.org/post/double-or-triple-your-donation-without-spending-more-through-life-for-relief-and-development-life","https://www.lifeusa.org/emergency","0","","Emergency Relief","301","Moved Permanently","true","_self","","Absolute","//body/div/div/div[@id='site-root']/div/footer/div[@class='U4Bvut']/div[@class='CJF7A2']/div/div/section/div[@class='V5AUxf']/div/div[2]/div/div[@id='comp-kc01gkgm']/p/span/span/span/span[@class='wixui-rich-text__text'][2]/a","Footer","HTML"
"Hyperlink","https://www.lifeusa.org/post/winter-flooding-in-gaza-leaves-families-cold-and-exhausted","https://www.lifeusa.org/emergency","0","","Emergency Relief","301","Moved Permanently","true","_self","","Absolute","//body/div/div/div[@id='site-root']/div/footer/div[@class='U4Bvut']/div[@class='CJF7A2']/div/div/section/div[@class='V5AUxf']/div/div[2]/div/div[@id='comp-kc01gkgm']/p/span/span/span/span[@class='wixui-rich-text__text'][2]/a","Footer","HTML"
"Hyperlink","https://www.lifeusa.org/post/school-supplies-could-be-the-key-to-ending-poverty","https://www.lifeusa.org/emergency","0","","Emergency Relief","301","Moved Permanently","true","_self","","Absolute","//body/div/div/div[@id='site-root']/div/footer/div[@class='U4Bvut']/div[@class='CJF7A2']/div/div/section/div[@class='V5AUxf']/div/div[2]/div/div[@id='comp-kc01gkgm']/p/span/span/span/span[@class='wixui-rich-text__text'][2]/a","Footer","HTML"
"Hyperlink","https://www.lifeusa.org/post/cold-kills-5-million-a-year-life-s-winter-aid-helps-prevent-this-tragedy","https://www.lifeusa.org/emergency","0","","Emergency Relief","301","Moved Permanently","true","_self","","Absolute","//body/div/div/div[@id='site-root']/div/footer/div[@class='U4Bvut']/div[@class='CJF7A2']/div/div/section/div[@class='V5AUxf']/div/div[2]/div/div[@id='comp-kc01gkgm']/p/span/span/span/span[@class='wixui-rich-text__text'][2]/a","Footer","HTML"
"Hyperlink","https://www.lifeusa.org/post/give-the-smart-way-stop-paying-taxes-on-stocks-and-receive-a-big-tax-deduction","https://www.lifeusa.org/emergency","0","","Emergency Relief","301","Moved Permanently","true","_self","","Absolute","//body/div/div/div[@id='site-root']/div/footer/div[@class='U4Bvut']/div[@class='CJF7A2']/div/div/section/div[@class='V5AUxf']/div/div[2]/div/div[@id='comp-kc01gkgm']/p/span/span/span/span[@class='wixui-rich-text__text'][2]/a","Footer","HTML"
"Hyperlink","https://www.lifeusa.org/post/health-for-all-how-life-is-closing-the-global-healthcare-gap","https://www.lifeusa.org/emergency","0","","Emergency Relief","301","Moved Permanently","true","_self","","Absolute","//body/div/div/div[@id='site-root']/div/footer/div[@class='U4Bvut']/div[@class='CJF7A2']/div/div/section/div[@class='V5AUxf']/div/div[2]/div/div[@id='comp-kc01gkgm']/p/span/span/span/span[@class='wixui-rich-text__text'][2]/a","Footer","HTML"
"Hyperlink","https://www.lifeusa.org/post/eid-al-adha-a-celebration-of-unity","https://www.lifeusa.org/emergency","0","","Emergency Relief","301","Moved Permanently","true","_self","","Absolute","//body/div/div/div[@id='site-root']/div/footer/div[@class='U4Bvut']/div[@class='CJF7A2']/div/div/section/div[@class='V5AUxf']/div/div[2]/div/div[@id='comp-kc01gkgm']/p/span/span/span/span[@class='wixui-rich-text__text'][2]/a","Footer","HTML"
"Hyperlink","https://www.lifeusa.org/post/she-was-buried-underground-for-13-years-then-she-heard-the-ocean","https://www.lifeusa.org/emergency","0","","Emergency Relief","301","Moved Permanently","true","_self","","Absolute","//body/div/div/div[@id='site-root']/div/footer/div[@class='U4Bvut']/div[@class='CJF7A2']/div/div/section/div[@class='V5AUxf']/div/div[2]/div/div[@id='comp-kc01gkgm']/p/span/span/span/span[@class='wixui-rich-text__text'][2]/a","Footer","HTML"
"Hyperlink","https://www.lifeusa.org/post/when-the-guadalupe-river-roared-texas-tested-with-devastation-and-loss","https://www.lifeusa.org/emergency","0","","Emergency Relief","301","Moved Permanently","true","_self","","Absolute","//body/div/div/div[@id='site-root']/div/footer/div[@class='U4Bvut']/div[@class='CJF7A2']/div/div/section/div[@class='V5AUxf']/div/div[2]/div/div[@id='comp-kc01gkgm']/p/span/span/span/span[@class='wixui-rich-text__text'][2]/a","Footer","HTML"
"Hyperlink","https://www.lifeusa.org/post/the-hidden-price-tag-of-fast-fashion-and-how-life-is-offering-sustainable-solutions-you-can-support","https://www.lifeusa.org/emergency","0","","Emergency Relief","301","Moved Permanently","true","_self","","Absolute","//body/div/div/div[@id='site-root']/div/footer/div[@class='U4Bvut']/div[@class='CJF7A2']/div/div/section/div[@class='V5AUxf']/div/div[2]/div/div[@id='comp-kc01gkgm']/p/span/span/span/span[@class='wixui-rich-text__text'][2]/a","Footer","HTML"
"Hyperlink","https://www.lifeusa.org/post/ramadan-a-place-for-everyone","https://www.lifeusa.org/emergency","0","","Emergency Relief","301","Moved Permanently","true","_self","","Absolute","//body/div/div/div[@id='site-root']/div/footer/div[@class='U4Bvut']/div[@class='CJF7A2']/div/div/section/div[@class='V5AUxf']/div/div[2]/div/div[@id='comp-kc01gkgm']/p/span/span/span/span[@class='wixui-rich-text__text'][2]/a","Footer","HTML"
"Hyperlink","https://www.lifeusa.org/post/a-step-by-step-guide-on-how-to-participate-in-ramadan","https://www.lifeusa.org/emergency","0","","Emergency Relief","301","Moved Permanently","true","_self","","Absolute","//body/div/div/div[@id='site-root']/div/footer/div[@class='U4Bvut']/div[@class='CJF7A2']/div/div/section/div[@class='V5AUxf']/div/div[2]/div/div[@id='comp-kc01gkgm']/p/span/span/span/span[@class='wixui-rich-text__text'][2]/a","Footer","HTML"
"Hyperlink","https://www.lifeusa.org/post/sick-kids-with-no-medicine-in-sight-how-life-is-restoring-healthcare-access-in-africa","https://www.lifeusa.org/emergency","0","","Emergency Relief","301","Moved Permanently","true","_self","","Absolute","//body/div/div/div[@id='site-root']/div/footer/div[@class='U4Bvut']/div[@class='CJF7A2']/div/div/section/div[@class='V5AUxf']/div/div[2]/div/div[@id='comp-kc01gkgm']/p/span/span/span/span[@class='wixui-rich-text__text'][2]/a","Footer","HTML"
"Hyperlink","https://www.lifeusa.org/post/as-middle-east-tensions-rise-families-face-uncertainty-and-compassion-matters-more","https://www.lifeusa.org/emergency","0","","Emergency Relief","301","Moved Permanently","true","_self","","Absolute","//body/div/div/div[@id='site-root']/div/footer/div[@class='U4Bvut']/div[@class='CJF7A2']/div/div/section/div[@class='V5AUxf']/div/div[2]/div/div[@id='comp-kc01gkgm']/p/span/span/span/span[@class='wixui-rich-text__text'][2]/a","Footer","HTML"
"Hyperlink","https://www.lifeusa.org/post/millions-hungry-and-displaced-why-the-sudan-crisis-requires-immediate-action","https://www.lifeusa.org/emergency","0","","Emergency Relief","301","Moved Permanently","true","_self","","Absolute","//body/div/div/div[@id='site-root']/div/footer/div[@class='U4Bvut']/div[@class='CJF7A2']/div/div/section/div[@class='V5AUxf']/div/div[2]/div/div[@id='comp-kc01gkgm']/p/span/span/span/span[@class='wixui-rich-text__text'][2]/a","Footer","HTML"
"Hyperlink","https://www.lifeusa.org/post/ceasefire-in-gaza-understanding-the-gaza-peace-deal-and-what-lies-ahead","https://www.lifeusa.org/emergency","0","","Emergency Relief","301","Moved Permanently","true","_self","","Absolute","//body/div/div/div[@id='site-root']/div/footer/div[@class='U4Bvut']/div[@class='CJF7A2']/div/div/section/div[@class='V5AUxf']/div/div[2]/div/div[@id='comp-kc01gkgm']/p/span/span/span/span[@class='wixui-rich-text__text'][2]/a","Footer","HTML"
"Hyperlink","https://www.lifeusa.org/post/maximize-your-tax-write-off-with-charitable-giving-apps","https://www.lifeusa.org/emergency","0","","Emergency Relief","301","Moved Permanently","true","_self","","Absolute","//body/div/div/div[@id='site-root']/div/footer/div[@class='U4Bvut']/div[@class='CJF7A2']/div/div/section/div[@class='V5AUxf']/div/div[2]/div/div[@id='comp-kc01gkgm']/p/span/span/span/span[@class='wixui-rich-text__text'][2]/a","Footer","HTML"
"Hyperlink","https://www.lifeusa.org/post/when-life-becomes-art-finding-flow-purpose-and-the-joy-of-giving","https://www.lifeusa.org/emergency","0","","Emergency Relief","301","Moved Permanently","true","_self","","Absolute","//body/div/div/div[@id='site-root']/div/footer/div[@class='U4Bvut']/div[@class='CJF7A2']/div/div/section/div[@class='V5AUxf']/div/div[2]/div/div[@id='comp-kc01gkgm']/p/span/span/span/span[@class='wixui-rich-text__text'][2]/a","Footer","HTML"
"Hyperlink","https://www.lifeusa.org/post/how-violence-and-war-affect-children-worldwide-and-how-you-can-help","https://www.lifeusa.org/emergency","0","","Emergency Relief","301","Moved Permanently","true","_self","","Absolute","//body/div/div/div[@id='site-root']/div/footer/div[@class='U4Bvut']/div[@class='CJF7A2']/div/div/section/div[@class='V5AUxf']/div/div[2]/div/div[@id='comp-kc01gkgm']/p/span/span/span/span[@class='wixui-rich-text__text'][2]/a","Footer","HTML"
"Hyperlink","https://www.lifeusa.org/post/what-happens-when-you-can-t-see-in-a-refugee-camp","https://www.lifeusa.org/emergency","0","","Emergency Relief","301","Moved Permanently","true","_self","","Absolute","//body/div/div/div[@id='site-root']/div/footer/div[@class='U4Bvut']/div[@class='CJF7A2']/div/div/section/div[@class='V5AUxf']/div/div[2]/div/div[@id='comp-kc01gkgm']/p/span/span/span/span[@class='wixui-rich-text__text'][2]/a","Footer","HTML"
"Hyperlink","https://www.lifeusa.org/post/the-challenges-humanitarian-organizations-face-after-conflict-ends","https://www.lifeusa.org/emergency","0","","Emergency Relief","301","Moved Permanently","true","_self","","Absolute","//body/div/div/div[@id='site-root']/div/footer/div[@class='U4Bvut']/div[@class='CJF7A2']/div/div/section/div[@class='V5AUxf']/div/div[2]/div/div[@id='comp-kc01gkgm']/p/span/span/span/span[@class='wixui-rich-text__text'][2]/a","Footer","HTML"
"Hyperlink","https://www.lifeusa.org/post/the-power-of-listening-and-how-to-harness-it","https://www.lifeusa.org/emergency","0","","Emergency Relief","301","Moved Permanently","true","_self","","Absolute","//body/div/div/div[@id='site-root']/div/footer/div[@class='U4Bvut']/div[@class='CJF7A2']/div/div/section/div[@class='V5AUxf']/div/div[2]/div/div[@id='comp-kc01gkgm']/p/span/span/span/span[@class='wixui-rich-text__text'][2]/a","Footer","HTML"
"Hyperlink","https://www.lifeusa.org/post/monsoon-flood-in-northern-pakistan-takes-everything-from-villagers-life-usa-helps-families-rebuild","https://www.lifeusa.org/emergency","0","","Emergency Relief","301","Moved Permanently","true","_self","","Absolute","//body/div/div/div[@id='site-root']/div/footer/div[@class='U4Bvut']/div[@class='CJF7A2']/div/div/section/div[@class='V5AUxf']/div/div[2]/div/div[@id='comp-kc01gkgm']/p/span/span/span/span[@class='wixui-rich-text__text'][2]/a","Footer","HTML"
"Hyperlink","https://www.lifeusa.org/post/life-s-orphan-sponsorships-keep-children-warm-and-in-school-during-the-winter-months-in-pakistan","https://www.lifeusa.org/emergency","0","","Emergency Relief","301","Moved Permanently","true","_self","","Absolute","//body/div/div/div[@id='site-root']/div/footer/div[@class='U4Bvut']/div[@class='CJF7A2']/div/div/section/div[@class='V5AUxf']/div/div[2]/div/div[@id='comp-kc01gkgm']/p/span/span/span/span[@class='wixui-rich-text__text'][2]/a","Footer","HTML"
"Hyperlink","https://www.lifeusa.org/post/life-supports-mothers-and-orphans-in-gaza-with-critical-baby-formula-and-other-essentials","https://www.lifeusa.org/emergency","0","","Emergency Relief","301","Moved Permanently","true","_self","","Absolute","//body/div/div/div[@id='site-root']/div/footer/div[@class='U4Bvut']/div[@class='CJF7A2']/div/div/section/div[@class='V5AUxf']/div/div[2]/div/div[@id='comp-kc01gkgm']/p/span/span/span/span[@class='wixui-rich-text__text'][2]/a","Footer","HTML"
"Hyperlink","https://www.lifeusa.org/post/hope-returns-to-the-classroom-through-life-for-relief-and-development-life-s-orphan-sponsorship-in","https://www.lifeusa.org/emergency","0","","Emergency Relief","301","Moved Permanently","true","_self","","Absolute","//body/div/div/div[@id='site-root']/div/footer/div[@class='U4Bvut']/div[@class='CJF7A2']/div/div/section/div[@class='V5AUxf']/div/div[2]/div/div[@id='comp-kc01gkgm']/p/span/span/span/span[@class='wixui-rich-text__text'][2]/a","Footer","HTML"
"Hyperlink","https://www.lifeusa.org/post/with-life-water-wells-comes-a-renewed-stability-and-health-for-1-800-people-in-niger","https://www.lifeusa.org/emergency","0","","Emergency Relief","301","Moved Permanently","true","_self","","Absolute","//body/div/div/div[@id='site-root']/div/footer/div[@class='U4Bvut']/div[@class='CJF7A2']/div/div/section/div[@class='V5AUxf']/div/div[2]/div/div[@id='comp-kc01gkgm']/p/span/span/span/span[@class='wixui-rich-text__text'][2]/a","Footer","HTML"
"Hyperlink","https://www.lifeusa.org/post/in-a-tanzanian-village-water-finally-flows-close-to-home","https://www.lifeusa.org/emergency","0","","Emergency Relief","301","Moved Permanently","true","_self","","Absolute","//body/div/div/div[@id='site-root']/div/footer/div[@class='U4Bvut']/div[@class='CJF7A2']/div/div/section/div[@class='V5AUxf']/div/div[2]/div/div[@id='comp-kc01gkgm']/p/span/span/span/span[@class='wixui-rich-text__text'][2]/a","Footer","HTML"
"Hyperlink","https://www.lifeusa.org/post/life-continues-saving-lives-in-gaza-as-emergency-food-and-water-relief-reaches-thousands","https://www.lifeusa.org/emergency","0","","Emergency Relief","301","Moved Permanently","true","_self","","Absolute","//body/div/div/div[@id='site-root']/div/footer/div[@class='U4Bvut']/div[@class='CJF7A2']/div/div/section/div[@class='V5AUxf']/div/div[2]/div/div[@id='comp-kc01gkgm']/p/span/span/span/span[@class='wixui-rich-text__text'][2]/a","Footer","HTML"
"Hyperlink","https://www.lifeusa.org/post/life-supporting-orphans-families-gaza","https://www.lifeusa.org/emergency","0","","Emergency Relief","301","Moved Permanently","true","_self","","Absolute","//body/div/div/div[@id='site-root']/div/footer/div[@class='U4Bvut']/div[@class='CJF7A2']/div/div/section/div[@class='V5AUxf']/div/div[2]/div/div[@id='comp-kc01gkgm']/p/span/span/span/span[@class='wixui-rich-text__text'][2]/a","Footer","HTML"
"Hyperlink","https://www.lifeusa.org/post/fighting-hunger-in-somalia-life-for-relief-and-development-life-s-food-distribution-reaches-displ","https://www.lifeusa.org/emergency","0","","Emergency Relief","301","Moved Permanently","true","_self","","Absolute","//body/div/div/div[@id='site-root']/div/footer/div[@class='U4Bvut']/div[@class='CJF7A2']/div/div/section/div[@class='V5AUxf']/div/div[2]/div/div[@id='comp-kc01gkgm']/p/span/span/span/span[@class='wixui-rich-text__text'][2]/a","Footer","HTML"
"Hyperlink","https://www.lifeusa.org/post/life-for-relief-and-development-life-usa-restores-shelter-and-safety-for-8-050-displaced-individua","https://www.lifeusa.org/emergency","0","","Emergency Relief","301","Moved Permanently","true","_self","","Absolute","//body/div/div/div[@id='site-root']/div/footer/div[@class='U4Bvut']/div[@class='CJF7A2']/div/div/section/div[@class='V5AUxf']/div/div[2]/div/div[@id='comp-kc01gkgm']/p/span/span/span/span[@class='wixui-rich-text__text'][2]/a","Footer","HTML"
"Hyperlink","https://www.lifeusa.org/post/new-solar-powered-water-wells-bring-clean-water-to-3-300-people-in-pakistan","https://www.lifeusa.org/emergency","0","","Emergency Relief","301","Moved Permanently","true","_self","","Absolute","//body/div/div/div[@id='site-root']/div/footer/div[@class='U4Bvut']/div[@class='CJF7A2']/div/div/section/div[@class='V5AUxf']/div/div[2]/div/div[@id='comp-kc01gkgm']/p/span/span/span/span[@class='wixui-rich-text__text'][2]/a","Footer","HTML"
"Hyperlink","https://www.lifeusa.org/post/life-provides-medical-student-scholarships-in-the-west-bank","https://www.lifeusa.org/emergency","0","","Emergency Relief","301","Moved Permanently","true","_self","","Absolute","//body/div/div/div[@id='site-root']/div/footer/div[@class='U4Bvut']/div[@class='CJF7A2']/div/div/section/div[@class='V5AUxf']/div/div[2]/div/div[@id='comp-kc01gkgm']/p/span/span/span/span[@class='wixui-rich-text__text'][2]/a","Footer","HTML"
"Hyperlink","https://www.lifeusa.org/post/life-for-relief-and-development-protects-5-000-children-from-harsh-winter-conditions-in-gaza","https://www.lifeusa.org/emergency","0","","Emergency Relief","301","Moved Permanently","true","_self","","Absolute","//body/div/div/div[@id='site-root']/div/footer/div[@class='U4Bvut']/div[@class='CJF7A2']/div/div/section/div[@class='V5AUxf']/div/div[2]/div/div[@id='comp-kc01gkgm']/p/span/span/span/span[@class='wixui-rich-text__text'][2]/a","Footer","HTML"
"Hyperlink","https://www.lifeusa.org/post/life-for-relief-and-development-sustains-higher-education-in-syria","https://www.lifeusa.org/emergency","0","","Emergency Relief","301","Moved Permanently","true","_self","","Absolute","//body/div/div/div[@id='site-root']/div/footer/div[@class='U4Bvut']/div[@class='CJF7A2']/div/div/section/div[@class='V5AUxf']/div/div[2]/div/div[@id='comp-kc01gkgm']/p/span/span/span/span[@class='wixui-rich-text__text'][2]/a","Footer","HTML"
"Hyperlink","https://www.lifeusa.org/post/over-1-000-orphans-across-jordan-uplifted-through-life-sponsorship-program","https://www.lifeusa.org/emergency","0","","Emergency Relief","301","Moved Permanently","true","_self","","Absolute","//body/div/div/div[@id='site-root']/div/footer/div[@class='U4Bvut']/div[@class='CJF7A2']/div/div/section/div[@class='V5AUxf']/div/div[2]/div/div[@id='comp-kc01gkgm']/p/span/span/span/span[@class='wixui-rich-text__text'][2]/a","Footer","HTML"
"Hyperlink","https://www.lifeusa.org/post/life-for-relief-and-development-life-delivers-emergency-food-and-water-assistance-in-gaza-through","https://www.lifeusa.org/emergency","0","","Emergency Relief","301","Moved Permanently","true","_self","","Absolute","//body/div/div/div[@id='site-root']/div/footer/div[@class='U4Bvut']/div[@class='CJF7A2']/div/div/section/div[@class='V5AUxf']/div/div[2]/div/div[@id='comp-kc01gkgm']/p/span/span/span/span[@class='wixui-rich-text__text'][2]/a","Footer","HTML"
"Hyperlink","https://www.lifeusa.org/post/water-stops-being-a-daily-worry-for-two-communities-in-nepal","https://www.lifeusa.org/emergency","0","","Emergency Relief","301","Moved Permanently","true","_self","","Absolute","//body/div/div/div[@id='site-root']/div/footer/div[@class='U4Bvut']/div[@class='CJF7A2']/div/div/section/div[@class='V5AUxf']/div/div[2]/div/div[@id='comp-kc01gkgm']/p/span/span/span/span[@class='wixui-rich-text__text'][2]/a","Footer","HTML"
"Hyperlink","https://www.lifeusa.org/no/tags/chicago","https://www.lifeusa.org/emergency","0","","Emergency Relief","301","Moved Permanently","true","_self","","Absolute","//body/div/div/div[@id='site-root']/div/footer/div[@class='U4Bvut']/div[@class='CJF7A2']/div/div/section/div[@class='V5AUxf']/div/div[2]/div/div[@id='comp-kc01gkgm']/p/span/span/span/span[@class='wixui-rich-text__text'][2]/a","Footer","HTML"
"Hyperlink","https://www.lifeusa.org/no/tags/usa","https://www.lifeusa.org/emergency","0","","Emergency Relief","301","Moved Permanently","true","_self","","Absolute","//body/div/div/div[@id='site-root']/div/footer/div[@class='U4Bvut']/div[@class='CJF7A2']/div/div/section/div[@class='V5AUxf']/div/div[2]/div/div[@id='comp-kc01gkgm']/p/span/span/span/span[@class='wixui-rich-text__text'][2]/a","Footer","HTML"
"Hyperlink","https://www.lifeusa.org/no/tags/philanthropy","https://www.lifeusa.org/emergency","0","","Emergency Relief","301","Moved Permanently","true","_self","","Absolute","//body/div/div/div[@id='site-root']/div/footer/div[@class='U4Bvut']/div[@class='CJF7A2']/div/div/section/div[@class='V5AUxf']/div/div[2]/div/div[@id='comp-kc01gkgm']/p/span/span/span/span[@class='wixui-rich-text__text'][2]/a","Footer","HTML"
"Hyperlink","https://www.lifeusa.org/no/tags/canada","https://www.lifeusa.org/emergency","0","","Emergency Relief","301","Moved Permanently","true","_self","","Absolute","//body/div/div/div[@id='site-root']/div/footer/div[@class='U4Bvut']/div[@class='CJF7A2']/div/div/section/div[@class='V5AUxf']/div/div[2]/div/div[@id='comp-kc01gkgm']/p/span/span/span/span[@class='wixui-rich-text__text'][2]/a","Footer","HTML"
"Hyperlink","https://www.lifeusa.org/no/hashtags/butterflyeffect","https://www.lifeusa.org/emergency","0","","Emergency Relief","301","Moved Permanently","true","_self","","Absolute","//body/div/div/div[@id='site-root']/div/footer/div[@class='U4Bvut']/div[@class='CJF7A2']/div/div/section/div[@class='V5AUxf']/div/div[2]/div/div[@id='comp-kc01gkgm']/p/span/span/span/span[@class='wixui-rich-text__text'][2]/a","Footer","HTML"
"Hyperlink","https://www.lifeusa.org/no/tags/life-blog","https://www.lifeusa.org/emergency","0","","Emergency Relief","301","Moved Permanently","true","_self","","Absolute","//body/div/div/div[@id='site-root']/div/footer/div[@class='U4Bvut']/div[@class='CJF7A2']/div/div/section/div[@class='V5AUxf']/div/div[2]/div/div[@id='comp-kc01gkgm']/p/span/span/span/span[@class='wixui-rich-text__text'][2]/a","Footer","HTML"
"Hyperlink","https://www.lifeusa.org/no/tags/england","https://www.lifeusa.org/emergency","0","","Emergency Relief","301","Moved Permanently","true","_self","","Absolute","//body/div/div/div[@id='site-root']/div/footer/div[@class='U4Bvut']/div[@class='CJF7A2']/div/div/section/div[@class='V5AUxf']/div/div[2]/div/div[@id='comp-kc01gkgm']/p/span/span/span/span[@class='wixui-rich-text__text'][2]/a","Footer","HTML"
"Hyperlink","https://www.lifeusa.org/no/tags/colorado","https://www.lifeusa.org/emergency","0","","Emergency Relief","301","Moved Permanently","true","_self","","Absolute","//body/div/div/div[@id='site-root']/div/footer/div[@class='U4Bvut']/div[@class='CJF7A2']/div/div/section/div[@class='V5AUxf']/div/div[2]/div/div[@id='comp-kc01gkgm']/p/span/span/span/span[@class='wixui-rich-text__text'][2]/a","Footer","HTML"
"Hyperlink","https://www.lifeusa.org/no/tags/charity","https://www.lifeusa.org/emergency","0","","Emergency Relief","301","Moved Permanently","true","_self","","Absolute","//body/div/div/div[@id='site-root']/div/footer/div[@class='U4Bvut']/div[@class='CJF7A2']/div/div/section/div[@class='V5AUxf']/div/div[2]/div/div[@id='comp-kc01gkgm']/p/span/span/span/span[@class='wixui-rich-text__text'][2]/a","Footer","HTML"
"Hyperlink","https://www.lifeusa.org/no/tags/maryland","https://www.lifeusa.org/emergency","0","","Emergency Relief","301","Moved Permanently","true","_self","","Absolute","//body/div/div/div[@id='site-root']/div/footer/div[@class='U4Bvut']/div[@class='CJF7A2']/div/div/section/div[@class='V5AUxf']/div/div[2]/div/div[@id='comp-kc01gkgm']/p/span/span/span/span[@class='wixui-rich-text__text'][2]/a","Footer","HTML"
"Hyperlink","https://www.lifeusa.org/no/tags/nyc","https://www.lifeusa.org/emergency","0","","Emergency Relief","301","Moved Permanently","true","_self","","Absolute","//body/div/div/div[@id='site-root']/div/footer/div[@class='U4Bvut']/div[@class='CJF7A2']/div/div/section/div[@class='V5AUxf']/div/div[2]/div/div[@id='comp-kc01gkgm']/p/span/span/span/span[@class='wixui-rich-text__text'][2]/a","Footer","HTML"
"Hyperlink","https://donate.lifeusa.org/donorportal/cart","https://www.lifeusa.org/emergency","0","","Emergency Relief","301","Moved Permanently","true","_blank","noopener noreferrer","Absolute","//body/webruntime-app/lwr-router-container/webruntime-inner-app/dxp_data_provider-user-data-provider/dxp_data_provider-data-proxy/dxp_data_provider-decision-data-provider/dxp_data_provider-data-proxy/community_byo-scoped-header-and-footer/footer/div/c-footer/section/div/div[@class='keywords']/a[2]","Header","HTML"
"Hyperlink","https://donate.lifeusa.org/donorportal/seasonal-designations","https://www.lifeusa.org/emergency","0","","Emergency Relief","301","Moved Permanently","true","_blank","noopener noreferrer","Absolute","//body/webruntime-app/lwr-router-container/webruntime-inner-app/dxp_data_provider-user-data-provider/dxp_data_provider-data-proxy/dxp_data_provider-decision-data-provider/dxp_data_provider-data-proxy/community_byo-scoped-header-and-footer/footer/div/c-footer/section/div/div[@class='keywords']/a[2]","Header","HTML"
"Hyperlink","https://www.lifeusa.org/ukrainerelief","https://www.lifeusa.org/emergency","0","","Emergency Relief","301","Moved Permanently","true","_self","","Absolute","//body/div/div/div[@id='site-root']/div/footer/div[@class='U4Bvut']/div[@class='CJF7A2']/div/div/section/div[@class='V5AUxf']/div/div[2]/div/div[@id='comp-kc01gkgm']/p/span/span/span/span[@class='wixui-rich-text__text'][2]/a","Footer","HTML"
"Hyperlink","https://www.lifeusa.org/post/clean-water-restored-through-life-for-relief-and-development-life-s-water-well-projects-in-sierra","https://www.lifeusa.org/emergency","0","","Emergency Relief","301","Moved Permanently","true","_self","","Absolute","//body/div/div/div[@id='site-root']/div/footer/div[@class='U4Bvut']/div[@class='CJF7A2']/div/div/section/div[@class='V5AUxf']/div/div[2]/div/div[@id='comp-kc01gkgm']/p/span/span/span/span[@class='wixui-rich-text__text'][2]/a","Footer","HTML"
"Hyperlink","https://www.lifeusa.org/post/clean-water-new-possibilities-through-life-for-relief-and-development-life-s-water-well-projects","https://www.lifeusa.org/emergency","0","","Emergency Relief","301","Moved Permanently","true","_self","","Absolute","//body/div/div/div[@id='site-root']/div/footer/div[@class='U4Bvut']/div[@class='CJF7A2']/div/div/section/div[@class='V5AUxf']/div/div[2]/div/div[@id='comp-kc01gkgm']/p/span/span/span/span[@class='wixui-rich-text__text'][2]/a","Footer","HTML"
"Hyperlink","https://www.lifeusa.org/post/life-for-relief-and-development-life-s-orphan-sponsorship-supports-152-children-in-indonesia","https://www.lifeusa.org/emergency","0","","Emergency Relief","301","Moved Permanently","true","_self","","Absolute","//body/div/div/div[@id='site-root']/div/footer/div[@class='U4Bvut']/div[@class='CJF7A2']/div/div/section/div[@class='V5AUxf']/div/div[2]/div/div[@id='comp-kc01gkgm']/p/span/span/span/span[@class='wixui-rich-text__text'][2]/a","Footer","HTML"
"Hyperlink","https://www.lifeusa.org/post/clean-water-for-students-as-life-for-relief-and-development-life-installs-solar-water-wells-in-pak","https://www.lifeusa.org/emergency","0","","Emergency Relief","301","Moved Permanently","true","_self","","Absolute","//body/div/div/div[@id='site-root']/div/footer/div[@class='U4Bvut']/div[@class='CJF7A2']/div/div/section/div[@class='V5AUxf']/div/div[2]/div/div[@id='comp-kc01gkgm']/p/span/span/span/span[@class='wixui-rich-text__text'][2]/a","Footer","HTML"
"Hyperlink","https://www.lifeusa.org/post/life-builds-five-clean-water-projects-across-two-regions-in-myanmar","https://www.lifeusa.org/emergency","0","","Emergency Relief","301","Moved Permanently","true","_self","","Absolute","//body/div/div/div[@id='site-root']/div/footer/div[@class='U4Bvut']/div[@class='CJF7A2']/div/div/section/div[@class='V5AUxf']/div/div[2]/div/div[@id='comp-kc01gkgm']/p/span/span/span/span[@class='wixui-rich-text__text'][2]/a","Footer","HTML"
"Hyperlink","https://www.lifeusa.org/winterrelief","https://www.lifeusa.org/emergency","0","","Emergency Relief","301","Moved Permanently","true","_self","","Absolute","//body/div/div/div[@id='site-root']/div/footer/div[@class='U4Bvut']/div[@class='CJF7A2']/div/div/section/div[@class='V5AUxf']/div/div[2]/div/div[@id='comp-kc01gkgm']/p/span/span/span/span[@class='wixui-rich-text__text'][2]/a","Footer","HTML"
"Hyperlink","https://www.lifeusa.org/sudan-emergency-relief","https://www.lifeusa.org/emergency","0","","Emergency Relief","301","Moved Permanently","true","_self","","Absolute","//body/div/div/div[@id='site-root']/div/footer/div[@class='U4Bvut']/div[@class='CJF7A2']/div/div/section/div[@class='V5AUxf']/div/div[2]/div/div[@id='comp-kc01gkgm']/p/span/span/span/span[@class='wixui-rich-text__text'][2]/a","Footer","HTML"
"Hyperlink","https://www.lifeusa.org/no/tags/ukraine","https://www.lifeusa.org/emergency","0","","Emergency Relief","301","Moved Permanently","true","_self","","Absolute","//body/div/div/div[@id='site-root']/div/footer/div[@class='U4Bvut']/div[@class='CJF7A2']/div/div/section/div[@class='V5AUxf']/div/div[2]/div/div[@id='comp-kc01gkgm']/p/span/span/span/span[@class='wixui-rich-text__text'][2]/a","Footer","HTML"
"Hyperlink","https://www.lifeusa.org/no/tags/orphans","https://www.lifeusa.org/emergency","0","","Emergency Relief","301","Moved Permanently","true","_self","","Absolute","//body/div/div/div[@id='site-root']/div/footer/div[@class='U4Bvut']/div[@class='CJF7A2']/div/div/section/div[@class='V5AUxf']/div/div[2]/div/div[@id='comp-kc01gkgm']/p/span/span/span/span[@class='wixui-rich-text__text'][2]/a","Footer","HTML"
"Hyperlink","https://www.lifeusa.org/no/tags/palestine","https://www.lifeusa.org/emergency","0","","Emergency Relief","301","Moved Permanently","true","_self","","Absolute","//body/div/div/div[@id='site-root']/div/footer/div[@class='U4Bvut']/div[@class='CJF7A2']/div/div/section/div[@class='V5AUxf']/div/div[2]/div/div[@id='comp-kc01gkgm']/p/span/span/span/span[@class='wixui-rich-text__text'][2]/a","Footer","HTML"
"Hyperlink","https://www.lifeusa.org/no/tags/orphan-sponsorship","https://www.lifeusa.org/emergency","0","","Emergency Relief","301","Moved Permanently","true","_self","","Absolute","//body/div/div/div[@id='site-root']/div/footer/div[@class='U4Bvut']/div[@class='CJF7A2']/div/div/section/div[@class='V5AUxf']/div/div[2]/div/div[@id='comp-kc01gkgm']/p/span/span/span/span[@class='wixui-rich-text__text'][2]/a","Footer","HTML"
"Hyperlink","https://www.lifeusa.org/no/tags/syria-1","https://www.lifeusa.org/emergency","0","","Emergency Relief","301","Moved Permanently","true","_self","","Absolute","//body/div/div/div[@id='site-root']/div/footer/div[@class='U4Bvut']/div[@class='CJF7A2']/div/div/section/div[@class='V5AUxf']/div/div[2]/div/div[@id='comp-kc01gkgm']/p/span/span/span/span[@class='wixui-rich-text__text'][2]/a","Footer","HTML"
"Hyperlink","https://www.lifeusa.org/no/tags/war","https://www.lifeusa.org/emergency","0","","Emergency Relief","301","Moved Permanently","true","_self","","Absolute","//body/div/div/div[@id='site-root']/div/footer/div[@class='U4Bvut']/div[@class='CJF7A2']/div/div/section/div[@class='V5AUxf']/div/div[2]/div/div[@id='comp-kc01gkgm']/p/span/span/span/span[@class='wixui-rich-text__text'][2]/a","Footer","HTML"
"Hyperlink","https://www.lifeusa.org/no/tags/children","https://www.lifeusa.org/emergency","0","","Emergency Relief","301","Moved Permanently","true","_self","","Absolute","//body/div/div/div[@id='site-root']/div/footer/div[@class='U4Bvut']/div[@class='CJF7A2']/div/div/section/div[@class='V5AUxf']/div/div[2]/div/div[@id='comp-kc01gkgm']/p/span/span/span/span[@class='wixui-rich-text__text'][2]/a","Footer","HTML"
"Hyperlink","https://www.lifeusa.org/no/tags/refugee","https://www.lifeusa.org/emergency","0","","Emergency Relief","301","Moved Permanently","true","_self","","Absolute","//body/div/div/div[@id='site-root']/div/footer/div[@class='U4Bvut']/div[@class='CJF7A2']/div/div/section/div[@class='V5AUxf']/div/div[2]/div/div[@id='comp-kc01gkgm']/p/span/span/span/span[@class='wixui-rich-text__text'][2]/a","Footer","HTML"
"Hyperlink","https://www.lifeusa.org/post/life-hears-the-call-in-colorado","https://www.lifeusa.org/emergency","0","","Emergency Relief","301","Moved Permanently","true","_self","","Absolute","//body/div/div/div[@id='site-root']/div/footer/div[@class='U4Bvut']/div[@class='CJF7A2']/div/div/section/div[@class='V5AUxf']/div/div[2]/div/div[@id='comp-kc01gkgm']/p/span/span/span/span[@class='wixui-rich-text__text'][2]/a","Footer","HTML"
"Hyperlink","https://www.lifeusa.org/post/life-distributes-fresh-meat-in-texas","https://www.lifeusa.org/emergency","0","","Emergency Relief","301","Moved Permanently","true","_self","","Absolute","//body/div/div/div[@id='site-root']/div/footer/div[@class='U4Bvut']/div[@class='CJF7A2']/div/div/section/div[@class='V5AUxf']/div/div[2]/div/div[@id='comp-kc01gkgm']/p/span/span/span/span[@class='wixui-rich-text__text'][2]/a","Footer","HTML"
"Hyperlink","https://www.lifeusa.org/post/hearing-the-call-southwest-florida","https://www.lifeusa.org/emergency","0","","Emergency Relief","301","Moved Permanently","true","_self","","Absolute","//body/div/div/div[@id='site-root']/div/footer/div[@class='U4Bvut']/div[@class='CJF7A2']/div/div/section/div[@class='V5AUxf']/div/div[2]/div/div[@id='comp-kc01gkgm']/p/span/span/span/span[@class='wixui-rich-text__text'][2]/a","Footer","HTML"
"Hyperlink","https://www.lifeusa.org/post/life-provides-backpacks-to-foster-youth-in-the-united-states","https://www.lifeusa.org/emergency","0","","Emergency Relief","301","Moved Permanently","true","_self","","Absolute","//body/div/div/div[@id='site-root']/div/footer/div[@class='U4Bvut']/div[@class='CJF7A2']/div/div/section/div[@class='V5AUxf']/div/div[2]/div/div[@id='comp-kc01gkgm']/p/span/span/span/span[@class='wixui-rich-text__text'][2]/a","Footer","HTML"
"Hyperlink","https://www.lifeusa.org/post/refugee-asylum-seeker-immigrant-and-migrant-what-s-the-difference","https://www.lifeusa.org/emergency","0","","Emergency Relief","301","Moved Permanently","true","_self","","Absolute","//body/div/div/div[@id='site-root']/div/footer/div[@class='U4Bvut']/div[@class='CJF7A2']/div/div/section/div[@class='V5AUxf']/div/div[2]/div/div[@id='comp-kc01gkgm']/p/span/span/span/span[@class='wixui-rich-text__text'][2]/a","Footer","HTML"
"Hyperlink","https://www.lifeusa.org/post/the-biggest-charitable-contributions-in-the-u-s-2023","https://www.lifeusa.org/emergency","0","","Emergency Relief","301","Moved Permanently","true","_self","","Absolute","//body/div/div/div[@id='site-root']/div/footer/div[@class='U4Bvut']/div[@class='CJF7A2']/div/div/section/div[@class='V5AUxf']/div/div[2]/div/div[@id='comp-kc01gkgm']/p/span/span/span/span[@class='wixui-rich-text__text'][2]/a","Footer","HTML"
"Hyperlink","https://www.lifeusa.org/post/a-summer-of-forest-fires","https://www.lifeusa.org/emergency","0","","Emergency Relief","301","Moved Permanently","true","_self","","Absolute","//body/div/div/div[@id='site-root']/div/footer/div[@class='U4Bvut']/div[@class='CJF7A2']/div/div/section/div[@class='V5AUxf']/div/div[2]/div/div[@id='comp-kc01gkgm']/p/span/span/span/span[@class='wixui-rich-text__text'][2]/a","Footer","HTML"
"Hyperlink","https://www.lifeusa.org/post/queen-elizabeth-ii-a-lifetime-of-charity","https://www.lifeusa.org/emergency","0","","Emergency Relief","301","Moved Permanently","true","_self","","Absolute","//body/div/div/div[@id='site-root']/div/footer/div[@class='U4Bvut']/div[@class='CJF7A2']/div/div/section/div[@class='V5AUxf']/div/div[2]/div/div[@id='comp-kc01gkgm']/p/span/span/span/span[@class='wixui-rich-text__text'][2]/a","Footer","HTML"
"Hyperlink","https://www.lifeusa.org/post/food-packages-maryland","https://www.lifeusa.org/emergency","0","","Emergency Relief","301","Moved Permanently","true","_self","","Absolute","//body/div/div/div[@id='site-root']/div/footer/div[@class='U4Bvut']/div[@class='CJF7A2']/div/div/section/div[@class='V5AUxf']/div/div[2]/div/div[@id='comp-kc01gkgm']/p/span/span/span/span[@class='wixui-rich-text__text'][2]/a","Footer","HTML"
"Hyperlink","https://www.lifeusa.org/post/making-houses-into-homes","https://www.lifeusa.org/emergency","0","","Emergency Relief","301","Moved Permanently","true","_self","","Absolute","//body/div/div/div[@id='site-root']/div/footer/div[@class='U4Bvut']/div[@class='CJF7A2']/div/div/section/div[@class='V5AUxf']/div/div[2]/div/div[@id='comp-kc01gkgm']/p/span/span/span/span[@class='wixui-rich-text__text'][2]/a","Footer","HTML"
"Hyperlink","https://www.lifeusa.org/post/hearing-for-the-first-time-in-years","https://www.lifeusa.org/emergency","0","","Emergency Relief","301","Moved Permanently","true","_self","","Absolute","//body/div/div/div[@id='site-root']/div/footer/div[@class='U4Bvut']/div[@class='CJF7A2']/div/div/section/div[@class='V5AUxf']/div/div[2]/div/div[@id='comp-kc01gkgm']/p/span/span/span/span[@class='wixui-rich-text__text'][2]/a","Footer","HTML"
"Hyperlink","https://www.lifeusa.org/post/hearing-aids-colorado","https://www.lifeusa.org/emergency","0","","Emergency Relief","301","Moved Permanently","true","_self","","Absolute","//body/div/div/div[@id='site-root']/div/footer/div[@class='U4Bvut']/div[@class='CJF7A2']/div/div/section/div[@class='V5AUxf']/div/div[2]/div/div[@id='comp-kc01gkgm']/p/span/span/span/span[@class='wixui-rich-text__text'][2]/a","Footer","HTML"
"Hyperlink","https://donate.lifeusa.org/donorportal/campaign?UTM_SourceCode=UkraineEmergencyRelief&CampaignID=701Vy00001QJyCHIA1","https://www.lifeusa.org/emergency","0","","Emergency Relief","301","Moved Permanently","true","_blank","noopener noreferrer","Absolute","//body/webruntime-app/lwr-router-container/webruntime-inner-app/dxp_data_provider-user-data-provider/dxp_data_provider-data-proxy/dxp_data_provider-decision-data-provider/dxp_data_provider-data-proxy/community_byo-scoped-header-and-footer/footer/div/c-footer/section/div/div[@class='keywords']/a[2]","Header","HTML"
"Hyperlink","https://www.lifeusa.org/gaza","https://www.lifeusa.org/emergency","0","","Emergency Relief","301","Moved Permanently","true","_self","","Absolute","//body/div/div/div[@id='site-root']/div/footer/div[@class='U4Bvut']/div[@class='CJF7A2']/div/div/section/div[@class='V5AUxf']/div/div[2]/div/div[@id='comp-kc01gkgm']/p/span/span/span/span[@class='wixui-rich-text__text'][2]/a","Footer","HTML"
"Hyperlink","https://www.lifeusa.org/post/life-distributes-water-tanks-to-families-in-the-gaza-strip","https://www.lifeusa.org/emergency","0","","Emergency Relief","301","Moved Permanently","true","_self","","Absolute","//body/div/div/div[@id='site-root']/div/footer/div[@class='U4Bvut']/div[@class='CJF7A2']/div/div/section/div[@class='V5AUxf']/div/div[2]/div/div[@id='comp-kc01gkgm']/p/span/span/span/span[@class='wixui-rich-text__text'][2]/a","Footer","HTML"
"Hyperlink","https://www.lifeusa.org/no/tags/syria","https://www.lifeusa.org/emergency","0","","Emergency Relief","301","Moved Permanently","true","_self","","Absolute","//body/div/div/div[@id='site-root']/div/footer/div[@class='U4Bvut']/div[@class='CJF7A2']/div/div/section/div[@class='V5AUxf']/div/div[2]/div/div[@id='comp-kc01gkgm']/p/span/span/span/span[@class='wixui-rich-text__text'][2]/a","Footer","HTML"
"Hyperlink","https://www.lifeusa.org/post/the-crucial-role-of-humanitarian-organizations-in-conflict-zones","https://www.lifeusa.org/emergency","0","","Emergency Relief","301","Moved Permanently","true","_self","","Absolute","//body/div/div/div[@id='site-root']/div/footer/div[@class='U4Bvut']/div[@class='CJF7A2']/div/div/section/div[@class='V5AUxf']/div/div[2]/div/div[@id='comp-kc01gkgm']/p/span/span/span/span[@class='wixui-rich-text__text'][2]/a","Footer","HTML"
"Hyperlink","https://www.lifeusa.org/post/life-continues-to-provide-emergency-aid-in-gaza","https://www.lifeusa.org/emergency","0","","Emergency Relief","301","Moved Permanently","true","_self","","Absolute","//body/div/div/div[@id='site-root']/div/footer/div[@class='U4Bvut']/div[@class='CJF7A2']/div/div/section/div[@class='V5AUxf']/div/div[2]/div/div[@id='comp-kc01gkgm']/p/span/span/span/span[@class='wixui-rich-text__text'][2]/a","Footer","HTML"
"Hyperlink","https://www.lifeusa.org/post/the-world-in-crisis-supporting-from-the-sidelines","https://www.lifeusa.org/emergency","0","","Emergency Relief","301","Moved Permanently","true","_self","","Absolute","//body/div/div/div[@id='site-root']/div/footer/div[@class='U4Bvut']/div[@class='CJF7A2']/div/div/section/div[@class='V5AUxf']/div/div[2]/div/div[@id='comp-kc01gkgm']/p/span/span/span/span[@class='wixui-rich-text__text'][2]/a","Footer","HTML"
"Hyperlink","https://www.lifeusa.org/post/it-s-okay-to-cry-the-ukrainian-refugee-mental-health-crisis","https://www.lifeusa.org/emergency","0","","Emergency Relief","301","Moved Permanently","true","_self","","Absolute","//body/div/div/div[@id='site-root']/div/footer/div[@class='U4Bvut']/div[@class='CJF7A2']/div/div/section/div[@class='V5AUxf']/div/div[2]/div/div[@id='comp-kc01gkgm']/p/span/span/span/span[@class='wixui-rich-text__text'][2]/a","Footer","HTML"
"Hyperlink","https://www.lifeusa.org/post/walk-532-59-miles-in-the-shoes-of-a-ukrainian-refugee","https://www.lifeusa.org/emergency","0","","Emergency Relief","301","Moved Permanently","true","_self","","Absolute","//body/div/div/div[@id='site-root']/div/footer/div[@class='U4Bvut']/div[@class='CJF7A2']/div/div/section/div[@class='V5AUxf']/div/div[2]/div/div[@id='comp-kc01gkgm']/p/span/span/span/span[@class='wixui-rich-text__text'][2]/a","Footer","HTML"
"Hyperlink","https://www.lifeusa.org/post/let-them-play-life-gives-every-child-a-chance-to-be-a-child-at-the-global-orphan-eid-parties","https://www.lifeusa.org/emergency","0","","Emergency Relief","301","Moved Permanently","true","_self","","Absolute","//body/div/div/div[@id='site-root']/div/footer/div[@class='U4Bvut']/div[@class='CJF7A2']/div/div/section/div[@class='V5AUxf']/div/div[2]/div/div[@id='comp-kc01gkgm']/p/span/span/span/span[@class='wixui-rich-text__text'][2]/a","Footer","HTML"
"Hyperlink","https://www.lifeusa.org/post/life-provides-emergency-relief-to-gaza","https://www.lifeusa.org/emergency","0","","Emergency Relief","301","Moved Permanently","true","_self","","Absolute","//body/div/div/div[@id='site-root']/div/footer/div[@class='U4Bvut']/div[@class='CJF7A2']/div/div/section/div[@class='V5AUxf']/div/div[2]/div/div[@id='comp-kc01gkgm']/p/span/span/span/span[@class='wixui-rich-text__text'][2]/a","Footer","HTML"
"Hyperlink","https://www.lifeusa.org/post/a-4-year-old-s-bravery-in-gaza-ahmad-s-story","https://www.lifeusa.org/emergency","0","","Give Hope to the Children of Gaza","301","Moved Permanently","true","_blank","noopener","Absolute","//body/div/div/div[@id='site-root']/div/main/div/div/div/div[@class='HT5ybB']/div/div/div/section/div[2]/div/div/div/div/div/div/div[2]/div[@id='content-wrapper']/div[@class='ZL4A4N']/div[@class='HcBlwg']/div[1]/div/div/article/div/section/div/div/div/div/div/div[@class='BjAB3']/div[45]/p/span/a","Content","HTML"
"Hyperlink","https://www.lifeusa.org/post/a-4-year-old-s-bravery-in-gaza-ahmad-s-story","https://www.lifeusa.org/emergency","0","","Emergency Relief","301","Moved Permanently","true","_self","","Absolute","//body/div/div/div[@id='site-root']/div/footer/div[@class='U4Bvut']/div[@class='CJF7A2']/div/div/section/div[@class='V5AUxf']/div/div[2]/div/div[@id='comp-kc01gkgm']/p/span/span/span/span[@class='wixui-rich-text__text'][2]/a","Footer","HTML"
"Hyperlink","https://www.lifeusa.org/post/life-provides-emergency-relief-to-gaza-1","https://www.lifeusa.org/emergency","0","","Emergency Relief","301","Moved Permanently","true","_self","","Absolute","//body/div/div/div[@id='site-root']/div/footer/div[@class='U4Bvut']/div[@class='CJF7A2']/div/div/section/div[@class='V5AUxf']/div/div[2]/div/div[@id='comp-kc01gkgm']/p/span/span/span/span[@class='wixui-rich-text__text'][2]/a","Footer","HTML"
"Hyperlink","https://www.lifeusa.org/post/gaza-s-daily-bread-life-provides-relief-to-innocent-civilians","https://www.lifeusa.org/emergency","0","","Save Lives in Gaza","301","Moved Permanently","true","_blank","noopener","Absolute","//body/div/div/div[@id='site-root']/div/main/div/div/div/div[@class='HT5ybB']/div/div/div/section/div[2]/div/div/div/div/div/div/div[2]/div[@id='content-wrapper']/div[@class='ZL4A4N']/div[@class='HcBlwg']/div[1]/div/div/article/div/section/div/div/div/div/div/div[@class='BjAB3']/div[39]/p/span/a","Content","HTML"
"Hyperlink","https://www.lifeusa.org/post/gaza-s-daily-bread-life-provides-relief-to-innocent-civilians","https://www.lifeusa.org/emergency","0","","Emergency Relief","301","Moved Permanently","true","_self","","Absolute","//body/div/div/div[@id='site-root']/div/footer/div[@class='U4Bvut']/div[@class='CJF7A2']/div/div/section/div[@class='V5AUxf']/div/div[2]/div/div[@id='comp-kc01gkgm']/p/span/span/span/span[@class='wixui-rich-text__text'][2]/a","Footer","HTML"
"Hyperlink","https://www.lifeusa.org/post/who-will-watch-over-the-orphans-of-gaza","https://www.lifeusa.org/emergency","0","","Give to the Innocent Children of Gaza","301","Moved Permanently","true","_blank","noopener","Absolute","//body/div/div/div[@id='site-root']/div/main/div/div/div/div[@class='HT5ybB']/div/div/div/section/div[2]/div/div/div/div/div/div/div[2]/div[@id='content-wrapper']/div[@class='ZL4A4N']/div[@class='HcBlwg']/div[1]/div/div/article/div/section/div/div/div/div/div/div[@class='BjAB3']/div[22]/p/span/a","Content","HTML"
"Hyperlink","https://www.lifeusa.org/post/who-will-watch-over-the-orphans-of-gaza","https://www.lifeusa.org/emergency","0","","Emergency Relief","301","Moved Permanently","true","_self","","Absolute","//body/div/div/div[@id='site-root']/div/footer/div[@class='U4Bvut']/div[@class='CJF7A2']/div/div/section/div[@class='V5AUxf']/div/div[2]/div/div[@id='comp-kc01gkgm']/p/span/span/span/span[@class='wixui-rich-text__text'][2]/a","Footer","HTML"
"Hyperlink","https://www.lifeusa.org/post/aiding-in-gaza-s-shelter-crisis","https://www.lifeusa.org/emergency","0","","Emergency Relief","301","Moved Permanently","true","_self","","Absolute","//body/div/div/div[@id='site-root']/div/footer/div[@class='U4Bvut']/div[@class='CJF7A2']/div/div/section/div[@class='V5AUxf']/div/div[2]/div/div[@id='comp-kc01gkgm']/p/span/span/span/span[@class='wixui-rich-text__text'][2]/a","Footer","HTML"
"Hyperlink","https://www.lifeusa.org/post/the-leading-causes-of-orphans-today","https://www.lifeusa.org/emergency","0","","Emergency Relief","301","Moved Permanently","true","_self","","Absolute","//body/div/div/div[@id='site-root']/div/footer/div[@class='U4Bvut']/div[@class='CJF7A2']/div/div/section/div[@class='V5AUxf']/div/div[2]/div/div[@id='comp-kc01gkgm']/p/span/span/span/span[@class='wixui-rich-text__text'][2]/a","Footer","HTML"
"Hyperlink","https://www.lifeusa.org/post/life-for-relief-and-development-life-ambulance-and-distributed-aid-save-countless-lives-after-airs","https://www.lifeusa.org/emergency","0","","Emergency Relief","301","Moved Permanently","true","_self","","Absolute","//body/div/div/div[@id='site-root']/div/footer/div[@class='U4Bvut']/div[@class='CJF7A2']/div/div/section/div[@class='V5AUxf']/div/div[2]/div/div[@id='comp-kc01gkgm']/p/span/span/span/span[@class='wixui-rich-text__text'][2]/a","Footer","HTML"
"Hyperlink","https://www.lifeusa.org/post/what-causes-earthquakes-and-how-they-affect-people","https://www.lifeusa.org/emergency","0","","Emergency Relief","301","Moved Permanently","true","_self","","Absolute","//body/div/div/div[@id='site-root']/div/footer/div[@class='U4Bvut']/div[@class='CJF7A2']/div/div/section/div[@class='V5AUxf']/div/div[2]/div/div[@id='comp-kc01gkgm']/p/span/span/span/span[@class='wixui-rich-text__text'][2]/a","Footer","HTML"
"Hyperlink","https://www.lifeusa.org/post/no-assistance-in-their-time-of-need","https://www.lifeusa.org/emergency","0","","Emergency Relief","301","Moved Permanently","true","_self","","Absolute","//body/div/div/div[@id='site-root']/div/footer/div[@class='U4Bvut']/div[@class='CJF7A2']/div/div/section/div[@class='V5AUxf']/div/div[2]/div/div[@id='comp-kc01gkgm']/p/span/span/span/span[@class='wixui-rich-text__text'][2]/a","Footer","HTML"
"Hyperlink","https://www.lifeusa.org/post/life-s-education-initiatives-in-syria-generate-positive-outcomes-in-enrollment-and-graduation-rate-t","https://www.lifeusa.org/emergency","0","","Emergency Relief","301","Moved Permanently","true","_self","","Absolute","//body/div/div/div[@id='site-root']/div/footer/div[@class='U4Bvut']/div[@class='CJF7A2']/div/div/section/div[@class='V5AUxf']/div/div[2]/div/div[@id='comp-kc01gkgm']/p/span/span/span/span[@class='wixui-rich-text__text'][2]/a","Footer","HTML"
"Hyperlink","https://www.lifeusa.org/post/3-inspiring-ways-to-give-back-to-refugees-this-year","https://www.lifeusa.org/emergency","0","","Emergency Relief","301","Moved Permanently","true","_self","","Absolute","//body/div/div/div[@id='site-root']/div/footer/div[@class='U4Bvut']/div[@class='CJF7A2']/div/div/section/div[@class='V5AUxf']/div/div[2]/div/div[@id='comp-kc01gkgm']/p/span/span/span/span[@class='wixui-rich-text__text'][2]/a","Footer","HTML"
"Hyperlink","https://www.lifeusa.org/post/life-promotes-integrative-healthcare-for-rohingya-refugees-with-the-launch-of-vital-eye-care-clinic","https://www.lifeusa.org/emergency","0","","Emergency Relief","301","Moved Permanently","true","_self","","Absolute","//body/div/div/div[@id='site-root']/div/footer/div[@class='U4Bvut']/div[@class='CJF7A2']/div/div/section/div[@class='V5AUxf']/div/div[2]/div/div[@id='comp-kc01gkgm']/p/span/span/span/span[@class='wixui-rich-text__text'][2]/a","Footer","HTML"
"Hyperlink","https://www.lifeusa.org/no/tags/mental-health","https://www.lifeusa.org/emergency","0","","Emergency Relief","301","Moved Permanently","true","_self","","Absolute","//body/div/div/div[@id='site-root']/div/footer/div[@class='U4Bvut']/div[@class='CJF7A2']/div/div/section/div[@class='V5AUxf']/div/div[2]/div/div[@id='comp-kc01gkgm']/p/span/span/span/span[@class='wixui-rich-text__text'][2]/a","Footer","HTML"
"Hyperlink","https://www.lifeusa.org/no/tags/afghanistan","https://www.lifeusa.org/emergency","0","","Emergency Relief","301","Moved Permanently","true","_self","","Absolute","//body/div/div/div[@id='site-root']/div/footer/div[@class='U4Bvut']/div[@class='CJF7A2']/div/div/section/div[@class='V5AUxf']/div/div[2]/div/div[@id='comp-kc01gkgm']/p/span/span/span/span[@class='wixui-rich-text__text'][2]/a","Footer","HTML"
"Hyperlink","https://www.lifeusa.org/no/tags/earthquake","https://www.lifeusa.org/emergency","0","","Emergency Relief","301","Moved Permanently","true","_self","","Absolute","//body/div/div/div[@id='site-root']/div/footer/div[@class='U4Bvut']/div[@class='CJF7A2']/div/div/section/div[@class='V5AUxf']/div/div[2]/div/div[@id='comp-kc01gkgm']/p/span/span/span/span[@class='wixui-rich-text__text'][2]/a","Footer","HTML"
"Hyperlink","https://www.lifeusa.org/no/tags/emergency-relief","https://www.lifeusa.org/emergency","0","","Emergency Relief","301","Moved Permanently","true","_self","","Absolute","//body/div/div/div[@id='site-root']/div/footer/div[@class='U4Bvut']/div[@class='CJF7A2']/div/div/section/div[@class='V5AUxf']/div/div[2]/div/div[@id='comp-kc01gkgm']/p/span/span/span/span[@class='wixui-rich-text__text'][2]/a","Footer","HTML"
"Hyperlink","https://www.lifeusa.org/no/tags/gaza-1","https://www.lifeusa.org/emergency","0","","Emergency Relief","301","Moved Permanently","true","_self","","Absolute","//body/div/div/div[@id='site-root']/div/footer/div[@class='U4Bvut']/div[@class='CJF7A2']/div/div/section/div[@class='V5AUxf']/div/div[2]/div/div[@id='comp-kc01gkgm']/p/span/span/span/span[@class='wixui-rich-text__text'][2]/a","Footer","HTML"
"Hyperlink","https://www.lifeusa.org/no/tags/water-tanks","https://www.lifeusa.org/emergency","0","","Emergency Relief","301","Moved Permanently","true","_self","","Absolute","//body/div/div/div[@id='site-root']/div/footer/div[@class='U4Bvut']/div[@class='CJF7A2']/div/div/section/div[@class='V5AUxf']/div/div[2]/div/div[@id='comp-kc01gkgm']/p/span/span/span/span[@class='wixui-rich-text__text'][2]/a","Footer","HTML"
"Hyperlink","https://www.lifeusa.org/no/tags/community-development","https://www.lifeusa.org/emergency","0","","Emergency Relief","301","Moved Permanently","true","_self","","Absolute","//body/div/div/div[@id='site-root']/div/footer/div[@class='U4Bvut']/div[@class='CJF7A2']/div/div/section/div[@class='V5AUxf']/div/div[2]/div/div[@id='comp-kc01gkgm']/p/span/span/span/span[@class='wixui-rich-text__text'][2]/a","Footer","HTML"
"Hyperlink","https://www.lifeusa.org/no/tags/food-baskets","https://www.lifeusa.org/emergency","0","","Emergency Relief","301","Moved Permanently","true","_self","","Absolute","//body/div/div/div[@id='site-root']/div/footer/div[@class='U4Bvut']/div[@class='CJF7A2']/div/div/section/div[@class='V5AUxf']/div/div[2]/div/div[@id='comp-kc01gkgm']/p/span/span/span/span[@class='wixui-rich-text__text'][2]/a","Footer","HTML"
"Hyperlink","https://www.lifeusa.org/no/tags/queen-elizabeth","https://www.lifeusa.org/emergency","0","","Emergency Relief","301","Moved Permanently","true","_self","","Absolute","//body/div/div/div[@id='site-root']/div/footer/div[@class='U4Bvut']/div[@class='CJF7A2']/div/div/section/div[@class='V5AUxf']/div/div[2]/div/div[@id='comp-kc01gkgm']/p/span/span/span/span[@class='wixui-rich-text__text'][2]/a","Footer","HTML"
"Hyperlink","https://www.lifeusa.org/no/tags/fire","https://www.lifeusa.org/emergency","0","","Emergency Relief","301","Moved Permanently","true","_self","","Absolute","//body/div/div/div[@id='site-root']/div/footer/div[@class='U4Bvut']/div[@class='CJF7A2']/div/div/section/div[@class='V5AUxf']/div/div[2]/div/div[@id='comp-kc01gkgm']/p/span/span/span/span[@class='wixui-rich-text__text'][2]/a","Footer","HTML"
"Hyperlink","https://www.lifeusa.org/no/tags/forest-fire","https://www.lifeusa.org/emergency","0","","Emergency Relief","301","Moved Permanently","true","_self","","Absolute","//body/div/div/div[@id='site-root']/div/footer/div[@class='U4Bvut']/div[@class='CJF7A2']/div/div/section/div[@class='V5AUxf']/div/div[2]/div/div[@id='comp-kc01gkgm']/p/span/span/span/span[@class='wixui-rich-text__text'][2]/a","Footer","HTML"
"Hyperlink","https://www.lifeusa.org/no/tags/amazon","https://www.lifeusa.org/emergency","0","","Emergency Relief","301","Moved Permanently","true","_self","","Absolute","//body/div/div/div[@id='site-root']/div/footer/div[@class='U4Bvut']/div[@class='CJF7A2']/div/div/section/div[@class='V5AUxf']/div/div[2]/div/div[@id='comp-kc01gkgm']/p/span/span/span/span[@class='wixui-rich-text__text'][2]/a","Footer","HTML"
"Hyperlink","https://www.lifeusa.org/no/tags/jeff-bezos","https://www.lifeusa.org/emergency","0","","Emergency Relief","301","Moved Permanently","true","_self","","Absolute","//body/div/div/div[@id='site-root']/div/footer/div[@class='U4Bvut']/div[@class='CJF7A2']/div/div/section/div[@class='V5AUxf']/div/div[2]/div/div[@id='comp-kc01gkgm']/p/span/span/span/span[@class='wixui-rich-text__text'][2]/a","Footer","HTML"
"Hyperlink","https://www.lifeusa.org/no/tags/bill-gates","https://www.lifeusa.org/emergency","0","","Emergency Relief","301","Moved Permanently","true","_self","","Absolute","//body/div/div/div[@id='site-root']/div/footer/div[@class='U4Bvut']/div[@class='CJF7A2']/div/div/section/div[@class='V5AUxf']/div/div[2]/div/div[@id='comp-kc01gkgm']/p/span/span/span/span[@class='wixui-rich-text__text'][2]/a","Footer","HTML"
"Hyperlink","https://www.lifeusa.org/no/tags/refugee-assistance","https://www.lifeusa.org/emergency","0","","Emergency Relief","301","Moved Permanently","true","_self","","Absolute","//body/div/div/div[@id='site-root']/div/footer/div[@class='U4Bvut']/div[@class='CJF7A2']/div/div/section/div[@class='V5AUxf']/div/div[2]/div/div[@id='comp-kc01gkgm']/p/span/span/span/span[@class='wixui-rich-text__text'][2]/a","Footer","HTML"
"Hyperlink","https://www.lifeusa.org/no/tags/back-to-school","https://www.lifeusa.org/emergency","0","","Emergency Relief","301","Moved Permanently","true","_self","","Absolute","//body/div/div/div[@id='site-root']/div/footer/div[@class='U4Bvut']/div[@class='CJF7A2']/div/div/section/div[@class='V5AUxf']/div/div[2]/div/div[@id='comp-kc01gkgm']/p/span/span/span/span[@class='wixui-rich-text__text'][2]/a","Footer","HTML"
"Hyperlink","https://www.lifeusa.org/no/tags/florida","https://www.lifeusa.org/emergency","0","","Emergency Relief","301","Moved Permanently","true","_self","","Absolute","//body/div/div/div[@id='site-root']/div/footer/div[@class='U4Bvut']/div[@class='CJF7A2']/div/div/section/div[@class='V5AUxf']/div/div[2]/div/div[@id='comp-kc01gkgm']/p/span/span/span/span[@class='wixui-rich-text__text'][2]/a","Footer","HTML"
"Hyperlink","https://www.lifeusa.org/no/tags/hearing-aids","https://www.lifeusa.org/emergency","0","","Emergency Relief","301","Moved Permanently","true","_self","","Absolute","//body/div/div/div[@id='site-root']/div/footer/div[@class='U4Bvut']/div[@class='CJF7A2']/div/div/section/div[@class='V5AUxf']/div/div[2]/div/div[@id='comp-kc01gkgm']/p/span/span/span/span[@class='wixui-rich-text__text'][2]/a","Footer","HTML"
"Hyperlink","https://www.lifeusa.org/no/tags/texas","https://www.lifeusa.org/emergency","0","","Emergency Relief","301","Moved Permanently","true","_self","","Absolute","//body/div/div/div[@id='site-root']/div/footer/div[@class='U4Bvut']/div[@class='CJF7A2']/div/div/section/div[@class='V5AUxf']/div/div[2]/div/div[@id='comp-kc01gkgm']/p/span/span/span/span[@class='wixui-rich-text__text'][2]/a","Footer","HTML"
"Hyperlink","https://www.lifeusa.org/no/tags/rohingya","https://www.lifeusa.org/emergency","0","","Emergency Relief","301","Moved Permanently","true","_self","","Absolute","//body/div/div/div[@id='site-root']/div/footer/div[@class='U4Bvut']/div[@class='CJF7A2']/div/div/section/div[@class='V5AUxf']/div/div[2]/div/div[@id='comp-kc01gkgm']/p/span/span/span/span[@class='wixui-rich-text__text'][2]/a","Footer","HTML"
"Hyperlink","https://www.lifeusa.org/no/tags/health","https://www.lifeusa.org/emergency","0","","Emergency Relief","301","Moved Permanently","true","_self","","Absolute","//body/div/div/div[@id='site-root']/div/footer/div[@class='U4Bvut']/div[@class='CJF7A2']/div/div/section/div[@class='V5AUxf']/div/div[2]/div/div[@id='comp-kc01gkgm']/p/span/span/span/span[@class='wixui-rich-text__text'][2]/a","Footer","HTML"
"Hyperlink","https://www.lifeusa.org/no/tags/bangladesh-1","https://www.lifeusa.org/emergency","0","","Emergency Relief","301","Moved Permanently","true","_self","","Absolute","//body/div/div/div[@id='site-root']/div/footer/div[@class='U4Bvut']/div[@class='CJF7A2']/div/div/section/div[@class='V5AUxf']/div/div[2]/div/div[@id='comp-kc01gkgm']/p/span/span/span/span[@class='wixui-rich-text__text'][2]/a","Footer","HTML"
"Hyperlink","https://www.lifeusa.org/no/tags/education","https://www.lifeusa.org/emergency","0","","Emergency Relief","301","Moved Permanently","true","_self","","Absolute","//body/div/div/div[@id='site-root']/div/footer/div[@class='U4Bvut']/div[@class='CJF7A2']/div/div/section/div[@class='V5AUxf']/div/div[2]/div/div[@id='comp-kc01gkgm']/p/span/span/span/span[@class='wixui-rich-text__text'][2]/a","Footer","HTML"
"Hyperlink","https://www.lifeusa.org/no/tags/life-for-relief-and-development-usa","https://www.lifeusa.org/emergency","0","","Emergency Relief","301","Moved Permanently","true","_self","","Absolute","//body/div/div/div[@id='site-root']/div/footer/div[@class='U4Bvut']/div[@class='CJF7A2']/div/div/section/div[@class='V5AUxf']/div/div[2]/div/div[@id='comp-kc01gkgm']/p/span/span/span/span[@class='wixui-rich-text__text'][2]/a","Footer","HTML"
"Hyperlink","https://www.lifeusa.org/no/tags/turkey","https://www.lifeusa.org/emergency","0","","Emergency Relief","301","Moved Permanently","true","_self","","Absolute","//body/div/div/div[@id='site-root']/div/footer/div[@class='U4Bvut']/div[@class='CJF7A2']/div/div/section/div[@class='V5AUxf']/div/div[2]/div/div[@id='comp-kc01gkgm']/p/span/span/span/span[@class='wixui-rich-text__text'][2]/a","Footer","HTML"
"Hyperlink","https://www.lifeusa.org/no/tags/jordan","https://www.lifeusa.org/emergency","0","","Emergency Relief","301","Moved Permanently","true","_self","","Absolute","//body/div/div/div[@id='site-root']/div/footer/div[@class='U4Bvut']/div[@class='CJF7A2']/div/div/section/div[@class='V5AUxf']/div/div[2]/div/div[@id='comp-kc01gkgm']/p/span/span/span/span[@class='wixui-rich-text__text'][2]/a","Footer","HTML"
"Hyperlink","https://www.lifeusa.org/post/creating-beautiful-tomorrows-in-orphans-today","https://www.lifeusa.org/emergency","0","","Emergency Relief","301","Moved Permanently","true","_self","","Absolute","//body/div/div/div[@id='site-root']/div/footer/div[@class='U4Bvut']/div[@class='CJF7A2']/div/div/section/div[@class='V5AUxf']/div/div[2]/div/div[@id='comp-kc01gkgm']/p/span/span/span/span[@class='wixui-rich-text__text'][2]/a","Footer","HTML"
"Hyperlink","https://www.lifeusa.org/post/life-distributes-udhiyah-meat-in-jordan","https://www.lifeusa.org/emergency","0","","Emergency Relief","301","Moved Permanently","true","_self","","Absolute","//body/div/div/div[@id='site-root']/div/footer/div[@class='U4Bvut']/div[@class='CJF7A2']/div/div/section/div[@class='V5AUxf']/div/div[2]/div/div[@id='comp-kc01gkgm']/p/span/span/span/span[@class='wixui-rich-text__text'][2]/a","Footer","HTML"
"Hyperlink","https://www.lifeusa.org/post/life-s-orphan-sponsorship-program-in-lebanon-and-jordan","https://www.lifeusa.org/emergency","0","","Emergency Relief","301","Moved Permanently","true","_self","","Absolute","//body/div/div/div[@id='site-root']/div/footer/div[@class='U4Bvut']/div[@class='CJF7A2']/div/div/section/div[@class='V5AUxf']/div/div[2]/div/div[@id='comp-kc01gkgm']/p/span/span/span/span[@class='wixui-rich-text__text'][2]/a","Footer","HTML"
"Hyperlink","https://www.lifeusa.org/post/education-is-emancipation-empowering-women-today","https://www.lifeusa.org/emergency","0","","Emergency Relief","301","Moved Permanently","true","_self","","Absolute","//body/div/div/div[@id='site-root']/div/footer/div[@class='U4Bvut']/div[@class='CJF7A2']/div/div/section/div[@class='V5AUxf']/div/div[2]/div/div[@id='comp-kc01gkgm']/p/span/span/span/span[@class='wixui-rich-text__text'][2]/a","Footer","HTML"
"Hyperlink","https://www.lifeusa.org/no/tags/orphan","https://www.lifeusa.org/emergency","0","","Emergency Relief","301","Moved Permanently","true","_self","","Absolute","//body/div/div/div[@id='site-root']/div/footer/div[@class='U4Bvut']/div[@class='CJF7A2']/div/div/section/div[@class='V5AUxf']/div/div[2]/div/div[@id='comp-kc01gkgm']/p/span/span/span/span[@class='wixui-rich-text__text'][2]/a","Footer","HTML"
"Hyperlink","https://www.lifeusa.org/post/hearing-the-call-louisiana","https://www.lifeusa.org/emergency","0","","Emergency Relief","301","Moved Permanently","true","_self","","Absolute","//body/div/div/div[@id='site-root']/div/footer/div[@class='U4Bvut']/div[@class='CJF7A2']/div/div/section/div[@class='V5AUxf']/div/div[2]/div/div[@id='comp-kc01gkgm']/p/span/span/span/span[@class='wixui-rich-text__text'][2]/a","Footer","HTML"
"Hyperlink","https://www.lifeusa.org/post/back-to-school-in-kenya","https://www.lifeusa.org/emergency","0","","Emergency Relief","301","Moved Permanently","true","_self","","Absolute","//body/div/div/div[@id='site-root']/div/footer/div[@class='U4Bvut']/div[@class='CJF7A2']/div/div/section/div[@class='V5AUxf']/div/div[2]/div/div[@id='comp-kc01gkgm']/p/span/span/span/span[@class='wixui-rich-text__text'][2]/a","Footer","HTML"
"Hyperlink","https://www.lifeusa.org/post/back-to-school-project-haiti","https://www.lifeusa.org/emergency","0","","Emergency Relief","301","Moved Permanently","true","_self","","Absolute","//body/div/div/div[@id='site-root']/div/footer/div[@class='U4Bvut']/div[@class='CJF7A2']/div/div/section/div[@class='V5AUxf']/div/div[2]/div/div[@id='comp-kc01gkgm']/p/span/span/span/span[@class='wixui-rich-text__text'][2]/a","Footer","HTML"
"Hyperlink","https://www.lifeusa.org/post/back-to-school-iraq","https://www.lifeusa.org/emergency","0","","Emergency Relief","301","Moved Permanently","true","_self","","Absolute","//body/div/div/div[@id='site-root']/div/footer/div[@class='U4Bvut']/div[@class='CJF7A2']/div/div/section/div[@class='V5AUxf']/div/div[2]/div/div[@id='comp-kc01gkgm']/p/span/span/span/span[@class='wixui-rich-text__text'][2]/a","Footer","HTML"
"Hyperlink","https://www.lifeusa.org/post/food-baskets-in-bangladesh","https://www.lifeusa.org/emergency","0","","Emergency Relief","301","Moved Permanently","true","_self","","Absolute","//body/div/div/div[@id='site-root']/div/footer/div[@class='U4Bvut']/div[@class='CJF7A2']/div/div/section/div[@class='V5AUxf']/div/div[2]/div/div[@id='comp-kc01gkgm']/p/span/span/span/span[@class='wixui-rich-text__text'][2]/a","Footer","HTML"
"Hyperlink","https://www.lifeusa.org/post/the-story-of-resilience-and-hope-life-brings-joy-to-al-islah-village-in-iraq","https://www.lifeusa.org/emergency","0","","Emergency Relief","301","Moved Permanently","true","_self","","Absolute","//body/div/div/div[@id='site-root']/div/footer/div[@class='U4Bvut']/div[@class='CJF7A2']/div/div/section/div[@class='V5AUxf']/div/div[2]/div/div[@id='comp-kc01gkgm']/p/span/span/span/span[@class='wixui-rich-text__text'][2]/a","Footer","HTML"
"Hyperlink","https://www.lifeusa.org/post/life-distributes-ramadan-food-baskets-in-lebanon","https://www.lifeusa.org/emergency","0","","Emergency Relief","301","Moved Permanently","true","_self","","Absolute","//body/div/div/div[@id='site-root']/div/footer/div[@class='U4Bvut']/div[@class='CJF7A2']/div/div/section/div[@class='V5AUxf']/div/div[2]/div/div[@id='comp-kc01gkgm']/p/span/span/span/span[@class='wixui-rich-text__text'][2]/a","Footer","HTML"
"Hyperlink","https://www.lifeusa.org/post/discovering-ramadan-2024-fasting-charity-and-spiritual-nourishment","https://www.lifeusa.org/emergency","0","","Emergency Relief","301","Moved Permanently","true","_self","","Absolute","//body/div/div/div[@id='site-root']/div/footer/div[@class='U4Bvut']/div[@class='CJF7A2']/div/div/section/div[@class='V5AUxf']/div/div[2]/div/div[@id='comp-kc01gkgm']/p/span/span/span/span[@class='wixui-rich-text__text'][2]/a","Footer","HTML"
"Hyperlink","https://www.lifeusa.org/post/united-against-hunger-life-for-relief-and-development-s-life-global-expansion-is-set-to-feed-mill","https://www.lifeusa.org/emergency","0","","Emergency Relief","301","Moved Permanently","true","_self","","Absolute","//body/div/div/div[@id='site-root']/div/footer/div[@class='U4Bvut']/div[@class='CJF7A2']/div/div/section/div[@class='V5AUxf']/div/div[2]/div/div[@id='comp-kc01gkgm']/p/span/span/span/span[@class='wixui-rich-text__text'][2]/a","Footer","HTML"
"Hyperlink","https://www.lifeusa.org/post/life-distributes-ramadan-food-baskets-in-the-horn-of-africa","https://www.lifeusa.org/emergency","0","","Emergency Relief","301","Moved Permanently","true","_self","","Absolute","//body/div/div/div[@id='site-root']/div/footer/div[@class='U4Bvut']/div[@class='CJF7A2']/div/div/section/div[@class='V5AUxf']/div/div[2]/div/div[@id='comp-kc01gkgm']/p/span/span/span/span[@class='wixui-rich-text__text'][2]/a","Footer","HTML"
"Hyperlink","https://www.lifeusa.org/post/life-distributes-food-baskets-during-ramadan-in-bosnia","https://www.lifeusa.org/emergency","0","","Emergency Relief","301","Moved Permanently","true","_self","","Absolute","//body/div/div/div[@id='site-root']/div/footer/div[@class='U4Bvut']/div[@class='CJF7A2']/div/div/section/div[@class='V5AUxf']/div/div[2]/div/div[@id='comp-kc01gkgm']/p/span/span/span/span[@class='wixui-rich-text__text'][2]/a","Footer","HTML"
"Hyperlink","https://www.lifeusa.org/post/life-distributes-ramadan-food-baskets-in-haiti","https://www.lifeusa.org/emergency","0","","Emergency Relief","301","Moved Permanently","true","_self","","Absolute","//body/div/div/div[@id='site-root']/div/footer/div[@class='U4Bvut']/div[@class='CJF7A2']/div/div/section/div[@class='V5AUxf']/div/div[2]/div/div[@id='comp-kc01gkgm']/p/span/span/span/span[@class='wixui-rich-text__text'][2]/a","Footer","HTML"
"Hyperlink","https://www.lifeusa.org/post/life-provides-food-baskets-to-orphans-in-iraq","https://www.lifeusa.org/emergency","0","","Emergency Relief","301","Moved Permanently","true","_self","","Absolute","//body/div/div/div[@id='site-root']/div/footer/div[@class='U4Bvut']/div[@class='CJF7A2']/div/div/section/div[@class='V5AUxf']/div/div[2]/div/div[@id='comp-kc01gkgm']/p/span/span/span/span[@class='wixui-rich-text__text'][2]/a","Footer","HTML"
"Hyperlink","https://www.lifeusa.org/post/why-giving-makes-you-wealthier","https://www.lifeusa.org/emergency","0","","Emergency Relief","301","Moved Permanently","true","_self","","Absolute","//body/div/div/div[@id='site-root']/div/footer/div[@class='U4Bvut']/div[@class='CJF7A2']/div/div/section/div[@class='V5AUxf']/div/div[2]/div/div[@id='comp-kc01gkgm']/p/span/span/span/span[@class='wixui-rich-text__text'][2]/a","Footer","HTML"
"Hyperlink","https://www.lifeusa.org/post/sports-field-rehabilitation-in-iraq","https://www.lifeusa.org/emergency","0","","Emergency Relief","301","Moved Permanently","true","_self","","Absolute","//body/div/div/div[@id='site-root']/div/footer/div[@class='U4Bvut']/div[@class='CJF7A2']/div/div/section/div[@class='V5AUxf']/div/div[2]/div/div[@id='comp-kc01gkgm']/p/span/span/span/span[@class='wixui-rich-text__text'][2]/a","Footer","HTML"
"Hyperlink","https://www.lifeusa.org/post/furniture-for-new-horizon-s-ministries","https://www.lifeusa.org/emergency","0","","Emergency Relief","301","Moved Permanently","true","_self","","Absolute","//body/div/div/div[@id='site-root']/div/footer/div[@class='U4Bvut']/div[@class='CJF7A2']/div/div/section/div[@class='V5AUxf']/div/div[2]/div/div[@id='comp-kc01gkgm']/p/span/span/span/span[@class='wixui-rich-text__text'][2]/a","Footer","HTML"
"Hyperlink","https://www.lifeusa.org/post/unprecedented-flooding-in-libya-a-call-for-global-solidarity-and-action","https://www.lifeusa.org/emergency","0","","Emergency Relief","301","Moved Permanently","true","_self","","Absolute","//body/div/div/div[@id='site-root']/div/footer/div[@class='U4Bvut']/div[@class='CJF7A2']/div/div/section/div[@class='V5AUxf']/div/div[2]/div/div[@id='comp-kc01gkgm']/p/span/span/span/span[@class='wixui-rich-text__text'][2]/a","Footer","HTML"
"Hyperlink","https://www.lifeusa.org/post/how-your-donations-are-reaching-gaza-s-desperate-families-despite-all-odds","https://www.lifeusa.org/emergency","0","","Emergency Relief","301","Moved Permanently","true","_self","","Absolute","//body/div/div/div[@id='site-root']/div/footer/div[@class='U4Bvut']/div[@class='CJF7A2']/div/div/section/div[@class='V5AUxf']/div/div[2]/div/div[@id='comp-kc01gkgm']/p/span/span/span/span[@class='wixui-rich-text__text'][2]/a","Footer","HTML"
"Hyperlink","https://www.lifeusa.org/post/what-to-expect-and-how-to-prepare-for-hurricane-ian","https://www.lifeusa.org/emergency","0","","Emergency Relief","301","Moved Permanently","true","_self","","Absolute","//body/div/div/div[@id='site-root']/div/footer/div[@class='U4Bvut']/div[@class='CJF7A2']/div/div/section/div[@class='V5AUxf']/div/div[2]/div/div[@id='comp-kc01gkgm']/p/span/span/span/span[@class='wixui-rich-text__text'][2]/a","Footer","HTML"
"Hyperlink","https://www.lifeusa.org/post/eastern-africa-is-on-fire","https://www.lifeusa.org/emergency","0","","Emergency Relief","301","Moved Permanently","true","_self","","Absolute","//body/div/div/div[@id='site-root']/div/footer/div[@class='U4Bvut']/div[@class='CJF7A2']/div/div/section/div[@class='V5AUxf']/div/div[2]/div/div[@id='comp-kc01gkgm']/p/span/span/span/span[@class='wixui-rich-text__text'][2]/a","Footer","HTML"
"Hyperlink","https://www.lifeusa.org/post/stuck-between-burning-fire-and-freezing-ice","https://www.lifeusa.org/emergency","0","","Emergency Relief","301","Moved Permanently","true","_self","","Absolute","//body/div/div/div[@id='site-root']/div/footer/div[@class='U4Bvut']/div[@class='CJF7A2']/div/div/section/div[@class='V5AUxf']/div/div[2]/div/div[@id='comp-kc01gkgm']/p/span/span/span/span[@class='wixui-rich-text__text'][2]/a","Footer","HTML"
"Hyperlink","https://www.lifeusa.org/post/be-the-light-this-thanksgiving","https://www.lifeusa.org/emergency","0","","Give Thanks, Give Hope","301","Moved Permanently","true","_blank","noopener","Absolute","//body/div/div/div[@id='site-root']/div/main/div/div/div/div[@class='HT5ybB']/div/div/div/section/div[2]/div/div/div/div/div/div/div[2]/div[@id='content-wrapper']/div[@class='ZL4A4N']/div[@class='HcBlwg']/div[1]/div/div/article/div/section/div/div/div/div/div/div[@class='BjAB3']/div[45]/p/span/a","Content","HTML"
"Hyperlink","https://www.lifeusa.org/post/be-the-light-this-thanksgiving","https://www.lifeusa.org/emergency","0","","Emergency Relief","301","Moved Permanently","true","_self","","Absolute","//body/div/div/div[@id='site-root']/div/footer/div[@class='U4Bvut']/div[@class='CJF7A2']/div/div/section/div[@class='V5AUxf']/div/div[2]/div/div[@id='comp-kc01gkgm']/p/span/span/span/span[@class='wixui-rich-text__text'][2]/a","Footer","HTML"
"Hyperlink","https://www.lifeusa.org/post/behind-the-label-refugee","https://www.lifeusa.org/emergency","0","","Emergency Relief","301","Moved Permanently","true","_self","","Absolute","//body/div/div/div[@id='site-root']/div/footer/div[@class='U4Bvut']/div[@class='CJF7A2']/div/div/section/div[@class='V5AUxf']/div/div[2]/div/div[@id='comp-kc01gkgm']/p/span/span/span/span[@class='wixui-rich-text__text'][2]/a","Footer","HTML"
"Hyperlink","https://www.lifeusa.org/no/tags/thanksgiving","https://www.lifeusa.org/emergency","0","","Emergency Relief","301","Moved Permanently","true","_self","","Absolute","//body/div/div/div[@id='site-root']/div/footer/div[@class='U4Bvut']/div[@class='CJF7A2']/div/div/section/div[@class='V5AUxf']/div/div[2]/div/div[@id='comp-kc01gkgm']/p/span/span/span/span[@class='wixui-rich-text__text'][2]/a","Footer","HTML"
"Hyperlink","https://www.lifeusa.org/no/tags/winter-warmth","https://www.lifeusa.org/emergency","0","","Emergency Relief","301","Moved Permanently","true","_self","","Absolute","//body/div/div/div[@id='site-root']/div/footer/div[@class='U4Bvut']/div[@class='CJF7A2']/div/div/section/div[@class='V5AUxf']/div/div[2]/div/div[@id='comp-kc01gkgm']/p/span/span/span/span[@class='wixui-rich-text__text'][2]/a","Footer","HTML"
"Hyperlink","https://www.lifeusa.org/post/life-distributes-udhiyah-meat-in-afghanistan","https://www.lifeusa.org/emergency","0","","Emergency Relief","301","Moved Permanently","true","_self","","Absolute","//body/div/div/div[@id='site-root']/div/footer/div[@class='U4Bvut']/div[@class='CJF7A2']/div/div/section/div[@class='V5AUxf']/div/div[2]/div/div[@id='comp-kc01gkgm']/p/span/span/span/span[@class='wixui-rich-text__text'][2]/a","Footer","HTML"
"Hyperlink","https://www.lifeusa.org/no/tags/somalia-1","https://www.lifeusa.org/emergency","0","","Emergency Relief","301","Moved Permanently","true","_self","","Absolute","//body/div/div/div[@id='site-root']/div/footer/div[@class='U4Bvut']/div[@class='CJF7A2']/div/div/section/div[@class='V5AUxf']/div/div[2]/div/div[@id='comp-kc01gkgm']/p/span/span/span/span[@class='wixui-rich-text__text'][2]/a","Footer","HTML"
"Hyperlink","https://www.lifeusa.org/no/tags/seasonal-projects","https://www.lifeusa.org/emergency","0","","Emergency Relief","301","Moved Permanently","true","_self","","Absolute","//body/div/div/div[@id='site-root']/div/footer/div[@class='U4Bvut']/div[@class='CJF7A2']/div/div/section/div[@class='V5AUxf']/div/div[2]/div/div[@id='comp-kc01gkgm']/p/span/span/span/span[@class='wixui-rich-text__text'][2]/a","Footer","HTML"
"Hyperlink","https://www.lifeusa.org/no/tags/hurricane-ian","https://www.lifeusa.org/emergency","0","","Emergency Relief","301","Moved Permanently","true","_self","","Absolute","//body/div/div/div[@id='site-root']/div/footer/div[@class='U4Bvut']/div[@class='CJF7A2']/div/div/section/div[@class='V5AUxf']/div/div[2]/div/div[@id='comp-kc01gkgm']/p/span/span/span/span[@class='wixui-rich-text__text'][2]/a","Footer","HTML"
"Hyperlink","https://www.lifeusa.org/no/tags/hurricane","https://www.lifeusa.org/emergency","0","","Emergency Relief","301","Moved Permanently","true","_self","","Absolute","//body/div/div/div[@id='site-root']/div/footer/div[@class='U4Bvut']/div[@class='CJF7A2']/div/div/section/div[@class='V5AUxf']/div/div[2]/div/div[@id='comp-kc01gkgm']/p/span/span/span/span[@class='wixui-rich-text__text'][2]/a","Footer","HTML"
"Hyperlink","https://www.lifeusa.org/no/tags/charity-builds-wealth","https://www.lifeusa.org/emergency","0","","Emergency Relief","301","Moved Permanently","true","_self","","Absolute","//body/div/div/div[@id='site-root']/div/footer/div[@class='U4Bvut']/div[@class='CJF7A2']/div/div/section/div[@class='V5AUxf']/div/div[2]/div/div[@id='comp-kc01gkgm']/p/span/span/span/span[@class='wixui-rich-text__text'][2]/a","Footer","HTML"
"Hyperlink","https://www.lifeusa.org/no/tags/iraq-1","https://www.lifeusa.org/emergency","0","","Emergency Relief","301","Moved Permanently","true","_self","","Absolute","//body/div/div/div[@id='site-root']/div/footer/div[@class='U4Bvut']/div[@class='CJF7A2']/div/div/section/div[@class='V5AUxf']/div/div[2]/div/div[@id='comp-kc01gkgm']/p/span/span/span/span[@class='wixui-rich-text__text'][2]/a","Footer","HTML"
"Hyperlink","https://www.lifeusa.org/no/tags/furniture","https://www.lifeusa.org/emergency","0","","Emergency Relief","301","Moved Permanently","true","_self","","Absolute","//body/div/div/div[@id='site-root']/div/footer/div[@class='U4Bvut']/div[@class='CJF7A2']/div/div/section/div[@class='V5AUxf']/div/div[2]/div/div[@id='comp-kc01gkgm']/p/span/span/span/span[@class='wixui-rich-text__text'][2]/a","Footer","HTML"
"Hyperlink","https://www.lifeusa.org/no/tags/libya","https://www.lifeusa.org/emergency","0","","Emergency Relief","301","Moved Permanently","true","_self","","Absolute","//body/div/div/div[@id='site-root']/div/footer/div[@class='U4Bvut']/div[@class='CJF7A2']/div/div/section/div[@class='V5AUxf']/div/div[2]/div/div[@id='comp-kc01gkgm']/p/span/span/span/span[@class='wixui-rich-text__text'][2]/a","Footer","HTML"
"Hyperlink","https://www.lifeusa.org/no/tags/ethiopia","https://www.lifeusa.org/emergency","0","","Emergency Relief","301","Moved Permanently","true","_self","","Absolute","//body/div/div/div[@id='site-root']/div/footer/div[@class='U4Bvut']/div[@class='CJF7A2']/div/div/section/div[@class='V5AUxf']/div/div[2]/div/div[@id='comp-kc01gkgm']/p/span/span/span/span[@class='wixui-rich-text__text'][2]/a","Footer","HTML"
"Hyperlink","https://www.lifeusa.org/no/tags/sudan","https://www.lifeusa.org/emergency","0","","Emergency Relief","301","Moved Permanently","true","_self","","Absolute","//body/div/div/div[@id='site-root']/div/footer/div[@class='U4Bvut']/div[@class='CJF7A2']/div/div/section/div[@class='V5AUxf']/div/div[2]/div/div[@id='comp-kc01gkgm']/p/span/span/span/span[@class='wixui-rich-text__text'][2]/a","Footer","HTML"
"Hyperlink","https://www.lifeusa.org/no/tags/bosnia","https://www.lifeusa.org/emergency","0","","Emergency Relief","301","Moved Permanently","true","_self","","Absolute","//body/div/div/div[@id='site-root']/div/footer/div[@class='U4Bvut']/div[@class='CJF7A2']/div/div/section/div[@class='V5AUxf']/div/div[2]/div/div[@id='comp-kc01gkgm']/p/span/span/span/span[@class='wixui-rich-text__text'][2]/a","Footer","HTML"
"Hyperlink","https://www.lifeusa.org/no/tags/uganda","https://www.lifeusa.org/emergency","0","","Emergency Relief","301","Moved Permanently","true","_self","","Absolute","//body/div/div/div[@id='site-root']/div/footer/div[@class='U4Bvut']/div[@class='CJF7A2']/div/div/section/div[@class='V5AUxf']/div/div[2]/div/div[@id='comp-kc01gkgm']/p/span/span/span/span[@class='wixui-rich-text__text'][2]/a","Footer","HTML"
"Hyperlink","https://www.lifeusa.org/no/tags/djibouti","https://www.lifeusa.org/emergency","0","","Emergency Relief","301","Moved Permanently","true","_self","","Absolute","//body/div/div/div[@id='site-root']/div/footer/div[@class='U4Bvut']/div[@class='CJF7A2']/div/div/section/div[@class='V5AUxf']/div/div[2]/div/div[@id='comp-kc01gkgm']/p/span/span/span/span[@class='wixui-rich-text__text'][2]/a","Footer","HTML"
"Hyperlink","https://www.lifeusa.org/no/tags/south-sudan","https://www.lifeusa.org/emergency","0","","Emergency Relief","301","Moved Permanently","true","_self","","Absolute","//body/div/div/div[@id='site-root']/div/footer/div[@class='U4Bvut']/div[@class='CJF7A2']/div/div/section/div[@class='V5AUxf']/div/div[2]/div/div[@id='comp-kc01gkgm']/p/span/span/span/span[@class='wixui-rich-text__text'][2]/a","Footer","HTML"
"Hyperlink","https://www.lifeusa.org/no/tags/somalia","https://www.lifeusa.org/emergency","0","","Emergency Relief","301","Moved Permanently","true","_self","","Absolute","//body/div/div/div[@id='site-root']/div/footer/div[@class='U4Bvut']/div[@class='CJF7A2']/div/div/section/div[@class='V5AUxf']/div/div[2]/div/div[@id='comp-kc01gkgm']/p/span/span/span/span[@class='wixui-rich-text__text'][2]/a","Footer","HTML"
"Hyperlink","https://www.lifeusa.org/no/tags/eritrea","https://www.lifeusa.org/emergency","0","","Emergency Relief","301","Moved Permanently","true","_self","","Absolute","//body/div/div/div[@id='site-root']/div/footer/div[@class='U4Bvut']/div[@class='CJF7A2']/div/div/section/div[@class='V5AUxf']/div/div[2]/div/div[@id='comp-kc01gkgm']/p/span/span/span/span[@class='wixui-rich-text__text'][2]/a","Footer","HTML"
"Hyperlink","https://www.lifeusa.org/no/tags/ramadan","https://www.lifeusa.org/emergency","0","","Emergency Relief","301","Moved Permanently","true","_self","","Absolute","//body/div/div/div[@id='site-root']/div/footer/div[@class='U4Bvut']/div[@class='CJF7A2']/div/div/section/div[@class='V5AUxf']/div/div[2]/div/div[@id='comp-kc01gkgm']/p/span/span/span/span[@class='wixui-rich-text__text'][2]/a","Footer","HTML"
"Hyperlink","https://www.lifeusa.org/no/tags/bangladesh","https://www.lifeusa.org/emergency","0","","Emergency Relief","301","Moved Permanently","true","_self","","Absolute","//body/div/div/div[@id='site-root']/div/footer/div[@class='U4Bvut']/div[@class='CJF7A2']/div/div/section/div[@class='V5AUxf']/div/div[2]/div/div[@id='comp-kc01gkgm']/p/span/span/span/span[@class='wixui-rich-text__text'][2]/a","Footer","HTML"
"Hyperlink","https://www.lifeusa.org/no/tags/iraq","https://www.lifeusa.org/emergency","0","","Emergency Relief","301","Moved Permanently","true","_self","","Absolute","//body/div/div/div[@id='site-root']/div/footer/div[@class='U4Bvut']/div[@class='CJF7A2']/div/div/section/div[@class='V5AUxf']/div/div[2]/div/div[@id='comp-kc01gkgm']/p/span/span/span/span[@class='wixui-rich-text__text'][2]/a","Footer","HTML"
"Hyperlink","https://www.lifeusa.org/no/tags/haiti","https://www.lifeusa.org/emergency","0","","Emergency Relief","301","Moved Permanently","true","_self","","Absolute","//body/div/div/div[@id='site-root']/div/footer/div[@class='U4Bvut']/div[@class='CJF7A2']/div/div/section/div[@class='V5AUxf']/div/div[2]/div/div[@id='comp-kc01gkgm']/p/span/span/span/span[@class='wixui-rich-text__text'][2]/a","Footer","HTML"
"Hyperlink","https://www.lifeusa.org/no/tags/kenya","https://www.lifeusa.org/emergency","0","","Emergency Relief","301","Moved Permanently","true","_self","","Absolute","//body/div/div/div[@id='site-root']/div/footer/div[@class='U4Bvut']/div[@class='CJF7A2']/div/div/section/div[@class='V5AUxf']/div/div[2]/div/div[@id='comp-kc01gkgm']/p/span/span/span/span[@class='wixui-rich-text__text'][2]/a","Footer","HTML"
"Hyperlink","https://www.lifeusa.org/no/tags/national-women-s-month","https://www.lifeusa.org/emergency","0","","Emergency Relief","301","Moved Permanently","true","_self","","Absolute","//body/div/div/div[@id='site-root']/div/footer/div[@class='U4Bvut']/div[@class='CJF7A2']/div/div/section/div[@class='V5AUxf']/div/div[2]/div/div[@id='comp-kc01gkgm']/p/span/span/span/span[@class='wixui-rich-text__text'][2]/a","Footer","HTML"
"Hyperlink","https://www.lifeusa.org/no/tags/lebanon","https://www.lifeusa.org/emergency","0","","Emergency Relief","301","Moved Permanently","true","_self","","Absolute","//body/div/div/div[@id='site-root']/div/footer/div[@class='U4Bvut']/div[@class='CJF7A2']/div/div/section/div[@class='V5AUxf']/div/div[2]/div/div[@id='comp-kc01gkgm']/p/span/span/span/span[@class='wixui-rich-text__text'][2]/a","Footer","HTML"
"Hyperlink","https://www.lifeusa.org/no/tags/share","https://www.lifeusa.org/emergency","0","","Emergency Relief","301","Moved Permanently","true","_self","","Absolute","//body/div/div/div[@id='site-root']/div/footer/div[@class='U4Bvut']/div[@class='CJF7A2']/div/div/section/div[@class='V5AUxf']/div/div[2]/div/div[@id='comp-kc01gkgm']/p/span/span/span/span[@class='wixui-rich-text__text'][2]/a","Footer","HTML"
"Hyperlink","https://www.lifeusa.org/no/tags/udhiyah","https://www.lifeusa.org/emergency","0","","Emergency Relief","301","Moved Permanently","true","_self","","Absolute","//body/div/div/div[@id='site-root']/div/footer/div[@class='U4Bvut']/div[@class='CJF7A2']/div/div/section/div[@class='V5AUxf']/div/div[2]/div/div[@id='comp-kc01gkgm']/p/span/span/span/span[@class='wixui-rich-text__text'][2]/a","Footer","HTML"
"Hyperlink","https://www.lifeusa.org/post/winter-blankets-bangladesh","https://www.lifeusa.org/emergency","0","","Emergency Relief","301","Moved Permanently","true","_self","","Absolute","//body/div/div/div[@id='site-root']/div/footer/div[@class='U4Bvut']/div[@class='CJF7A2']/div/div/section/div[@class='V5AUxf']/div/div[2]/div/div[@id='comp-kc01gkgm']/p/span/span/span/span[@class='wixui-rich-text__text'][2]/a","Footer","HTML"
"Hyperlink","https://www.lifeusa.org/post/when-zakat-islamic-charity-almost-eradicated-poverty","https://www.lifeusa.org/emergency","0","","Emergency Relief","301","Moved Permanently","true","_self","","Absolute","//body/div/div/div[@id='site-root']/div/footer/div[@class='U4Bvut']/div[@class='CJF7A2']/div/div/section/div[@class='V5AUxf']/div/div[2]/div/div[@id='comp-kc01gkgm']/p/span/span/span/span[@class='wixui-rich-text__text'][2]/a","Footer","HTML"
"Hyperlink","https://www.lifeusa.org/post/life-distributes-ramadan-meals-in-mali","https://www.lifeusa.org/emergency","0","","Emergency Relief","301","Moved Permanently","true","_self","","Absolute","//body/div/div/div[@id='site-root']/div/footer/div[@class='U4Bvut']/div[@class='CJF7A2']/div/div/section/div[@class='V5AUxf']/div/div[2]/div/div[@id='comp-kc01gkgm']/p/span/span/span/span[@class='wixui-rich-text__text'][2]/a","Footer","HTML"
"Hyperlink","https://www.lifeusa.org/post/pakistan-fresh-meat-distribution-and-orphan-eid-party","https://www.lifeusa.org/emergency","0","","Emergency Relief","301","Moved Permanently","true","_self","","Absolute","//body/div/div/div[@id='site-root']/div/footer/div[@class='U4Bvut']/div[@class='CJF7A2']/div/div/section/div[@class='V5AUxf']/div/div[2]/div/div[@id='comp-kc01gkgm']/p/span/span/span/span[@class='wixui-rich-text__text'][2]/a","Footer","HTML"
"Hyperlink","https://www.lifeusa.org/post/life-distributes-udhiyah-meat-in-egypt","https://www.lifeusa.org/emergency","0","","Emergency Relief","301","Moved Permanently","true","_self","","Absolute","//body/div/div/div[@id='site-root']/div/footer/div[@class='U4Bvut']/div[@class='CJF7A2']/div/div/section/div[@class='V5AUxf']/div/div[2]/div/div[@id='comp-kc01gkgm']/p/span/span/span/span[@class='wixui-rich-text__text'][2]/a","Footer","HTML"
"Hyperlink","https://www.lifeusa.org/post/life-distributes-fresh-meat-in-bosnia-and-herzegovina","https://www.lifeusa.org/emergency","0","","Emergency Relief","301","Moved Permanently","true","_self","","Absolute","//body/div/div/div[@id='site-root']/div/footer/div[@class='U4Bvut']/div[@class='CJF7A2']/div/div/section/div[@class='V5AUxf']/div/div[2]/div/div[@id='comp-kc01gkgm']/p/span/span/span/span[@class='wixui-rich-text__text'][2]/a","Footer","HTML"
"Hyperlink","https://www.lifeusa.org/post/life-distributes-fresh-meat-in-syria","https://www.lifeusa.org/emergency","0","","Emergency Relief","301","Moved Permanently","true","_self","","Absolute","//body/div/div/div[@id='site-root']/div/footer/div[@class='U4Bvut']/div[@class='CJF7A2']/div/div/section/div[@class='V5AUxf']/div/div[2]/div/div[@id='comp-kc01gkgm']/p/span/span/span/span[@class='wixui-rich-text__text'][2]/a","Footer","HTML"
"Hyperlink","https://www.lifeusa.org/post/life-distributes-ramadan-food-baskets-yemen","https://www.lifeusa.org/emergency","0","","Emergency Relief","301","Moved Permanently","true","_self","","Absolute","//body/div/div/div[@id='site-root']/div/footer/div[@class='U4Bvut']/div[@class='CJF7A2']/div/div/section/div[@class='V5AUxf']/div/div[2]/div/div[@id='comp-kc01gkgm']/p/span/span/span/span[@class='wixui-rich-text__text'][2]/a","Footer","HTML"
"Hyperlink","https://www.lifeusa.org/post/life-distributes-udhiyah-meat-in-somalia","https://www.lifeusa.org/emergency","0","","Emergency Relief","301","Moved Permanently","true","_self","","Absolute","//body/div/div/div[@id='site-root']/div/footer/div[@class='U4Bvut']/div[@class='CJF7A2']/div/div/section/div[@class='V5AUxf']/div/div[2]/div/div[@id='comp-kc01gkgm']/p/span/span/span/span[@class='wixui-rich-text__text'][2]/a","Footer","HTML"
"Hyperlink","https://www.lifeusa.org/post/life-distributes-fresh-meat-in-sudan","https://www.lifeusa.org/emergency","0","","Emergency Relief","301","Moved Permanently","true","_self","","Absolute","//body/div/div/div[@id='site-root']/div/footer/div[@class='U4Bvut']/div[@class='CJF7A2']/div/div/section/div[@class='V5AUxf']/div/div[2]/div/div[@id='comp-kc01gkgm']/p/span/span/span/span[@class='wixui-rich-text__text'][2]/a","Footer","HTML"
"Hyperlink","https://www.lifeusa.org/post/life-distributes-fresh-meat-in-djibouti","https://www.lifeusa.org/emergency","0","","Emergency Relief","301","Moved Permanently","true","_self","","Absolute","//body/div/div/div[@id='site-root']/div/footer/div[@class='U4Bvut']/div[@class='CJF7A2']/div/div/section/div[@class='V5AUxf']/div/div[2]/div/div[@id='comp-kc01gkgm']/p/span/span/span/span[@class='wixui-rich-text__text'][2]/a","Footer","HTML"
"Hyperlink","https://www.lifeusa.org/post/life-distributes-fresh-meat-in-ethiopia","https://www.lifeusa.org/emergency","0","","Emergency Relief","301","Moved Permanently","true","_self","","Absolute","//body/div/div/div[@id='site-root']/div/footer/div[@class='U4Bvut']/div[@class='CJF7A2']/div/div/section/div[@class='V5AUxf']/div/div[2]/div/div[@id='comp-kc01gkgm']/p/span/span/span/span[@class='wixui-rich-text__text'][2]/a","Footer","HTML"
"Hyperlink","https://www.lifeusa.org/no/tags/yemen","https://www.lifeusa.org/emergency","0","","Emergency Relief","301","Moved Permanently","true","_self","","Absolute","//body/div/div/div[@id='site-root']/div/footer/div[@class='U4Bvut']/div[@class='CJF7A2']/div/div/section/div[@class='V5AUxf']/div/div[2]/div/div[@id='comp-kc01gkgm']/p/span/span/span/span[@class='wixui-rich-text__text'][2]/a","Footer","HTML"
"Hyperlink","https://www.lifeusa.org/no/tags/bosnia-1","https://www.lifeusa.org/emergency","0","","Emergency Relief","301","Moved Permanently","true","_self","","Absolute","//body/div/div/div[@id='site-root']/div/footer/div[@class='U4Bvut']/div[@class='CJF7A2']/div/div/section/div[@class='V5AUxf']/div/div[2]/div/div[@id='comp-kc01gkgm']/p/span/span/span/span[@class='wixui-rich-text__text'][2]/a","Footer","HTML"
"Hyperlink","https://www.lifeusa.org/no/tags/egypt","https://www.lifeusa.org/emergency","0","","Emergency Relief","301","Moved Permanently","true","_self","","Absolute","//body/div/div/div[@id='site-root']/div/footer/div[@class='U4Bvut']/div[@class='CJF7A2']/div/div/section/div[@class='V5AUxf']/div/div[2]/div/div[@id='comp-kc01gkgm']/p/span/span/span/span[@class='wixui-rich-text__text'][2]/a","Footer","HTML"
"Hyperlink","https://www.lifeusa.org/post/what-is-udhiyah-qurbani-in-islam","https://www.lifeusa.org/emergency","0","","Emergency Relief","301","Moved Permanently","true","_self","","Absolute","//body/div/div/div[@id='site-root']/div/footer/div[@class='U4Bvut']/div[@class='CJF7A2']/div/div/section/div[@class='V5AUxf']/div/div[2]/div/div[@id='comp-kc01gkgm']/p/span/span/span/span[@class='wixui-rich-text__text'][2]/a","Footer","HTML"
"Hyperlink","https://www.lifeusa.org/no/tags/herzegovina","https://www.lifeusa.org/emergency","0","","Emergency Relief","301","Moved Permanently","true","_self","","Absolute","//body/div/div/div[@id='site-root']/div/footer/div[@class='U4Bvut']/div[@class='CJF7A2']/div/div/section/div[@class='V5AUxf']/div/div[2]/div/div[@id='comp-kc01gkgm']/p/span/span/span/span[@class='wixui-rich-text__text'][2]/a","Footer","HTML"
"Hyperlink","https://www.lifeusa.org/no/tags/fresh-meat","https://www.lifeusa.org/emergency","0","","Emergency Relief","301","Moved Permanently","true","_self","","Absolute","//body/div/div/div[@id='site-root']/div/footer/div[@class='U4Bvut']/div[@class='CJF7A2']/div/div/section/div[@class='V5AUxf']/div/div[2]/div/div[@id='comp-kc01gkgm']/p/span/span/span/span[@class='wixui-rich-text__text'][2]/a","Footer","HTML"
"Hyperlink","https://www.lifeusa.org/no/tags/pakistan-1","https://www.lifeusa.org/emergency","0","","Emergency Relief","301","Moved Permanently","true","_self","","Absolute","//body/div/div/div[@id='site-root']/div/footer/div[@class='U4Bvut']/div[@class='CJF7A2']/div/div/section/div[@class='V5AUxf']/div/div[2]/div/div[@id='comp-kc01gkgm']/p/span/span/span/span[@class='wixui-rich-text__text'][2]/a","Footer","HTML"
"Hyperlink","https://www.lifeusa.org/no/tags/eid","https://www.lifeusa.org/emergency","0","","Emergency Relief","301","Moved Permanently","true","_self","","Absolute","//body/div/div/div[@id='site-root']/div/footer/div[@class='U4Bvut']/div[@class='CJF7A2']/div/div/section/div[@class='V5AUxf']/div/div[2]/div/div[@id='comp-kc01gkgm']/p/span/span/span/span[@class='wixui-rich-text__text'][2]/a","Footer","HTML"
"Hyperlink","https://www.lifeusa.org/no/tags/orphan-1","https://www.lifeusa.org/emergency","0","","Emergency Relief","301","Moved Permanently","true","_self","","Absolute","//body/div/div/div[@id='site-root']/div/footer/div[@class='U4Bvut']/div[@class='CJF7A2']/div/div/section/div[@class='V5AUxf']/div/div[2]/div/div[@id='comp-kc01gkgm']/p/span/span/span/span[@class='wixui-rich-text__text'][2]/a","Footer","HTML"
"Hyperlink","https://www.lifeusa.org/no/tags/mali","https://www.lifeusa.org/emergency","0","","Emergency Relief","301","Moved Permanently","true","_self","","Absolute","//body/div/div/div[@id='site-root']/div/footer/div[@class='U4Bvut']/div[@class='CJF7A2']/div/div/section/div[@class='V5AUxf']/div/div[2]/div/div[@id='comp-kc01gkgm']/p/span/span/span/span[@class='wixui-rich-text__text'][2]/a","Footer","HTML"
"Hyperlink","https://www.lifeusa.org/no/tags/zakat","https://www.lifeusa.org/emergency","0","","Emergency Relief","301","Moved Permanently","true","_self","","Absolute","//body/div/div/div[@id='site-root']/div/footer/div[@class='U4Bvut']/div[@class='CJF7A2']/div/div/section/div[@class='V5AUxf']/div/div[2]/div/div[@id='comp-kc01gkgm']/p/span/span/span/span[@class='wixui-rich-text__text'][2]/a","Footer","HTML"
"Hyperlink","https://www.lifeusa.org/no/tags/winter","https://www.lifeusa.org/emergency","0","","Emergency Relief","301","Moved Permanently","true","_self","","Absolute","//body/div/div/div[@id='site-root']/div/footer/div[@class='U4Bvut']/div[@class='CJF7A2']/div/div/section/div[@class='V5AUxf']/div/div[2]/div/div[@id='comp-kc01gkgm']/p/span/span/span/span[@class='wixui-rich-text__text'][2]/a","Footer","HTML"
"Hyperlink","https://donate.lifeusa.org/donorportal/login","https://www.lifeusa.org/copy-of-life-blog","0","","Annual Reports","301","Moved Permanently","true","_blank","","Absolute","//body/webruntime-app/lwr-router-container/webruntime-inner-app/dxp_data_provider-user-data-provider/dxp_data_provider-data-proxy/dxp_data_provider-decision-data-provider/dxp_data_provider-data-proxy/community_byo-scoped-header-and-footer/footer/div/c-footer/section/div/div[@class='links']/a[5]","Header","HTML"
"Hyperlink","https://donate.lifeusa.org/donorportal/gaza-relief","https://www.lifeusa.org/copy-of-life-blog","0","","Annual Reports","301","Moved Permanently","true","_blank","","Absolute","//body/webruntime-app/lwr-router-container/webruntime-inner-app/dxp_data_provider-user-data-provider/dxp_data_provider-data-proxy/dxp_data_provider-decision-data-provider/dxp_data_provider-data-proxy/community_byo-scoped-header-and-footer/footer/div/c-footer/section/div/div[@class='links']/a[5]","Header","HTML"
"Hyperlink","https://donate.lifeusa.org/donorportal/udhiyah","https://www.lifeusa.org/copy-of-life-blog","0","","Annual Reports","301","Moved Permanently","true","_blank","","Absolute","//body/webruntime-app/lwr-router-container/webruntime-inner-app/dxp_data_provider-user-data-provider/dxp_data_provider-data-proxy/dxp_data_provider-decision-data-provider/dxp_data_provider-data-proxy/community_byo-scoped-header-and-footer/footer/div/c-footer/section/div/div[@class='links']/a[5]","Header","HTML"
"Hyperlink","https://donate.lifeusa.org/donorportal/?donate=true","https://www.lifeusa.org/copy-of-life-blog","0","","Annual Reports","301","Moved Permanently","true","_blank","","Absolute","//body/webruntime-app/lwr-router-container/webruntime-inner-app/dxp_data_provider-user-data-provider/dxp_data_provider-data-proxy/dxp_data_provider-decision-data-provider/dxp_data_provider-data-proxy/community_byo-scoped-header-and-footer/footer/div/c-footer/section/div/div[@class='links']/a[5]","Header","HTML"
"Hyperlink","https://donate.lifeusa.org/donorportal/project-designations?Program=11WVy000001QlE7MAK","https://www.lifeusa.org/copy-of-life-blog","0","","Annual Reports","301","Moved Permanently","true","_blank","","Absolute","//body/webruntime-app/lwr-router-container/webruntime-inner-app/dxp_data_provider-user-data-provider/dxp_data_provider-data-proxy/dxp_data_provider-decision-data-provider/dxp_data_provider-data-proxy/community_byo-scoped-header-and-footer/footer/div/c-footer/section/div/div[@class='links']/a[5]","Header","HTML"
"Hyperlink","https://donate.lifeusa.org/donorportal/project-designations?Program=11WVy000001QlE9MAK","https://www.lifeusa.org/copy-of-life-blog","0","","Annual Reports","301","Moved Permanently","true","_blank","","Absolute","//body/webruntime-app/lwr-router-container/webruntime-inner-app/dxp_data_provider-user-data-provider/dxp_data_provider-data-proxy/dxp_data_provider-decision-data-provider/dxp_data_provider-data-proxy/community_byo-scoped-header-and-footer/footer/div/c-footer/section/div/div[@class='links']/a[5]","Header","HTML"
"Hyperlink","https://donate.lifeusa.org/donorportal/SelfRegister","https://www.lifeusa.org/copy-of-life-blog","0","","Annual Reports","301","Moved Permanently","true","_blank","","Absolute","//body/webruntime-app/lwr-router-container/webruntime-inner-app/dxp_data_provider-user-data-provider/dxp_data_provider-data-proxy/dxp_data_provider-decision-data-provider/dxp_data_provider-data-proxy/community_byo-scoped-header-and-footer/footer/div/c-footer/section/div/div[@class='links']/a[5]","Header","HTML"
"Hyperlink","https://donate.lifeusa.org/donorportal/project-designations?Program=11WVy000001QlE8MAK","https://www.lifeusa.org/copy-of-life-blog","0","","Annual Reports","301","Moved Permanently","true","_blank","","Absolute","//body/webruntime-app/lwr-router-container/webruntime-inner-app/dxp_data_provider-user-data-provider/dxp_data_provider-data-proxy/dxp_data_provider-decision-data-provider/dxp_data_provider-data-proxy/community_byo-scoped-header-and-footer/footer/div/c-footer/section/div/div[@class='links']/a[5]","Header","HTML"
"Hyperlink","https://donate.lifeusa.org/donorportal/emergency-relief?EmergencyReliefProgram=11WVy000001QlE2MAK","https://www.lifeusa.org/copy-of-life-blog","0","","Annual Reports","301","Moved Permanently","true","_blank","","Absolute","//body/webruntime-app/lwr-router-container/webruntime-inner-app/dxp_data_provider-user-data-provider/dxp_data_provider-data-proxy/dxp_data_provider-decision-data-provider/dxp_data_provider-data-proxy/community_byo-scoped-header-and-footer/footer/div/c-footer/section/div/div[@class='links']/a[5]","Header","HTML"
"Hyperlink","https://donate.lifeusa.org/donorportal/project-designations?Program=11WVy000001QlE4MAK","https://www.lifeusa.org/copy-of-life-blog","0","","Annual Reports","301","Moved Permanently","true","_blank","","Absolute","//body/webruntime-app/lwr-router-container/webruntime-inner-app/dxp_data_provider-user-data-provider/dxp_data_provider-data-proxy/dxp_data_provider-decision-data-provider/dxp_data_provider-data-proxy/community_byo-scoped-header-and-footer/footer/div/c-footer/section/div/div[@class='links']/a[5]","Header","HTML"
"Hyperlink","https://donate.lifeusa.org/donorportal/project-designations?Program=11WVy000001QlE5MAK","https://www.lifeusa.org/copy-of-life-blog","0","","Annual Reports","301","Moved Permanently","true","_blank","","Absolute","//body/webruntime-app/lwr-router-container/webruntime-inner-app/dxp_data_provider-user-data-provider/dxp_data_provider-data-proxy/dxp_data_provider-decision-data-provider/dxp_data_provider-data-proxy/community_byo-scoped-header-and-footer/footer/div/c-footer/section/div/div[@class='links']/a[5]","Header","HTML"
"Hyperlink","https://donate.lifeusa.org/donorportal/campaign?UTM_SourceCode=LebanonEmergencyRelief26&CampaignID=701Vy00001Nj9MLIAZ","https://www.lifeusa.org/copy-of-life-blog","0","","Annual Reports","301","Moved Permanently","true","_blank","","Absolute","//body/webruntime-app/lwr-router-container/webruntime-inner-app/dxp_data_provider-user-data-provider/dxp_data_provider-data-proxy/dxp_data_provider-decision-data-provider/dxp_data_provider-data-proxy/community_byo-scoped-header-and-footer/footer/div/c-footer/section/div/div[@class='links']/a[5]","Header","HTML"
"Hyperlink","https://donate.lifeusa.org/donorportal/cart","https://www.lifeusa.org/copy-of-life-blog","0","","Annual Reports","301","Moved Permanently","true","_blank","","Absolute","//body/webruntime-app/lwr-router-container/webruntime-inner-app/dxp_data_provider-user-data-provider/dxp_data_provider-data-proxy/dxp_data_provider-decision-data-provider/dxp_data_provider-data-proxy/community_byo-scoped-header-and-footer/footer/div/c-footer/section/div/div[@class='links']/a[5]","Header","HTML"
"Hyperlink","https://donate.lifeusa.org/donorportal/seasonal-designations","https://www.lifeusa.org/copy-of-life-blog","0","","Annual Reports","301","Moved Permanently","true","_blank","","Absolute","//body/webruntime-app/lwr-router-container/webruntime-inner-app/dxp_data_provider-user-data-provider/dxp_data_provider-data-proxy/dxp_data_provider-decision-data-provider/dxp_data_provider-data-proxy/community_byo-scoped-header-and-footer/footer/div/c-footer/section/div/div[@class='links']/a[5]","Header","HTML"
"Hyperlink","https://donate.lifeusa.org/donorportal/campaign?UTM_SourceCode=UkraineEmergencyRelief&CampaignID=701Vy00001QJyCHIA1","https://www.lifeusa.org/copy-of-life-blog","0","","Annual Reports","301","Moved Permanently","true","_blank","","Absolute","//body/webruntime-app/lwr-router-container/webruntime-inner-app/dxp_data_provider-user-data-provider/dxp_data_provider-data-proxy/dxp_data_provider-decision-data-provider/dxp_data_provider-data-proxy/community_byo-scoped-header-and-footer/footer/div/c-footer/section/div/div[@class='links']/a[5]","Header","HTML"
"Hyperlink","https://www.lifeusa.org/privacy-policy","http://www.lifeusa.org/","0","","","301","Moved Permanently","true","_blank","","Absolute","//body/div/div/div[@id='site-root']/div/main/div/div/div/div[@class='HT5ybB']/div/div/div/section[@id='comp-lwf474we']/div[2]/div/div[@id='comp-jhaqz96r']/p[17]/span/span/a[@class='wixui-rich-text__text'][1]","Content","HTML"
"Hyperlink","https://www.lifeusa.org/privacy-policy","http://www.lifeusa.org/","0","","http://www.lifeusa.org/","301","Moved Permanently","true","_blank","","Absolute","//body/div/div/div[@id='site-root']/div/main/div/div/div/div[@class='HT5ybB']/div/div/div/section[@id='comp-lwf474we']/div[2]/div/div[@id='comp-jhaqz96r']/p[17]/span/span/a[@class='wixui-rich-text__text'][2]","Content","HTML"
"Hyperlink","https://www.lifeusa.org/post/latest-cuts-to-humanitarian-aid-leave-millions-without-hope","https://www.lifeusa.org/projects","0","","Learn More About LIFE's Programs","301","Moved Permanently","true","_blank","","Absolute","//body/div/div/div[@id='site-root']/div/main/div/div/div/div[@class='HT5ybB']/div/div/div/section/div[2]/div/div/div/div/div/div/div[2]/div[@id='content-wrapper']/div[@class='ZL4A4N']/div[@class='HcBlwg']/div[1]/div/div/article/div/section/div/div/div/div/div/div[@class='BjAB3']/div[199]/div/div/a","Content","HTML"
"Hyperlink","https://www.lifeusa.org/newsletters","https://www.lifeusa.org/_files/ugd/4dc3f8_7f98f5337713450f98d0577b2d3e6727.pdf","0","2022 Newsletter","2022 Newsletter","301","Moved Permanently","true","_blank","","Absolute","//body/div/div/div[@id='site-root']/div/main/div/div/div/div[@class='HT5ybB']/div/div/div/section[@id='comp-lwf474x3']/div[2]/div/div/div[1]/div[3]/a","Content","HTML"
"Hyperlink","https://www.lifeusa.org/newsletters","https://www.lifeusa.org/_files/ugd/799a91_ff97119804464320b9a97c0beb360381.pdf","0","2019 Newsletter","2019 Newsletter","301","Moved Permanently","true","_blank","","Absolute","//body/div/div/div[@id='site-root']/div/main/div/div/div/div[@class='HT5ybB']/div/div/div/section[@id='comp-lwf474x3']/div[2]/div/div/div[1]/div[6]/a","Content","HTML"
"Hyperlink","https://www.lifeusa.org/press","https://www.lifeusa.org/_files/ugd/74d008_c8bac77dd04148ce81ccf87d5af31080.pdf","0","Feb 5th Press Release for Website_page-0001","Feb 5th Press Release for Website_page-0001","301","Moved Permanently","true","_blank","","Absolute","//body/div/div/div[@id='site-root']/div/main/div/div/div/div[@class='HT5ybB']/div/div/div/section[@id='comp-lwf474wo']/div[2]/div/div/div[1]/div[2]/a","Content","HTML"
"Hyperlink","https://www.lifeusa.org/press","https://www.lifeusa.org/_files/ugd/74d008_167525ee5e464caabae4effe8d62c0a9.pdf","0","Jan 30th Press Release for Website_page-0001","Jan 30th Press Release for Website_page-0001","301","Moved Permanently","true","_blank","","Absolute","//body/div/div/div[@id='site-root']/div/main/div/div/div/div[@class='HT5ybB']/div/div/div/section[@id='comp-lwf474wo']/div[2]/div/div/div[1]/div[3]/a","Content","HTML"
"Hyperlink","https://www.lifeusa.org/press","https://www.lifeusa.org/_files/ugd/74d008_b26371a1b7734648baa35a3fe0f07b2c.pdf","0","Feb 18th Press Release for Websiter_page-0001","Feb 18th Press Release for Websiter_page-0001","301","Moved Permanently","true","_blank","","Absolute","//body/div/div/div[@id='site-root']/div/main/div/div/div/div[@class='HT5ybB']/div/div/div/section[@id='comp-lwf474wo']/div[2]/div/div/div[1]/div[1]/a","Content","HTML"
"PDF","https://www.lifeusa.org/_files/ugd/6df904_7fbabf427ae34683a608c7f617b5d4d0.pdf","http://lifeusa.org/","0","","","301","Moved Permanently","true","","","","Page 1","","PDF"
"PDF","https://www.lifeusa.org/_files/ugd/6df904_3dfee7544a3e45c6a18151355679d69b.pdf","http://lifeusa.org/","0","","","301","Moved Permanently","true","","","","Page 3","","PDF"
"PDF","https://www.lifeusa.org/_files/ugd/6df904_fdbf1a16338846c4a02c1ddf431f5279.pdf","http://lifeusa.org/","0","","","301","Moved Permanently","true","","","","Page 1","","PDF"
"PDF","https://www.lifeusa.org/_files/ugd/6df904_535e4547bf0545a2a9162f12a3b73a98.pdf","http://lifeusa.org/","0","","","301","Moved Permanently","true","","","","Page 1","","PDF"
"PDF","https://www.lifeusa.org/_files/ugd/6df904_535e4547bf0545a2a9162f12a3b73a98.pdf","http://lifeusa.org/","0","","","301","Moved Permanently","true","","","","Page 1","","PDF"
"PDF","https://www.lifeusa.org/_files/ugd/6df904_6486047cd4fe4d589aff8e22b0f14e99.pdf","http://lifeusa.org/","0","","","301","Moved Permanently","true","","","","Page 1","","PDF"
"PDF","https://www.lifeusa.org/_files/ugd/6df904_f13eaf2545ae43009c3e171743dfe747.pdf","http://lifeusa.org/","0","","","301","Moved Permanently","true","","","","Page 1","","PDF"
"PDF","https://www.lifeusa.org/_files/ugd/6df904_f974ecb3149c4e8cb13dbc8ed447a49a.pdf","http://lifeusa.org/","0","","","301","Moved Permanently","true","","","","Page 1","","PDF"
"PDF","https://www.lifeusa.org/_files/ugd/6df904_1ddc755082ef49bb909f2aa7dbf9a1c1.pdf","http://lifeusa.org/","0","","","301","Moved Permanently","true","","","","Page 1","","PDF"
"PDF","https://www.lifeusa.org/_files/ugd/6df904_1ddc755082ef49bb909f2aa7dbf9a1c1.pdf","http://lifeusa.org/","0","","","301","Moved Permanently","true","","","","Page 1","","PDF"
"PDF","https://www.lifeusa.org/_files/ugd/6df904_7b1019b4e72d4da39acec3132eb89454.pdf","http://lifeusa.org/","0","","","301","Moved Permanently","true","","","","Page 3","","PDF"
"PDF","https://www.lifeusa.org/_files/ugd/6df904_7b1019b4e72d4da39acec3132eb89454.pdf","http://lifeusa.org/","0","","","301","Moved Permanently","true","","","","Page 3","","PDF"
"PDF","https://www.lifeusa.org/_files/ugd/6df904_e2671b6a5cfa4bd0a35bcb61e28353aa.pdf","http://lifeusa.org/","0","","","301","Moved Permanently","true","","","","Page 1","","PDF"
"PDF","https://www.lifeusa.org/_files/ugd/6df904_a136a878af8a4d46ace9b06e3416685b.pdf","http://lifeusa.org/","0","","","301","Moved Permanently","true","","","","Page 1","","PDF"
"PDF","https://www.lifeusa.org/_files/ugd/6df904_a136a878af8a4d46ace9b06e3416685b.pdf","http://lifeusa.org/","0","","","301","Moved Permanently","true","","","","Page 1","","PDF"
"PDF","https://www.lifeusa.org/_files/ugd/6df904_e66c780078bd43c786b3ad629e3bc469.pdf","http://lifeusa.org/","0","","","301","Moved Permanently","true","","","","Page 1","","PDF"
"PDF","https://www.lifeusa.org/_files/ugd/6df904_e66c780078bd43c786b3ad629e3bc469.pdf","http://lifeusa.org/","0","","","301","Moved Permanently","true","","","","Page 1","","PDF"
"PDF","https://www.lifeusa.org/_files/ugd/6df904_edf6e91aa73d4e45a6e7649e0395de0b.pdf","http://lifeusa.org/","0","","","301","Moved Permanently","true","","","","Page 1","","PDF"
"PDF","https://www.lifeusa.org/_files/ugd/6df904_edf6e91aa73d4e45a6e7649e0395de0b.pdf","http://lifeusa.org/","0","","","301","Moved Permanently","true","","","","Page 2","","PDF"
"PDF","https://www.lifeusa.org/_files/ugd/6df904_dd53ebe83bc34c9d9b90dfd62e069406.pdf","http://lifeusa.org/","0","","","301","Moved Permanently","true","","","","Page 1","","PDF"
"PDF","https://www.lifeusa.org/_files/ugd/6df904_6e2ea6112dcf4907b3cafee15ed9802e.pdf","http://lifeusa.org/","0","","","301","Moved Permanently","true","","","","Page 1","","PDF"
"PDF","https://www.lifeusa.org/_files/ugd/6df904_6e2ea6112dcf4907b3cafee15ed9802e.pdf","http://lifeusa.org/","0","","","301","Moved Permanently","true","","","","Page 1","","PDF"
"PDF","https://www.lifeusa.org/_files/ugd/6df904_76f4bf9a37e14e32bb774a790c321fc6.pdf","http://lifeusa.org/","0","","","301","Moved Permanently","true","","","","Page 1","","PDF"
"PDF","https://www.lifeusa.org/_files/ugd/6df904_a85aa809193545108cdc16535b6493b9.pdf","http://lifeusa.org/","0","","","301","Moved Permanently","true","","","","Page 1","","PDF"
"PDF","https://www.lifeusa.org/_files/ugd/6df904_a85aa809193545108cdc16535b6493b9.pdf","http://lifeusa.org/","0","","","301","Moved Permanently","true","","","","Page 1","","PDF"
"PDF","https://www.lifeusa.org/_files/ugd/6df904_8dafc192b5aa4cb6a7ed1b63336c3078.pdf","http://lifeusa.org/","0","","","301","Moved Permanently","true","","","","Page 1","","PDF"
"PDF","https://www.lifeusa.org/_files/ugd/6df904_8dafc192b5aa4cb6a7ed1b63336c3078.pdf","http://lifeusa.org/","0","","","301","Moved Permanently","true","","","","Page 1","","PDF"
"PDF","https://www.lifeusa.org/_files/ugd/6df904_8dafc192b5aa4cb6a7ed1b63336c3078.pdf","http://lifeusa.org/","0","","","301","Moved Permanently","true","","","","Page 2","","PDF"
"Hyperlink","https://www.lifeusa.org/post/stuck-between-burning-fire-and-freezing-ice","https://www.lifeusa.org/winterwarmth","0","","Link here","301","Moved Permanently","true","_blank","noopener","Absolute","//body/div/div/div[@id='site-root']/div/main/div/div/div/div[@class='HT5ybB']/div/div/div/section/div[2]/div/div/div/div/div/div/div[2]/div[@id='content-wrapper']/div[@class='ZL4A4N']/div[@class='HcBlwg']/div[1]/div/div/article/div/section/div/div/div/div/div/div[@class='BjAB3']/div[51]/p/span/a","Content","HTML"
"Hyperlink","https://www.lifeusa.org/post/united-against-hunger-life-for-relief-and-development-s-life-global-expansion-is-set-to-feed-mill","https://www.lifeusa.org/ramadan","0","","Donate Now","301","Moved Permanently","true","_blank","noopener noreferrer","Absolute","//body/div/div/div[@id='site-root']/div/main/div/div/div/div[@class='HT5ybB']/div/div/div/section/div[2]/div/div/div/div/div/div/div[2]/div[@id='content-wrapper']/div[@class='ZL4A4N']/div[@class='HcBlwg']/div[1]/div/div/article/div/section/div/div/div/div/div/div[@class='BjAB3']/div[57]/p/span/a","Content","HTML"
